         5.3x5.9E                 (53x59E.dat)                                                                                                                                      
         v2025-1001                                                                                                                                                                 
         Simulation Date: 02/24/2026                                                                                                                                                
                                                                                                                                                                                    
         AIRFOIL AERO DATA GENERATED USING:  POLARS                                                                                                                                 
                                                                                                                                                                                    
         ====== PERFORMANCE DATA (versus advance ratio and MPH) ======                                                                                                              
                                                                                                                                                                                    
         DEFINITIONS:                                                                                                                                                               
         J=V/nD (advance ratio)                                                                                                                                                     
         Ct=T/(rho * n**2 * D**4) (thrust coef.)                                                                                                                                    
         Cp=P/(rho * n**3 * D**5) (power coef.)                                                                                                                                     
         Pe=Ct*J/Cp (efficiency)                                                                                                                                                    
         V  (True Air Speed in MPH)                                                                                                                                                 
         Mach (at prop tip)                                                                                                                                                         
         Reyn (at 75% of span)                                                                                                                                                      
         FOM (Figure of Merit)                                                                                                                                                      
                                                                                                                                                                                    
                                                                                                                                                                                    
         PROP RPM =       1000                                                                                                                                                      
                                                                                                                                                                                    
         V          J           Pe         Ct          Cp          PWR         Torque      Thrust      PWR         Torque      Thrust      THR/PWR      Mach      Reyn       FOM    
       (mph)     (Adv_Ratio)     -          -           -          (Hp)        (In-Lbf)     (Lbf)      (W)         (N-m)       (N)         (g/W)         -         -          -     
        0.00      0.0000      0.0000      0.1371      0.1125       0.000       0.002       0.003       0.028       0.000       0.015      55.397        0.02       3324.    0.3601  
        0.21      0.0409      0.0491      0.1366      0.1137       0.000       0.002       0.003       0.029       0.000       0.015      54.613        0.02       3328.    0.3544  
        0.41      0.0818      0.0968      0.1362      0.1151       0.000       0.002       0.003       0.029       0.000       0.015      53.772        0.02       3332.    0.3484  
        0.62      0.1227      0.1427      0.1358      0.1167       0.000       0.002       0.003       0.029       0.000       0.015      52.874        0.02       3338.    0.3420  
        0.82      0.1636      0.1869      0.1353      0.1185       0.000       0.003       0.003       0.030       0.000       0.015      51.922        0.02       3344.    0.3353  
        1.03      0.2045      0.2291      0.1349      0.1204       0.000       0.003       0.003       0.030       0.000       0.015      50.917        0.02       3350.    0.3283  
        1.23      0.2454      0.2692      0.1344      0.1225       0.000       0.003       0.003       0.031       0.000       0.015      49.865        0.02       3357.    0.3209  
        1.44      0.2863      0.3072      0.1337      0.1246       0.000       0.003       0.003       0.031       0.000       0.015      48.771        0.02       3366.    0.3131  
        1.64      0.3272      0.3430      0.1329      0.1268       0.000       0.003       0.003       0.032       0.000       0.015      47.640        0.02       3375.    0.3049  
        1.85      0.3681      0.3764      0.1320      0.1290       0.000       0.003       0.003       0.032       0.000       0.015      46.479        0.02       3384.    0.2964  
        2.05      0.4090      0.4076      0.1307      0.1312       0.000       0.003       0.003       0.033       0.000       0.015      45.295        0.02       3395.    0.2875  
        2.26      0.4499      0.4365      0.1291      0.1331       0.000       0.003       0.003       0.033       0.000       0.014      44.095        0.02       3406.    0.2782  
        2.46      0.4908      0.4631      0.1272      0.1348       0.000       0.003       0.003       0.034       0.000       0.014      42.884        0.02       3419.    0.2685  
        2.67      0.5317      0.4875      0.1246      0.1359       0.000       0.003       0.003       0.034       0.000       0.014      41.670        0.02       3432.    0.2583  
        2.87      0.5726      0.5097      0.1215      0.1365       0.000       0.003       0.003       0.034       0.000       0.014      40.457        0.02       3446.    0.2476  
        3.08      0.6135      0.5298      0.1175      0.1361       0.000       0.003       0.003       0.034       0.000       0.013      39.250        0.02       3461.    0.2362  
        3.28      0.6544      0.5477      0.1127      0.1347       0.000       0.003       0.003       0.034       0.000       0.013      38.042        0.02       3477.    0.2242  
        3.49      0.6953      0.5632      0.1070      0.1321       0.000       0.003       0.003       0.033       0.000       0.012      36.818        0.02       3494.    0.2115  
        3.69      0.7362      0.5758      0.1006      0.1286       0.000       0.003       0.003       0.032       0.000       0.011      35.549        0.02       3512.    0.1979  
        3.90      0.7770      0.5848      0.0934      0.1241       0.000       0.003       0.002       0.031       0.000       0.010      34.205        0.02       3530.    0.1836  
        4.11      0.8179      0.5892      0.0858      0.1191       0.000       0.003       0.002       0.030       0.000       0.010      32.740        0.02       3550.    0.1683  
        4.31      0.8588      0.5876      0.0776      0.1134       0.000       0.002       0.002       0.028       0.000       0.009      31.094        0.02       3570.    0.1521  
        4.52      0.8997      0.5782      0.0690      0.1074       0.000       0.002       0.002       0.027       0.000       0.008      29.207        0.02       3591.    0.1347  
        4.72      0.9406      0.5591      0.0601      0.1010       0.000       0.002       0.002       0.025       0.000       0.007      27.012        0.02       3613.    0.1162  
        4.93      0.9815      0.5277      0.0508      0.0944       0.000       0.002       0.001       0.024       0.000       0.006      24.434        0.02       3636.    0.0967  
        5.13      1.0224      0.4809      0.0412      0.0876       0.000       0.002       0.001       0.022       0.000       0.005      21.377        0.02       3659.    0.0762  
        5.34      1.0633      0.4143      0.0314      0.0807       0.000       0.002       0.001       0.020       0.000       0.004      17.710        0.02       3683.    0.0551  
        5.54      1.1042      0.3222      0.0215      0.0736       0.000       0.002       0.001       0.018       0.000       0.002      13.262        0.02       3707.    0.0341  
        5.75      1.1451      0.1965      0.0114      0.0664       0.000       0.001       0.000       0.017       0.000       0.001       7.797        0.02       3732.    0.0146  
        5.95      1.1860      0.0253      0.0013      0.0592       0.000       0.001       0.000       0.015       0.000       0.000       0.969        0.02       3758.    0.0006  
                                                                                                                                                                                    
                                                                                                                                                                                    
                                                                                                                                                                                    
         PROP RPM =       2000                                                                                                                                                      
                                                                                                                                                                                    
         V          J           Pe         Ct          Cp          PWR         Torque      Thrust      PWR         Torque      Thrust      THR/PWR      Mach      Reyn       FOM    
       (mph)     (Adv_Ratio)     -          -           -          (Hp)        (In-Lbf)     (Lbf)      (W)         (N-m)       (N)         (g/W)         -         -          -     
        0.00      0.0000      0.0000      0.1379      0.1006       0.000       0.009       0.014       0.202       0.001       0.062      31.164        0.04       6648.    0.4064  
        0.42      0.0416      0.0561      0.1375      0.1019       0.000       0.009       0.014       0.205       0.001       0.062      30.673        0.04       6656.    0.3994  
        0.83      0.0831      0.1103      0.1372      0.1034       0.000       0.009       0.014       0.208       0.001       0.061      30.145        0.04       6665.    0.3920  
        1.25      0.1247      0.1623      0.1368      0.1051       0.000       0.009       0.014       0.211       0.001       0.061      29.581        0.04       6676.    0.3842  
        1.67      0.1663      0.2120      0.1364      0.1070       0.000       0.009       0.014       0.215       0.001       0.061      28.983        0.04       6688.    0.3759  
        2.09      0.2078      0.2593      0.1360      0.1090       0.000       0.009       0.014       0.219       0.001       0.061      28.352        0.04       6701.    0.3672  
        2.50      0.2494      0.3039      0.1356      0.1112       0.000       0.009       0.014       0.223       0.001       0.061      27.692        0.04       6716.    0.3580  
        2.92      0.2909      0.3458      0.1350      0.1136       0.000       0.010       0.014       0.228       0.001       0.060      27.008        0.04       6733.    0.3484  
        3.34      0.3325      0.3849      0.1342      0.1160       0.000       0.010       0.014       0.233       0.001       0.060      26.304        0.04       6751.    0.3384  
        3.75      0.3741      0.4212      0.1333      0.1184       0.000       0.010       0.013       0.238       0.001       0.060      25.585        0.04       6772.    0.3279  
        4.17      0.4156      0.4546      0.1320      0.1207       0.000       0.010       0.013       0.242       0.001       0.059      24.857        0.04       6793.    0.3171  
        4.59      0.4572      0.4853      0.1304      0.1229       0.000       0.010       0.013       0.247       0.001       0.058      24.123        0.04       6817.    0.3059  
        5.01      0.4988      0.5134      0.1284      0.1247       0.000       0.011       0.013       0.250       0.001       0.057      23.389        0.04       6843.    0.2942  
        5.42      0.5403      0.5388      0.1257      0.1261       0.000       0.011       0.013       0.253       0.001       0.056      22.661        0.04       6870.    0.2821  
        5.84      0.5819      0.5618      0.1224      0.1267       0.000       0.011       0.012       0.254       0.001       0.055      21.942        0.04       6899.    0.2695  
        6.26      0.6235      0.5826      0.1182      0.1265       0.000       0.011       0.012       0.254       0.001       0.053      21.235        0.04       6930.    0.2563  
        6.68      0.6650      0.6011      0.1131      0.1251       0.000       0.011       0.011       0.251       0.001       0.051      20.540        0.04       6963.    0.2425  
        7.09      0.7066      0.6172      0.1070      0.1226       0.000       0.010       0.011       0.246       0.001       0.048      19.849        0.04       6998.    0.2280  
        7.51      0.7481      0.6304      0.1003      0.1190       0.000       0.010       0.010       0.239       0.001       0.045      19.148        0.04       7034.    0.2129  
        7.93      0.7897      0.6402      0.0929      0.1145       0.000       0.010       0.009       0.230       0.001       0.042      18.423        0.04       7073.    0.1971  
        8.34      0.8313      0.6456      0.0849      0.1094       0.000       0.009       0.009       0.220       0.001       0.038      17.648        0.04       7113.    0.1806  
        8.76      0.8728      0.6450      0.0766      0.1036       0.000       0.009       0.008       0.208       0.001       0.034      16.792        0.04       7155.    0.1631  
        9.18      0.9144      0.6367      0.0678      0.0974       0.000       0.008       0.007       0.195       0.001       0.030      15.823        0.04       7198.    0.1447  
        9.60      0.9560      0.6186      0.0587      0.0907       0.000       0.008       0.006       0.182       0.001       0.026      14.706        0.04       7243.    0.1251  
       10.01      0.9975      0.5879      0.0493      0.0837       0.000       0.007       0.005       0.168       0.001       0.022      13.393        0.04       7289.    0.1044  
       10.43      1.0391      0.5405      0.0397      0.0764       0.000       0.006       0.004       0.153       0.001       0.018      11.820        0.04       7337.    0.0827  
       10.85      1.0807      0.4704      0.0300      0.0688       0.000       0.006       0.003       0.138       0.001       0.013       9.892        0.04       7386.    0.0601  
       11.26      1.1222      0.3690      0.0201      0.0611       0.000       0.005       0.002       0.123       0.001       0.009       7.472        0.04       7436.    0.0372  
       11.68      1.1638      0.2222      0.0102      0.0532       0.000       0.005       0.001       0.107       0.001       0.005       4.338        0.04       7488.    0.0154  
       12.10      1.2053      0.0059      0.0002      0.0452       0.000       0.004       0.000       0.091       0.000       0.000       0.112        0.05       7541.    0.0001  
                                                                                                                                                                                    
                                                                                                                                                                                    
                                                                                                                                                                                    
         PROP RPM =       3000                                                                                                                                                      
                                                                                                                                                                                    
         V          J           Pe         Ct          Cp          PWR         Torque      Thrust      PWR         Torque      Thrust      THR/PWR      Mach      Reyn       FOM    
       (mph)     (Adv_Ratio)     -          -           -          (Hp)        (In-Lbf)     (Lbf)      (W)         (N-m)       (N)         (g/W)         -         -          -     
        0.00      0.0000      0.0000      0.1383      0.0952       0.001       0.018       0.031       0.645       0.002       0.139      21.999        0.06       9972.    0.4309  
        0.63      0.0418      0.0597      0.1379      0.0966       0.001       0.018       0.031       0.655       0.002       0.139      21.635        0.06       9984.    0.4232  
        1.26      0.0837      0.1173      0.1376      0.0981       0.001       0.019       0.031       0.665       0.002       0.139      21.241        0.06       9998.    0.4150  
        1.89      0.1255      0.1725      0.1373      0.0999       0.001       0.019       0.031       0.677       0.002       0.138      20.821        0.06      10014.    0.4063  
        2.52      0.1674      0.2251      0.1369      0.1018       0.001       0.019       0.031       0.690       0.002       0.138      20.375        0.06      10032.    0.3971  
        3.15      0.2092      0.2749      0.1366      0.1039       0.001       0.020       0.031       0.704       0.002       0.137      19.905        0.06      10053.    0.3874  
        3.78      0.2510      0.3217      0.1361      0.1062       0.001       0.020       0.031       0.720       0.002       0.137      19.415        0.06      10076.    0.3773  
        4.41      0.2929      0.3655      0.1356      0.1086       0.001       0.021       0.031       0.736       0.002       0.136      18.908        0.06      10101.    0.3667  
        5.04      0.3347      0.4062      0.1348      0.1111       0.001       0.021       0.031       0.753       0.002       0.136      18.387        0.06      10129.    0.3556  
        5.67      0.3765      0.4438      0.1339      0.1136       0.001       0.022       0.030       0.770       0.002       0.135      17.857        0.06      10159.    0.3441  
        6.30      0.4184      0.4783      0.1326      0.1160       0.001       0.022       0.030       0.786       0.003       0.134      17.321        0.06      10192.    0.3323  
        6.93      0.4602      0.5099      0.1310      0.1183       0.001       0.023       0.030       0.801       0.003       0.132      16.783        0.06      10228.    0.3200  
        7.56      0.5021      0.5385      0.1289      0.1202       0.001       0.023       0.029       0.815       0.003       0.130      16.248        0.06      10267.    0.3073  
        8.19      0.5439      0.5644      0.1263      0.1217       0.001       0.023       0.029       0.824       0.003       0.127      15.720        0.06      10308.    0.2942  
        8.82      0.5857      0.5877      0.1228      0.1224       0.001       0.023       0.028       0.829       0.003       0.124      15.201        0.06      10353.    0.2806  
        9.45      0.6276      0.6087      0.1185      0.1222       0.001       0.023       0.027       0.828       0.003       0.119      14.694        0.06      10400.    0.2664  
       10.08      0.6694      0.6275      0.1133      0.1208       0.001       0.023       0.026       0.819       0.003       0.114      14.201        0.06      10450.    0.2517  
       10.71      0.7112      0.6439      0.1071      0.1183       0.001       0.023       0.024       0.802       0.003       0.108      13.715        0.06      10503.    0.2364  
       11.34      0.7531      0.6576      0.1002      0.1148       0.001       0.022       0.023       0.778       0.002       0.101      13.228        0.06      10558.    0.2206  
       11.97      0.7949      0.6680      0.0927      0.1103       0.001       0.021       0.021       0.748       0.002       0.093      12.731        0.07      10617.    0.2042  
       12.60      0.8368      0.6741      0.0847      0.1051       0.001       0.020       0.019       0.712       0.002       0.085      12.205        0.07      10678.    0.1871  
       13.23      0.8786      0.6746      0.0762      0.0993       0.001       0.019       0.017       0.673       0.002       0.077      11.632        0.07      10741.    0.1692  
       13.86      0.9204      0.6676      0.0674      0.0929       0.001       0.018       0.015       0.630       0.002       0.068      10.989        0.07      10807.    0.1503  
       14.49      0.9623      0.6512      0.0583      0.0861       0.001       0.016       0.013       0.583       0.002       0.059      10.251        0.07      10875.    0.1303  
       15.12      1.0041      0.6221      0.0489      0.0789       0.001       0.015       0.011       0.535       0.002       0.049       9.386        0.07      10945.    0.1093  
       15.75      1.0459      0.5761      0.0393      0.0714       0.001       0.014       0.009       0.483       0.002       0.040       8.345        0.07      11017.    0.0871  
       16.38      1.0878      0.5064      0.0296      0.0635       0.001       0.012       0.007       0.430       0.001       0.030       7.053        0.07      11092.    0.0639  
       17.01      1.1296      0.4025      0.0198      0.0555       0.001       0.011       0.004       0.376       0.001       0.020       5.398        0.07      11168.    0.0400  
       17.64      1.1715      0.2461      0.0099      0.0472       0.000       0.009       0.002       0.320       0.001       0.010       3.183        0.07      11247.    0.0167  
       18.27      1.2133      0.0030      0.0001      0.0388       0.000       0.007       0.000       0.263       0.001       0.000       0.037        0.07      11327.    0.0000  
                                                                                                                                                                                    
                                                                                                                                                                                    
                                                                                                                                                                                    
         PROP RPM =       4000                                                                                                                                                      
                                                                                                                                                                                    
         V          J           Pe         Ct          Cp          PWR         Torque      Thrust      PWR         Torque      Thrust      THR/PWR      Mach      Reyn       FOM    
       (mph)     (Adv_Ratio)     -          -           -          (Hp)        (In-Lbf)     (Lbf)      (W)         (N-m)       (N)         (g/W)         -         -          -     
        0.00      0.0000      0.0000      0.1386      0.0921       0.002       0.031       0.056       1.478       0.004       0.248      17.101        0.08      13296.    0.4470  
        0.84      0.0420      0.0621      0.1382      0.0934       0.002       0.032       0.056       1.501       0.004       0.247      16.808        0.08      13312.    0.4388  
        1.69      0.0840      0.1219      0.1379      0.0950       0.002       0.032       0.055       1.526       0.004       0.247      16.491        0.08      13331.    0.4300  
        2.53      0.1260      0.1792      0.1376      0.0968       0.002       0.033       0.055       1.554       0.004       0.246      16.153        0.08      13352.    0.4207  
        3.37      0.1680      0.2336      0.1373      0.0987       0.002       0.034       0.055       1.586       0.004       0.246      15.795        0.08      13377.    0.4109  
        4.22      0.2100      0.2850      0.1369      0.1009       0.002       0.034       0.055       1.620       0.004       0.245      15.418        0.08      13404.    0.4006  
        5.06      0.2520      0.3333      0.1365      0.1032       0.002       0.035       0.055       1.658       0.004       0.244      15.024        0.08      13435.    0.3898  
        5.90      0.2940      0.3783      0.1359      0.1057       0.002       0.036       0.055       1.697       0.004       0.243      14.618        0.08      13469.    0.3785  
        6.75      0.3360      0.4200      0.1352      0.1082       0.002       0.037       0.054       1.738       0.004       0.242      14.201        0.08      13506.    0.3667  
        7.59      0.3780      0.4584      0.1343      0.1107       0.002       0.038       0.054       1.779       0.004       0.240      13.778        0.08      13547.    0.3545  
        8.43      0.4200      0.4936      0.1330      0.1132       0.002       0.038       0.054       1.819       0.004       0.238      13.350        0.08      13592.    0.3420  
        9.28      0.4621      0.5255      0.1314      0.1155       0.002       0.039       0.053       1.856       0.004       0.235      12.923        0.08      13640.    0.3290  
       10.12      0.5041      0.5545      0.1293      0.1176       0.003       0.040       0.052       1.888       0.005       0.231      12.499        0.09      13692.    0.3156  
       10.96      0.5461      0.5806      0.1266      0.1191       0.003       0.040       0.051       1.912       0.005       0.227      12.081        0.09      13747.    0.3019  
       11.81      0.5881      0.6041      0.1231      0.1198       0.003       0.041       0.050       1.925       0.005       0.220      11.673        0.09      13807.    0.2876  
       12.65      0.6301      0.6253      0.1188      0.1197       0.003       0.041       0.048       1.922       0.005       0.213      11.276        0.09      13870.    0.2729  
       13.49      0.6721      0.6442      0.1134      0.1183       0.003       0.040       0.046       1.901       0.005       0.203      10.891        0.09      13937.    0.2576  
       14.34      0.7141      0.6608      0.1072      0.1158       0.002       0.039       0.043       1.861       0.004       0.192      10.515        0.09      14008.    0.2418  
       15.18      0.7561      0.6748      0.1002      0.1123       0.002       0.038       0.040       1.804       0.004       0.179      10.141        0.09      14083.    0.2254  
       16.02      0.7981      0.6857      0.0927      0.1078       0.002       0.037       0.037       1.732       0.004       0.166       9.762        0.09      14161.    0.2087  
       16.87      0.8401      0.6925      0.0846      0.1026       0.002       0.035       0.034       1.648       0.004       0.151       9.366        0.09      14243.    0.1913  
       17.71      0.8821      0.6938      0.0761      0.0967       0.002       0.033       0.031       1.553       0.004       0.136       8.936        0.09      14328.    0.1731  
       18.55      0.9241      0.6879      0.0672      0.0903       0.002       0.031       0.027       1.450       0.003       0.120       8.458        0.09      14417.    0.1540  
       19.40      0.9661      0.6727      0.0580      0.0834       0.002       0.028       0.023       1.339       0.003       0.104       7.912        0.09      14508.    0.1339  
       20.24      1.0081      0.6452      0.0487      0.0760       0.002       0.026       0.020       1.221       0.003       0.087       7.272        0.09      14602.    0.1126  
       21.08      1.0501      0.6008      0.0391      0.0683       0.001       0.023       0.016       1.097       0.003       0.070       6.500        0.09      14699.    0.0902  
       21.93      1.0921      0.5321      0.0294      0.0603       0.001       0.020       0.012       0.968       0.002       0.053       5.536        0.09      14799.    0.0666  
       22.77      1.1341      0.4273      0.0196      0.0520       0.001       0.018       0.008       0.835       0.002       0.035       4.281        0.09      14902.    0.0421  
       23.61      1.1761      0.2651      0.0098      0.0435       0.001       0.015       0.004       0.699       0.002       0.018       2.561        0.09      15008.    0.0178  
       24.46      1.2181      0.0020      0.0001      0.0349       0.001       0.012       0.000       0.560       0.001       0.000       0.019        0.09      15115.    0.0000  
                                                                                                                                                                                    
                                                                                                                                                                                    
                                                                                                                                                                                    
         PROP RPM =       5000                                                                                                                                                      
                                                                                                                                                                                    
         V          J           Pe         Ct          Cp          PWR         Torque      Thrust      PWR         Torque      Thrust      THR/PWR      Mach      Reyn       FOM    
       (mph)     (Adv_Ratio)     -          -           -          (Hp)        (In-Lbf)     (Lbf)      (W)         (N-m)       (N)         (g/W)         -         -          -     
        0.00      0.0000      0.0000      0.1387      0.0899       0.004       0.048       0.087       2.819       0.005       0.388      14.029        0.11      16619.    0.4587  
        1.06      0.0421      0.0639      0.1384      0.0913       0.004       0.048       0.087       2.863       0.005       0.387      13.783        0.11      16640.    0.4501  
        2.11      0.0842      0.1253      0.1381      0.0929       0.004       0.049       0.087       2.913       0.006       0.386      13.517        0.11      16664.    0.4409  
        3.17      0.1264      0.1840      0.1378      0.0946       0.004       0.050       0.087       2.969       0.006       0.385      13.233        0.11      16691.    0.4312  
        4.23      0.1685      0.2397      0.1375      0.0966       0.004       0.051       0.086       3.031       0.006       0.384      12.932        0.11      16721.    0.4209  
        5.29      0.2106      0.2923      0.1372      0.0988       0.004       0.052       0.086       3.100       0.006       0.383      12.615        0.11      16756.    0.4101  
        6.34      0.2527      0.3416      0.1367      0.1012       0.004       0.054       0.086       3.173       0.006       0.382      12.285        0.11      16794.    0.3988  
        7.40      0.2949      0.3875      0.1362      0.1036       0.004       0.055       0.086       3.251       0.006       0.381      11.945        0.11      16837.    0.3869  
        8.46      0.3370      0.4299      0.1355      0.1062       0.004       0.056       0.085       3.332       0.006       0.379      11.596        0.11      16884.    0.3747  
        9.51      0.3791      0.4689      0.1346      0.1088       0.005       0.058       0.085       3.413       0.007       0.376      11.242        0.11      16935.    0.3620  
       10.57      0.4212      0.5044      0.1333      0.1113       0.005       0.059       0.084       3.493       0.007       0.373      10.885        0.11      16991.    0.3489  
       11.63      0.4634      0.5367      0.1317      0.1137       0.005       0.060       0.083       3.567       0.007       0.368      10.530        0.11      17052.    0.3354  
       12.68      0.5055      0.5659      0.1296      0.1157       0.005       0.061       0.081       3.631       0.007       0.362      10.177        0.11      17117.    0.3216  
       13.74      0.5476      0.5922      0.1269      0.1173       0.005       0.062       0.080       3.679       0.007       0.355       9.830        0.11      17187.    0.3073  
       14.80      0.5897      0.6158      0.1233      0.1181       0.005       0.063       0.078       3.705       0.007       0.345       9.492        0.11      17261.    0.2926  
       15.86      0.6318      0.6371      0.1189      0.1180       0.005       0.063       0.075       3.700       0.007       0.333       9.165        0.11      17341.    0.2774  
       16.91      0.6740      0.6561      0.1136      0.1166       0.005       0.062       0.071       3.659       0.007       0.318       8.849        0.11      17426.    0.2617  
       17.97      0.7161      0.6729      0.1073      0.1142       0.005       0.061       0.067       3.581       0.007       0.300       8.541        0.11      17515.    0.2456  
       19.03      0.7582      0.6871      0.1002      0.1106       0.005       0.059       0.063       3.470       0.007       0.280       8.238        0.11      17609.    0.2289  
       20.08      0.8003      0.6984      0.0926      0.1061       0.004       0.056       0.058       3.330       0.006       0.259       7.932        0.11      17707.    0.2119  
       21.14      0.8425      0.7056      0.0845      0.1009       0.004       0.054       0.053       3.165       0.006       0.236       7.613        0.11      17810.    0.1943  
       22.20      0.8846      0.7076      0.0760      0.0950       0.004       0.050       0.048       2.979       0.006       0.212       7.271        0.11      17917.    0.1759  
       23.26      0.9267      0.7026      0.0671      0.0885       0.004       0.047       0.042       2.775       0.005       0.188       6.892        0.11      18028.    0.1567  
       24.31      0.9688      0.6886      0.0579      0.0815       0.003       0.043       0.036       2.555       0.005       0.162       6.460        0.11      18142.    0.1365  
       25.37      1.0110      0.6624      0.0485      0.0740       0.003       0.039       0.030       2.322       0.004       0.136       5.956        0.11      18261.    0.1151  
       26.43      1.0531      0.6193      0.0389      0.0662       0.003       0.035       0.024       2.076       0.004       0.109       5.346        0.11      18383.    0.0926  
       27.48      1.0952      0.5518      0.0292      0.0580       0.002       0.031       0.018       1.820       0.003       0.082       4.579        0.11      18509.    0.0687  
       28.54      1.1373      0.4469      0.0195      0.0496       0.002       0.026       0.012       1.556       0.003       0.054       3.571        0.11      18638.    0.0438  
       29.60      1.1794      0.2806      0.0097      0.0409       0.002       0.022       0.006       1.284       0.002       0.027       2.163        0.11      18770.    0.0187  
       30.65      1.2216      0.0014      0.0000      0.0321       0.001       0.017       0.000       1.007       0.002       0.000       0.010        0.11      18904.    0.0000  
                                                                                                                                                                                    
                                                                                                                                                                                    
                                                                                                                                                                                    
         PROP RPM =       6000                                                                                                                                                      
                                                                                                                                                                                    
         V          J           Pe         Ct          Cp          PWR         Torque      Thrust      PWR         Torque      Thrust      THR/PWR      Mach      Reyn       FOM    
       (mph)     (Adv_Ratio)     -          -           -          (Hp)        (In-Lbf)     (Lbf)      (W)         (N-m)       (N)         (g/W)         -         -          -     
        0.00      0.0000      0.0000      0.1389      0.0883       0.006       0.067       0.126       4.785       0.008       0.559      11.914        0.13      19943.    0.4676  
        1.27      0.0422      0.0652      0.1385      0.0897       0.007       0.068       0.125       4.861       0.008       0.558      11.701        0.13      19968.    0.4587  
        2.54      0.0844      0.1279      0.1382      0.0913       0.007       0.070       0.125       4.948       0.008       0.557      11.471        0.13      19996.    0.4493  
        3.81      0.1266      0.1877      0.1380      0.0931       0.007       0.071       0.125       5.046       0.008       0.555      11.226        0.13      20029.    0.4392  
        5.08      0.1689      0.2444      0.1377      0.0951       0.007       0.073       0.125       5.155       0.008       0.554      10.966        0.13      20066.    0.4286  
        6.36      0.2111      0.2979      0.1373      0.0973       0.007       0.074       0.124       5.274       0.008       0.553      10.692        0.13      20107.    0.4174  
        7.63      0.2533      0.3480      0.1369      0.0997       0.007       0.076       0.124       5.402       0.009       0.551      10.407        0.13      20154.    0.4057  
        8.90      0.2955      0.3945      0.1364      0.1022       0.007       0.078       0.123       5.538       0.009       0.549      10.113        0.13      20205.    0.3934  
       10.17      0.3377      0.4375      0.1357      0.1048       0.008       0.080       0.123       5.679       0.009       0.546       9.812        0.13      20262.    0.3808  
       11.44      0.3799      0.4769      0.1348      0.1074       0.008       0.082       0.122       5.821       0.009       0.543       9.508        0.13      20323.    0.3677  
       12.71      0.4221      0.5128      0.1336      0.1100       0.008       0.084       0.121       5.960       0.009       0.538       9.201        0.13      20391.    0.3542  
       13.98      0.4643      0.5453      0.1319      0.1124       0.008       0.086       0.119       6.090       0.010       0.531       8.895        0.13      20464.    0.3404  
       15.25      0.5066      0.5746      0.1298      0.1144       0.008       0.087       0.118       6.203       0.010       0.523       8.593        0.13      20542.    0.3261  
       16.53      0.5488      0.6010      0.1271      0.1160       0.008       0.089       0.115       6.289       0.010       0.512       8.296        0.13      20626.    0.3115  
       17.80      0.5910      0.6247      0.1235      0.1169       0.008       0.089       0.112       6.334       0.010       0.497       8.007        0.13      20716.    0.2964  
       19.07      0.6332      0.6460      0.1191      0.1167       0.008       0.089       0.108       6.327       0.010       0.480       7.728        0.13      20812.    0.2809  
       20.34      0.6754      0.6651      0.1137      0.1154       0.008       0.088       0.103       6.257       0.010       0.458       7.460        0.13      20914.    0.2649  
       21.61      0.7176      0.6820      0.1074      0.1130       0.008       0.086       0.097       6.123       0.010       0.432       7.199        0.13      21022.    0.2485  
       22.88      0.7598      0.6965      0.1003      0.1094       0.008       0.084       0.091       5.930       0.009       0.404       6.943        0.13      21135.    0.2316  
       24.15      0.8020      0.7081      0.0926      0.1049       0.008       0.080       0.084       5.687       0.009       0.373       6.687        0.13      21253.    0.2144  
       25.42      0.8443      0.7157      0.0845      0.0997       0.007       0.076       0.076       5.402       0.009       0.340       6.421        0.13      21377.    0.1966  
       26.69      0.8865      0.7182      0.0759      0.0937       0.007       0.072       0.069       5.079       0.008       0.306       6.137        0.13      21506.    0.1781  
       27.97      0.9287      0.7140      0.0670      0.0871       0.006       0.067       0.061       4.723       0.008       0.270       5.824        0.13      21640.    0.1588  
       29.24      0.9709      0.7009      0.0578      0.0801       0.006       0.061       0.052       4.340       0.007       0.233       5.469        0.13      21778.    0.1385  
       30.51      1.0131      0.6759      0.0484      0.0725       0.005       0.055       0.044       3.932       0.006       0.195       5.054        0.13      21920.    0.1171  
       31.78      1.0553      0.6341      0.0388      0.0646       0.005       0.049       0.035       3.503       0.006       0.156       4.551        0.13      22068.    0.0945  
       33.05      1.0975      0.5676      0.0291      0.0564       0.004       0.043       0.026       3.055       0.005       0.117       3.918        0.13      22219.    0.0705  
       34.32      1.1397      0.4630      0.0194      0.0478       0.003       0.036       0.018       2.591       0.004       0.078       3.077        0.13      22374.    0.0452  
       35.59      1.1820      0.2938      0.0097      0.0390       0.003       0.030       0.009       2.114       0.003       0.039       1.883        0.13      22534.    0.0195  
       36.86      1.2242      0.0009      0.0000      0.0300       0.002       0.023       0.000       1.627       0.003       0.000       0.006        0.14      22695.    0.0000  
                                                                                                                                                                                    
                                                                                                                                                                                    
                                                                                                                                                                                    
         PROP RPM =       7000                                                                                                                                                      
                                                                                                                                                                                    
         V          J           Pe         Ct          Cp          PWR         Torque      Thrust      PWR         Torque      Thrust      THR/PWR      Mach      Reyn       FOM    
       (mph)     (Adv_Ratio)     -          -           -          (Hp)        (In-Lbf)     (Lbf)      (W)         (N-m)       (N)         (g/W)         -         -          -     
        0.00      0.0000      0.0000      0.1390      0.0871       0.010       0.090       0.171       7.493       0.010       0.762      10.365        0.15      23267.    0.4748  
        1.49      0.0423      0.0663      0.1387      0.0885       0.010       0.092       0.171       7.614       0.010       0.760      10.177        0.15      23296.    0.4657  
        2.97      0.0846      0.1299      0.1384      0.0901       0.010       0.094       0.170       7.753       0.011       0.758       9.974        0.15      23329.    0.4559  
        4.46      0.1269      0.1906      0.1381      0.0919       0.011       0.095       0.170       7.909       0.011       0.757       9.758        0.15      23367.    0.4456  
        5.94      0.1691      0.2482      0.1378      0.0939       0.011       0.098       0.170       8.083       0.011       0.755       9.528        0.15      23410.    0.4347  
        7.43      0.2114      0.3024      0.1375      0.0961       0.011       0.100       0.169       8.274       0.011       0.754       9.287        0.15      23459.    0.4232  
        8.91      0.2537      0.3531      0.1371      0.0985       0.011       0.102       0.169       8.480       0.012       0.751       9.036        0.15      23513.    0.4112  
       10.40      0.2960      0.4001      0.1366      0.1010       0.012       0.105       0.168       8.697       0.012       0.749       8.777        0.15      23573.    0.3986  
       11.88      0.3383      0.4435      0.1359      0.1037       0.012       0.108       0.167       8.923       0.012       0.745       8.512        0.15      23639.    0.3856  
       13.37      0.3806      0.4832      0.1350      0.1063       0.012       0.110       0.166       9.151       0.012       0.740       8.244        0.15      23712.    0.3722  
       14.86      0.4228      0.5194      0.1338      0.1089       0.013       0.113       0.165       9.374       0.013       0.733       7.975        0.15      23791.    0.3584  
       16.34      0.4651      0.5521      0.1321      0.1113       0.013       0.116       0.163       9.583       0.013       0.724       7.707        0.15      23876.    0.3443  
       17.83      0.5074      0.5816      0.1300      0.1134       0.013       0.118       0.160       9.764       0.013       0.713       7.442        0.15      23968.    0.3297  
       19.31      0.5497      0.6080      0.1273      0.1150       0.013       0.120       0.157       9.902       0.014       0.697       7.182        0.15      24066.    0.3148  
       20.80      0.5920      0.6318      0.1237      0.1159       0.013       0.120       0.152       9.977       0.014       0.678       6.929        0.15      24172.    0.2995  
       22.28      0.6343      0.6531      0.1192      0.1158       0.013       0.120       0.147       9.967       0.014       0.653       6.686        0.15      24284.    0.2837  
       23.77      0.6765      0.6723      0.1138      0.1145       0.013       0.119       0.140       9.856       0.013       0.624       6.452        0.15      24403.    0.2675  
       25.25      0.7188      0.6893      0.1074      0.1120       0.013       0.116       0.132       9.644       0.013       0.589       6.226        0.15      24529.    0.2508  
       26.74      0.7611      0.7039      0.1003      0.1085       0.013       0.113       0.124       9.338       0.013       0.550       6.005        0.15      24661.    0.2338  
       28.23      0.8034      0.7157      0.0927      0.1040       0.012       0.108       0.114       8.952       0.012       0.508       5.784        0.15      24800.    0.2164  
       29.71      0.8457      0.7238      0.0845      0.0987       0.011       0.103       0.104       8.497       0.012       0.463       5.557        0.15      24945.    0.1985  
       31.20      0.8880      0.7268      0.0759      0.0927       0.011       0.096       0.094       7.981       0.011       0.416       5.314        0.15      25096.    0.1799  
       32.68      0.9302      0.7232      0.0670      0.0861       0.010       0.090       0.083       7.413       0.010       0.367       5.048        0.15      25252.    0.1605  
       34.17      0.9725      0.7110      0.0578      0.0790       0.009       0.082       0.071       6.800       0.009       0.317       4.747        0.15      25414.    0.1402  
       35.65      1.0148      0.6870      0.0483      0.0714       0.008       0.074       0.060       6.146       0.008       0.265       4.395        0.15      25581.    0.1188  
       37.14      1.0571      0.6463      0.0388      0.0634       0.007       0.066       0.048       5.458       0.007       0.212       3.970        0.16      25753.    0.0961  
       38.62      1.0994      0.5810      0.0291      0.0550       0.006       0.057       0.036       4.738       0.006       0.159       3.431        0.16      25930.    0.0719  
       40.11      1.1417      0.4768      0.0194      0.0464       0.005       0.048       0.024       3.993       0.005       0.106       2.711        0.16      26112.    0.0464  
       41.59      1.1839      0.3054      0.0097      0.0375       0.004       0.039       0.012       3.226       0.004       0.053       1.675        0.16      26298.    0.0202  
       43.08      1.2262      0.0009      0.0000      0.0284       0.003       0.029       0.000       2.443       0.003       0.000       0.005        0.16      26487.    0.0000  
                                                                                                                                                                                    
                                                                                                                                                                                    
                                                                                                                                                                                    
         PROP RPM =       8000                                                                                                                                                      
                                                                                                                                                                                    
         V          J           Pe         Ct          Cp          PWR         Torque      Thrust      PWR         Torque      Thrust      THR/PWR      Mach      Reyn       FOM    
       (mph)     (Adv_Ratio)     -          -           -          (Hp)        (In-Lbf)     (Lbf)      (W)         (N-m)       (N)         (g/W)         -         -          -     
        0.00      0.0000      0.0000      0.1391      0.0861       0.015       0.117       0.224      11.059       0.013       0.995       9.178        0.17      26591.    0.4807  
        1.70      0.0423      0.0672      0.1388      0.0875       0.015       0.119       0.223      11.241       0.013       0.993       9.010        0.17      26624.    0.4714  
        3.40      0.0847      0.1316      0.1385      0.0891       0.015       0.121       0.223      11.448       0.014       0.991       8.829        0.17      26662.    0.4614  
        5.10      0.1270      0.1931      0.1382      0.0909       0.016       0.123       0.222      11.683       0.014       0.989       8.635        0.17      26705.    0.4509  
        6.80      0.1694      0.2513      0.1379      0.0930       0.016       0.126       0.222      11.944       0.014       0.987       8.430        0.17      26755.    0.4397  
        8.50      0.2117      0.3061      0.1376      0.0952       0.016       0.129       0.221      12.231       0.015       0.985       8.214        0.17      26810.    0.4280  
       10.20      0.2541      0.3573      0.1372      0.0976       0.017       0.132       0.221      12.540       0.015       0.982       7.989        0.17      26872.    0.4157  
       11.90      0.2964      0.4047      0.1367      0.1001       0.017       0.136       0.220      12.867       0.015       0.979       7.758        0.17      26941.    0.4029  
       13.60      0.3387      0.4484      0.1361      0.1028       0.018       0.140       0.219      13.206       0.016       0.974       7.521        0.17      27017.    0.3896  
       15.30      0.3811      0.4884      0.1352      0.1055       0.018       0.143       0.218      13.549       0.016       0.968       7.282        0.17      27100.    0.3760  
       17.00      0.4234      0.5248      0.1339      0.1081       0.019       0.147       0.216      13.886       0.017       0.959       7.041        0.17      27190.    0.3619  
       18.70      0.4658      0.5577      0.1323      0.1105       0.019       0.150       0.213      14.201       0.017       0.947       6.802        0.17      27288.    0.3475  
       20.40      0.5081      0.5872      0.1302      0.1127       0.019       0.153       0.210      14.475       0.017       0.932       6.566        0.17      27393.    0.3327  
       22.10      0.5504      0.6138      0.1274      0.1143       0.020       0.155       0.205      14.684       0.018       0.912       6.334        0.17      27506.    0.3176  
       23.80      0.5928      0.6375      0.1239      0.1152       0.020       0.156       0.199      14.798       0.018       0.887       6.110        0.17      27627.    0.3020  
       25.50      0.6351      0.6589      0.1194      0.1151       0.020       0.156       0.192      14.785       0.018       0.855       5.894        0.17      27756.    0.2860  
       27.20      0.6775      0.6782      0.1139      0.1138       0.020       0.154       0.183      14.622       0.017       0.815       5.687        0.17      27892.    0.2696  
       28.90      0.7198      0.6953      0.1075      0.1113       0.019       0.151       0.173      14.305       0.017       0.770       5.487        0.17      28036.    0.2527  
       30.60      0.7622      0.7100      0.1004      0.1078       0.019       0.146       0.162      13.849       0.017       0.719       5.293        0.17      28188.    0.2356  
       32.30      0.8045      0.7221      0.0927      0.1033       0.018       0.140       0.149      13.271       0.016       0.664       5.099        0.17      28347.    0.2181  
       34.00      0.8468      0.7304      0.0845      0.0980       0.017       0.133       0.136      12.589       0.015       0.605       4.900        0.17      28513.    0.2001  
       35.70      0.8892      0.7339      0.0759      0.0920       0.016       0.125       0.122      11.816       0.014       0.543       4.689        0.17      28686.    0.1814  
       37.40      0.9315      0.7309      0.0669      0.0853       0.015       0.116       0.108      10.964       0.013       0.479       4.457        0.18      28865.    0.1620  
       39.10      0.9739      0.7194      0.0577      0.0782       0.013       0.106       0.093      10.042       0.012       0.413       4.196        0.18      29050.    0.1416  
       40.80      1.0162      0.6963      0.0483      0.0705       0.012       0.096       0.078       9.059       0.011       0.346       3.893        0.18      29241.    0.1202  
       42.50      1.0585      0.6567      0.0387      0.0624       0.011       0.085       0.062       8.021       0.010       0.277       3.525        0.18      29439.    0.0974  
       44.20      1.1009      0.5924      0.0291      0.0540       0.009       0.073       0.047       6.937       0.008       0.208       3.057        0.18      29641.    0.0732  
       45.90      1.1432      0.4887      0.0193      0.0452       0.008       0.061       0.031       5.813       0.007       0.138       2.429        0.18      29850.    0.0474  
       47.60      1.1856      0.3156      0.0096      0.0362       0.006       0.049       0.016       4.657       0.006       0.069       1.512        0.18      30063.    0.0209  
       49.30      1.2279      0.0007      0.0000      0.0270       0.005       0.037       0.000       3.474       0.004       0.000       0.003        0.18      30279.    0.0000  
                                                                                                                                                                                    
                                                                                                                                                                                    
                                                                                                                                                                                    
         PROP RPM =       9000                                                                                                                                                      
                                                                                                                                                                                    
         V          J           Pe         Ct          Cp          PWR         Torque      Thrust      PWR         Torque      Thrust      THR/PWR      Mach      Reyn       FOM    
       (mph)     (Adv_Ratio)     -          -           -          (Hp)        (In-Lbf)     (Lbf)      (W)         (N-m)       (N)         (g/W)         -         -          -     
        0.00      0.0000      0.0000      0.1391      0.0853       0.021       0.147       0.283      15.600       0.017       1.261       8.240        0.19      29915.    0.4856  
        1.91      0.0424      0.0679      0.1388      0.0867       0.021       0.149       0.283      15.860       0.017       1.258       8.088        0.19      29952.    0.4762  
        3.83      0.0848      0.1330      0.1386      0.0883       0.022       0.152       0.282      16.157       0.017       1.255       7.923        0.19      29995.    0.4660  
        5.74      0.1272      0.1951      0.1383      0.0902       0.022       0.155       0.282      16.492       0.017       1.253       7.748        0.19      30044.    0.4553  
        7.66      0.1696      0.2539      0.1381      0.0922       0.023       0.158       0.281      16.866       0.018       1.251       7.562        0.19      30099.    0.4439  
        9.57      0.2120      0.3092      0.1378      0.0944       0.023       0.162       0.281      17.277       0.018       1.248       7.366        0.19      30162.    0.4320  
       11.49      0.2543      0.3608      0.1374      0.0969       0.024       0.166       0.280      17.719       0.019       1.245       7.163        0.19      30232.    0.4195  
       13.40      0.2967      0.4086      0.1369      0.0994       0.024       0.171       0.279      18.187       0.019       1.240       6.953        0.19      30309.    0.4065  
       15.32      0.3391      0.4526      0.1362      0.1021       0.025       0.175       0.277      18.673       0.020       1.234       6.739        0.19      30395.    0.3930  
       17.23      0.3815      0.4928      0.1353      0.1048       0.026       0.180       0.276      19.166       0.020       1.226       6.523        0.19      30488.    0.3791  
       19.15      0.4239      0.5293      0.1341      0.1074       0.026       0.185       0.273      19.649       0.021       1.215       6.306        0.19      30590.    0.3649  
       21.06      0.4663      0.5623      0.1325      0.1099       0.027       0.189       0.270      20.101       0.021       1.200       6.090        0.19      30700.    0.3502  
       22.98      0.5087      0.5920      0.1304      0.1120       0.027       0.192       0.266      20.496       0.022       1.181       5.876        0.19      30819.    0.3353  
       24.89      0.5511      0.6185      0.1276      0.1137       0.028       0.195       0.260      20.798       0.022       1.156       5.668        0.19      30946.    0.3199  
       26.81      0.5935      0.6424      0.1240      0.1146       0.028       0.197       0.253      20.964       0.022       1.124       5.466        0.19      31083.    0.3042  
       28.72      0.6359      0.6638      0.1195      0.1145       0.028       0.197       0.243      20.948       0.022       1.083       5.272        0.19      31228.    0.2880  
       30.64      0.6783      0.6831      0.1141      0.1132       0.028       0.195       0.232      20.717       0.022       1.033       5.086        0.19      31381.    0.2714  
       32.55      0.7207      0.7003      0.1077      0.1108       0.027       0.190       0.219      20.268       0.022       0.975       4.907        0.19      31544.    0.2544  
       34.47      0.7630      0.7152      0.1005      0.1072       0.026       0.184       0.205      19.618       0.021       0.911       4.733        0.19      31715.    0.2371  
       36.38      0.8054      0.7274      0.0928      0.1027       0.025       0.177       0.189      18.794       0.020       0.841       4.561        0.20      31894.    0.2195  
       38.30      0.8478      0.7360      0.0846      0.0974       0.024       0.167       0.172      17.820       0.019       0.766       4.384        0.20      32082.    0.2014  
       40.21      0.8902      0.7398      0.0759      0.0914       0.022       0.157       0.155      16.714       0.018       0.688       4.197        0.20      32276.    0.1827  
       42.13      0.9326      0.7374      0.0670      0.0847       0.021       0.146       0.136      15.494       0.016       0.607       3.993        0.20      32478.    0.1632  
       44.04      0.9750      0.7265      0.0577      0.0775       0.019       0.133       0.118      14.173       0.015       0.523       3.763        0.20      32687.    0.1429  
       45.96      1.0174      0.7043      0.0483      0.0698       0.017       0.120       0.098      12.763       0.014       0.438       3.496        0.20      32903.    0.1214  
       47.87      1.0598      0.6657      0.0387      0.0616       0.015       0.106       0.079      11.275       0.012       0.351       3.172        0.20      33125.    0.0986  
       49.79      1.1022      0.6024      0.0290      0.0531       0.013       0.091       0.059       9.718       0.010       0.263       2.760        0.20      33354.    0.0743  
       51.70      1.1446      0.4993      0.0193      0.0443       0.011       0.076       0.039       8.103       0.009       0.175       2.203        0.20      33588.    0.0484  
       53.62      1.1870      0.3249      0.0096      0.0352       0.009       0.060       0.020       6.442       0.007       0.087       1.382        0.20      33829.    0.0214  
       55.53      1.2294      0.0006      0.0000      0.0259       0.006       0.045       0.000       4.741       0.005       0.000       0.003        0.20      34072.    0.0000  
                                                                                                                                                                                    
                                                                                                                                                                                    
                                                                                                                                                                                    
         PROP RPM =      10000                                                                                                                                                      
                                                                                                                                                                                    
         V          J           Pe         Ct          Cp          PWR         Torque      Thrust      PWR         Torque      Thrust      THR/PWR      Mach      Reyn       FOM    
       (mph)     (Adv_Ratio)     -          -           -          (Hp)        (In-Lbf)     (Lbf)      (W)         (N-m)       (N)         (g/W)         -         -          -     
        0.00      0.0000      0.0000      0.1392      0.0846       0.028       0.179       0.350      21.234       0.020       1.557       7.478        0.21      33238.    0.4898  
        2.13      0.0424      0.0685      0.1389      0.0860       0.029       0.182       0.349      21.591       0.021       1.554       7.339        0.21      33280.    0.4802  
        4.26      0.0849      0.1342      0.1387      0.0877       0.030       0.186       0.349      22.000       0.021       1.551       7.189        0.21      33327.    0.4699  
        6.39      0.1273      0.1969      0.1384      0.0895       0.030       0.190       0.348      22.462       0.021       1.548       7.028        0.21      33382.    0.4590  
        8.52      0.1697      0.2561      0.1382      0.0916       0.031       0.194       0.347      22.977       0.022       1.545       6.858        0.21      33444.    0.4475  
       10.65      0.2122      0.3118      0.1379      0.0938       0.032       0.199       0.347      23.543       0.022       1.542       6.679        0.21      33513.    0.4354  
       12.78      0.2546      0.3638      0.1375      0.0962       0.032       0.204       0.346      24.152       0.023       1.538       6.493        0.21      33591.    0.4227  
       14.91      0.2970      0.4119      0.1370      0.0988       0.033       0.210       0.345      24.798       0.024       1.533       6.302        0.21      33678.    0.4095  
       17.04      0.3395      0.4561      0.1364      0.1015       0.034       0.215       0.343      25.469       0.024       1.525       6.107        0.21      33773.    0.3959  
       19.17      0.3819      0.4965      0.1355      0.1042       0.035       0.221       0.341      26.149       0.025       1.515       5.909        0.21      33877.    0.3818  
       21.30      0.4243      0.5332      0.1343      0.1069       0.036       0.227       0.338      26.817       0.026       1.502       5.711        0.21      33990.    0.3674  
       23.43      0.4668      0.5663      0.1327      0.1094       0.037       0.232       0.334      27.443       0.026       1.484       5.514        0.21      34113.    0.3526  
       25.56      0.5092      0.5960      0.1305      0.1115       0.038       0.237       0.328      27.990       0.027       1.460       5.319        0.21      34245.    0.3374  
       27.69      0.5516      0.6226      0.1278      0.1132       0.038       0.240       0.321      28.410       0.027       1.429       5.130        0.21      34387.    0.3219  
       29.82      0.5941      0.6465      0.1242      0.1141       0.038       0.242       0.312      28.642       0.027       1.389       4.946        0.21      34538.    0.3060  
       31.95      0.6365      0.6679      0.1197      0.1141       0.038       0.242       0.301      28.624       0.027       1.339       4.769        0.21      34700.    0.2897  
       34.08      0.6789      0.6873      0.1142      0.1128       0.038       0.239       0.287      28.310       0.027       1.277       4.601        0.22      34871.    0.2729  
       36.21      0.7214      0.7045      0.1078      0.1104       0.037       0.234       0.271      27.695       0.026       1.205       4.439        0.22      35052.    0.2558  
       38.34      0.7638      0.7195      0.1006      0.1068       0.036       0.227       0.253      26.802       0.026       1.125       4.281        0.22      35242.    0.2384  
       40.47      0.8062      0.7320      0.0929      0.1023       0.034       0.217       0.234      25.671       0.025       1.039       4.126        0.22      35442.    0.2207  
       42.59      0.8487      0.7408      0.0846      0.0970       0.033       0.206       0.213      24.330       0.023       0.947       3.967        0.22      35650.    0.2026  
       44.72      0.8911      0.7450      0.0760      0.0909       0.031       0.193       0.191      22.808       0.022       0.850       3.800        0.22      35867.    0.1839  
       46.85      0.9336      0.7430      0.0670      0.0842       0.028       0.179       0.168      21.125       0.020       0.749       3.617        0.22      36092.    0.1644  
       48.98      0.9760      0.7328      0.0578      0.0769       0.026       0.163       0.145      19.302       0.018       0.646       3.412        0.22      36324.    0.1440  
       51.11      1.0184      0.7114      0.0483      0.0692       0.023       0.147       0.121      17.356       0.017       0.540       3.175        0.22      36564.    0.1225  
       53.24      1.0609      0.6737      0.0387      0.0610       0.021       0.129       0.097      15.300       0.015       0.433       2.886        0.22      36812.    0.0997  
       55.37      1.1033      0.6113      0.0290      0.0524       0.018       0.111       0.073      13.148       0.013       0.325       2.518        0.22      37066.    0.0753  
       57.50      1.1457      0.5088      0.0193      0.0435       0.015       0.092       0.049      10.915       0.010       0.216       2.018        0.22      37328.    0.0492  
       59.63      1.1882      0.3333      0.0096      0.0343       0.012       0.073       0.024       8.616       0.008       0.108       1.275        0.22      37595.    0.0220  
       61.76      1.2306      0.0005      0.0000      0.0250       0.008       0.053       0.000       6.263       0.006       0.000       0.002        0.23      37866.    0.0000  
                                                                                                                                                                                    
                                                                                                                                                                                    
                                                                                                                                                                                    
         PROP RPM =      11000                                                                                                                                                      
                                                                                                                                                                                    
         V          J           Pe         Ct          Cp          PWR         Torque      Thrust      PWR         Torque      Thrust      THR/PWR      Mach      Reyn       FOM    
       (mph)     (Adv_Ratio)     -          -           -          (Hp)        (In-Lbf)     (Lbf)      (W)         (N-m)       (N)         (g/W)         -         -          -     
        0.00      0.0000      0.0000      0.1393      0.0841       0.038       0.216       0.424      28.079       0.024       1.885       6.846        0.23      36562.    0.4934  
        2.34      0.0425      0.0691      0.1390      0.0855       0.038       0.219       0.423      28.555       0.025       1.881       6.718        0.23      36607.    0.4837  
        4.69      0.0849      0.1353      0.1387      0.0871       0.039       0.224       0.422      29.101       0.025       1.878       6.580        0.23      36660.    0.4733  
        7.03      0.1274      0.1984      0.1385      0.0890       0.040       0.228       0.421      29.718       0.026       1.874       6.432        0.23      36720.    0.4623  
        9.38      0.1699      0.2580      0.1383      0.0910       0.041       0.234       0.421      30.406       0.026       1.871       6.275        0.23      36788.    0.4506  
       11.72      0.2124      0.3141      0.1380      0.0933       0.042       0.239       0.420      31.161       0.027       1.867       6.111        0.23      36865.    0.4383  
       14.07      0.2548      0.3663      0.1376      0.0957       0.043       0.246       0.419      31.977       0.028       1.863       5.940        0.23      36951.    0.4255  
       16.41      0.2973      0.4147      0.1372      0.0983       0.044       0.252       0.417      32.841       0.029       1.856       5.763        0.23      37046.    0.4122  
       18.76      0.3398      0.4592      0.1365      0.1010       0.045       0.259       0.415      33.739       0.029       1.847       5.583        0.23      37150.    0.3984  
       21.10      0.3822      0.4997      0.1356      0.1037       0.046       0.266       0.413      34.650       0.030       1.835       5.402        0.23      37265.    0.3842  
       23.45      0.4247      0.5365      0.1344      0.1064       0.048       0.273       0.409      35.545       0.031       1.819       5.219        0.23      37390.    0.3696  
       25.79      0.4672      0.5697      0.1328      0.1089       0.049       0.280       0.404      36.385       0.032       1.798       5.038        0.23      37525.    0.3546  
       28.14      0.5097      0.5995      0.1307      0.1111       0.050       0.285       0.398      37.119       0.032       1.769       4.860        0.23      37671.    0.3393  
       30.48      0.5521      0.6261      0.1279      0.1128       0.051       0.290       0.389      37.685       0.033       1.732       4.685        0.23      37827.    0.3237  
       32.83      0.5946      0.6500      0.1244      0.1138       0.051       0.292       0.378      38.001       0.033       1.683       4.517        0.24      37994.    0.3076  
       35.17      0.6371      0.6715      0.1199      0.1137       0.051       0.292       0.365      37.981       0.033       1.622       4.355        0.24      38172.    0.2912  
       37.52      0.6795      0.6909      0.1143      0.1125       0.050       0.289       0.348      37.568       0.033       1.548       4.201        0.24      38360.    0.2743  
       39.86      0.7220      0.7082      0.1079      0.1100       0.049       0.282       0.328      36.750       0.032       1.461       4.053        0.24      38560.    0.2571  
       42.21      0.7645      0.7233      0.1007      0.1065       0.048       0.273       0.307      35.562       0.031       1.363       3.909        0.24      38770.    0.2396  
       44.55      0.8070      0.7359      0.0930      0.1020       0.046       0.262       0.283      34.053       0.030       1.258       3.768        0.24      38990.    0.2219  
       46.90      0.8494      0.7450      0.0847      0.0966       0.043       0.248       0.258      32.264       0.028       1.147       3.624        0.24      39219.    0.2037  
       49.24      0.8919      0.7495      0.0761      0.0905       0.041       0.232       0.231      30.229       0.026       1.029       3.472        0.24      39458.    0.1849  
       51.59      0.9344      0.7479      0.0671      0.0838       0.038       0.215       0.204      27.979       0.024       0.907       3.307        0.24      39706.    0.1654  
       53.93      0.9768      0.7383      0.0578      0.0765       0.034       0.196       0.176      25.540       0.022       0.782       3.123        0.24      39962.    0.1450  
       56.27      1.0193      0.7176      0.0483      0.0687       0.031       0.176       0.147      22.933       0.020       0.654       2.909        0.24      40226.    0.1235  
       58.62      1.0618      0.6807      0.0387      0.0604       0.027       0.155       0.118      20.178       0.018       0.524       2.649        0.24      40499.    0.1007  
       60.96      1.1043      0.6193      0.0290      0.0518       0.023       0.133       0.088      17.293       0.015       0.393       2.317        0.25      40779.    0.0763  
       63.31      1.1467      0.5175      0.0193      0.0428       0.019       0.110       0.059      14.299       0.012       0.261       1.864        0.25      41067.    0.0500  
       65.65      1.1892      0.3411      0.0096      0.0336       0.015       0.086       0.029      11.216       0.010       0.130       1.185        0.25      41362.    0.0225  
       68.00      1.2317      0.0004      0.0000      0.0241       0.011       0.062       0.000       8.058       0.007       0.000       0.001        0.25      41660.    0.0000  
                                                                                                                                                                                    
                                                                                                                                                                                    
                                                                                                                                                                                    
         PROP RPM =      12000                                                                                                                                                      
                                                                                                                                                                                    
         V          J           Pe         Ct          Cp          PWR         Torque      Thrust      PWR         Torque      Thrust      THR/PWR      Mach      Reyn       FOM    
       (mph)     (Adv_Ratio)     -          -           -          (Hp)        (In-Lbf)     (Lbf)      (W)         (N-m)       (N)         (g/W)         -         -          -     
        0.00      0.0000      0.0000      0.1394      0.0836       0.049       0.255       0.505      36.253       0.029       2.245       6.313        0.25      39886.    0.4965  
        2.56      0.0425      0.0695      0.1391      0.0850       0.049       0.260       0.504      36.873       0.029       2.240       6.195        0.25      39935.    0.4867  
        5.12      0.0850      0.1362      0.1388      0.0867       0.050       0.265       0.503      37.583       0.030       2.236       6.067        0.25      39993.    0.4762  
        7.68      0.1275      0.1996      0.1386      0.0885       0.051       0.270       0.502      38.386       0.031       2.232       5.930        0.25      40058.    0.4651  
       10.24      0.1700      0.2597      0.1384      0.0906       0.053       0.277       0.501      39.282       0.031       2.228       5.785        0.25      40132.    0.4533  
       12.80      0.2125      0.3160      0.1381      0.0929       0.054       0.284       0.500      40.266       0.032       2.224       5.632        0.25      40216.    0.4409  
       15.36      0.2550      0.3686      0.1377      0.0953       0.055       0.291       0.499      41.329       0.033       2.218       5.474        0.25      40310.    0.4280  
       17.92      0.2975      0.4172      0.1373      0.0979       0.057       0.299       0.497      42.457       0.034       2.211       5.310        0.25      40414.    0.4145  
       20.48      0.3400      0.4618      0.1366      0.1006       0.059       0.307       0.495      43.629       0.035       2.201       5.144        0.25      40528.    0.4006  
       23.04      0.3825      0.5025      0.1358      0.1034       0.060       0.316       0.492      44.819       0.036       2.187       4.975        0.25      40654.    0.3862  
       25.60      0.4250      0.5394      0.1346      0.1061       0.062       0.324       0.487      45.988       0.037       2.168       4.806        0.25      40790.    0.3715  
       28.16      0.4675      0.5727      0.1330      0.1086       0.063       0.332       0.482      47.087       0.037       2.142       4.639        0.26      40938.    0.3564  
       30.72      0.5101      0.6025      0.1309      0.1108       0.064       0.338       0.474      48.050       0.038       2.108       4.474        0.26      41097.    0.3410  
       33.28      0.5526      0.6292      0.1281      0.1125       0.065       0.344       0.464      48.793       0.039       2.064       4.313        0.26      41267.    0.3252  
       35.84      0.5951      0.6531      0.1246      0.1135       0.066       0.347       0.451      49.212       0.039       2.006       4.157        0.26      41450.    0.3091  
       38.40      0.6376      0.6746      0.1200      0.1134       0.066       0.346       0.435      49.193       0.039       1.933       4.007        0.26      41644.    0.2925  
       40.96      0.6801      0.6940      0.1145      0.1122       0.065       0.343       0.415      48.661       0.039       1.844       3.865        0.26      41850.    0.2755  
       43.52      0.7226      0.7114      0.1081      0.1098       0.064       0.335       0.391      47.602       0.038       1.741       3.729        0.26      42068.    0.2582  
       46.08      0.7651      0.7266      0.1009      0.1062       0.062       0.324       0.365      46.059       0.037       1.625       3.597        0.26      42297.    0.2407  
       48.64      0.8076      0.7394      0.0931      0.1017       0.059       0.311       0.337      44.096       0.035       1.499       3.467        0.26      42538.    0.2229  
       51.20      0.8501      0.7487      0.0848      0.0963       0.056       0.294       0.307      41.766       0.033       1.366       3.336        0.26      42789.    0.2047  
       53.76      0.8926      0.7535      0.0761      0.0902       0.052       0.276       0.276      39.115       0.031       1.226       3.197        0.26      43049.    0.1859  
       56.32      0.9351      0.7523      0.0671      0.0834       0.049       0.255       0.243      36.180       0.029       1.081       3.047        0.26      43320.    0.1663  
       58.88      0.9776      0.7432      0.0578      0.0761       0.044       0.232       0.209      32.996       0.026       0.932       2.879        0.26      43600.    0.1459  
       61.44      1.0201      0.7232      0.0484      0.0682       0.040       0.208       0.175      29.593       0.024       0.779       2.685        0.27      43889.    0.1244  
       64.00      1.0626      0.6871      0.0388      0.0599       0.035       0.183       0.140      25.993       0.021       0.624       2.449        0.27      44186.    0.1016  
       66.56      1.1051      0.6266      0.0291      0.0512       0.030       0.157       0.105      22.222       0.018       0.468       2.147        0.27      44493.    0.0771  
       69.12      1.1476      0.5254      0.0193      0.0422       0.025       0.129       0.070      18.307       0.015       0.311       1.734        0.27      44807.    0.0508  
       71.68      1.1901      0.3484      0.0096      0.0329       0.019       0.101       0.035      14.275       0.011       0.155       1.109        0.27      45129.    0.0229  
       74.24      1.2326      0.0004      0.0000      0.0234       0.014       0.071       0.000      10.144       0.008       0.000       0.001        0.27      45455.    0.0000  
                                                                                                                                                                                    
                                                                                                                                                                                    
                                                                                                                                                                                    
         PROP RPM =      13000                                                                                                                                                      
                                                                                                                                                                                    
         V          J           Pe         Ct          Cp          PWR         Torque      Thrust      PWR         Torque      Thrust      THR/PWR      Mach      Reyn       FOM    
       (mph)     (Adv_Ratio)     -          -           -          (Hp)        (In-Lbf)     (Lbf)      (W)         (N-m)       (N)         (g/W)         -         -          -     
        0.00      0.0000      0.0000      0.1394      0.0832       0.062       0.298       0.593      45.877       0.034       2.635       5.858        0.27      43209.    0.4992  
        2.78      0.0425      0.0699      0.1392      0.0846       0.063       0.303       0.591      46.665       0.034       2.630       5.748        0.27      43263.    0.4893  
        5.55      0.0851      0.1370      0.1389      0.0863       0.064       0.309       0.590      47.570       0.035       2.626       5.628        0.27      43325.    0.4787  
        8.33      0.1276      0.2008      0.1387      0.0881       0.065       0.316       0.589      48.594       0.036       2.621       5.501        0.27      43396.    0.4675  
       11.10      0.1701      0.2611      0.1385      0.0902       0.067       0.323       0.588      49.737       0.037       2.617       5.366        0.27      43477.    0.4556  
       13.88      0.2127      0.3178      0.1382      0.0925       0.068       0.332       0.587      50.992       0.037       2.612       5.223        0.27      43568.    0.4432  
       16.65      0.2552      0.3705      0.1379      0.0949       0.070       0.340       0.586      52.349       0.038       2.606       5.076        0.27      43669.    0.4301  
       19.43      0.2977      0.4193      0.1374      0.0976       0.072       0.350       0.584      53.789       0.040       2.597       4.924        0.27      43782.    0.4165  
       22.20      0.3403      0.4641      0.1368      0.1003       0.074       0.359       0.581      55.287       0.041       2.585       4.768        0.27      43906.    0.4025  
       24.98      0.3828      0.5050      0.1359      0.1030       0.076       0.369       0.578      56.808       0.042       2.569       4.612        0.28      44042.    0.3880  
       27.75      0.4253      0.5420      0.1347      0.1058       0.078       0.379       0.573      58.305       0.043       2.547       4.454        0.28      44190.    0.3732  
       30.53      0.4679      0.5753      0.1332      0.1083       0.080       0.388       0.566      59.713       0.044       2.517       4.298        0.28      44350.    0.3580  
       33.30      0.5104      0.6051      0.1311      0.1105       0.082       0.396       0.557      60.949       0.045       2.477       4.145        0.28      44522.    0.3425  
       36.08      0.5529      0.6319      0.1283      0.1123       0.083       0.402       0.545      61.905       0.045       2.425       3.995        0.28      44707.    0.3266  
       38.85      0.5955      0.6558      0.1247      0.1133       0.084       0.406       0.530      62.447       0.046       2.358       3.850        0.28      44905.    0.3103  
       41.63      0.6380      0.6773      0.1202      0.1132       0.084       0.406       0.511      62.433       0.046       2.272       3.712        0.28      45116.    0.2937  
       44.40      0.6806      0.6968      0.1147      0.1120       0.083       0.402       0.487      61.762       0.045       2.168       3.579        0.28      45340.    0.2767  
       47.18      0.7231      0.7142      0.1082      0.1096       0.081       0.393       0.460      60.419       0.044       2.046       3.453        0.28      45576.    0.2593  
       49.95      0.7656      0.7296      0.1010      0.1060       0.078       0.380       0.429      58.457       0.043       1.910       3.331        0.28      45825.    0.2417  
       52.73      0.8082      0.7424      0.0932      0.1015       0.075       0.364       0.396      55.957       0.041       1.762       3.212        0.28      46086.    0.2238  
       55.50      0.8507      0.7520      0.0850      0.0961       0.071       0.344       0.361      52.986       0.039       1.606       3.090        0.28      46358.    0.2056  
       58.28      0.8932      0.7570      0.0763      0.0900       0.067       0.322       0.324      49.601       0.036       1.441       2.963        0.28      46641.    0.1867  
       61.05      0.9358      0.7563      0.0672      0.0832       0.061       0.298       0.286      45.853       0.034       1.271       2.825        0.29      46934.    0.1672  
       63.83      0.9783      0.7477      0.0579      0.0758       0.056       0.272       0.246      41.784       0.031       1.095       2.672        0.29      47238.    0.1468  
       66.61      1.0208      0.7282      0.0484      0.0679       0.050       0.243       0.206      37.432       0.027       0.915       2.494        0.29      47551.    0.1253  
       69.38      1.0634      0.6930      0.0388      0.0595       0.044       0.213       0.165      32.827       0.024       0.733       2.278        0.29      47874.    0.1024  
       72.16      1.1059      0.6333      0.0291      0.0508       0.038       0.182       0.124      28.002       0.021       0.550       2.002        0.29      48207.    0.0779  
       74.93      1.1484      0.5327      0.0193      0.0417       0.031       0.149       0.082      22.990       0.017       0.366       1.622        0.29      48548.    0.0515  
       77.71      1.1910      0.3551      0.0096      0.0323       0.024       0.116       0.041      17.829       0.013       0.182       1.042        0.29      48897.    0.0234  
       80.48      1.2335      0.0003      0.0000      0.0227       0.017       0.082       0.000      12.537       0.009       0.000       0.001        0.29      49250.    0.0000  
                                                                                                                                                                                    
                                                                                                                                                                                    
                                                                                                                                                                                    
         PROP RPM =      14000                                                                                                                                                      
                                                                                                                                                                                    
         V          J           Pe         Ct          Cp          PWR         Torque      Thrust      PWR         Torque      Thrust      THR/PWR      Mach      Reyn       FOM    
       (mph)     (Adv_Ratio)     -          -           -          (Hp)        (In-Lbf)     (Lbf)      (W)         (N-m)       (N)         (g/W)         -         -          -     
        0.00      0.0000      0.0000      0.1395      0.0829       0.077       0.345       0.687      57.071       0.039       3.058       5.464        0.29      46533.    0.5016  
        2.99      0.0426      0.0703      0.1392      0.0843       0.078       0.351       0.686      58.057       0.040       3.052       5.361        0.29      46591.    0.4916  
        5.98      0.0851      0.1376      0.1390      0.0860       0.079       0.357       0.685      59.189       0.040       3.047       5.249        0.29      46658.    0.4810  
        8.97      0.1277      0.2018      0.1388      0.0878       0.081       0.365       0.684      60.471       0.041       3.042       5.130        0.29      46734.    0.4697  
       11.96      0.1702      0.2624      0.1385      0.0899       0.083       0.374       0.683      61.901       0.042       3.037       5.003        0.29      46821.    0.4577  
       14.95      0.2128      0.3193      0.1383      0.0922       0.085       0.383       0.682      63.475       0.043       3.032       4.870        0.30      46919.    0.4451  
       17.94      0.2554      0.3722      0.1380      0.0946       0.087       0.393       0.680      65.176       0.044       3.024       4.732        0.30      47028.    0.4320  
       20.93      0.2979      0.4212      0.1375      0.0973       0.090       0.404       0.678      66.982       0.046       3.015       4.590        0.30      47150.    0.4183  
       23.92      0.3405      0.4662      0.1369      0.1000       0.092       0.416       0.675      68.862       0.047       3.001       4.444        0.30      47284.    0.4042  
       26.92      0.3830      0.5071      0.1361      0.1028       0.095       0.427       0.671      70.773       0.048       2.983       4.298        0.30      47430.    0.3896  
       29.91      0.4256      0.5442      0.1349      0.1055       0.097       0.439       0.665      72.654       0.050       2.957       4.151        0.30      47590.    0.3747  
       32.90      0.4682      0.5776      0.1333      0.1081       0.100       0.449       0.657      74.426       0.051       2.923       4.005        0.30      47762.    0.3594  
       35.89      0.5107      0.6075      0.1312      0.1103       0.102       0.459       0.647      75.983       0.052       2.877       3.861        0.30      47948.    0.3438  
       38.88      0.5533      0.6342      0.1285      0.1121       0.104       0.466       0.633      77.192       0.053       2.817       3.721        0.30      48148.    0.3278  
       41.87      0.5959      0.6582      0.1249      0.1131       0.104       0.470       0.616      77.883       0.053       2.739       3.586        0.30      48361.    0.3115  
       44.86      0.6384      0.6797      0.1204      0.1131       0.104       0.470       0.593      77.877       0.053       2.640       3.456        0.30      48588.    0.2948  
       47.85      0.6810      0.6992      0.1149      0.1119       0.103       0.465       0.566      77.049       0.053       2.519       3.333        0.30      48830.    0.2777  
       50.84      0.7235      0.7167      0.1084      0.1095       0.101       0.455       0.534      75.376       0.051       2.377       3.216        0.30      49084.    0.2603  
       53.83      0.7661      0.7321      0.1012      0.1059       0.098       0.440       0.499      72.925       0.050       2.219       3.102        0.30      49353.    0.2426  
       56.82      0.8087      0.7452      0.0934      0.1014       0.094       0.421       0.460      69.796       0.048       2.048       2.991        0.30      49634.    0.2247  
       59.81      0.8512      0.7549      0.0851      0.0960       0.089       0.399       0.419      66.074       0.045       1.865       2.879        0.30      49927.    0.2064  
       62.80      0.8938      0.7602      0.0764      0.0898       0.083       0.373       0.376      61.831       0.042       1.674       2.761        0.31      50232.    0.1876  
       65.79      0.9363      0.7598      0.0673      0.0830       0.077       0.345       0.332      57.128       0.039       1.476       2.634        0.31      50549.    0.1680  
       68.78      0.9789      0.7517      0.0580      0.0755       0.070       0.314       0.286      52.020       0.035       1.272       2.493        0.31      50876.    0.1476  
       71.77      1.0215      0.7329      0.0485      0.0676       0.062       0.281       0.239      46.555       0.032       1.063       2.329        0.31      51214.    0.1261  
       74.76      1.0640      0.6983      0.0389      0.0592       0.055       0.246       0.192      40.769       0.028       0.852       2.131        0.31      51562.    0.1032  
       77.75      1.1066      0.6394      0.0291      0.0504       0.047       0.210       0.144      34.704       0.024       0.638       1.876        0.31      51921.    0.0787  
       80.75      1.1491      0.5396      0.0194      0.0412       0.038       0.171       0.095      28.404       0.019       0.425       1.524        0.31      52288.    0.0521  
       83.74      1.1917      0.3616      0.0097      0.0318       0.029       0.132       0.048      21.913       0.015       0.212       0.985        0.31      52665.    0.0238  
       86.73      1.2343      0.0003      0.0000      0.0222       0.020       0.092       0.000      15.258       0.010       0.000       0.001        0.32      53045.    0.0000  
                                                                                                                                                                                    
                                                                                                                                                                                    
                                                                                                                                                                                    
         PROP RPM =      15000                                                                                                                                                      
                                                                                                                                                                                    
         V          J           Pe         Ct          Cp          PWR         Torque      Thrust      PWR         Torque      Thrust      THR/PWR      Mach      Reyn       FOM    
       (mph)     (Adv_Ratio)     -          -           -          (Hp)        (In-Lbf)     (Lbf)      (W)         (N-m)       (N)         (g/W)         -         -          -     
        0.00      0.0000      0.0000      0.1396      0.0826       0.094       0.394       0.790      69.958       0.045       3.512       5.119        0.32      49856.    0.5036  
        3.21      0.0426      0.0706      0.1393      0.0840       0.095       0.401       0.788      71.172       0.045       3.505       5.022        0.32      49918.    0.4936  
        6.41      0.0852      0.1382      0.1391      0.0857       0.097       0.409       0.787      72.566       0.046       3.500       4.918        0.32      49990.    0.4829  
        9.62      0.1278      0.2026      0.1388      0.0875       0.099       0.418       0.786      74.145       0.047       3.494       4.806        0.32      50072.    0.4715  
       12.82      0.1703      0.2635      0.1386      0.0896       0.102       0.428       0.784      75.910       0.048       3.489       4.687        0.32      50165.    0.4595  
       16.03      0.2129      0.3206      0.1384      0.0919       0.104       0.439       0.783      77.851       0.050       3.483       4.562        0.32      50270.    0.4469  
       19.24      0.2555      0.3737      0.1381      0.0944       0.107       0.451       0.781      79.950       0.051       3.475       4.432        0.32      50388.    0.4337  
       22.44      0.2981      0.4229      0.1376      0.0970       0.110       0.463       0.779      82.181       0.052       3.464       4.298        0.32      50518.    0.4199  
       25.65      0.3407      0.4679      0.1370      0.0998       0.113       0.476       0.775      84.505       0.054       3.449       4.162        0.32      50661.    0.4057  
       28.85      0.3833      0.5090      0.1362      0.1026       0.116       0.489       0.771      86.868       0.055       3.428       4.024        0.32      50819.    0.3911  
       32.06      0.4259      0.5462      0.1351      0.1053       0.120       0.503       0.764      89.197       0.057       3.399       3.886        0.32      50990.    0.3761  
       35.27      0.4684      0.5796      0.1335      0.1079       0.123       0.515       0.755      91.393       0.058       3.360       3.749        0.32      51175.    0.3607  
       38.47      0.5110      0.6095      0.1314      0.1102       0.125       0.526       0.744      93.326       0.059       3.308       3.614        0.32      51374.    0.3450  
       41.68      0.5536      0.6363      0.1287      0.1120       0.127       0.534       0.728      94.830       0.060       3.239       3.483        0.32      51588.    0.3290  
       44.88      0.5962      0.6603      0.1251      0.1130       0.128       0.539       0.708      95.698       0.061       3.149       3.356        0.32      51817.    0.3126  
       48.09      0.6388      0.6819      0.1206      0.1130       0.128       0.539       0.682      95.706       0.061       3.036       3.234        0.32      52061.    0.2958  
       51.30      0.6814      0.7014      0.1151      0.1118       0.127       0.534       0.651      94.699       0.060       2.896       3.119        0.32      52319.    0.2786  
       54.50      0.7240      0.7189      0.1086      0.1094       0.124       0.522       0.615      92.647       0.059       2.734       3.009        0.32      52593.    0.2612  
       57.71      0.7665      0.7345      0.1014      0.1058       0.120       0.505       0.574      89.631       0.057       2.552       2.903        0.32      52881.    0.2434  
       60.91      0.8091      0.7476      0.0936      0.1013       0.115       0.483       0.529      85.776       0.055       2.355       2.800        0.33      53182.    0.2255  
       64.12      0.8517      0.7575      0.0853      0.0959       0.109       0.457       0.482      81.184       0.052       2.145       2.695        0.33      53497.    0.2072  
       67.33      0.8943      0.7631      0.0765      0.0897       0.102       0.428       0.433      75.945       0.048       1.926       2.586        0.33      53824.    0.1883  
       70.53      0.9369      0.7631      0.0674      0.0828       0.094       0.395       0.382      70.135       0.045       1.697       2.468        0.33      54164.    0.1688  
       73.74      0.9795      0.7554      0.0581      0.0754       0.086       0.360       0.329      63.821       0.041       1.462       2.337        0.33      54515.    0.1483  
       76.94      1.0221      0.7371      0.0486      0.0674       0.077       0.322       0.275      57.061       0.036       1.223       2.185        0.33      54877.    0.1268  
       80.15      1.0646      0.7033      0.0389      0.0589       0.067       0.281       0.220      49.903       0.032       0.979       2.001        0.33      55251.    0.1040  
       83.36      1.1072      0.6452      0.0292      0.0501       0.057       0.239       0.165      42.397       0.027       0.734       1.766        0.33      55635.    0.0794  
       86.56      1.1498      0.5460      0.0194      0.0409       0.046       0.195       0.110      34.599       0.022       0.488       1.439        0.34      56029.    0.0528  
       89.77      1.1924      0.3676      0.0097      0.0314       0.036       0.150       0.055      26.562       0.017       0.243       0.934        0.34      56433.    0.0242  
       92.97      1.2350      0.0002      0.0000      0.0216       0.025       0.103       0.000      18.320       0.012       0.000       0.001        0.34      56840.    0.0000  
                                                                                                                                                                                    
                                                                                                                                                                                    
                                                                                                                                                                                    
         PROP RPM =      16000                                                                                                                                                      
                                                                                                                                                                                    
         V          J           Pe         Ct          Cp          PWR         Torque      Thrust      PWR         Torque      Thrust      THR/PWR      Mach      Reyn       FOM    
       (mph)     (Adv_Ratio)     -          -           -          (Hp)        (In-Lbf)     (Lbf)      (W)         (N-m)       (N)         (g/W)         -         -          -     
        0.00      0.0000      0.0000      0.1396      0.0824       0.114       0.447       0.899      84.662       0.051       3.998       4.815        0.34      53180.    0.5054  
        3.42      0.0426      0.0709      0.1394      0.0838       0.116       0.455       0.897      86.136       0.051       3.990       4.724        0.34      53246.    0.4953  
        6.84      0.0852      0.1388      0.1391      0.0854       0.118       0.464       0.896      87.830       0.052       3.984       4.625        0.34      53322.    0.4846  
       10.26      0.1278      0.2034      0.1389      0.0873       0.120       0.474       0.894      89.751       0.054       3.978       4.520        0.34      53410.    0.4732  
       13.69      0.1704      0.2645      0.1387      0.0894       0.123       0.485       0.893      91.897       0.055       3.972       4.408        0.34      53510.    0.4611  
       17.11      0.2130      0.3217      0.1385      0.0917       0.126       0.498       0.892      94.258       0.056       3.965       4.290        0.34      53622.    0.4484  
       20.53      0.2556      0.3751      0.1382      0.0942       0.130       0.511       0.890      96.815       0.058       3.957       4.168        0.34      53747.    0.4352  
       23.95      0.2983      0.4243      0.1378      0.0968       0.133       0.526       0.887      99.534       0.059       3.945       4.041        0.34      53886.    0.4214  
       27.37      0.3409      0.4695      0.1372      0.0996       0.137       0.541       0.883     102.367       0.061       3.928       3.913        0.34      54039.    0.4071  
       30.79      0.3835      0.5107      0.1364      0.1024       0.141       0.556       0.878     105.251       0.063       3.905       3.783        0.34      54207.    0.3924  
       34.22      0.4261      0.5479      0.1352      0.1052       0.145       0.571       0.871     108.097       0.065       3.872       3.653        0.34      54389.    0.3773  
       37.64      0.4687      0.5814      0.1337      0.1078       0.149       0.585       0.861     110.782       0.066       3.828       3.524        0.34      54587.    0.3619  
       41.06      0.5113      0.6114      0.1316      0.1101       0.152       0.598       0.847     113.150       0.068       3.769       3.397        0.34      54800.    0.3461  
       44.48      0.5539      0.6382      0.1289      0.1119       0.154       0.607       0.830     114.998       0.069       3.691       3.273        0.34      55028.    0.3300  
       47.90      0.5965      0.6622      0.1254      0.1129       0.156       0.613       0.807     116.073       0.069       3.589       3.153        0.34      55273.    0.3136  
       51.32      0.6391      0.6838      0.1208      0.1130       0.156       0.613       0.778     116.103       0.069       3.460       3.039        0.34      55533.    0.2967  
       54.75      0.6817      0.7033      0.1153      0.1118       0.154       0.607       0.742     114.895       0.069       3.302       2.930        0.34      55809.    0.2795  
       58.17      0.7243      0.7209      0.1088      0.1094       0.151       0.594       0.701     112.412       0.067       3.117       2.827        0.35      56101.    0.2620  
       61.59      0.7669      0.7365      0.1016      0.1058       0.146       0.575       0.654     108.752       0.065       2.909       2.728        0.35      56408.    0.2442  
       65.01      0.8096      0.7498      0.0938      0.1012       0.140       0.550       0.604     104.065       0.062       2.685       2.631        0.35      56731.    0.2263  
       68.43      0.8522      0.7599      0.0854      0.0958       0.132       0.520       0.550      98.474       0.059       2.446       2.533        0.35      57067.    0.2080  
       71.85      0.8948      0.7658      0.0767      0.0896       0.123       0.486       0.494      92.091       0.055       2.195       2.431        0.35      57416.    0.1891  
       75.27      0.9374      0.7660      0.0676      0.0827       0.114       0.449       0.435      85.008       0.051       1.935       2.321        0.35      57779.    0.1695  
       78.70      0.9800      0.7588      0.0582      0.0752       0.104       0.408       0.375      77.306       0.046       1.667       2.199        0.35      58153.    0.1491  
       82.12      1.0226      0.7410      0.0487      0.0672       0.093       0.365       0.313      69.058       0.041       1.394       2.058        0.35      58540.    0.1276  
       85.54      1.0652      0.7079      0.0390      0.0587       0.081       0.319       0.251      60.320       0.036       1.117       1.888        0.36      58939.    0.1047  
       88.96      1.1078      0.6505      0.0292      0.0498       0.069       0.270       0.188      51.154       0.031       0.837       1.668        0.36      59350.    0.0801  
       92.38      1.1504      0.5521      0.0194      0.0405       0.056       0.220       0.125      41.629       0.025       0.556       1.363        0.36      59771.    0.0534  
       95.80      1.1930      0.3734      0.0097      0.0309       0.043       0.168       0.062      31.811       0.019       0.277       0.889        0.36      60202.    0.0246  
       99.23      1.2356      0.0002      0.0000      0.0212       0.029       0.115       0.000      21.740       0.013       0.000       0.000        0.36      60636.    0.0000  
                                                                                                                                                                                    
                                                                                                                                                                                    
                                                                                                                                                                                    
         PROP RPM =      17000                                                                                                                                                      
                                                                                                                                                                                    
         V          J           Pe         Ct          Cp          PWR         Torque      Thrust      PWR         Torque      Thrust      THR/PWR      Mach      Reyn       FOM    
       (mph)     (Adv_Ratio)     -          -           -          (Hp)        (In-Lbf)     (Lbf)      (W)         (N-m)       (N)         (g/W)         -         -          -     
        0.00      0.0000      0.0000      0.1397      0.0822       0.136       0.504       1.015     101.309       0.057       4.515       4.545        0.36      56503.    0.5069  
        3.64      0.0426      0.0711      0.1394      0.0836       0.138       0.512       1.013     103.078       0.058       4.507       4.459        0.36      56573.    0.4969  
        7.27      0.0853      0.1392      0.1392      0.0853       0.141       0.523       1.012     105.112       0.059       4.500       4.365        0.36      56655.    0.4861  
       10.91      0.1279      0.2041      0.1390      0.0871       0.144       0.534       1.010     107.419       0.060       4.494       4.266        0.36      56748.    0.4747  
       14.55      0.1705      0.2653      0.1388      0.0892       0.148       0.547       1.009     109.998       0.062       4.487       4.160        0.36      56854.    0.4626  
       18.19      0.2131      0.3228      0.1386      0.0915       0.151       0.561       1.007     112.839       0.063       4.480       4.048        0.36      56973.    0.4498  
       21.82      0.2558      0.3763      0.1383      0.0940       0.155       0.576       1.005     115.916       0.065       4.471       3.933        0.36      57106.    0.4365  
       25.46      0.2984      0.4256      0.1379      0.0967       0.160       0.593       1.002     119.189       0.067       4.457       3.813        0.36      57254.    0.4226  
       29.10      0.3410      0.4709      0.1373      0.0994       0.164       0.610       0.998     122.604       0.069       4.439       3.692        0.36      57417.    0.4083  
       32.73      0.3837      0.5122      0.1365      0.1023       0.169       0.627       0.992     126.083       0.071       4.413       3.569        0.36      57595.    0.3936  
       36.37      0.4263      0.5495      0.1354      0.1051       0.174       0.644       0.984     129.519       0.073       4.377       3.446        0.36      57789.    0.3784  
       40.01      0.4689      0.5830      0.1339      0.1077       0.178       0.660       0.973     132.765       0.075       4.327       3.324        0.36      57999.    0.3630  
       43.65      0.5115      0.6130      0.1318      0.1100       0.182       0.674       0.958     135.631       0.076       4.261       3.204        0.36      58226.    0.3472  
       47.28      0.5542      0.6398      0.1291      0.1118       0.185       0.686       0.938     137.876       0.077       4.174       3.087        0.36      58469.    0.3310  
       50.92      0.5968      0.6639      0.1256      0.1129       0.187       0.692       0.913     139.193       0.078       4.059       2.974        0.36      58728.    0.3145  
       54.56      0.6394      0.6855      0.1211      0.1129       0.187       0.692       0.880     139.254       0.078       3.914       2.866        0.36      59005.    0.2976  
       58.20      0.6821      0.7050      0.1156      0.1118       0.185       0.685       0.840     137.825       0.077       3.735       2.764        0.37      59299.    0.2804  
       61.83      0.7247      0.7227      0.1091      0.1094       0.181       0.670       0.793     134.857       0.076       3.526       2.666        0.37      59610.    0.2628  
       65.47      0.7673      0.7384      0.1018      0.1058       0.175       0.649       0.740     130.467       0.073       3.292       2.573        0.37      59936.    0.2450  
       69.11      0.8100      0.7518      0.0940      0.1013       0.167       0.621       0.683     124.834       0.070       3.038       2.482        0.37      60279.    0.2270  
       72.74      0.8526      0.7621      0.0856      0.0958       0.158       0.587       0.622     118.108       0.066       2.768       2.390        0.37      60636.    0.2087  
       76.38      0.8952      0.7682      0.0769      0.0896       0.148       0.549       0.558     110.421       0.062       2.484       2.294        0.37      61008.    0.1898  
       80.02      0.9378      0.7687      0.0677      0.0826       0.137       0.507       0.492     101.885       0.057       2.190       2.191        0.37      61394.    0.1702  
       83.66      0.9805      0.7619      0.0584      0.0751       0.124       0.460       0.424      92.601       0.052       1.887       2.077        0.37      61792.    0.1498  
       87.29      1.0231      0.7447      0.0488      0.0670       0.111       0.411       0.355      82.652       0.046       1.577       1.946        0.38      62204.    0.1283  
       90.93      1.0657      0.7122      0.0391      0.0585       0.097       0.359       0.284      72.110       0.041       1.263       1.787        0.38      62628.    0.1054  
       94.57      1.1084      0.6556      0.0293      0.0495       0.082       0.304       0.213      61.048       0.034       0.947       1.581        0.38      63064.    0.0808  
       98.20      1.1510      0.5578      0.0195      0.0402       0.066       0.246       0.142      49.551       0.028       0.630       1.296        0.38      63512.    0.0540  
      101.84      1.1936      0.3790      0.0097      0.0306       0.051       0.187       0.071      37.698       0.021       0.314       0.849        0.38      63971.    0.0250  
      105.48      1.2362      0.0002      0.0000      0.0207       0.034       0.127       0.000      25.536       0.014       0.000       0.000        0.38      64432.    0.0000  
                                                                                                                                                                                    
                                                                                                                                                                                    
                                                                                                                                                                                    
         PROP RPM =      18000                                                                                                                                                      
                                                                                                                                                                                    
         V          J           Pe         Ct          Cp          PWR         Torque      Thrust      PWR         Torque      Thrust      THR/PWR      Mach      Reyn       FOM    
       (mph)     (Adv_Ratio)     -          -           -          (Hp)        (In-Lbf)     (Lbf)      (W)         (N-m)       (N)         (g/W)         -         -          -     
        0.00      0.0000      0.0000      0.1397      0.0820       0.161       0.564       1.139     120.027       0.064       5.064       4.302        0.38      59826.    0.5083  
        3.85      0.0426      0.0713      0.1395      0.0834       0.164       0.573       1.137     122.127       0.065       5.055       4.221        0.38      59901.    0.4982  
        7.71      0.0853      0.1396      0.1393      0.0851       0.167       0.585       1.135     124.544       0.066       5.048       4.133        0.38      59987.    0.4874  
       11.56      0.1279      0.2046      0.1391      0.0870       0.171       0.598       1.133     127.285       0.068       5.041       4.038        0.38      60086.    0.4759  
       15.41      0.1706      0.2661      0.1389      0.0891       0.175       0.612       1.132     130.353       0.069       5.034       3.938        0.38      60198.    0.4638  
       19.26      0.2132      0.3237      0.1387      0.0914       0.179       0.628       1.130     133.734       0.071       5.026       3.832        0.38      60324.    0.4510  
       23.12      0.2559      0.3773      0.1384      0.0939       0.184       0.645       1.128     137.398       0.073       5.016       3.723        0.38      60465.    0.4377  
       26.97      0.2985      0.4268      0.1380      0.0965       0.189       0.663       1.125     141.300       0.075       5.002       3.610        0.38      60621.    0.4238  
       30.82      0.3412      0.4722      0.1375      0.0993       0.195       0.683       1.120     145.373       0.077       4.982       3.494        0.38      60794.    0.4094  
       34.68      0.3838      0.5135      0.1367      0.1022       0.201       0.702       1.114     149.526       0.079       4.953       3.378        0.38      60983.    0.3946  
       38.53      0.4265      0.5508      0.1356      0.1050       0.206       0.721       1.105     153.631       0.082       4.913       3.261        0.38      61189.    0.3795  
       42.38      0.4691      0.5844      0.1341      0.1076       0.211       0.740       1.092     157.515       0.084       4.859       3.145        0.38      61411.    0.3639  
       46.23      0.5118      0.6145      0.1320      0.1100       0.216       0.756       1.076     160.950       0.085       4.785       3.032        0.38      61651.    0.3481  
       50.09      0.5544      0.6413      0.1293      0.1118       0.219       0.768       1.054     163.650       0.087       4.687       2.921        0.38      61909.    0.3319  
       53.94      0.5971      0.6654      0.1258      0.1129       0.222       0.776       1.025     165.248       0.088       4.560       2.814        0.39      62184.    0.3154  
       57.79      0.6397      0.6870      0.1213      0.1130       0.222       0.776       0.988     165.352       0.088       4.397       2.711        0.39      62477.    0.2985  
       61.65      0.6824      0.7066      0.1158      0.1118       0.219       0.769       0.944     163.680       0.087       4.197       2.615        0.39      62789.    0.2812  
       65.50      0.7250      0.7243      0.1093      0.1094       0.215       0.752       0.891     160.170       0.085       3.962       2.522        0.39      63118.    0.2636  
       69.35      0.7677      0.7401      0.1021      0.1059       0.208       0.728       0.832     154.959       0.082       3.699       2.434        0.39      63464.    0.2458  
       73.21      0.8103      0.7536      0.0942      0.1013       0.199       0.696       0.768     148.259       0.079       3.414       2.348        0.39      63827.    0.2278  
       77.06      0.8530      0.7640      0.0858      0.0958       0.188       0.659       0.699     140.249       0.074       3.111       2.262        0.39      64206.    0.2094  
       80.91      0.8956      0.7704      0.0770      0.0896       0.176       0.616       0.628     131.088       0.070       2.792       2.172        0.39      64600.    0.1905  
       84.76      0.9383      0.7713      0.0679      0.0826       0.162       0.568       0.553     120.908       0.064       2.461       2.075        0.39      65009.    0.1709  
       88.62      0.9809      0.7648      0.0585      0.0750       0.147       0.516       0.477     109.830       0.058       2.120       1.969        0.40      65431.    0.1505  
       92.47      1.0236      0.7481      0.0489      0.0669       0.131       0.460       0.399      97.955       0.052       1.773       1.845        0.40      65868.    0.1290  
       96.32      1.0662      0.7162      0.0392      0.0583       0.114       0.401       0.319      85.366       0.045       1.420       1.696        0.40      66317.    0.1061  
      100.18      1.1089      0.6604      0.0294      0.0493       0.097       0.339       0.239      72.154       0.038       1.064       1.504        0.40      66780.    0.0814  
      104.03      1.1515      0.5633      0.0195      0.0399       0.078       0.274       0.159      58.419       0.031       0.708       1.235        0.40      67254.    0.0545  
      107.88      1.1942      0.3843      0.0097      0.0302       0.059       0.208       0.079      44.257       0.023       0.353       0.813        0.40      67740.    0.0253  
      111.73      1.2368      0.0002      0.0000      0.0203       0.040       0.140       0.000      29.722       0.016       0.000       0.000        0.41      68229.    0.0000  
                                                                                                                                                                                    
                                                                                                                                                                                    
                                                                                                                                                                                    
         PROP RPM =      19000                                                                                                                                                      
                                                                                                                                                                                    
         V          J           Pe         Ct          Cp          PWR         Torque      Thrust      PWR         Torque      Thrust      THR/PWR      Mach      Reyn       FOM    
       (mph)     (Adv_Ratio)     -          -           -          (Hp)        (In-Lbf)     (Lbf)      (W)         (N-m)       (N)         (g/W)         -         -          -     
        0.00      0.0000      0.0000      0.1398      0.0819       0.189       0.627       1.269     140.945       0.071       5.645       4.084        0.40      63150.    0.5094  
        4.07      0.0427      0.0715      0.1396      0.0833       0.192       0.638       1.267     143.416       0.072       5.635       4.007        0.40      63228.    0.4993  
        8.14      0.0853      0.1400      0.1394      0.0850       0.196       0.651       1.265     146.259       0.074       5.627       3.923        0.40      63319.    0.4885  
       12.21      0.1280      0.2051      0.1392      0.0868       0.200       0.665       1.263     149.488       0.075       5.620       3.833        0.40      63423.    0.4770  
       16.27      0.1707      0.2667      0.1390      0.0889       0.205       0.681       1.262     153.102       0.077       5.613       3.738        0.40      63542.    0.4649  
       20.34      0.2133      0.3245      0.1388      0.0913       0.211       0.699       1.260     157.089       0.079       5.604       3.638        0.40      63675.    0.4521  
       24.41      0.2560      0.3782      0.1385      0.0938       0.216       0.718       1.258     161.412       0.081       5.594       3.534        0.40      63824.    0.4387  
       28.48      0.2987      0.4278      0.1382      0.0965       0.223       0.739       1.254     166.018       0.083       5.578       3.426        0.40      63989.    0.4248  
       32.55      0.3413      0.4733      0.1376      0.0992       0.229       0.760       1.249     170.832       0.086       5.557       3.317        0.40      64171.    0.4104  
       36.62      0.3840      0.5147      0.1368      0.1021       0.236       0.782       1.242     175.744       0.088       5.525       3.206        0.40      64371.    0.3956  
       40.69      0.4267      0.5521      0.1358      0.1049       0.242       0.803       1.232     180.605       0.091       5.482       3.095        0.40      64588.    0.3804  
       44.76      0.4693      0.5857      0.1343      0.1076       0.248       0.824       1.219     185.209       0.093       5.422       2.985        0.40      64823.    0.3648  
       48.82      0.5120      0.6158      0.1323      0.1100       0.254       0.842       1.201     189.290       0.095       5.340       2.877        0.40      65077.    0.3490  
       52.89      0.5547      0.6426      0.1296      0.1118       0.258       0.856       1.176     192.508       0.097       5.232       2.771        0.41      65349.    0.3328  
       56.96      0.5973      0.6667      0.1261      0.1130       0.261       0.865       1.144     194.431       0.098       5.090       2.670        0.41      65640.    0.3162  
       61.03      0.6400      0.6883      0.1216      0.1131       0.261       0.866       1.104     194.593       0.098       4.910       2.573        0.41      65950.    0.2992  
       65.10      0.6827      0.7080      0.1161      0.1119       0.258       0.857       1.054     192.657       0.097       4.687       2.481        0.41      66279.    0.2819  
       69.17      0.7253      0.7257      0.1096      0.1095       0.253       0.839       0.995     188.546       0.095       4.425       2.393        0.41      66626.    0.2643  
       73.24      0.7680      0.7416      0.1023      0.1060       0.245       0.811       0.929     182.418       0.092       4.132       2.310        0.41      66992.    0.2465  
       77.30      0.8107      0.7552      0.0945      0.1014       0.234       0.776       0.857     174.523       0.088       3.814       2.229        0.41      67376.    0.2285  
       81.37      0.8533      0.7658      0.0861      0.0959       0.221       0.734       0.781     165.072       0.083       3.475       2.147        0.41      67776.    0.2101  
       85.44      0.8960      0.7724      0.0773      0.0896       0.207       0.686       0.701     154.253       0.078       3.119       2.062        0.42      68193.    0.1912  
       89.51      0.9387      0.7736      0.0681      0.0826       0.191       0.633       0.618     142.223       0.071       2.750       1.971        0.42      68624.    0.1716  
       93.58      0.9813      0.7675      0.0587      0.0750       0.173       0.574       0.533     129.126       0.065       2.369       1.871        0.42      69071.    0.1512  
       97.65      1.0240      0.7513      0.0491      0.0669       0.154       0.512       0.445     115.080       0.058       1.981       1.755        0.42      69531.    0.1297  
      101.72      1.0667      0.7201      0.0393      0.0582       0.134       0.446       0.357     100.186       0.050       1.587       1.615        0.42      70006.    0.1068  
      105.79      1.1093      0.6650      0.0294      0.0491       0.113       0.376       0.267      84.551       0.042       1.189       1.434        0.42      70495.    0.0821  
      109.85      1.1520      0.5685      0.0196      0.0397       0.092       0.304       0.178      68.292       0.034       0.791       1.181        0.43      70996.    0.0551  
      113.92      1.1947      0.3895      0.0098      0.0299       0.069       0.229       0.089      51.527       0.026       0.394       0.780        0.43      71509.    0.0257  
      117.99      1.2373      0.0001      0.0000      0.0199       0.046       0.153       0.000      34.315       0.017       0.000       0.000        0.43      72025.    0.0000  
                                                                                                                                                                                    
                                                                                                                                                                                    
                                                                                                                                                                                    
         PROP RPM =      20000                                                                                                                                                      
                                                                                                                                                                                    
         V          J           Pe         Ct          Cp          PWR         Torque      Thrust      PWR         Torque      Thrust      THR/PWR      Mach      Reyn       FOM    
       (mph)     (Adv_Ratio)     -          -           -          (Hp)        (In-Lbf)     (Lbf)      (W)         (N-m)       (N)         (g/W)         -         -          -     
        0.00      0.0000      0.0000      0.1399      0.0818       0.220       0.694       1.407     164.197       0.078       6.258       3.886        0.42      66473.    0.5104  
        4.28      0.0427      0.0716      0.1396      0.0832       0.224       0.706       1.405     167.078       0.080       6.247       3.813        0.42      66556.    0.5003  
        8.57      0.0854      0.1402      0.1394      0.0849       0.229       0.720       1.403     170.396       0.081       6.239       3.733        0.42      66651.    0.4895  
       12.85      0.1281      0.2056      0.1393      0.0868       0.234       0.736       1.401     174.165       0.083       6.231       3.648        0.42      66761.    0.4780  
       17.14      0.1707      0.2673      0.1391      0.0889       0.239       0.754       1.399     178.388       0.085       6.223       3.557        0.42      66885.    0.4659  
       21.42      0.2134      0.3251      0.1389      0.0912       0.245       0.774       1.397     183.049       0.087       6.215       3.462        0.42      67026.    0.4531  
       25.71      0.2561      0.3790      0.1387      0.0937       0.252       0.795       1.395     188.107       0.090       6.203       3.363        0.42      67183.    0.4397  
       29.99      0.2988      0.4287      0.1383      0.0964       0.259       0.818       1.391     193.501       0.092       6.187       3.260        0.42      67357.    0.4257  
       34.28      0.3415      0.4742      0.1378      0.0992       0.267       0.842       1.386     199.142       0.095       6.164       3.156        0.42      67549.    0.4113  
       38.56      0.3842      0.5157      0.1370      0.1021       0.275       0.866       1.378     204.905       0.098       6.130       3.051        0.42      67759.    0.3965  
       42.85      0.4268      0.5531      0.1360      0.1049       0.282       0.890       1.367     210.614       0.101       6.082       2.945        0.42      67988.    0.3813  
       47.13      0.4695      0.5868      0.1345      0.1076       0.290       0.913       1.353     216.029       0.103       6.017       2.840        0.43      68235.    0.3657  
       51.41      0.5122      0.6169      0.1325      0.1100       0.296       0.933       1.333     220.838       0.105       5.927       2.737        0.43      68502.    0.3498  
       55.70      0.5549      0.6438      0.1298      0.1119       0.301       0.949       1.306     224.643       0.107       5.808       2.637        0.43      68789.    0.3336  
       59.98      0.5976      0.6679      0.1263      0.1130       0.304       0.959       1.271     226.939       0.108       5.652       2.540        0.43      69095.    0.3170  
       64.27      0.6403      0.6895      0.1219      0.1132       0.305       0.960       1.226     227.177       0.108       5.452       2.447        0.43      69422.    0.3000  
       68.55      0.6829      0.7092      0.1164      0.1121       0.302       0.951       1.170     224.958       0.107       5.206       2.360        0.43      69768.    0.2826  
       72.84      0.7256      0.7270      0.1099      0.1097       0.295       0.931       1.105     220.185       0.105       4.916       2.277        0.43      70135.    0.2650  
       77.12      0.7683      0.7430      0.1026      0.1061       0.286       0.900       1.032     213.039       0.102       4.591       2.197        0.43      70520.    0.2472  
       81.41      0.8110      0.7567      0.0947      0.1015       0.273       0.861       0.953     203.813       0.097       4.238       2.120        0.43      70924.    0.2291  
       85.69      0.8537      0.7675      0.0863      0.0960       0.258       0.815       0.868     192.753       0.092       3.862       2.043        0.44      71346.    0.2108  
       89.97      0.8964      0.7743      0.0775      0.0897       0.241       0.761       0.779     180.081       0.086       3.467       1.963        0.44      71785.    0.1919  
       94.26      0.9390      0.7757      0.0683      0.0827       0.223       0.701       0.687     165.982       0.079       3.056       1.877        0.44      72239.    0.1723  
       98.54      0.9817      0.7701      0.0589      0.0750       0.202       0.637       0.592     150.623       0.072       2.633       1.783        0.44      72710.    0.1518  
      102.83      1.0244      0.7544      0.0492      0.0668       0.180       0.567       0.495     134.146       0.064       2.201       1.673        0.44      73195.    0.1303  
      107.11      1.0671      0.7237      0.0394      0.0581       0.156       0.493       0.396     116.669       0.056       1.763       1.541        0.44      73696.    0.1074  
      111.40      1.1098      0.6693      0.0295      0.0490       0.132       0.416       0.297      98.317       0.047       1.321       1.371        0.45      74210.    0.0827  
      115.68      1.1525      0.5736      0.0196      0.0395       0.106       0.335       0.198      79.230       0.038       0.879       1.131        0.45      74739.    0.0557  
      119.97      1.1951      0.3946      0.0098      0.0297       0.080       0.252       0.098      59.545       0.028       0.438       0.750        0.45      75279.    0.0261  
      124.25      1.2378      0.0002      0.0000      0.0196       0.053       0.166       0.000      39.331       0.019       0.000       0.000        0.45      75822.    0.0000  
                                                                                                                                                                                    
                                                                                                                                                                                    
                                                                                                                                                                                    
         PROP RPM =      21000                                                                                                                                                      
                                                                                                                                                                                    
         V          J           Pe         Ct          Cp          PWR         Torque      Thrust      PWR         Torque      Thrust      THR/PWR      Mach      Reyn       FOM    
       (mph)     (Adv_Ratio)     -          -           -          (Hp)        (In-Lbf)     (Lbf)      (W)         (N-m)       (N)         (g/W)         -         -          -     
        0.00      0.0000      0.0000      0.1399      0.0817       0.255       0.764       1.552     189.918       0.086       6.903       3.706        0.44      69796.    0.5111  
        4.50      0.0427      0.0717      0.1397      0.0832       0.259       0.778       1.549     193.251       0.088       6.891       3.636        0.44      69883.    0.5011  
        9.00      0.0854      0.1405      0.1395      0.0848       0.264       0.793       1.547     197.092       0.090       6.882       3.561        0.44      69983.    0.4903  
       13.50      0.1281      0.2059      0.1394      0.0867       0.270       0.811       1.545     201.459       0.092       6.874       3.479        0.44      70098.    0.4788  
       18.00      0.1708      0.2678      0.1392      0.0888       0.277       0.831       1.544     206.356       0.094       6.866       3.393        0.44      70229.    0.4667  
       22.50      0.2135      0.3257      0.1390      0.0911       0.284       0.852       1.542     211.764       0.096       6.857       3.302        0.44      70377.    0.4539  
       27.00      0.2562      0.3797      0.1388      0.0936       0.292       0.876       1.539     217.638       0.099       6.845       3.207        0.44      70541.    0.4405  
       31.50      0.2989      0.4295      0.1384      0.0963       0.300       0.901       1.535     223.907       0.102       6.828       3.110        0.44      70724.    0.4265  
       36.00      0.3416      0.4751      0.1379      0.0992       0.309       0.928       1.529     230.469       0.105       6.803       3.010        0.44      70926.    0.4121  
       40.50      0.3843      0.5166      0.1372      0.1021       0.318       0.955       1.521     237.180       0.108       6.767       2.909        0.44      71147.    0.3973  
       45.00      0.4270      0.5541      0.1361      0.1049       0.327       0.981       1.510     243.836       0.111       6.715       2.808        0.45      71387.    0.3820  
       49.50      0.4697      0.5878      0.1347      0.1076       0.335       1.007       1.494     250.158       0.114       6.644       2.708        0.45      71647.    0.3665  
       54.01      0.5124      0.6179      0.1327      0.1101       0.343       1.030       1.472     255.785       0.116       6.547       2.610        0.45      71928.    0.3505  
       58.51      0.5551      0.6448      0.1301      0.1120       0.349       1.047       1.443     260.253       0.118       6.417       2.514        0.45      72229.    0.3343  
       63.01      0.5978      0.6689      0.1266      0.1132       0.353       1.058       1.404     262.976       0.120       6.245       2.422        0.45      72551.    0.3177  
       67.51      0.6405      0.6906      0.1222      0.1133       0.353       1.060       1.355     263.312       0.120       6.026       2.334        0.45      72894.    0.3007  
       72.01      0.6832      0.7103      0.1167      0.1122       0.350       1.050       1.294     260.790       0.119       5.755       2.250        0.45      73258.    0.2833  
       76.51      0.7259      0.7282      0.1102      0.1098       0.342       1.028       1.222     255.292       0.116       5.435       2.171        0.45      73643.    0.2657  
       81.01      0.7686      0.7442      0.1029      0.1063       0.331       0.994       1.141     247.023       0.112       5.076       2.096        0.45      74048.    0.2478  
       85.51      0.8113      0.7581      0.0950      0.1017       0.317       0.951       1.054     236.321       0.107       4.687       2.022        0.46      74473.    0.2298  
       90.01      0.8540      0.7690      0.0866      0.0962       0.300       0.899       0.960     223.474       0.102       4.271       1.949        0.46      74916.    0.2114  
       94.51      0.8967      0.7760      0.0777      0.0898       0.280       0.840       0.862     208.741       0.095       3.834       1.873        0.46      75377.    0.1925  
       99.01      0.9394      0.7778      0.0685      0.0828       0.258       0.774       0.760     192.337       0.087       3.380       1.792        0.46      75855.    0.1729  
      103.51      0.9821      0.7725      0.0590      0.0751       0.234       0.702       0.655     174.460       0.079       2.912       1.702        0.46      76349.    0.1525  
      108.01      1.0248      0.7572      0.0494      0.0668       0.208       0.625       0.547     155.273       0.071       2.435       1.599        0.46      76860.    0.1310  
      112.51      1.0675      0.7272      0.0395      0.0581       0.181       0.543       0.439     134.915       0.061       1.951       1.474        0.47      77385.    0.1081  
      117.01      1.1102      0.6735      0.0296      0.0489       0.152       0.457       0.329     113.533       0.052       1.462       1.313        0.47      77926.    0.0833  
      121.51      1.1529      0.5784      0.0197      0.0393       0.122       0.367       0.219      91.290       0.042       0.972       1.086        0.47      78481.    0.0562  
      126.01      1.1956      0.3994      0.0098      0.0294       0.092       0.275       0.109      68.347       0.031       0.485       0.723        0.47      79049.    0.0264  
      130.51      1.2383      0.0001      0.0000      0.0193       0.060       0.180       0.000      44.782       0.020       0.000       0.000        0.47      79619.    0.0000  
                                                                                                                                                                                    
                                                                                                                                                                                    
                                                                                                                                                                                    
         PROP RPM =      22000                                                                                                                                                      
                                                                                                                                                                                    
         V          J           Pe         Ct          Cp          PWR         Torque      Thrust      PWR         Torque      Thrust      THR/PWR      Mach      Reyn       FOM    
       (mph)     (Adv_Ratio)     -          -           -          (Hp)        (In-Lbf)     (Lbf)      (W)         (N-m)       (N)         (g/W)         -         -          -     
        0.00      0.0000      0.0000      0.1400      0.0817       0.293       0.838       1.704     218.244       0.095       7.579       3.541        0.46      73119.    0.5118  
        4.72      0.0427      0.0718      0.1398      0.0831       0.298       0.853       1.701     222.074       0.096       7.567       3.475        0.46      73210.    0.5017  
        9.43      0.0854      0.1407      0.1396      0.0848       0.304       0.870       1.699     226.491       0.098       7.557       3.402        0.46      73315.    0.4910  
       14.15      0.1281      0.2062      0.1394      0.0866       0.310       0.889       1.697     231.516       0.100       7.549       3.325        0.46      73436.    0.4795  
       18.87      0.1709      0.2682      0.1393      0.0888       0.318       0.911       1.695     237.155       0.103       7.541       3.242        0.46      73573.    0.4674  
       23.58      0.2136      0.3262      0.1391      0.0911       0.326       0.935       1.693     243.386       0.106       7.532       3.156        0.46      73727.    0.4546  
       28.30      0.2563      0.3803      0.1389      0.0936       0.335       0.961       1.691     250.160       0.109       7.519       3.065        0.46      73900.    0.4412  
       33.01      0.2990      0.4301      0.1386      0.0963       0.345       0.989       1.686     257.397       0.112       7.501       2.972        0.46      74092.    0.4273  
       37.73      0.3417      0.4758      0.1381      0.0992       0.355       1.018       1.681     264.980       0.115       7.475       2.877        0.47      74303.    0.4128  
       42.45      0.3844      0.5174      0.1374      0.1021       0.366       1.048       1.672     272.742       0.118       7.436       2.780        0.47      74534.    0.3980  
       47.16      0.4271      0.5549      0.1364      0.1050       0.376       1.077       1.659     280.451       0.122       7.381       2.684        0.47      74786.    0.3828  
       51.88      0.4699      0.5886      0.1349      0.1077       0.386       1.106       1.642     287.785       0.125       7.304       2.588        0.47      75059.    0.3672  
       56.60      0.5126      0.6188      0.1330      0.1101       0.395       1.131       1.618     294.326       0.128       7.199       2.494        0.47      75353.    0.3513  
       61.31      0.5553      0.6457      0.1304      0.1121       0.402       1.151       1.587     299.540       0.130       7.057       2.402        0.47      75668.    0.3350  
       66.03      0.5980      0.6698      0.1269      0.1133       0.406       1.163       1.545     302.749       0.131       6.870       2.314        0.47      76006.    0.3184  
       70.75      0.6407      0.6916      0.1225      0.1135       0.407       1.165       1.491     303.211       0.132       6.630       2.230        0.47      76366.    0.3014  
       75.46      0.6834      0.7113      0.1170      0.1124       0.403       1.154       1.424     300.371       0.130       6.333       2.150        0.47      76747.    0.2840  
       80.18      0.7262      0.7292      0.1105      0.1101       0.394       1.130       1.345     294.084       0.128       5.983       2.075        0.47      77151.    0.2664  
       84.90      0.7689      0.7453      0.1032      0.1065       0.382       1.093       1.256     284.582       0.124       5.589       2.003        0.48      77576.    0.2485  
       89.61      0.8116      0.7593      0.0953      0.1019       0.365       1.046       1.160     272.253       0.118       5.160       1.933        0.48      78021.    0.2305  
       94.33      0.8543      0.7704      0.0869      0.0963       0.345       0.989       1.057     257.430       0.112       4.703       1.863        0.48      78486.    0.2121  
       99.04      0.8970      0.7776      0.0780      0.0900       0.322       0.924       0.949     240.414       0.104       4.222       1.791        0.48      78969.    0.1932  
      103.76      0.9397      0.7797      0.0688      0.0829       0.297       0.851       0.837     221.457       0.096       3.722       1.714        0.48      79470.    0.1736  
      108.48      0.9824      0.7747      0.0593      0.0751       0.269       0.771       0.721     200.785       0.087       3.208       1.629        0.48      79989.    0.1532  
      113.19      1.0252      0.7600      0.0495      0.0668       0.239       0.686       0.603     178.592       0.078       2.682       1.531        0.49      80524.    0.1317  
      117.91      1.0679      0.7305      0.0397      0.0580       0.208       0.596       0.483     155.036       0.067       2.149       1.413        0.49      81075.    0.1087  
      122.63      1.1106      0.6775      0.0297      0.0488       0.175       0.501       0.362     130.289       0.057       1.610       1.260        0.49      81642.    0.0839  
      127.34      1.1533      0.5832      0.0198      0.0391       0.140       0.402       0.241     104.541       0.045       1.071       1.045        0.49      82224.    0.0567  
      132.06      1.1960      0.4042      0.0099      0.0292       0.105       0.300       0.120      77.977       0.034       0.534       0.698        0.49      82819.    0.0268  
      136.78      1.2387      0.0002      0.0000      0.0190       0.068       0.195       0.000      50.690       0.022       0.000       0.000        0.50      83417.    0.0000  
                                                                                                                                                                                    
                                                                                                                                                                                    
                                                                                                                                                                                    
         PROP RPM =      23000                                                                                                                                                      
                                                                                                                                                                                    
         V          J           Pe         Ct          Cp          PWR         Torque      Thrust      PWR         Torque      Thrust      THR/PWR      Mach      Reyn       FOM    
       (mph)     (Adv_Ratio)     -          -           -          (Hp)        (In-Lbf)     (Lbf)      (W)         (N-m)       (N)         (g/W)         -         -          -     
        0.00      0.0000      0.0000      0.1401      0.0817       0.334       0.916       1.863     249.319       0.104       8.288       3.390        0.48      76442.    0.5123  
        4.93      0.0427      0.0719      0.1399      0.0831       0.340       0.932       1.860     253.691       0.105       8.275       3.326        0.48      76537.    0.5023  
        9.86      0.0855      0.1409      0.1397      0.0847       0.347       0.951       1.858     258.737       0.107       8.265       3.257        0.48      76647.    0.4915  
       14.80      0.1282      0.2065      0.1395      0.0866       0.355       0.972       1.856     264.483       0.110       8.256       3.183        0.48      76773.    0.4801  
       19.73      0.1709      0.2685      0.1394      0.0887       0.363       0.996       1.854     270.935       0.112       8.248       3.104        0.48      76916.    0.4680  
       24.66      0.2136      0.3267      0.1392      0.0911       0.373       1.022       1.852     278.071       0.115       8.239       3.021        0.48      77078.    0.4552  
       29.59      0.2564      0.3808      0.1390      0.0936       0.383       1.050       1.849     285.835       0.119       8.226       2.935        0.49      77258.    0.4418  
       34.53      0.2991      0.4307      0.1387      0.0963       0.394       1.081       1.845     294.138       0.122       8.207       2.845        0.49      77459.    0.4279  
       39.46      0.3418      0.4764      0.1382      0.0992       0.406       1.113       1.839     302.846       0.126       8.180       2.754        0.49      77680.    0.4135  
       44.39      0.3846      0.5181      0.1376      0.1021       0.418       1.146       1.830     311.770       0.129       8.139       2.662        0.49      77922.    0.3986  
       49.32      0.4273      0.5556      0.1366      0.1050       0.430       1.178       1.817     320.645       0.133       8.080       2.570        0.49      78185.    0.3834  
       54.26      0.4700      0.5894      0.1352      0.1078       0.441       1.209       1.798     329.102       0.137       7.997       2.478        0.49      78470.    0.3678  
       59.19      0.5128      0.6196      0.1332      0.1103       0.451       1.237       1.772     336.663       0.140       7.883       2.388        0.49      78778.    0.3519  
       64.12      0.5555      0.6465      0.1306      0.1122       0.460       1.259       1.738     342.714       0.142       7.730       2.300        0.49      79108.    0.3357  
       69.05      0.5982      0.6707      0.1272      0.1135       0.465       1.273       1.692     346.476       0.144       7.527       2.215        0.49      79461.    0.3191  
       73.99      0.6409      0.6924      0.1228      0.1137       0.465       1.276       1.634     347.094       0.144       7.266       2.135        0.49      79837.    0.3021  
       78.92      0.6837      0.7121      0.1173      0.1126       0.461       1.264       1.561     343.921       0.143       6.942       2.058        0.49      80237.    0.2847  
       83.85      0.7264      0.7301      0.1109      0.1103       0.452       1.238       1.475     336.780       0.140       6.560       1.986        0.50      80659.    0.2670  
       88.78      0.7691      0.7463      0.1036      0.1067       0.437       1.198       1.378     325.930       0.135       6.128       1.917        0.50      81104.    0.2492  
       93.72      0.8119      0.7604      0.0957      0.1021       0.418       1.146       1.272     311.813       0.129       5.659       1.851        0.50      81570.    0.2311  
       98.65      0.8546      0.7717      0.0872      0.0966       0.395       1.083       1.160     294.815       0.122       5.159       1.784        0.50      82056.    0.2127  
      103.58      0.8973      0.7791      0.0783      0.0902       0.369       1.012       1.041     275.282       0.114       4.632       1.716        0.50      82562.    0.1938  
      108.51      0.9400      0.7814      0.0690      0.0830       0.340       0.932       0.918     253.505       0.105       4.084       1.643        0.50      83086.    0.1742  
      113.45      0.9828      0.7769      0.0595      0.0752       0.308       0.844       0.791     229.747       0.095       3.519       1.562        0.51      83628.    0.1538  
      118.38      1.0255      0.7626      0.0497      0.0669       0.274       0.751       0.662     204.230       0.085       2.943       1.469        0.51      84188.    0.1323  
      123.31      1.0682      0.7337      0.0398      0.0580       0.238       0.651       0.530     177.138       0.074       2.358       1.357        0.51      84765.    0.1094  
      128.24      1.1110      0.6814      0.0299      0.0487       0.199       0.546       0.397     148.668       0.062       1.767       1.212        0.51      85358.    0.0846  
      133.18      1.1537      0.5877      0.0199      0.0390       0.160       0.437       0.264     119.041       0.049       1.175       1.007        0.52      85967.    0.0573  
      138.11      1.1964      0.4089      0.0099      0.0290       0.119       0.325       0.132      88.471       0.037       0.586       0.675        0.52      86590.    0.0271  
      143.04      1.2392      0.0001      0.0000      0.0187       0.077       0.210       0.000      57.061       0.024       0.000       0.000        0.52      87214.    0.0000  
                                                                                                                                                                                    
                                                                                                                                                                                    
                                                                                                                                                                                    
         PROP RPM =      24000                                                                                                                                                      
                                                                                                                                                                                    
         V          J           Pe         Ct          Cp          PWR         Torque      Thrust      PWR         Torque      Thrust      THR/PWR      Mach      Reyn       FOM    
       (mph)     (Adv_Ratio)     -          -           -          (Hp)        (In-Lbf)     (Lbf)      (W)         (N-m)       (N)         (g/W)         -         -          -     
        0.00      0.0000      0.0000      0.1401      0.0817       0.380       0.998       2.030     283.286       0.113       9.029       3.250        0.50      79764.    0.5126  
        5.15      0.0427      0.0720      0.1399      0.0831       0.387       1.015       2.027     288.248       0.115       9.015       3.189        0.50      79864.    0.5027  
       10.30      0.0855      0.1410      0.1398      0.0847       0.394       1.035       2.024     293.980       0.117       9.004       3.123        0.50      79979.    0.4920  
       15.45      0.1282      0.2067      0.1396      0.0866       0.403       1.058       2.022     300.511       0.120       8.995       3.052        0.50      80110.    0.4806  
       20.59      0.1710      0.2688      0.1395      0.0887       0.413       1.084       2.021     307.851       0.122       8.987       2.977        0.51      80260.    0.4685  
       25.74      0.2137      0.3270      0.1394      0.0911       0.424       1.113       2.018     315.976       0.126       8.978       2.897        0.51      80428.    0.4557  
       30.89      0.2565      0.3812      0.1392      0.0936       0.436       1.144       2.016     324.825       0.129       8.965       2.814        0.51      80617.    0.4424  
       36.04      0.2992      0.4312      0.1389      0.0964       0.448       1.177       2.011     334.297       0.133       8.946       2.729        0.51      80826.    0.4285  
       41.19      0.3419      0.4770      0.1384      0.0992       0.462       1.212       2.005     344.242       0.137       8.917       2.641        0.51      81057.    0.4141  
       46.34      0.3847      0.5186      0.1377      0.1022       0.475       1.248       1.995     354.446       0.141       8.874       2.553        0.51      81309.    0.3992  
       51.49      0.4274      0.5563      0.1368      0.1051       0.489       1.284       1.981     364.607       0.145       8.812       2.464        0.51      81584.    0.3840  
       56.63      0.4702      0.5900      0.1354      0.1079       0.502       1.318       1.961     374.308       0.149       8.723       2.376        0.51      81882.    0.3684  
       61.78      0.5129      0.6203      0.1335      0.1104       0.514       1.349       1.934     383.000       0.152       8.601       2.290        0.51      82203.    0.3525  
       66.93      0.5557      0.6472      0.1309      0.1124       0.523       1.373       1.897     389.986       0.155       8.436       2.206        0.51      82548.    0.3363  
       72.08      0.5984      0.6714      0.1275      0.1137       0.529       1.389       1.847     394.376       0.157       8.217       2.125        0.51      82916.    0.3197  
       77.23      0.6411      0.6931      0.1232      0.1139       0.530       1.392       1.784     395.189       0.157       7.934       2.047        0.51      83309.    0.3027  
       82.38      0.6839      0.7129      0.1177      0.1129       0.525       1.379       1.705     391.673       0.156       7.582       1.974        0.52      83726.    0.2853  
       87.53      0.7266      0.7309      0.1112      0.1106       0.514       1.351       1.611     383.612       0.153       7.166       1.905        0.52      84167.    0.2677  
       92.68      0.7694      0.7472      0.1039      0.1070       0.498       1.308       1.505     371.294       0.148       6.696       1.839        0.52      84631.    0.2498  
       97.82      0.8121      0.7614      0.0960      0.1024       0.476       1.251       1.390     355.224       0.141       6.185       1.775        0.52      85118.    0.2318  
      102.97      0.8549      0.7728      0.0875      0.0968       0.450       1.183       1.268     335.839       0.134       5.638       1.712        0.52      85626.    0.2134  
      108.12      0.8976      0.7805      0.0786      0.0904       0.420       1.104       1.138     313.541       0.125       5.063       1.647        0.52      86154.    0.1945  
      113.27      0.9404      0.7831      0.0693      0.0832       0.387       1.017       1.004     288.662       0.115       4.464       1.577        0.53      86702.    0.1749  
      118.42      0.9831      0.7789      0.0597      0.0754       0.351       0.921       0.865     261.506       0.104       3.848       1.500        0.53      87268.    0.1545  
      123.57      1.0258      0.7650      0.0499      0.0670       0.312       0.818       0.723     232.328       0.092       3.218       1.412        0.53      87853.    0.1330  
      128.72      1.0686      0.7367      0.0400      0.0580       0.270       0.709       0.580     201.338       0.080       2.578       1.306        0.53      88455.    0.1100  
      133.86      1.1113      0.6851      0.0300      0.0486       0.226       0.594       0.434     168.766       0.067       1.932       1.167        0.54      89074.    0.0852  
      139.01      1.1541      0.5922      0.0199      0.0389       0.181       0.475       0.289     134.861       0.054       1.285       0.972        0.54      89710.    0.0578  
      144.16      1.1968      0.4135      0.0099      0.0288       0.134       0.352       0.144      99.873       0.040       0.641       0.654        0.54      90360.    0.0275  
      149.31      1.2396      0.0001      0.0000      0.0184       0.086       0.225       0.000      63.916       0.025       0.000       0.000        0.54      91012.    0.0000  
                                                                                                                                                                                    
                                                                                                                                                                                    
                                                                                                                                                                                    
         PROP RPM =      25000                                                                                                                                                      
                                                                                                                                                                                    
         V          J           Pe         Ct          Cp          PWR         Torque      Thrust      PWR         Torque      Thrust      THR/PWR      Mach      Reyn       FOM    
       (mph)     (Adv_Ratio)     -          -           -          (Hp)        (In-Lbf)     (Lbf)      (W)         (N-m)       (N)         (g/W)         -         -          -     
        0.00      0.0000      0.0000      0.1402      0.0817       0.430       1.083       2.204     320.296       0.122       9.802       3.121        0.53      83087.    0.5129  
        5.36      0.0428      0.0720      0.1400      0.0831       0.437       1.102       2.200     325.896       0.124       9.787       3.062        0.53      83191.    0.5029  
       10.73      0.0855      0.1411      0.1398      0.0848       0.446       1.124       2.198     332.371       0.127       9.776       2.999        0.53      83310.    0.4923  
       16.09      0.1283      0.2068      0.1397      0.0866       0.456       1.149       2.196     339.754       0.130       9.767       2.931        0.53      83447.    0.4809  
       21.46      0.1710      0.2690      0.1396      0.0888       0.467       1.177       2.194     348.061       0.133       9.759       2.859        0.53      83603.    0.4689  
       26.82      0.2138      0.3273      0.1395      0.0911       0.479       1.208       2.192     357.264       0.136       9.750       2.783        0.53      83779.    0.4561  
       32.19      0.2565      0.3815      0.1393      0.0937       0.493       1.242       2.189     367.296       0.140       9.737       2.703        0.53      83975.    0.4428  
       37.55      0.2993      0.4315      0.1390      0.0964       0.507       1.278       2.185     378.045       0.144       9.718       2.621        0.53      84193.    0.4289  
       42.92      0.3421      0.4774      0.1386      0.0993       0.522       1.316       2.178     389.345       0.149       9.688       2.537        0.53      84433.    0.4146  
       48.28      0.3848      0.5191      0.1379      0.1023       0.538       1.356       2.168     400.954       0.153       9.643       2.452        0.53      84696.    0.3998  
       53.65      0.4276      0.5568      0.1370      0.1052       0.553       1.395       2.153     412.532       0.158       9.577       2.367        0.53      84983.    0.3846  
       59.01      0.4703      0.5906      0.1357      0.1080       0.568       1.432       2.132     423.604       0.162       9.483       2.283        0.53      85293.    0.3690  
       64.38      0.5131      0.6208      0.1338      0.1106       0.581       1.466       2.103     433.551       0.166       9.352       2.200        0.53      85628.    0.3531  
       69.74      0.5558      0.6478      0.1313      0.1126       0.592       1.493       2.063     441.580       0.169       9.175       2.119        0.53      85987.    0.3369  
       75.11      0.5986      0.6720      0.1279      0.1139       0.599       1.510       2.010     446.680       0.171       8.940       2.041        0.54      86371.    0.3203  
       80.47      0.6413      0.6938      0.1235      0.1142       0.600       1.514       1.941     447.731       0.171       8.634       1.966        0.54      86781.    0.3033  
       85.84      0.6841      0.7136      0.1181      0.1132       0.595       1.501       1.856     443.866       0.170       8.254       1.896        0.54      87215.    0.2860  
       91.20      0.7269      0.7316      0.1116      0.1109       0.583       1.470       1.754     434.821       0.166       7.803       1.830        0.54      87675.    0.2683  
       96.57      0.7696      0.7480      0.1043      0.1073       0.564       1.423       1.640     420.913       0.161       7.293       1.767        0.54      88159.    0.2505  
      101.93      0.8124      0.7623      0.0964      0.1027       0.540       1.362       1.515     402.712       0.154       6.737       1.706        0.54      88667.    0.2324  
      107.30      0.8551      0.7739      0.0879      0.0971       0.511       1.287       1.381     380.720       0.145       6.143       1.645        0.54      89196.    0.2140  
      112.66      0.8979      0.7817      0.0789      0.0906       0.477       1.202       1.240     355.392       0.136       5.516       1.583        0.55      89747.    0.1951  
      118.03      0.9406      0.7846      0.0696      0.0834       0.439       1.106       1.094     327.113       0.125       4.864       1.516        0.55      90318.    0.1756  
      123.39      0.9834      0.7808      0.0600      0.0755       0.397       1.002       0.943     296.229       0.113       4.193       1.443        0.55      90908.    0.1552  
      128.76      1.0262      0.7674      0.0502      0.0671       0.353       0.889       0.788     263.031       0.100       3.507       1.360        0.55      91517.    0.1336  
      134.12      1.0689      0.7396      0.0402      0.0581       0.305       0.770       0.632     227.760       0.087       2.810       1.258        0.56      92145.    0.1107  
      139.49      1.1117      0.6887      0.0301      0.0486       0.256       0.645       0.473     190.678       0.073       2.106       1.126        0.56      92791.    0.0858  
      144.85      1.1544      0.5965      0.0200      0.0388       0.204       0.514       0.315     152.072       0.058       1.401       0.939        0.56      93454.    0.0584  
      150.22      1.1972      0.4180      0.0100      0.0286       0.150       0.379       0.157     112.226       0.043       0.699       0.635        0.56      94131.    0.0279  
      155.58      1.2399      0.0001      0.0000      0.0182       0.096       0.241       0.000      71.268       0.027       0.000       0.000        0.57      94810.    0.0000  
                                                                                                                                                                                    
                                                                                                                                                                                    
                                                                                                                                                                                    
         PROP RPM =      26000                                                                                                                                                      
                                                                                                                                                                                    
         V          J           Pe         Ct          Cp          PWR         Torque      Thrust      PWR         Torque      Thrust      THR/PWR      Mach      Reyn       FOM    
       (mph)     (Adv_Ratio)     -          -           -          (Hp)        (In-Lbf)     (Lbf)      (W)         (N-m)       (N)         (g/W)         -         -          -     
        0.00      0.0000      0.0000      0.1403      0.0817       0.483       1.172       2.385     360.500       0.132      10.607       3.000        0.55      86410.    0.5130  
        5.58      0.0428      0.0720      0.1401      0.0832       0.492       1.192       2.381     366.790       0.135      10.592       2.945        0.55      86517.    0.5031  
       11.16      0.0855      0.1411      0.1399      0.0848       0.502       1.216       2.379     374.067       0.137      10.580       2.884        0.55      86642.    0.4925  
       16.74      0.1283      0.2069      0.1398      0.0867       0.513       1.243       2.377     382.374       0.140      10.571       2.819        0.55      86784.    0.4811  
       22.32      0.1711      0.2691      0.1397      0.0888       0.525       1.273       2.375     391.727       0.144      10.563       2.750        0.55      86946.    0.4691  
       27.91      0.2138      0.3274      0.1396      0.0912       0.539       1.307       2.373     402.100       0.148      10.555       2.677        0.55      87129.    0.4565  
       33.49      0.2566      0.3817      0.1394      0.0937       0.554       1.344       2.370     413.419       0.152      10.542       2.600        0.55      87333.    0.4432  
       39.07      0.2994      0.4318      0.1392      0.0965       0.571       1.383       2.366     425.561       0.156      10.523       2.521        0.55      87560.    0.4293  
       44.65      0.3422      0.4778      0.1388      0.0994       0.588       1.425       2.359     438.340       0.161      10.492       2.441        0.55      87810.    0.4150  
       50.23      0.3849      0.5195      0.1381      0.1024       0.605       1.468       2.348     451.486       0.166      10.445       2.359        0.55      88083.    0.4002  
       55.81      0.4277      0.5572      0.1372      0.1053       0.623       1.510       2.333     464.617       0.171      10.376       2.277        0.55      88382.    0.3851  
       61.39      0.4705      0.5910      0.1359      0.1082       0.640       1.551       2.310     477.199       0.175      10.277       2.196        0.55      88704.    0.3695  
       66.97      0.5132      0.6213      0.1341      0.1108       0.655       1.588       2.279     488.533       0.179      10.138       2.116        0.55      89053.    0.3537  
       72.55      0.5560      0.6483      0.1316      0.1128       0.667       1.618       2.237     497.723       0.183       9.949       2.038        0.56      89426.    0.3375  
       78.14      0.5988      0.6725      0.1282      0.1142       0.675       1.637       2.180     503.626       0.185       9.696       1.963        0.56      89826.    0.3209  
       83.72      0.6415      0.6943      0.1239      0.1145       0.677       1.642       2.106     504.968       0.185       9.368       1.892        0.56      90252.    0.3039  
       89.30      0.6843      0.7141      0.1185      0.1135       0.672       1.628       2.014     500.751       0.184       8.958       1.824        0.56      90705.    0.2866  
       94.88      0.7271      0.7322      0.1120      0.1112       0.658       1.595       1.904     490.657       0.180       8.470       1.760        0.56      91183.    0.2689  
      100.46      0.7699      0.7486      0.1047      0.1077       0.637       1.544       1.780     475.033       0.174       7.919       1.700        0.56      91687.    0.2511  
      106.04      0.8126      0.7631      0.0968      0.1031       0.610       1.478       1.645     454.520       0.167       7.317       1.642        0.56      92215.    0.2331  
      111.62      0.8554      0.7748      0.0882      0.0974       0.576       1.397       1.500     429.685       0.158       6.672       1.583        0.57      92766.    0.2147  
      117.20      0.8982      0.7829      0.0793      0.0909       0.538       1.304       1.347     401.051       0.147       5.993       1.524        0.57      93339.    0.1958  
      122.78      0.9409      0.7861      0.0699      0.0837       0.495       1.200       1.188     369.054       0.136       5.285       1.460        0.57      93933.    0.1762  
      128.37      0.9837      0.7826      0.0603      0.0757       0.448       1.086       1.024     334.090       0.123       4.556       1.391        0.57      94548.    0.1558  
      133.95      1.0265      0.7697      0.0504      0.0672       0.398       0.964       0.857     296.491       0.109       3.811       1.311        0.58      95182.    0.1343  
      139.53      1.0692      0.7425      0.0404      0.0582       0.344       0.834       0.687     256.530       0.094       3.054       1.214        0.58      95836.    0.1113  
      145.11      1.1120      0.6923      0.0303      0.0486       0.288       0.697       0.515     214.507       0.079       2.289       1.088        0.58      96508.    0.0864  
      150.69      1.1548      0.6008      0.0201      0.0387       0.229       0.555       0.342     170.748       0.063       1.523       0.909        0.58      97197.    0.0589  
      156.27      1.1975      0.4225      0.0100      0.0285       0.168       0.408       0.171     125.575       0.046       0.760       0.617        0.58      97902.    0.0282  
      161.85      1.2403      0.0001      0.0000      0.0179       0.106       0.257       0.000      79.132       0.029       0.000       0.000        0.59      98608.    0.0000  
                                                                                                                                                                                    
                                                                                                                                                                                    
                                                                                                                                                                                    
         PROP RPM =      27000                                                                                                                                                      
                                                                                                                                                                                    
         V          J           Pe         Ct          Cp          PWR         Torque      Thrust      PWR         Torque      Thrust      THR/PWR      Mach      Reyn       FOM    
       (mph)     (Adv_Ratio)     -          -           -          (Hp)        (In-Lbf)     (Lbf)      (W)         (N-m)       (N)         (g/W)         -         -          -     
        0.00      0.0000      0.0000      0.1404      0.0818       0.542       1.265       2.573     404.059       0.143      11.445       2.888        0.57      89732.    0.5129  
        5.80      0.0428      0.0721      0.1402      0.0832       0.551       1.287       2.569     411.091       0.145      11.429       2.835        0.57      89844.    0.5031  
       11.59      0.0856      0.1412      0.1400      0.0849       0.562       1.312       2.567     419.233       0.148      11.417       2.777        0.57      89973.    0.4925  
       17.39      0.1283      0.2070      0.1399      0.0868       0.575       1.342       2.565     428.535       0.152      11.408       2.715        0.57      90121.    0.4813  
       23.19      0.1711      0.2692      0.1398      0.0889       0.589       1.374       2.563     439.019       0.155      11.400       2.648        0.57      90290.    0.4693  
       28.99      0.2139      0.3276      0.1397      0.0912       0.604       1.411       2.561     450.657       0.159      11.392       2.578        0.57      90479.    0.4567  
       34.78      0.2567      0.3819      0.1396      0.0938       0.621       1.451       2.558     463.370       0.164      11.380       2.504        0.57      90691.    0.4435  
       40.58      0.2995      0.4321      0.1393      0.0966       0.640       1.493       2.554     477.025       0.169      11.361       2.429        0.57      90927.    0.4297  
       46.38      0.3423      0.4780      0.1389      0.0995       0.659       1.538       2.547     491.414       0.174      11.329       2.351        0.57      91186.    0.4154  
       52.18      0.3850      0.5198      0.1384      0.1025       0.679       1.585       2.536     506.238       0.179      11.281       2.272        0.57      91470.    0.4006  
       57.97      0.4278      0.5575      0.1375      0.1055       0.699       1.631       2.520     521.069       0.184      11.209       2.194        0.57      91780.    0.3855  
       63.77      0.4706      0.5914      0.1362      0.1084       0.718       1.676       2.496     535.308       0.189      11.104       2.115        0.57      92115.    0.3700  
       69.57      0.5134      0.6217      0.1344      0.1110       0.735       1.716       2.463     548.172       0.194      10.957       2.038        0.58      92477.    0.3542  
       75.37      0.5562      0.6487      0.1319      0.1131       0.749       1.749       2.418     558.651       0.198      10.756       1.963        0.58      92865.    0.3380  
       81.16      0.5989      0.6729      0.1286      0.1145       0.758       1.770       2.358     565.459       0.200      10.487       1.891        0.58      93281.    0.3215  
       86.96      0.6417      0.6947      0.1243      0.1148       0.761       1.775       2.279     567.154       0.201      10.135       1.822        0.58      93723.    0.3045  
       92.76      0.6845      0.7146      0.1189      0.1139       0.754       1.761       2.180     562.590       0.199       9.695       1.757        0.58      94193.    0.2872  
       98.56      0.7273      0.7327      0.1125      0.1116       0.739       1.726       2.062     551.386       0.195       9.170       1.696        0.58      94691.    0.2696  
      104.35      0.7701      0.7492      0.1052      0.1081       0.716       1.671       1.928     533.917       0.189       8.575       1.638        0.58      95214.    0.2517  
      110.15      0.8129      0.7638      0.0972      0.1034       0.685       1.599       1.782     510.899       0.181       7.925       1.582        0.59      95763.    0.2337  
      115.95      0.8556      0.7757      0.0886      0.0978       0.648       1.512       1.625     482.977       0.171       7.228       1.526        0.59      96336.    0.2154  
      121.75      0.8984      0.7840      0.0796      0.0913       0.604       1.411       1.460     450.742       0.159       6.493       1.469        0.59      96932.    0.1965  
      127.54      0.9412      0.7875      0.0702      0.0840       0.556       1.298       1.288     414.692       0.147       5.727       1.408        0.59      97549.    0.1769  
      133.34      0.9840      0.7843      0.0606      0.0760       0.503       1.175       1.110     375.276       0.133       4.938       1.342        0.59      98188.    0.1565  
      139.14      1.0268      0.7719      0.0507      0.0674       0.446       1.042       0.929     332.870       0.118       4.131       1.265        0.60      98847.    0.1350  
      144.94      1.0695      0.7452      0.0406      0.0583       0.386       0.901       0.744     287.786       0.102       3.310       1.173        0.60      99526.    0.1120  
      150.73      1.1123      0.6957      0.0304      0.0487       0.322       0.752       0.558     240.361       0.085       2.482       1.053        0.60     100224.    0.0871  
      156.53      1.1551      0.6050      0.0202      0.0387       0.256       0.598       0.371     190.967       0.068       1.651       0.882        0.60     100941.    0.0595  
      162.33      1.1979      0.4270      0.0101      0.0283       0.188       0.438       0.185     139.968       0.050       0.824       0.600        0.61     101674.    0.0286  
      168.13      1.2407      0.0001      0.0000      0.0177       0.117       0.274       0.000      87.525       0.031       0.000       0.000        0.61     102407.    0.0000  
                                                                                                                                                                                    
                                                                                                                                                                                    
                                                                                                                                                                                    
         PROP RPM =      28000                                                                                                                                                      
                                                                                                                                                                                    
         V          J           Pe         Ct          Cp          PWR         Torque      Thrust      PWR         Torque      Thrust      THR/PWR      Mach      Reyn       FOM    
       (mph)     (Adv_Ratio)     -          -           -          (Hp)        (In-Lbf)     (Lbf)      (W)         (N-m)       (N)         (g/W)         -         -          -     
        0.00      0.0000      0.0000      0.1404      0.0819       0.605       1.362       2.769     451.144       0.154      12.315       2.783        0.59      93054.    0.5127  
        6.01      0.0428      0.0720      0.1402      0.0833       0.615       1.385       2.765     458.968       0.157      12.298       2.732        0.59      93170.    0.5030  
       12.03      0.0856      0.1411      0.1401      0.0850       0.628       1.413       2.762     468.037       0.160      12.286       2.677        0.59      93304.    0.4925  
       18.04      0.1284      0.2070      0.1400      0.0868       0.642       1.444       2.760     478.408       0.163      12.277       2.617        0.59      93458.    0.4813  
       24.06      0.1712      0.2692      0.1399      0.0890       0.657       1.479       2.759     490.109       0.167      12.270       2.553        0.59      93632.    0.4694  
       30.07      0.2140      0.3276      0.1398      0.0913       0.675       1.519       2.757     503.113       0.172      12.262       2.485        0.59      93829.    0.4569  
       36.08      0.2568      0.3820      0.1397      0.0939       0.694       1.562       2.754     517.334       0.176      12.251       2.415        0.59      94049.    0.4437  
       42.10      0.2996      0.4322      0.1395      0.0967       0.714       1.608       2.750     532.625       0.182      12.232       2.342        0.59      94293.    0.4299  
       48.11      0.3424      0.4782      0.1391      0.0996       0.736       1.657       2.743     548.762       0.187      12.201       2.267        0.59      94562.    0.4157  
       54.12      0.3851      0.5200      0.1386      0.1026       0.758       1.707       2.732     565.412       0.193      12.151       2.191        0.59      94857.    0.4010  
       60.14      0.4279      0.5577      0.1377      0.1057       0.781       1.757       2.715     582.099       0.199      12.076       2.116        0.59      95178.    0.3859  
       66.15      0.4707      0.5916      0.1365      0.1086       0.802       1.806       2.690     598.155       0.204      11.967       2.040        0.60      95526.    0.3705  
       72.17      0.5135      0.6219      0.1347      0.1112       0.822       1.850       2.656     612.702       0.209      11.812       1.966        0.60      95901.    0.3547  
       78.18      0.5563      0.6490      0.1323      0.1134       0.838       1.885       2.608     624.612       0.213      11.599       1.894        0.60      96304.    0.3385  
       84.19      0.5991      0.6732      0.1290      0.1148       0.848       1.909       2.543     632.439       0.216      11.312       1.824        0.60      96735.    0.3220  
       90.21      0.6419      0.6951      0.1247      0.1152       0.851       1.916       2.459     634.558       0.216      10.937       1.758        0.60      97194.    0.3051  
       96.22      0.6847      0.7149      0.1193      0.1143       0.844       1.901       2.353     629.660       0.215      10.466       1.695        0.60      97682.    0.2878  
      102.24      0.7275      0.7332      0.1129      0.1121       0.828       1.863       2.226     617.285       0.211       9.902       1.636        0.60      98198.    0.2702  
      108.25      0.7703      0.7497      0.1056      0.1085       0.802       1.805       2.082     597.839       0.204       9.262       1.580        0.61      98741.    0.2524  
      114.26      0.8131      0.7644      0.0976      0.1039       0.767       1.727       1.925     572.119       0.195       8.562       1.526        0.61      99311.    0.2344  
      120.28      0.8559      0.7765      0.0891      0.0982       0.725       1.633       1.756     540.851       0.184       7.811       1.473        0.61      99906.    0.2160  
      126.29      0.8987      0.7850      0.0800      0.0916       0.677       1.524       1.578     504.704       0.172       7.018       1.418        0.61     100524.    0.1972  
      132.30      0.9415      0.7887      0.0706      0.0843       0.623       1.401       1.392     464.246       0.158       6.191       1.360        0.61     101165.    0.1776  
      138.32      0.9843      0.7860      0.0609      0.0762       0.563       1.268       1.200     419.983       0.143       5.338       1.296        0.62     101828.    0.1572  
      144.33      1.0271      0.7740      0.0509      0.0676       0.499       1.124       1.004     372.339       0.127       4.466       1.223        0.62     102512.    0.1357  
      150.35      1.0698      0.7479      0.0408      0.0584       0.431       0.971       0.805     321.669       0.110       3.579       1.135        0.62     103217.    0.1127  
      156.36      1.1126      0.6991      0.0306      0.0487       0.360       0.810       0.603     268.354       0.092       2.684       1.020        0.62     103941.    0.0877  
      162.37      1.1554      0.6091      0.0204      0.0386       0.285       0.642       0.401     212.812       0.073       1.786       0.856        0.63     104685.    0.0600  
      168.39      1.1982      0.4314      0.0102      0.0282       0.208       0.469       0.200     155.455       0.053       0.891       0.584        0.63     105445.    0.0290  
      174.40      1.2410      0.0001      0.0000      0.0175       0.129       0.291       0.000      96.462       0.033       0.000       0.000        0.63     106206.    0.0000  
                                                                                                                                                                                    
                                                                                                                                                                                    
                                                                                                                                                                                    
         PROP RPM =      29000                                                                                                                                                      
                                                                                                                                                                                    
         V          J           Pe         Ct          Cp          PWR         Torque      Thrust      PWR         Torque      Thrust      THR/PWR      Mach      Reyn       FOM    
       (mph)     (Adv_Ratio)     -          -           -          (Hp)        (In-Lbf)     (Lbf)      (W)         (N-m)       (N)         (g/W)         -         -          -     
        0.00      0.0000      0.0000      0.1405      0.0820       0.673       1.463       2.971     501.985       0.165      13.217       2.685        0.61      96377.    0.5124  
        6.23      0.0428      0.0720      0.1403      0.0834       0.685       1.488       2.968     510.645       0.168      13.200       2.636        0.61      96497.    0.5027  
       12.46      0.0856      0.1411      0.1402      0.0851       0.698       1.518       2.965     520.694       0.171      13.187       2.583        0.61      96636.    0.4923  
       18.69      0.1284      0.2069      0.1401      0.0870       0.714       1.551       2.963     532.200       0.175      13.179       2.525        0.61      96795.    0.4812  
       24.92      0.1712      0.2692      0.1400      0.0891       0.731       1.589       2.961     545.198       0.180      13.173       2.464        0.61      96975.    0.4694  
       31.15      0.2140      0.3276      0.1400      0.0914       0.751       1.631       2.960     559.662       0.184      13.166       2.399        0.61      97179.    0.4569  
       37.38      0.2568      0.3820      0.1399      0.0940       0.772       1.677       2.958     575.502       0.190      13.155       2.331        0.61      97407.    0.4438  
       43.61      0.2996      0.4322      0.1397      0.0968       0.795       1.727       2.953     592.560       0.195      13.137       2.261        0.61      97660.    0.4301  
       49.84      0.3424      0.4783      0.1393      0.0998       0.819       1.780       2.946     610.588       0.201      13.106       2.189        0.61      97938.    0.4159  
       56.07      0.3852      0.5201      0.1388      0.1028       0.844       1.834       2.935     629.221       0.207      13.055       2.116        0.61      98244.    0.4013  
       62.30      0.4281      0.5579      0.1380      0.1059       0.869       1.888       2.918     647.930       0.213      12.978       2.043        0.62      98576.    0.3863  
       68.53      0.4709      0.5918      0.1368      0.1088       0.893       1.941       2.892     665.972       0.219      12.864       1.970        0.62      98937.    0.3709  
       74.76      0.5137      0.6221      0.1350      0.1115       0.915       1.989       2.856     682.369       0.225      12.702       1.898        0.62      99326.    0.3551  
       80.99      0.5565      0.6492      0.1326      0.1137       0.933       2.028       2.805     695.863       0.229      12.477       1.828        0.62      99743.    0.3390  
       87.22      0.5993      0.6734      0.1294      0.1152       0.945       2.054       2.737     704.836       0.232      12.173       1.761        0.62     100189.    0.3226  
       93.45      0.6421      0.6953      0.1252      0.1156       0.949       2.062       2.647     707.462       0.233      11.774       1.697        0.62     100665.    0.3057  
       99.69      0.6849      0.7152      0.1198      0.1147       0.942       2.047       2.534     702.248       0.231      11.271       1.637        0.62     101171.    0.2884  
      105.92      0.7277      0.7335      0.1134      0.1125       0.923       2.007       2.398     688.647       0.227      10.668       1.580        0.63     101705.    0.2708  
      112.15      0.7705      0.7501      0.1061      0.1090       0.895       1.944       2.244     667.089       0.220       9.982       1.526        0.63     102269.    0.2530  
      118.38      0.8133      0.7650      0.0981      0.1043       0.856       1.861       2.075     638.462       0.210       9.229       1.474        0.63     102859.    0.2351  
      124.61      0.8561      0.7772      0.0895      0.0986       0.809       1.759       1.893     603.577       0.199       8.421       1.423        0.63     103476.    0.2167  
      130.84      0.8989      0.7859      0.0805      0.0920       0.755       1.641       1.701     563.192       0.185       7.568       1.370        0.63     104117.    0.1979  
      137.07      0.9417      0.7899      0.0710      0.0846       0.695       1.510       1.501     517.947       0.171       6.677       1.315        0.64     104781.    0.1783  
      143.30      0.9845      0.7875      0.0612      0.0765       0.628       1.365       1.295     468.416       0.154       5.759       1.254        0.64     105468.    0.1579  
      149.53      1.0273      0.7760      0.0512      0.0678       0.557       1.210       1.083     415.078       0.137       4.818       1.184        0.64     106177.    0.1364  
      155.76      1.0701      0.7505      0.0411      0.0585       0.481       1.044       0.868     358.330       0.118       3.862       1.099        0.64     106908.    0.1134  
      161.99      1.1129      0.7024      0.0308      0.0488       0.400       0.870       0.651     298.602       0.098       2.896       0.989        0.65     107659.    0.0884  
      168.22      1.1557      0.6132      0.0205      0.0386       0.317       0.689       0.433     236.365       0.078       1.927       0.831        0.65     108429.    0.0606  
      174.45      1.1986      0.4358      0.0102      0.0281       0.231       0.502       0.216     172.083       0.057       0.962       0.570        0.65     109217.    0.0293  
      180.68      1.2414      0.0001      0.0000      0.0173       0.142       0.309       0.000     105.951       0.035       0.000       0.000        0.66     110005.    0.0000  
                                                                                                                                                                                    
                                                                                                                                                                                    
                                                                                                                                                                                    
         PROP RPM =      30000                                                                                                                                                      
                                                                                                                                                                                    
         V          J           Pe         Ct          Cp          PWR         Torque      Thrust      PWR         Torque      Thrust      THR/PWR      Mach      Reyn       FOM    
       (mph)     (Adv_Ratio)     -          -           -          (Hp)        (In-Lbf)     (Lbf)      (W)         (N-m)       (N)         (g/W)         -         -          -     
        0.00      0.0000      0.0000      0.1406      0.0822       0.747       1.569       3.182     556.937       0.177      14.152       2.591        0.63      99699.    0.5117  
        6.45      0.0428      0.0719      0.1404      0.0836       0.760       1.596       3.178     566.474       0.180      14.134       2.544        0.63      99823.    0.5021  
       12.89      0.0856      0.1409      0.1403      0.0852       0.775       1.627       3.175     577.551       0.184      14.122       2.493        0.63      99967.    0.4918  
       19.34      0.1285      0.2067      0.1402      0.0871       0.792       1.663       3.173     590.248       0.188      14.113       2.438        0.63     100131.    0.4808  
       25.79      0.1713      0.2690      0.1401      0.0892       0.811       1.703       3.172     604.610       0.192      14.108       2.379        0.63     100318.    0.4691  
       32.23      0.2141      0.3274      0.1401      0.0916       0.832       1.749       3.170     620.613       0.198      14.102       2.317        0.63     100529.    0.4568  
       38.68      0.2569      0.3819      0.1400      0.0942       0.856       1.798       3.168     638.164       0.203      14.093       2.252        0.63     100764.    0.4438  
       45.13      0.2997      0.4321      0.1398      0.0970       0.881       1.851       3.164     657.093       0.209      14.076       2.184        0.63     101026.    0.4302  
       51.57      0.3425      0.4782      0.1395      0.0999       0.908       1.908       3.158     677.137       0.216      14.045       2.115        0.63     101314.    0.4161  
       58.02      0.3854      0.5201      0.1390      0.1030       0.936       1.966       3.146     697.897       0.222      13.994       2.045        0.64     101630.    0.4015  
       64.47      0.4282      0.5579      0.1382      0.1061       0.964       2.025       3.128     718.793       0.229      13.915       1.974        0.64     101974.    0.3866  
       70.92      0.4710      0.5919      0.1371      0.1091       0.991       2.082       3.102     739.000       0.235      13.797       1.904        0.64     102347.    0.3712  
       77.36      0.5138      0.6222      0.1354      0.1118       1.016       2.134       3.064     757.427       0.241      13.628       1.835        0.64     102749.    0.3555  
       83.81      0.5566      0.6493      0.1330      0.1140       1.036       2.177       3.011     772.672       0.246      13.391       1.767        0.64     103181.    0.3395  
       90.26      0.5994      0.6736      0.1298      0.1156       1.050       2.206       2.939     782.934       0.249      13.071       1.702        0.64     103643.    0.3231  
       96.70      0.6423      0.6955      0.1256      0.1160       1.054       2.215       2.843     786.163       0.250      12.647       1.640        0.64     104136.    0.3062  
      103.15      0.6851      0.7154      0.1203      0.1152       1.047       2.199       2.723     780.666       0.248      12.112       1.582        0.65     104659.    0.2890  
      109.60      0.7279      0.7337      0.1139      0.1130       1.027       2.158       2.578     765.788       0.244      11.468       1.527        0.65     105213.    0.2715  
      116.04      0.7707      0.7505      0.1066      0.1095       0.995       2.090       2.413     741.983       0.236      10.734       1.475        0.65     105796.    0.2537  
      122.49      0.8135      0.7654      0.0986      0.1048       0.952       2.001       2.232     710.234       0.226       9.928       1.425        0.65     106407.    0.2357  
      128.94      0.8563      0.7778      0.0900      0.0991       0.900       1.892       2.037     671.447       0.214       9.061       1.376        0.65     107045.    0.2174  
      135.38      0.8992      0.7868      0.0809      0.0925       0.840       1.765       1.831     626.478       0.199       8.144       1.326        0.66     107709.    0.1986  
      141.83      0.9420      0.7910      0.0714      0.0850       0.772       1.623       1.616     576.049       0.183       7.187       1.272        0.66     108397.    0.1790  
      148.28      0.9848      0.7890      0.0616      0.0769       0.698       1.467       1.394     520.806       0.166       6.199       1.214        0.66     109108.    0.1586  
      154.72      1.0276      0.7779      0.0515      0.0681       0.619       1.300       1.166     461.286       0.147       5.188       1.147        0.66     109842.    0.1371  
      161.17      1.0704      0.7530      0.0413      0.0587       0.534       1.121       0.935     397.936       0.127       4.159       1.066        0.67     110599.    0.1141  
      167.62      1.1132      0.7056      0.0310      0.0489       0.444       0.933       0.701     331.240       0.105       3.119       0.960        0.67     111376.    0.0890  
      174.07      1.1561      0.6172      0.0206      0.0386       0.351       0.737       0.467     261.725       0.083       2.076       0.809        0.67     112174.    0.0612  
      180.51      1.1989      0.4402      0.0103      0.0280       0.255       0.535       0.233     189.912       0.060       1.036       0.556        0.68     112989.    0.0297  
      186.96      1.2417      0.0001      0.0000      0.0171       0.156       0.327       0.000     116.036       0.037       0.000       0.000        0.68     113804.    0.0000  
                                                                                                                                                                                    
                                                                                                                                                                                    
                                                                                                                                                                                    
         PROP RPM =      31000                                                                                                                                                      
                                                                                                                                                                                    
         V          J           Pe         Ct          Cp          PWR         Torque      Thrust      PWR         Torque      Thrust      THR/PWR      Mach      Reyn       FOM    
       (mph)     (Adv_Ratio)     -          -           -          (Hp)        (In-Lbf)     (Lbf)      (W)         (N-m)       (N)         (g/W)         -         -          -     
        0.00      0.0000      0.0000      0.1407      0.0825       0.827       1.681       3.399     616.485       0.190      15.119       2.501        0.65     103021.    0.5104  
        6.66      0.0428      0.0717      0.1405      0.0839       0.841       1.709       3.395     626.937       0.193      15.101       2.456        0.65     103149.    0.5010  
       13.33      0.0857      0.1407      0.1404      0.0855       0.857       1.742       3.392     639.090       0.197      15.088       2.407        0.65     103297.    0.4909  
       19.99      0.1285      0.2064      0.1403      0.0874       0.876       1.781       3.390     653.034       0.201      15.080       2.355        0.65     103467.    0.4800  
       26.65      0.1713      0.2686      0.1403      0.0895       0.897       1.824       3.389     668.826       0.206      15.076       2.299        0.65     103660.    0.4685  
       33.32      0.2141      0.3270      0.1402      0.0918       0.921       1.872       3.388     686.443       0.211      15.072       2.239        0.65     103878.    0.4563  
       39.98      0.2570      0.3815      0.1401      0.0944       0.946       1.924       3.387     705.788       0.217      15.064       2.176        0.65     104122.    0.4434  
       46.64      0.2998      0.4318      0.1400      0.0972       0.974       1.981       3.383     726.682       0.224      15.048       2.112        0.65     104392.    0.4300  
       53.31      0.3426      0.4779      0.1397      0.1002       1.004       2.042       3.376     748.842       0.231      15.018       2.045        0.66     104690.    0.4160  
       59.97      0.3855      0.5199      0.1393      0.1032       1.035       2.104       3.365     771.838       0.238      14.968       1.977        0.66     105016.    0.4016  
       66.63      0.4283      0.5578      0.1385      0.1063       1.066       2.168       3.347     795.040       0.245      14.887       1.909        0.66     105372.    0.3867  
       73.30      0.4711      0.5918      0.1374      0.1094       1.096       2.229       3.320     817.546       0.252      14.766       1.842        0.66     105757.    0.3715  
       79.96      0.5139      0.6222      0.1357      0.1121       1.124       2.285       3.280     838.159       0.258      14.590       1.775        0.66     106173.    0.3559  
       86.62      0.5568      0.6493      0.1334      0.1144       1.147       2.332       3.224     855.326       0.263      14.342       1.710        0.66     106619.    0.3399  
       93.29      0.5996      0.6736      0.1303      0.1160       1.163       2.364       3.149     867.033       0.267      14.005       1.647        0.66     107097.    0.3236  
       99.95      0.6424      0.6955      0.1261      0.1165       1.168       2.375       3.048     870.979       0.268      13.557       1.587        0.67     107606.    0.3068  
      106.62      0.6852      0.7155      0.1208      0.1157       1.160       2.359       2.920     865.240       0.267      12.989       1.531        0.67     108147.    0.2896  
      113.28      0.7281      0.7339      0.1145      0.1136       1.139       2.315       2.766     849.041       0.262      12.304       1.478        0.67     108719.    0.2721  
      119.94      0.7709      0.7507      0.1072      0.1101       1.103       2.244       2.590     822.855       0.253      11.520       1.428        0.67     109322.    0.2544  
      126.61      0.8137      0.7657      0.0992      0.1054       1.056       2.148       2.396     787.766       0.243      10.658       1.380        0.67     109955.    0.2364  
      133.27      0.8566      0.7783      0.0905      0.0996       0.999       2.031       2.187     744.783       0.229       9.730       1.332        0.68     110615.    0.2181  
      139.93      0.8994      0.7875      0.0814      0.0929       0.932       1.895       1.967     694.867       0.214       8.748       1.284        0.68     111301.    0.1993  
      146.60      0.9422      0.7921      0.0718      0.0855       0.857       1.742       1.736     638.832       0.197       7.721       1.232        0.68     112013.    0.1798  
      153.26      0.9850      0.7904      0.0620      0.0772       0.774       1.574       1.498     577.404       0.178       6.661       1.176        0.68     112748.    0.1594  
      159.92      1.0279      0.7798      0.0519      0.0684       0.686       1.394       1.254     511.185       0.157       5.576       1.112        0.69     113508.    0.1379  
      166.59      1.0707      0.7555      0.0416      0.0589       0.591       1.202       1.005     440.679       0.136       4.471       1.035        0.69     114289.    0.1148  
      173.25      1.1135      0.7089      0.0312      0.0490       0.491       0.999       0.754     366.423       0.113       3.354       0.933        0.69     115093.    0.0897  
      179.91      1.1564      0.6213      0.0208      0.0387       0.388       0.788       0.502     289.012       0.089       2.233       0.788        0.69     115918.    0.0618  
      186.58      1.1992      0.4446      0.0104      0.0280       0.280       0.570       0.251     209.055       0.064       1.114       0.544        0.70     116761.    0.0301  
      193.24      1.2420      0.0001      0.0000      0.0170       0.170       0.346       0.000     126.858       0.039       0.000       0.000        0.70     117603.    0.0000  
                                                                                                                                                                                    
                                                                                                                                                                                    
                                                                                                                                                                                    
         PROP RPM =      32000                                                                                                                                                      
                                                                                                                                                                                    
         V          J           Pe         Ct          Cp          PWR         Torque      Thrust      PWR         Torque      Thrust      THR/PWR      Mach      Reyn       FOM    
       (mph)     (Adv_Ratio)     -          -           -          (Hp)        (In-Lbf)     (Lbf)      (W)         (N-m)       (N)         (g/W)         -         -          -     
        0.00      0.0000      0.0000      0.1407      0.0828       0.914       1.799       3.624     681.268       0.203      16.118       2.412        0.67     106343.    0.5084  
        6.88      0.0428      0.0715      0.1406      0.0842       0.929       1.830       3.619     692.675       0.207      16.099       2.370        0.67     106475.    0.4992  
       13.76      0.0857      0.1402      0.1405      0.0858       0.947       1.865       3.617     705.951       0.211      16.086       2.324        0.67     106628.    0.4892  
       20.64      0.1285      0.2057      0.1404      0.0877       0.967       1.905       3.615     721.199       0.215      16.079       2.273        0.67     106804.    0.4786  
       27.52      0.1714      0.2678      0.1404      0.0898       0.990       1.951       3.614     738.484       0.220      16.076       2.220        0.67     107003.    0.4672  
       34.40      0.2142      0.3262      0.1403      0.0922       1.016       2.002       3.614     757.789       0.226      16.073       2.163        0.67     107227.    0.4552  
       41.28      0.2570      0.3806      0.1403      0.0947       1.045       2.058       3.612     779.013       0.232      16.067       2.103        0.67     107479.    0.4425  
       48.16      0.2999      0.4310      0.1402      0.0975       1.075       2.118       3.609     801.963       0.239      16.053       2.041        0.68     107758.    0.4293  
       55.04      0.3427      0.4772      0.1399      0.1005       1.108       2.183       3.603     826.335       0.247      16.025       1.978        0.68     108065.    0.4156  
       61.92      0.3855      0.5192      0.1395      0.1036       1.142       2.250       3.592     851.664       0.254      15.975       1.913        0.68     108402.    0.4013  
       68.80      0.4284      0.5572      0.1388      0.1067       1.176       2.317       3.573     877.269       0.262      15.895       1.848        0.68     108769.    0.3867  
       75.68      0.4712      0.5914      0.1377      0.1097       1.210       2.383       3.545     902.168       0.269      15.770       1.783        0.68     109167.    0.3716  
       82.56      0.5141      0.6219      0.1361      0.1125       1.241       2.443       3.505     925.053       0.276      15.588       1.718        0.68     109596.    0.3561  
       89.44      0.5569      0.6492      0.1339      0.1148       1.266       2.494       3.447     944.228       0.282      15.331       1.656        0.68     110057.    0.3403  
       96.32      0.5997      0.6735      0.1308      0.1164       1.284       2.529       3.367     957.483       0.286      14.977       1.595        0.68     110550.    0.3240  
      103.20      0.6426      0.6955      0.1267      0.1170       1.290       2.542       3.261     962.249       0.287      14.506       1.537        0.69     111076.    0.3073  
      110.08      0.6854      0.7155      0.1214      0.1163       1.282       2.526       3.126     956.325       0.285      13.904       1.483        0.69     111635.    0.2902  
      116.96      0.7282      0.7339      0.1150      0.1142       1.259       2.480       2.962     938.772       0.280      13.177       1.431        0.69     112226.    0.2727  
      123.84      0.7711      0.7508      0.1078      0.1107       1.220       2.404       2.775     910.073       0.272      12.342       1.383        0.69     112849.    0.2550  
      130.72      0.8139      0.7660      0.0997      0.1060       1.169       2.302       2.568     871.418       0.260      11.423       1.337        0.69     113502.    0.2371  
      137.60      0.8568      0.7787      0.0911      0.1002       1.105       2.176       2.345     823.930       0.246      10.431       1.291        0.70     114184.    0.2189  
      144.48      0.8996      0.7882      0.0819      0.0935       1.031       2.030       2.109     768.685       0.229       9.380       1.244        0.70     114893.    0.2001  
      151.36      0.9424      0.7931      0.0723      0.0859       0.948       1.866       1.862     706.600       0.211       8.282       1.195        0.70     115628.    0.1805  
      158.24      0.9853      0.7918      0.0624      0.0776       0.856       1.686       1.607     638.488       0.191       7.146       1.141        0.71     116388.    0.1602  
      165.12      1.0281      0.7816      0.0522      0.0687       0.758       1.492       1.345     565.022       0.169       5.983       1.080        0.71     117172.    0.1386  
      172.00      1.0709      0.7580      0.0419      0.0592       0.653       1.286       1.079     486.766       0.145       4.798       1.005        0.71     117980.    0.1156  
      178.88      1.1138      0.7120      0.0314      0.0492       0.542       1.068       0.809     404.327       0.121       3.600       0.908        0.71     118811.    0.0904  
      185.76      1.1566      0.6252      0.0209      0.0387       0.427       0.841       0.539     318.403       0.095       2.397       0.768        0.72     119663.    0.0624  
      192.64      1.1995      0.4487      0.0105      0.0279       0.308       0.607       0.269     229.726       0.069       1.197       0.531        0.72     120533.    0.0305  
      199.52      1.2423      0.0000      0.0000      0.0169       0.186       0.366       0.000     138.704       0.041       0.000       0.000        0.72     121402.    0.0000  
                                                                                                                                                                                    
                                                                                                                                                                                    
                                                                                                                                                                                    
         PROP RPM =      33000                                                                                                                                                      
                                                                                                                                                                                    
         V          J           Pe         Ct          Cp          PWR         Torque      Thrust      PWR         Torque      Thrust      THR/PWR      Mach      Reyn       FOM    
       (mph)     (Adv_Ratio)     -          -           -          (Hp)        (In-Lbf)     (Lbf)      (W)         (N-m)       (N)         (g/W)         -         -          -     
        0.00      0.0000      0.0000      0.1408      0.0834       1.009       1.926       3.855     752.107       0.218      17.148       2.325        0.69     109664.    0.5054  
        7.10      0.0428      0.0711      0.1406      0.0848       1.025       1.958       3.851     764.511       0.221      17.129       2.285        0.69     109801.    0.4964  
       14.19      0.0857      0.1394      0.1405      0.0864       1.045       1.995       3.848     778.958       0.225      17.117       2.241        0.69     109959.    0.4866  
       21.29      0.1285      0.2047      0.1405      0.0882       1.067       2.038       3.847     795.567       0.230      17.110       2.193        0.69     110140.    0.4762  
       28.39      0.1714      0.2666      0.1405      0.0903       1.092       2.086       3.846     814.412       0.236      17.108       2.142        0.69     110345.    0.4651  
       35.48      0.2142      0.3248      0.1405      0.0926       1.120       2.140       3.846     835.482       0.242      17.107       2.088        0.70     110577.    0.4533  
       42.58      0.2571      0.3791      0.1404      0.0952       1.151       2.199       3.845     858.669       0.248      17.103       2.031        0.70     110836.    0.4409  
       49.67      0.2999      0.4295      0.1403      0.0980       1.185       2.264       3.842     883.767       0.256      17.091       1.972        0.70     111123.    0.4280  
       56.77      0.3428      0.4757      0.1401      0.1010       1.221       2.332       3.837     910.446       0.263      17.065       1.911        0.70     111440.    0.4145  
       63.87      0.3856      0.5179      0.1397      0.1040       1.258       2.403       3.826     938.204       0.271      17.017       1.850        0.70     111788.    0.4005  
       70.96      0.4285      0.5560      0.1390      0.1071       1.296       2.475       3.808     966.300       0.280      16.936       1.787        0.70     112166.    0.3861  
       78.06      0.4713      0.5904      0.1380      0.1102       1.333       2.545       3.779     993.667       0.288      16.810       1.725        0.70     112576.    0.3713  
       85.16      0.5142      0.6211      0.1365      0.1130       1.366       2.610       3.737    1018.883       0.295      16.623       1.664        0.70     113019.    0.3561  
       92.25      0.5570      0.6485      0.1343      0.1153       1.395       2.664       3.677    1040.100       0.301      16.357       1.604        0.70     113494.    0.3404  
       99.35      0.5998      0.6731      0.1313      0.1170       1.415       2.702       3.594    1054.907       0.305      15.987       1.545        0.71     114003.    0.3244  
      106.45      0.6427      0.6952      0.1272      0.1176       1.422       2.716       3.483    1060.477       0.307      15.493       1.490        0.71     114545.    0.3078  
      113.54      0.6855      0.7153      0.1220      0.1169       1.414       2.700       3.341    1054.344       0.305      14.859       1.437        0.71     115122.    0.2908  
      120.64      0.7284      0.7338      0.1157      0.1148       1.388       2.652       3.167    1035.386       0.300      14.088       1.387        0.71     115732.    0.2734  
      127.73      0.7712      0.7508      0.1084      0.1113       1.346       2.572       2.968    1004.046       0.291      13.202       1.341        0.71     116374.    0.2557  
      134.83      0.8141      0.7661      0.1003      0.1066       1.290       2.463       2.748     961.600       0.278      12.223       1.296        0.72     117049.    0.2379  
      141.93      0.8569      0.7791      0.0917      0.1008       1.219       2.329       2.510     909.293       0.263      11.165       1.252        0.72     117753.    0.2196  
      149.02      0.8998      0.7887      0.0825      0.0941       1.138       2.173       2.258     848.321       0.245      10.043       1.207        0.72     118484.    0.2008  
      156.12      0.9426      0.7939      0.0728      0.0865       1.046       1.997       1.994     779.719       0.226       8.870       1.160        0.72     119243.    0.1814  
      163.22      0.9855      0.7931      0.0629      0.0781       0.945       1.804       1.721     704.396       0.204       7.656       1.108        0.73     120027.    0.1610  
      170.31      1.0283      0.7834      0.0526      0.0691       0.836       1.596       1.441     623.105       0.180       6.412       1.049        0.73     120837.    0.1395  
      177.41      1.0711      0.7604      0.0422      0.0595       0.719       1.374       1.156     536.483       0.155       5.144       0.978        0.73     121670.    0.1164  
      184.51      1.1140      0.7151      0.0317      0.0494       0.597       1.140       0.868     445.250       0.129       3.860       0.884        0.74     122527.    0.0912  
      191.60      1.1568      0.6289      0.0211      0.0388       0.470       0.897       0.578     350.238       0.101       2.571       0.749        0.74     123406.    0.0630  
      198.70      1.1997      0.4522      0.0105      0.0280       0.338       0.646       0.289     252.343       0.073       1.284       0.519        0.74     124305.    0.0309  
      205.79      1.2425      0.0001      0.0000      0.0169       0.204       0.390       0.000     152.109       0.044       0.000       0.000        0.75     125201.    0.0000  
                                                                                                                                                                                    
                                                                                                                                                                                    
                                                                                                                                                                                    
         PROP RPM =      34000                                                                                                                                                      
                                                                                                                                                                                    
         V          J           Pe         Ct          Cp          PWR         Torque      Thrust      PWR         Torque      Thrust      THR/PWR      Mach      Reyn       FOM    
       (mph)     (Adv_Ratio)     -          -           -          (Hp)        (In-Lbf)     (Lbf)      (W)         (N-m)       (N)         (g/W)         -         -          -     
        0.00      0.0000      0.0000      0.1408      0.0842       1.113       2.063       4.094     830.034       0.233      18.210       2.237        0.71     112986.    0.5011  
        7.31      0.0429      0.0705      0.1407      0.0855       1.131       2.097       4.090     843.478       0.237      18.190       2.199        0.71     113127.    0.4923  
       14.62      0.0857      0.1383      0.1406      0.0871       1.152       2.136       4.087     859.149       0.241      18.178       2.158        0.72     113289.    0.4829  
       21.94      0.1286      0.2032      0.1405      0.0889       1.176       2.181       4.085     877.179       0.246      18.172       2.113        0.72     113475.    0.4727  
       29.25      0.1714      0.2647      0.1405      0.0910       1.204       2.232       4.085     897.655       0.252      18.172       2.064        0.72     113687.    0.4619  
       36.56      0.2143      0.3227      0.1406      0.0933       1.235       2.288       4.086     920.570       0.259      18.173       2.013        0.72     113925.    0.4505  
       43.87      0.2571      0.3768      0.1405      0.0959       1.268       2.351       4.085     945.811       0.266      18.171       1.959        0.72     114192.    0.4384  
       51.19      0.3000      0.4270      0.1405      0.0987       1.305       2.419       4.083     973.154       0.273      18.162       1.903        0.72     114488.    0.4257  
       58.50      0.3428      0.4733      0.1403      0.1016       1.344       2.492       4.078    1002.241       0.281      18.138       1.845        0.72     114815.    0.4126  
       65.81      0.3857      0.5155      0.1399      0.1047       1.385       2.567       4.067    1032.526       0.290      18.092       1.787        0.72     115173.    0.3989  
       73.12      0.4285      0.5538      0.1393      0.1078       1.426       2.643       4.050    1063.201       0.299      18.013       1.728        0.72     115563.    0.3849  
       80.44      0.4714      0.5884      0.1383      0.1108       1.466       2.717       4.021    1093.104       0.307      17.886       1.668        0.72     115985.    0.3704  
       87.75      0.5142      0.6194      0.1369      0.1136       1.503       2.786       3.978    1120.687       0.315      17.695       1.610        0.72     116441.    0.3555  
       95.06      0.5571      0.6471      0.1347      0.1160       1.534       2.844       3.916    1143.947       0.321      17.420       1.553        0.73     116931.    0.3402  
      102.37      0.5999      0.6720      0.1318      0.1176       1.556       2.884       3.830    1160.264       0.326      17.037       1.497        0.73     117455.    0.3244  
      109.69      0.6428      0.6944      0.1278      0.1183       1.564       2.900       3.714    1166.541       0.328      16.520       1.444        0.73     118014.    0.3081  
      117.00      0.6856      0.7148      0.1226      0.1176       1.556       2.884       3.564    1160.035       0.326      15.853       1.394        0.73     118608.    0.2913  
      124.31      0.7285      0.7335      0.1163      0.1155       1.528       2.833       3.381    1139.461       0.320      15.040       1.346        0.73     119236.    0.2740  
      131.62      0.7713      0.7507      0.1091      0.1121       1.482       2.748       3.170    1105.254       0.310      14.100       1.301        0.74     119899.    0.2564  
      138.94      0.8142      0.7662      0.1010      0.1073       1.420       2.632       2.936    1058.765       0.297      13.060       1.258        0.74     120594.    0.2386  
      146.25      0.8570      0.7793      0.0923      0.1015       1.343       2.489       2.683    1001.310       0.281      11.935       1.215        0.74     121320.    0.2204  
      153.56      0.8999      0.7892      0.0831      0.0947       1.253       2.322       2.415     934.198       0.262      10.740       1.172        0.74     122075.    0.2017  
      160.87      0.9427      0.7947      0.0734      0.0870       1.151       2.134       2.133     858.587       0.241       9.488       1.127        0.75     122857.    0.1822  
      168.18      0.9856      0.7943      0.0634      0.0786       1.040       1.928       1.842     775.499       0.218       8.192       1.077        0.75     123665.    0.1619  
      175.50      1.0284      0.7851      0.0531      0.0695       0.920       1.705       1.543     685.783       0.193       6.863       1.021        0.75     124500.    0.1403  
      182.81      1.0713      0.7627      0.0426      0.0598       0.791       1.467       1.238     590.196       0.166       5.508       0.952        0.76     125359.    0.1172  
      190.12      1.1141      0.7179      0.0320      0.0496       0.657       1.217       0.930     489.600       0.138       4.136       0.861        0.76     126243.    0.0919  
      197.43      1.1570      0.6318      0.0213      0.0390       0.516       0.957       0.620     385.001       0.108       2.756       0.730        0.76     127149.    0.0636  
      204.75      1.1998      0.4543      0.0107      0.0281       0.372       0.690       0.310     277.502       0.078       1.377       0.506        0.77     128075.    0.0312  
      212.06      1.2427      0.0000      0.0000      0.0170       0.225       0.417       0.000     167.838       0.047       0.000       0.000        0.77     128998.    0.0000  
                                                                                                                                                                                    
                                                                                                                                                                                    
                                                                                                                                                                                    
         PROP RPM =      35000                                                                                                                                                      
                                                                                                                                                                                    
         V          J           Pe         Ct          Cp          PWR         Torque      Thrust      PWR         Torque      Thrust      THR/PWR      Mach      Reyn       FOM    
       (mph)     (Adv_Ratio)     -          -           -          (Hp)        (In-Lbf)     (Lbf)      (W)         (N-m)       (N)         (g/W)         -         -          -     
        0.00      0.0000      0.0000      0.1409      0.0852       1.229       2.213       4.340     916.321       0.250      19.303       2.148        0.74     116307.    0.4954  
        7.53      0.0429      0.0697      0.1407      0.0865       1.248       2.248       4.335     930.854       0.254      19.282       2.112        0.74     116452.    0.4869  
       15.06      0.0857      0.1368      0.1406      0.0881       1.271       2.289       4.332     947.806       0.259      19.270       2.073        0.74     116619.    0.4777  
       22.58      0.1286      0.2011      0.1406      0.0899       1.297       2.336       4.331     967.323       0.264      19.265       2.031        0.74     116811.    0.4679  
       30.11      0.1714      0.2621      0.1406      0.0920       1.327       2.390       4.331     989.506       0.270      19.266       1.985        0.74     117029.    0.4574  
       37.64      0.2143      0.3196      0.1406      0.0943       1.360       2.450       4.332    1014.352       0.277      19.269       1.937        0.74     117274.    0.4463  
       45.17      0.2571      0.3735      0.1406      0.0968       1.397       2.516       4.332    1041.745       0.284      19.270       1.886        0.74     117548.    0.4346  
       52.69      0.3000      0.4235      0.1406      0.0996       1.437       2.587       4.331    1071.443       0.292      19.263       1.833        0.74     117853.    0.4224  
       60.22      0.3428      0.4697      0.1404      0.1025       1.479       2.664       4.326    1103.049       0.301      19.243       1.779        0.74     118189.    0.4096  
       67.75      0.3857      0.5119      0.1401      0.1056       1.523       2.743       4.316    1135.968       0.310      19.200       1.723        0.74     118557.    0.3964  
       75.28      0.4285      0.5503      0.1396      0.1087       1.568       2.824       4.299    1169.317       0.319      19.122       1.668        0.74     118959.    0.3828  
       82.81      0.4714      0.5851      0.1386      0.1117       1.612       2.902       4.271    1201.826       0.328      18.996       1.612        0.74     119393.    0.3687  
       90.33      0.5142      0.6164      0.1372      0.1145       1.652       2.975       4.227    1231.808       0.336      18.802       1.556        0.75     119862.    0.3543  
       97.86      0.5571      0.6445      0.1352      0.1168       1.686       3.036       4.164    1257.088       0.343      18.520       1.502        0.75     120366.    0.3394  
      105.39      0.6000      0.6698      0.1323      0.1185       1.710       3.079       4.075    1274.830       0.348      18.124       1.450        0.75     120906.    0.3240  
      112.92      0.6428      0.6927      0.1284      0.1191       1.719       3.095       3.954    1281.661       0.350      17.587       1.399        0.75     121481.    0.3080  
      120.45      0.6857      0.7135      0.1233      0.1185       1.709       3.078       3.797    1274.539       0.348      16.889       1.351        0.75     122093.    0.2915  
      127.97      0.7285      0.7326      0.1170      0.1164       1.679       3.024       3.604    1252.006       0.342      16.033       1.306        0.76     122740.    0.2745  
      135.50      0.7714      0.7501      0.1098      0.1129       1.629       2.933       3.381    1214.510       0.331      15.040       1.263        0.76     123422.    0.2571  
      143.03      0.8142      0.7659      0.1017      0.1081       1.560       2.810       3.134    1163.536       0.317      13.938       1.222        0.76     124138.    0.2394  
      150.56      0.8571      0.7793      0.0930      0.1023       1.476       2.658       2.865    1100.514       0.300      12.743       1.181        0.76     124886.    0.2213  
      158.08      0.8999      0.7895      0.0837      0.0954       1.377       2.480       2.579    1026.818       0.280      11.472       1.139        0.77     125663.    0.2025  
      165.61      0.9428      0.7954      0.0740      0.0877       1.266       2.279       2.279     943.686       0.257      10.139       1.096        0.77     126469.    0.1831  
      173.14      0.9856      0.7954      0.0639      0.0792       1.143       2.058       1.969     852.266       0.233       8.758       1.048        0.77     127302.    0.1628  
      180.67      1.0285      0.7867      0.0536      0.0700       1.011       1.820       1.650     753.552       0.206       7.340       0.993        0.77     128161.    0.1413  
      188.20      1.0713      0.7646      0.0430      0.0603       0.870       1.566       1.325     648.445       0.177       5.894       0.927        0.78     129046.    0.1181  
      195.72      1.1142      0.7201      0.0323      0.0500       0.721       1.299       0.995     537.988       0.147       4.428       0.839        0.78     129956.    0.0927  
      203.25      1.1571      0.6336      0.0215      0.0394       0.568       1.023       0.664     423.413       0.116       2.952       0.711        0.78     130889.    0.0641  
      210.78      1.1999      0.4546      0.0108      0.0284       0.410       0.739       0.332     306.092       0.084       1.477       0.492        0.79     131843.    0.0314  
      218.31      1.2428      0.0001      0.0000      0.0174       0.251       0.452       0.000     187.016       0.051       0.000       0.000        0.79     132794.    0.0000  
                                                                                                                                                                                    
                                                                                                                                                                                    
                                                                                                                                                                                    
         PROP RPM =      36000                                                                                                                                                      
                                                                                                                                                                                    
         V          J           Pe         Ct          Cp          PWR         Torque      Thrust      PWR         Torque      Thrust      THR/PWR      Mach      Reyn       FOM    
       (mph)     (Adv_Ratio)     -          -           -          (Hp)        (In-Lbf)     (Lbf)      (W)         (N-m)       (N)         (g/W)         -         -          -     
        0.00      0.0000      0.0000      0.1409      0.0865       1.358       2.377       4.592    1012.519       0.269      20.425       2.057        0.76     119628.    0.4880  
        7.74      0.0429      0.0687      0.1408      0.0878       1.379       2.414       4.587    1028.198       0.273      20.404       2.024        0.76     119777.    0.4798  
       15.49      0.0857      0.1349      0.1407      0.0894       1.403       2.457       4.584    1046.498       0.278      20.392       1.987        0.76     119949.    0.4710  
       23.23      0.1286      0.1983      0.1406      0.0912       1.432       2.507       4.583    1067.580       0.283      20.387       1.947        0.76     120146.    0.4616  
       30.97      0.1714      0.2586      0.1407      0.0932       1.464       2.563       4.584    1091.555       0.290      20.389       1.905        0.76     120370.    0.4515  
       38.71      0.2143      0.3156      0.1407      0.0955       1.500       2.626       4.585    1118.430       0.297      20.394       1.859        0.76     120622.    0.4408  
       46.46      0.2571      0.3690      0.1407      0.0981       1.540       2.696       4.586    1148.085       0.305      20.398       1.812        0.76     120904.    0.4295  
       54.20      0.3000      0.4187      0.1407      0.1008       1.583       2.771       4.585    1180.260       0.313      20.395       1.762        0.76     121218.    0.4177  
       61.94      0.3428      0.4646      0.1406      0.1037       1.629       2.851       4.581    1214.517       0.322      20.378       1.711        0.76     121563.    0.4054  
       69.69      0.3857      0.5068      0.1403      0.1068       1.677       2.935       4.572    1250.198       0.332      20.338       1.659        0.76     121941.    0.3927  
       77.43      0.4285      0.5453      0.1398      0.1099       1.725       3.020       4.556    1286.335       0.341      20.264       1.606        0.76     122354.    0.3796  
       85.17      0.4714      0.5802      0.1389      0.1129       1.772       3.103       4.528    1321.535       0.351      20.139       1.554        0.77     122801.    0.3661  
       92.91      0.5142      0.6119      0.1376      0.1156       1.816       3.179       4.484    1353.949       0.359      19.944       1.502        0.77     123283.    0.3521  
      100.66      0.5571      0.6404      0.1356      0.1180       1.852       3.243       4.419    1381.213       0.366      19.657       1.451        0.77     123801.    0.3378  
      108.40      0.6000      0.6662      0.1328      0.1196       1.878       3.288       4.328    1400.262       0.371      19.250       1.402        0.77     124356.    0.3229  
      116.14      0.6428      0.6896      0.1290      0.1202       1.887       3.304       4.203    1407.430       0.373      18.693       1.354        0.77     124947.    0.3074  
      123.89      0.6857      0.7110      0.1239      0.1195       1.877       3.285       4.039    1399.363       0.371      17.966       1.309        0.77     125576.    0.2913  
      131.63      0.7285      0.7307      0.1177      0.1174       1.843       3.227       3.837    1374.407       0.365      17.068       1.266        0.78     126242.    0.2746  
      139.37      0.7714      0.7488      0.1105      0.1139       1.788       3.130       3.602    1333.039       0.354      16.022       1.226        0.78     126944.    0.2575  
      147.12      0.8142      0.7652      0.1025      0.1091       1.712       2.998       3.340    1276.921       0.339      14.856       1.186        0.78     127681.    0.2400  
      154.86      0.8571      0.7790      0.0938      0.1031       1.619       2.835       3.055    1207.651       0.320      13.590       1.148        0.78     128451.    0.2221  
      162.60      0.8999      0.7897      0.0844      0.0962       1.511       2.645       2.752    1126.723       0.299      12.240       1.108        0.79     129250.    0.2034  
      170.34      0.9428      0.7959      0.0747      0.0884       1.389       2.431       2.433    1035.463       0.275      10.823       1.066        0.79     130080.    0.1841  
      178.09      0.9856      0.7963      0.0645      0.0799       1.254       2.196       2.103     935.153       0.248       9.354       1.020        0.79     130937.    0.1637  
      185.83      1.0285      0.7880      0.0541      0.0706       1.109       1.941       1.763     826.891       0.219       7.843       0.967        0.80     131822.    0.1422  
      193.57      1.0713      0.7660      0.0435      0.0608       0.954       1.671       1.417     711.765       0.189       6.301       0.903        0.80     132732.    0.1189  
      201.32      1.1142      0.7212      0.0327      0.0505       0.793       1.388       1.065     591.057       0.157       4.736       0.817        0.80     133668.    0.0934  
      209.06      1.1571      0.6334      0.0218      0.0398       0.625       1.095       0.711     466.291       0.124       3.160       0.691        0.81     134629.    0.0645  
      216.80      1.1999      0.4519      0.0109      0.0290       0.455       0.796       0.356     339.186       0.090       1.582       0.476        0.81     135610.    0.0314  
      224.54      1.2428      0.0000      0.0000      0.0180       0.283       0.496       0.000     211.085       0.056       0.000       0.000        0.81     136588.    0.0000  
                                                                                                                                                                                    
                                                                                                                                                                                    
                                                                                                                                                                                    
         PROP RPM =      37000                                                                                                                                                      
                                                                                                                                                                                    
         V          J           Pe         Ct          Cp          PWR         Torque      Thrust      PWR         Torque      Thrust      THR/PWR      Mach      Reyn       FOM    
       (mph)     (Adv_Ratio)     -          -           -          (Hp)        (In-Lbf)     (Lbf)      (W)         (N-m)       (N)         (g/W)         -         -          -     
        0.00      0.0000                                                                                                                                                            
        7.96      0.0429                                                                                                                                                            
       15.92      0.0857      0.1325      0.1407      0.0910       1.552       2.643       4.843    1157.127       0.299      21.542       1.898        0.78     123279.    0.4625  
       23.88      0.1286      0.1948      0.1407      0.0928       1.582       2.695       4.842    1179.862       0.305      21.538       1.861        0.78     123481.    0.4535  
       31.83      0.1714      0.2542      0.1407      0.0949       1.617       2.754       4.843    1205.731       0.311      21.541       1.822        0.78     123711.    0.4439  
       39.79      0.2143      0.3104      0.1407      0.0971       1.656       2.821       4.845    1234.750       0.319      21.549       1.780        0.78     123970.    0.4336  
       47.75      0.2571      0.3632      0.1408      0.0997       1.699       2.894       4.846    1266.796       0.327      21.555       1.735        0.78     124260.    0.4229  
       55.71      0.3000      0.4124      0.1408      0.1024       1.745       2.973       4.846    1301.594       0.336      21.555       1.689        0.78     124582.    0.4116  
       63.67      0.3428      0.4580      0.1407      0.1053       1.795       3.058       4.843    1338.661       0.345      21.542       1.641        0.78     124937.    0.3998  
       71.63      0.3857      0.5000      0.1405      0.1083       1.847       3.146       4.835    1377.266       0.355      21.506       1.592        0.78     125325.    0.3876  
       79.58      0.4286      0.5384      0.1400      0.1114       1.899       3.235       4.819    1416.340       0.366      21.436       1.543        0.79     125749.    0.3751  
       87.54      0.4714      0.5735      0.1392      0.1144       1.950       3.322       4.792    1454.346       0.375      21.313       1.494        0.79     126208.    0.3622  
       95.50      0.5143      0.6054      0.1379      0.1172       1.997       3.402       4.748    1489.250       0.384      21.119       1.446        0.79     126703.    0.3488  
      103.46      0.5571      0.6344      0.1360      0.1195       2.036       3.469       4.683    1518.465       0.392      20.829       1.399        0.79     127236.    0.3351  
      111.42      0.6000      0.6608      0.1333      0.1210       2.063       3.515       4.589    1538.667       0.397      20.412       1.353        0.79     127805.    0.3208  
      119.38      0.6428      0.6848      0.1296      0.1216       2.073       3.531       4.460    1545.878       0.399      19.838       1.309        0.79     128414.    0.3059  
      127.34      0.6857      0.7070      0.1246      0.1209       2.060       3.510       4.290    1536.410       0.397      19.081       1.266        0.80     129060.    0.2904  
      135.29      0.7286      0.7274      0.1185      0.1187       2.023       3.446       4.079    1508.410       0.389      18.142       1.226        0.80     129745.    0.2742  
      143.25      0.7714      0.7463      0.1113      0.1150       1.961       3.341       3.832    1462.404       0.377      17.043       1.188        0.80     130467.    0.2575  
      151.21      0.8143      0.7634      0.1033      0.1102       1.878       3.199       3.555    1400.262       0.361      15.814       1.152        0.80     131224.    0.2404  
      159.17      0.8571      0.7780      0.0945      0.1041       1.775       3.024       3.254    1323.814       0.342      14.475       1.115        0.81     132016.    0.2227  
      167.13      0.9000      0.7893      0.0852      0.0971       1.656       2.821       2.933    1234.719       0.319      13.044       1.077        0.81     132838.    0.2042  
      175.09      0.9428      0.7962      0.0754      0.0892       1.521       2.592       2.594    1134.439       0.293      11.540       1.037        0.81     133691.    0.1850  
      183.04      0.9857      0.7969      0.0652      0.0806       1.374       2.341       2.243    1024.605       0.264       9.978       0.993        0.82     134573.    0.1647  
      191.00      1.0286      0.7887      0.0547      0.0713       1.215       2.070       1.882     906.303       0.234       8.371       0.942        0.82     135483.    0.1431  
      198.96      1.0714      0.7665      0.0439      0.0614       1.047       1.784       1.513     780.775       0.202       6.729       0.879        0.82     136419.    0.1197  
      206.92      1.1143      0.7206      0.0331      0.0511       0.871       1.484       1.138     649.594       0.168       5.061       0.794        0.83     137382.    0.0938  
      214.88      1.1571      0.6306      0.0221      0.0405       0.690       1.176       0.760     514.658       0.133       3.379       0.669        0.83     138369.    0.0646  
      222.84      1.2000      0.4457      0.0110      0.0297       0.507       0.864       0.380     378.130       0.098       1.692       0.456        0.83     139378.    0.0312  
      230.79      1.2428      0.0000      0.0000      0.0190       0.324       0.552       0.000     241.779       0.062       0.000       0.000        0.84     140385.    0.0000  
                                                                                                                                                                                    
                                                                                                                                                                                    
                                                                                                                                                                                    
         PROP RPM =      38000                                                                                                                                                      
                                                                                                                                                                                    
         V          J           Pe         Ct          Cp          PWR         Torque      Thrust      PWR         Torque      Thrust      THR/PWR      Mach      Reyn       FOM    
       (mph)     (Adv_Ratio)     -          -           -          (Hp)        (In-Lbf)     (Lbf)      (W)         (N-m)       (N)         (g/W)         -         -          -     
        0.00      0.0000      0.0000      0.1409      0.0902       1.666       2.764       5.116    1242.604       0.312      22.757       1.867        0.80     126270.    0.4676  
        8.17      0.0429                                                                                                                                                            
       16.35      0.0857      0.1295      0.1407      0.0931       1.719       2.852       5.108    1282.008       0.322      22.720       1.807        0.80     126608.    0.4522  
       24.52      0.1286      0.1906      0.1407      0.0949       1.752       2.906       5.107    1306.495       0.328      22.716       1.773        0.80     126816.    0.4436  
       32.70      0.1715      0.2489      0.1407      0.0969       1.789       2.968       5.108    1334.374       0.335      22.721       1.736        0.80     127052.    0.4344  
       40.87      0.2143      0.3041      0.1407      0.0992       1.831       3.038       5.110    1365.668       0.343      22.730       1.697        0.80     127318.    0.4247  
       49.05      0.2572      0.3561      0.1408      0.1017       1.878       3.115       5.112    1400.254       0.352      22.739       1.656        0.80     127616.    0.4145  
       57.22      0.3000      0.4046      0.1408      0.1044       1.928       3.198       5.113    1437.841       0.361      22.743       1.613        0.80     127946.    0.4038  
       65.40      0.3429      0.4497      0.1408      0.1073       1.982       3.287       5.111    1477.904       0.371      22.733       1.569        0.80     128310.    0.3926  
       73.57      0.3858      0.4914      0.1406      0.1104       2.038       3.380       5.104    1519.626       0.382      22.702       1.523        0.80     128709.    0.3810  
       81.75      0.4286      0.5296      0.1402      0.1134       2.094       3.474       5.089    1561.819       0.392      22.636       1.478        0.81     129144.    0.3691  
       89.92      0.4715      0.5647      0.1394      0.1164       2.149       3.565       5.062    1602.780       0.403      22.517       1.433        0.81     129615.    0.3568  
       98.10      0.5144      0.5969      0.1382      0.1191       2.200       3.648       5.019    1640.252       0.412      22.324       1.388        0.81     130124.    0.3442  
      106.27      0.5572      0.6262      0.1364      0.1214       2.241       3.718       4.953    1671.385       0.420      22.032       1.344        0.81     130670.    0.3312  
      114.45      0.6001      0.6532      0.1338      0.1229       2.270       3.765       4.858    1692.556       0.425      21.608       1.302        0.81     131256.    0.3177  
      122.62      0.6429      0.6779      0.1301      0.1234       2.279       3.780       4.725    1699.458       0.427      21.018       1.261        0.82     131880.    0.3035  
      130.80      0.6858      0.7009      0.1253      0.1226       2.264       3.755       4.549    1688.045       0.424      20.234       1.222        0.82     132544.    0.2886  
      138.97      0.7287      0.7223      0.1192      0.1203       2.221       3.684       4.329    1656.246       0.416      19.255       1.186        0.82     133247.    0.2731  
      147.15      0.7715      0.7421      0.1121      0.1165       2.152       3.569       4.070    1604.648       0.403      18.103       1.150        0.82     133989.    0.2569  
      155.32      0.8144      0.7602      0.1041      0.1115       2.059       3.415       3.779    1535.378       0.386      16.810       1.116        0.83     134768.    0.2403  
      163.50      0.8573      0.7758      0.0953      0.1053       1.945       3.226       3.461    1450.567       0.365      15.396       1.082        0.83     135582.    0.2229  
      171.67      0.9001      0.7880      0.0860      0.0982       1.813       3.007       3.121    1352.125       0.340      13.883       1.047        0.83     136428.    0.2048  
      179.84      0.9430      0.7958      0.0761      0.0902       1.665       2.762       2.763    1241.620       0.312      12.290       1.009        0.83     137304.    0.1857  
      188.02      0.9858      0.7970      0.0658      0.0814       1.504       2.494       2.390    1121.330       0.282      10.632       0.967        0.84     138211.    0.1655  
      196.19      1.0287      0.7886      0.0553      0.0721       1.331       2.208       2.006     992.533       0.249       8.924       0.917        0.84     139146.    0.1438  
      204.37      1.0716      0.7657      0.0444      0.0622       1.148       1.905       1.613     856.362       0.215       7.177       0.855        0.84     140109.    0.1202  
      212.54      1.1144      0.7180      0.0334      0.0519       0.958       1.590       1.214     714.680       0.180       5.401       0.771        0.85     141098.    0.0940  
      220.72      1.1573      0.6246      0.0223      0.0414       0.764       1.268       0.811     569.852       0.143       3.608       0.646        0.85     142112.    0.0644  
      228.89      1.2002      0.4355      0.0112      0.0308       0.569       0.944       0.406     424.627       0.107       1.807       0.434        0.86     143149.    0.0306  
      237.07      1.2430      0.0000      0.0000      0.0204       0.377       0.625       0.000     281.186       0.071       0.000       0.000        0.86     144186.    0.0000  
                                                                                                                                                                                    
                                                                                                                                                                                    
                                                                                                                                                                                    
