         10x5M-LH                 (10x5M-LH.dat)
         v2022-0915
         Simulation Date: 06/12/2024

         AIRFOIL AERO DATA GENERATED USING:  POLAR DIAGRAMS                

         ====== PERFORMANCE DATA (versus advance ratio and MPH) ======

         DEFINITIONS: (Underwater)
         J=V/nD (advance ratio) 
         Ct=T/(rho * n**2 * D**4) (thrust coef.)
         Cp=P/(rho * n**3 * D**5) (power coef.)
         Pe=Ct*J/Cp (efficiency) 
         V  (model speed in MPH) 
         Vtip (tip speed, fps)  
         Reyn (at 75% of span) 
         FOM (Figure of Merit)


         PROP RPM =        100

         V          J           Pe         Ct          Cp          PWR         Torque      Thrust      PWR         Torque      Thrust      THR/PWR      Vtip      Reyn       FOM
       (mph)     (Adv_Ratio)     -          -           -          (Hp)        (In-Lbf)     (Lbf)      (W)         (N-m)       (N)         (g/W)       (ft/s)      -          -
        0.00      0.0000      0.0000      0.1022      0.0522       0.000       0.216       0.266       0.256       0.024       1.181     471.334        4.36      16229.    0.4990
        0.00      0.0224      0.0428      0.1004      0.0524       0.000       0.217       0.261       0.257       0.025       1.161     461.135        4.36      16240.    0.4840
        0.00      0.0447      0.0837      0.0985      0.0526       0.000       0.218       0.256       0.258       0.025       1.139     450.794        4.36      16252.    0.4686
        0.06      0.0671      0.1227      0.0965      0.0528       0.000       0.218       0.251       0.258       0.025       1.115     440.331        4.36      16265.    0.4530
        0.08      0.0895      0.1596      0.0943      0.0529       0.000       0.219       0.245       0.259       0.025       1.091     429.751        4.37      16278.    0.4372
        0.11      0.1119      0.1946      0.0920      0.0529       0.000       0.219       0.239       0.259       0.025       1.064     419.054        4.37      16293.    0.4211
        0.13      0.1342      0.2275      0.0896      0.0529       0.000       0.219       0.233       0.259       0.025       1.036     408.239        4.37      16308.    0.4048
        0.15      0.1566      0.2583      0.0870      0.0528       0.000       0.218       0.226       0.258       0.025       1.006     397.298        4.37      16324.    0.3882
        0.17      0.1790      0.2869      0.0843      0.0526       0.000       0.217       0.219       0.257       0.025       0.974     386.221        4.37      16342.    0.3714
        0.19      0.2013      0.3134      0.0813      0.0523       0.000       0.216       0.211       0.256       0.024       0.940     374.992        4.37      16360.    0.3543
        0.21      0.2237      0.3377      0.0783      0.0518       0.000       0.214       0.203       0.254       0.024       0.905     363.592        4.37      16379.    0.3369
        0.23      0.2461      0.3596      0.0750      0.0513       0.000       0.212       0.195       0.251       0.024       0.867     351.998        4.38      16399.    0.3194
        0.25      0.2684      0.3791      0.0717      0.0507       0.000       0.210       0.186       0.248       0.024       0.828     340.178        4.38      16421.    0.3016
        0.28      0.2908      0.3961      0.0681      0.0500       0.000       0.207       0.177       0.245       0.023       0.788     328.093        4.38      16443.    0.2837
        0.30      0.3132      0.4105      0.0645      0.0492       0.000       0.204       0.168       0.241       0.023       0.746     315.696        4.38      16466.    0.2656
        0.32      0.3356      0.4220      0.0608      0.0483       0.000       0.200       0.158       0.236       0.023       0.703     302.934        4.39      16491.    0.2474
        0.34      0.3579      0.4305      0.0569      0.0473       0.000       0.196       0.148       0.232       0.022       0.658     289.740        4.39      16516.    0.2289
        0.36      0.3803      0.4358      0.0529      0.0462       0.000       0.191       0.138       0.226       0.022       0.612     276.038        4.40      16543.    0.2104
        0.38      0.4027      0.4375      0.0489      0.0450       0.000       0.186       0.127       0.220       0.021       0.565     261.736        4.40      16571.    0.1917
        0.40      0.4250      0.4353      0.0447      0.0437       0.000       0.181       0.116       0.214       0.020       0.517     246.718        4.40      16600.    0.1728
        0.42      0.4474      0.4288      0.0405      0.0422       0.000       0.175       0.105       0.207       0.020       0.468     230.851        4.41      16630.    0.1539
        0.44      0.4698      0.4173      0.0362      0.0407       0.000       0.168       0.094       0.199       0.019       0.418     213.963        4.41      16661.    0.1348
        0.47      0.4921      0.4001      0.0318      0.0391       0.000       0.162       0.083       0.191       0.018       0.367     195.850        4.42      16693.    0.1156
        0.49      0.5145      0.3765      0.0273      0.0373       0.000       0.154       0.071       0.183       0.017       0.316     176.254        4.42      16726.    0.0965
        0.51      0.5369      0.3451      0.0228      0.0355       0.000       0.147       0.059       0.174       0.017       0.264     154.850        4.43      16761.    0.0775
        0.53      0.5593      0.3047      0.0183      0.0336       0.000       0.139       0.048       0.164       0.016       0.211     131.230        4.43      16797.    0.0588
        0.55      0.5816      0.2532      0.0137      0.0315       0.000       0.130       0.036       0.154       0.015       0.159     104.862        4.44      16833.    0.0407
        0.57      0.6040      0.1881      0.0092      0.0294       0.000       0.122       0.024       0.144       0.014       0.106      75.034        4.44      16871.    0.0238
        0.59      0.6264      0.1059      0.0046      0.0272       0.000       0.112       0.012       0.133       0.013       0.053      40.736        4.45      16910.    0.0091
        0.61      0.6487      0.0010      0.0000      0.0249       0.000       0.103       0.000       0.122       0.012       0.000       0.380        4.46      16950.    0.0000



         PROP RPM =        200

         V          J           Pe         Ct          Cp          PWR         Torque      Thrust      PWR         Torque      Thrust      THR/PWR      Vtip      Reyn       FOM
       (mph)     (Adv_Ratio)     -          -           -          (Hp)        (In-Lbf)     (Lbf)      (W)         (N-m)       (N)         (g/W)       (ft/s)      -          -
        0.00      0.0000      0.0000      0.1027      0.0448       0.002       0.741       1.068       1.754       0.084       4.748     276.048        8.73      32458.    0.5860
        0.00      0.0226      0.0506      0.1009      0.0451       0.002       0.746       1.049       1.766       0.084       4.666     269.498        8.73      32480.    0.5671
        0.09      0.0452      0.0987      0.0990      0.0453       0.002       0.750       1.029       1.776       0.085       4.578     262.919        8.73      32504.    0.5480
        0.13      0.0678      0.1443      0.0970      0.0456       0.002       0.754       1.008       1.784       0.085       4.485     256.328        8.73      32530.    0.5288
        0.17      0.0904      0.1875      0.0948      0.0457       0.002       0.757       0.986       1.790       0.085       4.385     249.732        8.73      32558.    0.5094
        0.21      0.1130      0.2282      0.0925      0.0458       0.002       0.758       0.962       1.794       0.086       4.278     243.135        8.73      32587.    0.4899
        0.26      0.1356      0.2664      0.0901      0.0459       0.002       0.759       0.936       1.795       0.086       4.165     236.539        8.73      32618.    0.4703
        0.30      0.1582      0.3021      0.0874      0.0458       0.002       0.758       0.909       1.793       0.086       4.044     229.945        8.74      32651.    0.4505
        0.34      0.1809      0.3354      0.0847      0.0457       0.002       0.755       0.880       1.788       0.085       3.915     223.351        8.74      32686.    0.4305
        0.39      0.2035      0.3662      0.0817      0.0454       0.002       0.751       0.850       1.778       0.085       3.779     216.749        8.74      32723.    0.4105
        0.43      0.2261      0.3944      0.0786      0.0450       0.002       0.745       0.817       1.764       0.084       3.635     210.135        8.75      32763.    0.3903
        0.47      0.2487      0.4202      0.0753      0.0446       0.002       0.738       0.783       1.746       0.083       3.484     203.495        8.75      32804.    0.3700
        0.51      0.2713      0.4433      0.0719      0.0440       0.002       0.728       0.748       1.723       0.082       3.326     196.813        8.76      32847.    0.3496
        0.56      0.2939      0.4638      0.0684      0.0433       0.002       0.717       0.711       1.696       0.081       3.162     190.067        8.76      32892.    0.3292
        0.60      0.3165      0.4815      0.0647      0.0425       0.002       0.704       0.673       1.665       0.079       2.992     183.230        8.77      32940.    0.3087
        0.64      0.3391      0.4963      0.0609      0.0416       0.002       0.689       0.633       1.629       0.078       2.816     176.270        8.78      32990.    0.2882
        0.69      0.3617      0.5080      0.0570      0.0406       0.002       0.672       0.593       1.589       0.076       2.636     169.150        8.78      33042.    0.2675
        0.73      0.3843      0.5164      0.0530      0.0394       0.002       0.653       0.551       1.545       0.074       2.451     161.821        8.79      33096.    0.2468
        0.77      0.4069      0.5211      0.0489      0.0382       0.002       0.632       0.508       1.495       0.071       2.261     154.225        8.80      33152.    0.2259
        0.81      0.4295      0.5217      0.0447      0.0368       0.002       0.609       0.465       1.441       0.069       2.068     146.291        8.81      33211.    0.2049
        0.86      0.4521      0.5178      0.0404      0.0353       0.002       0.584       0.420       1.383       0.066       1.870     137.927        8.82      33272.    0.1837
        0.90      0.4747      0.5085      0.0361      0.0337       0.002       0.558       0.375       1.319       0.063       1.669     129.016        8.83      33336.    0.1624
        0.94      0.4973      0.4931      0.0317      0.0320       0.002       0.529       0.329       1.251       0.060       1.465     119.407        8.84      33401.    0.1408
        0.98      0.5199      0.4701      0.0272      0.0301       0.002       0.498       0.283       1.178       0.056       1.258     108.901        8.85      33469.    0.1190
        1.03      0.5426      0.4380      0.0227      0.0281       0.001       0.465       0.236       1.101       0.053       1.050      97.230        8.86      33540.    0.0970
        1.07      0.5652      0.3943      0.0182      0.0260       0.001       0.431       0.189       1.019       0.049       0.840      84.025        8.87      33612.    0.0750
        1.11      0.5878      0.3355      0.0136      0.0238       0.001       0.394       0.141       0.933       0.045       0.629      68.757        8.88      33687.    0.0531
        1.16      0.6104      0.2566      0.0090      0.0215       0.001       0.356       0.094       0.842       0.040       0.418      50.636        8.89      33765.    0.0319
        1.20      0.6330      0.1492      0.0045      0.0191       0.001       0.316       0.047       0.748       0.036       0.208      28.392        8.90      33844.    0.0126
        1.24      0.6556     -0.0017      0.0000      0.0166       0.001       0.275       0.000       0.650       0.031      -0.002      -0.313        8.91      33923.    0.0000



         PROP RPM =        300

         V          J           Pe         Ct          Cp          PWR         Torque      Thrust      PWR         Torque      Thrust      THR/PWR      Vtip      Reyn       FOM
       (mph)     (Adv_Ratio)     -          -           -          (Hp)        (In-Lbf)     (Lbf)      (W)         (N-m)       (N)         (g/W)       (ft/s)      -          -
        0.00      0.0000      0.0000      0.1029      0.0417       0.007       1.552       2.407       5.510       0.175      10.706     198.151       13.09      48687.    0.6316
        0.06      0.0227      0.0546      0.1011      0.0420       0.007       1.564       2.365       5.552       0.177      10.521     193.230       13.09      48721.    0.6106
        0.13      0.0454      0.1065      0.0992      0.0423       0.007       1.575       2.321       5.590       0.178      10.323     188.311       13.09      48757.    0.5894
        0.19      0.0681      0.1556      0.0972      0.0425       0.008       1.584       2.273       5.622       0.179      10.112     183.407       13.09      48796.    0.5681
        0.26      0.0908      0.2019      0.0950      0.0427       0.008       1.591       2.223       5.647       0.180       9.887     178.525       13.10      48837.    0.5468
        0.32      0.1135      0.2455      0.0927      0.0429       0.008       1.596       2.169       5.664       0.180       9.647     173.668       13.10      48881.    0.5255
        0.39      0.1362      0.2864      0.0902      0.0429       0.008       1.598       2.111       5.672       0.181       9.391     168.839       13.10      48928.    0.5040
        0.45      0.1589      0.3246      0.0876      0.0429       0.008       1.597       2.050       5.668       0.180       9.118     164.040       13.11      48978.    0.4825
        0.52      0.1816      0.3602      0.0848      0.0428       0.008       1.592       1.985       5.652       0.180       8.828     159.271       13.11      49031.    0.4610
        0.58      0.2043      0.3932      0.0819      0.0425       0.008       1.584       1.915       5.622       0.179       8.519     154.528       13.12      49087.    0.4394
        0.64      0.2270      0.4235      0.0787      0.0422       0.007       1.571       1.842       5.577       0.178       8.194     149.808       13.12      49146.    0.4177
        0.71      0.2497      0.4513      0.0755      0.0418       0.007       1.555       1.765       5.518       0.176       7.852     145.103       13.13      49209.    0.3961
        0.77      0.2724      0.4763      0.0720      0.0412       0.007       1.534       1.685       5.443       0.173       7.495     140.401       13.14      49274.    0.3744
        0.84      0.2951      0.4987      0.0685      0.0405       0.007       1.508       1.602       5.354       0.170       7.124     135.688       13.15      49343.    0.3528
        0.90      0.3178      0.5183      0.0648      0.0397       0.007       1.479       1.515       5.249       0.167       6.740     130.944       13.16      49414.    0.3312
        0.97      0.3405      0.5350      0.0610      0.0388       0.007       1.445       1.426       5.128       0.163       6.344     126.149       13.17      49490.    0.3095
        1.03      0.3632      0.5486      0.0571      0.0378       0.007       1.406       1.335       4.992       0.159       5.937     121.275       13.18      49568.    0.2879
        1.10      0.3859      0.5589      0.0530      0.0366       0.006       1.363       1.241       4.839       0.154       5.519     116.289       13.19      49650.    0.2661
        1.16      0.4086      0.5656      0.0489      0.0353       0.006       1.316       1.145       4.671       0.149       5.091     111.149       13.20      49735.    0.2443
        1.23      0.4313      0.5684      0.0447      0.0339       0.006       1.264       1.046       4.485       0.143       4.654     105.805       13.21      49824.    0.2224
        1.29      0.4540      0.5665      0.0404      0.0324       0.006       1.207       0.946       4.283       0.136       4.208     100.190       13.23      49916.    0.2002
        1.35      0.4767      0.5594      0.0361      0.0308       0.005       1.145       0.844       4.064       0.129       3.755      94.217       13.24      50012.    0.1779
        1.42      0.4994      0.5459      0.0317      0.0290       0.005       1.079       0.741       3.828       0.122       3.295      87.770       13.25      50111.    0.1552
        1.48      0.5221      0.5247      0.0272      0.0271       0.005       1.007       0.636       3.576       0.114       2.829      80.695       13.27      50214.    0.1322
        1.55      0.5448      0.4938      0.0227      0.0250       0.004       0.932       0.530       3.306       0.105       2.360      72.771       13.29      50320.    0.1089
        1.61      0.5675      0.4501      0.0181      0.0229       0.004       0.851       0.424       3.021       0.096       1.887      63.685       13.30      50430.    0.0852
        1.68      0.5902      0.3893      0.0136      0.0206       0.004       0.767       0.318       2.721       0.087       1.413      52.962       13.32      50543.    0.0613
        1.74      0.6129      0.3041      0.0090      0.0182       0.003       0.678       0.211       2.406       0.077       0.940      39.840       13.34      50660.    0.0376
        1.81      0.6356      0.1821      0.0045      0.0157       0.003       0.585       0.105       2.078       0.066       0.469      22.999       13.36      50780.    0.0153
        1.87      0.6583     -0.0024      0.0000      0.0131       0.002       0.488      -0.001       1.733       0.055      -0.005      -0.292       13.37      50898.    0.0000



         PROP RPM =        400

         V          J           Pe         Ct          Cp          PWR         Torque      Thrust      PWR         Torque      Thrust      THR/PWR      Vtip      Reyn       FOM
       (mph)     (Adv_Ratio)     -          -           -          (Hp)        (In-Lbf)     (Lbf)      (W)         (N-m)       (N)         (g/W)       (ft/s)      -          -
        0.00      0.0000      0.0000      0.1030      0.0399       0.017       2.641       4.284      12.500       0.298      19.056     155.455       17.45      64916.    0.6611
        0.09      0.0228      0.0573      0.1012      0.0402       0.017       2.664       4.210      12.606       0.301      18.726     151.483       17.45      64961.    0.6386
        0.17      0.0455      0.1115      0.0993      0.0405       0.017       2.684       4.131      12.701       0.303      18.374     147.523       17.46      65010.    0.6160
        0.26      0.0683      0.1628      0.0973      0.0408       0.017       2.701       4.047      12.782       0.305      17.999     143.588       17.46      65061.    0.5934
        0.34      0.0910      0.2112      0.0951      0.0410       0.017       2.715       3.956      12.847       0.307      17.598     139.682       17.46      65117.    0.5708
        0.43      0.1138      0.2566      0.0928      0.0412       0.017       2.724       3.860      12.893       0.308      17.171     135.810       17.46      65176.    0.5482
        0.52      0.1366      0.2993      0.0904      0.0412       0.017       2.729       3.758      12.915       0.308      16.715     131.974       17.47      65239.    0.5256
        0.60      0.1593      0.3391      0.0877      0.0412       0.017       2.728       3.649      12.911       0.308      16.229     128.176       17.48      65306.    0.5030
        0.69      0.1821      0.3762      0.0849      0.0411       0.017       2.721       3.532      12.877       0.307      15.711     124.417       17.48      65377.    0.4804
        0.78      0.2048      0.4105      0.0820      0.0409       0.017       2.707       3.409      12.810       0.306      15.161     120.694       17.49      65451.    0.4578
        0.86      0.2276      0.4422      0.0788      0.0406       0.017       2.685       3.278      12.707       0.303      14.581     117.005       17.50      65531.    0.4352
        0.95      0.2504      0.4712      0.0755      0.0401       0.017       2.656       3.141      12.569       0.300      13.971     113.344       17.51      65614.    0.4127
        1.03      0.2731      0.4975      0.0721      0.0396       0.017       2.619       2.998      12.395       0.296      13.335     109.703       17.52      65701.    0.3902
        1.12      0.2959      0.5212      0.0685      0.0389       0.016       2.574       2.849      12.184       0.291      12.673     106.071       17.53      65793.    0.3678
        1.21      0.3186      0.5420      0.0648      0.0381       0.016       2.522       2.695      11.935       0.285      11.989     102.432       17.54      65889.    0.3455
        1.29      0.3414      0.5600      0.0610      0.0372       0.016       2.461       2.537      11.649       0.278      11.283      98.771       17.56      65990.    0.3232
        1.38      0.3642      0.5749      0.0571      0.0361       0.015       2.393       2.374      11.324       0.270      10.557      95.068       17.57      66095.    0.3009
        1.47      0.3869      0.5866      0.0530      0.0350       0.015       2.316       2.206      10.960       0.262       9.813      91.297       17.59      66205.    0.2786
        1.55      0.4097      0.5948      0.0489      0.0337       0.014       2.231       2.035      10.556       0.252       9.050      87.426       17.60      66319.    0.2562
        1.64      0.4324      0.5990      0.0447      0.0323       0.014       2.137       1.860      10.112       0.241       8.272      83.417       17.62      66438.    0.2337
        1.72      0.4552      0.5988      0.0404      0.0307       0.013       2.034       1.681       9.626       0.230       7.478      79.217       17.64      66561.    0.2110
        1.81      0.4780      0.5933      0.0361      0.0290       0.012       1.923       1.500       9.100       0.217       6.671      74.758       17.65      66690.    0.1881
        1.90      0.5007      0.5816      0.0316      0.0272       0.011       1.803       1.316       8.532       0.204       5.853      69.949       17.67      66822.    0.1649
        1.98      0.5235      0.5621      0.0272      0.0253       0.011       1.674       1.130       7.923       0.189       5.024      64.662       17.69      66960.    0.1412
        2.07      0.5462      0.5326      0.0226      0.0232       0.010       1.537       0.942       7.274       0.174       4.189      58.716       17.72      67102.    0.1171
        2.16      0.5690      0.4898      0.0181      0.0210       0.009       1.392       0.753       6.586       0.157       3.348      51.838       17.74      67250.    0.0924
        2.24      0.5918      0.4285      0.0135      0.0187       0.008       1.239       0.563       5.861       0.140       2.506      43.605       17.76      67401.    0.0672
        2.33      0.6145      0.3398      0.0090      0.0163       0.007       1.078       0.375       5.101       0.122       1.666      33.303       17.78      67558.    0.0419
        2.41      0.6373      0.2076      0.0045      0.0138       0.006       0.910       0.186       4.308       0.103       0.829      19.618       17.81      67718.    0.0174
        2.50      0.6600     -0.0048     -0.0001      0.0111       0.005       0.733      -0.003       3.470       0.083      -0.015      -0.437       17.83      67874.    0.0000



         PROP RPM =        500

         V          J           Pe         Ct          Cp          PWR         Torque      Thrust      PWR         Torque      Thrust      THR/PWR      Vtip      Reyn       FOM
       (mph)     (Adv_Ratio)     -          -           -          (Hp)        (In-Lbf)     (Lbf)      (W)         (N-m)       (N)         (g/W)       (ft/s)      -          -
        0.00      0.0000      0.0000      0.1031      0.0387       0.032       4.004       6.699      23.686       0.452      29.798     128.285       21.82      81145.    0.6822
        0.11      0.0228      0.0591      0.1013      0.0391       0.032       4.040       6.583      23.900       0.456      29.283     124.939       21.82      81201.    0.6586
        0.22      0.0456      0.1151      0.0994      0.0394       0.032       4.073       6.460      24.093       0.460      28.733     121.611       21.82      81262.    0.6350
        0.32      0.0684      0.1680      0.0974      0.0396       0.033       4.101       6.328      24.259       0.463      28.146     118.311       21.82      81327.    0.6114
        0.43      0.0912      0.2178      0.0952      0.0399       0.033       4.123       6.187      24.392       0.466      27.519     115.043       21.83      81397.    0.5879
        0.54      0.1140      0.2646      0.0929      0.0400       0.033       4.139       6.037      24.488       0.468      26.850     111.811       21.83      81471.    0.5644
        0.65      0.1368      0.3085      0.0904      0.0401       0.033       4.148       5.876      24.538       0.469      26.137     108.618       21.84      81550.    0.5409
        0.76      0.1596      0.3495      0.0878      0.0401       0.033       4.148       5.705      24.536       0.469      25.376     105.464       21.84      81633.    0.5175
        0.86      0.1824      0.3876      0.0850      0.0400       0.033       4.137       5.523      24.475       0.467      24.566     102.350       21.85      81722.    0.4942
        0.97      0.2052      0.4229      0.0820      0.0398       0.033       4.116       5.329      24.348       0.465      23.705      99.276       21.86      81816.    0.4709
        1.08      0.2280      0.4556      0.0789      0.0395       0.032       4.083       5.125      24.153       0.461      22.795      96.240       21.87      81915.    0.4476
        1.19      0.2509      0.4855      0.0756      0.0390       0.032       4.038       4.910      23.886       0.456      21.840      93.237       21.89      82020.    0.4245
        1.30      0.2737      0.5127      0.0721      0.0385       0.032       3.981       4.686      23.548       0.450      20.843      90.260       21.90      82129.    0.4014
        1.40      0.2965      0.5372      0.0685      0.0378       0.031       3.911       4.453      23.137       0.442      19.808      87.300       21.91      82245.    0.3785
        1.51      0.3193      0.5590      0.0648      0.0370       0.030       3.829       4.212      22.652       0.433      18.736      84.346       21.93      82365.    0.3557
        1.62      0.3421      0.5779      0.0610      0.0361       0.030       3.734       3.964      22.091       0.422      17.631      81.385       21.95      82491.    0.3329
        1.73      0.3649      0.5938      0.0571      0.0351       0.029       3.627       3.708      21.454       0.410      16.495      78.399       21.96      82623.    0.3102
        1.84      0.3877      0.6065      0.0530      0.0339       0.028       3.506       3.446      20.739       0.396      15.329      75.370       21.98      82761.    0.2875
        1.94      0.4105      0.6158      0.0489      0.0326       0.027       3.372       3.178      19.945       0.381      14.136      72.272       22.00      82904.    0.2647
        2.05      0.4333      0.6212      0.0447      0.0312       0.026       3.224       2.904      19.070       0.364      12.917      69.073       22.02      83053.    0.2418
        2.16      0.4561      0.6223      0.0404      0.0296       0.024       3.062       2.625      18.113       0.346      11.676      65.732       22.05      83208.    0.2188
        2.27      0.4789      0.6182      0.0360      0.0279       0.023       2.886       2.341      17.074       0.326      10.413      62.192       22.07      83369.    0.1955
        2.38      0.5017      0.6079      0.0316      0.0261       0.021       2.697       2.053      15.953       0.305       9.133      58.377       22.09      83535.    0.1719
        2.48      0.5245      0.5899      0.0271      0.0241       0.020       2.493       1.762      14.750       0.282       7.837      54.182       22.12      83708.    0.1478
        2.59      0.5473      0.5618      0.0226      0.0220       0.018       2.277       1.468      13.467       0.257       6.531      49.449       22.15      83887.    0.1231
        2.70      0.5701      0.5200      0.0180      0.0198       0.016       2.047       1.173      12.107       0.231       5.217      43.943       22.17      84071.    0.0978
        2.81      0.5929      0.4588      0.0135      0.0174       0.014       1.804       0.877      10.673       0.204       3.902      37.281       22.20      84262.    0.0717
        2.92      0.6157      0.3681      0.0090      0.0150       0.012       1.550       0.582       9.169       0.175       2.589      28.797       22.23      84458.    0.0451
        3.02      0.6385      0.2280      0.0044      0.0124       0.010       1.285       0.288       7.599       0.145       1.282      17.202       22.26      84659.    0.0190
        3.13      0.6613     -0.0095     -0.0001      0.0097       0.008       1.003      -0.009       5.934       0.113      -0.040      -0.695       22.29      84850.    0.0000



         PROP RPM =        600

         V          J           Pe         Ct          Cp          PWR         Torque      Thrust      PWR         Torque      Thrust      THR/PWR      Vtip      Reyn       FOM
       (mph)     (Adv_Ratio)     -          -           -          (Hp)        (In-Lbf)     (Lbf)      (W)         (N-m)       (N)         (g/W)       (ft/s)      -          -
        0.00      0.0000      0.0000      0.1031      0.0379       0.054       5.638       9.652      40.020       0.637      42.933     109.395       26.18      97374.    0.6983
        0.13      0.0228      0.0606      0.1014      0.0382       0.054       5.691       9.486      40.399       0.643      42.192     106.498       26.18      97442.    0.6739
        0.26      0.0457      0.1179      0.0995      0.0385       0.055       5.739       9.307      40.740       0.648      41.399     103.621       26.18      97515.    0.6495
        0.39      0.0685      0.1720      0.0974      0.0388       0.055       5.781       9.117      41.036       0.653      40.553     100.773       26.19      97593.    0.6251
        0.52      0.0914      0.2229      0.0953      0.0390       0.055       5.814       8.914      41.275       0.657      39.650      97.957       26.19      97676.    0.6009
        0.65      0.1142      0.2707      0.0929      0.0392       0.056       5.839       8.697      41.448       0.660      38.686      95.177       26.20      97765.    0.5767
        0.78      0.1370      0.3155      0.0905      0.0393       0.056       5.852       8.466      41.543       0.661      37.658      92.435       26.20      97860.    0.5526
        0.91      0.1599      0.3573      0.0878      0.0393       0.056       5.853       8.219      41.547       0.661      36.560      89.732       26.21      97961.    0.5285
        1.04      0.1827      0.3963      0.0850      0.0392       0.056       5.839       7.957      41.448       0.660      35.391      87.070       26.22      98068.    0.5046
        1.17      0.2055      0.4324      0.0820      0.0390       0.055       5.809       7.677      41.235       0.656      34.149      84.448       26.24      98181.    0.4807
        1.30      0.2284      0.4657      0.0789      0.0387       0.055       5.762       7.382      40.903       0.651      32.837      81.864       26.25      98300.    0.4570
        1.43      0.2512      0.4963      0.0756      0.0383       0.054       5.698       7.073      40.446       0.644      31.460      79.315       26.26      98426.    0.4334
        1.56      0.2741      0.5242      0.0721      0.0377       0.053       5.616       6.750      39.865       0.634      30.022      76.794       26.28      98558.    0.4099
        1.69      0.2969      0.5494      0.0685      0.0370       0.053       5.516       6.414      39.156       0.623      28.528      74.295       26.30      98696.    0.3866
        1.82      0.3197      0.5719      0.0648      0.0362       0.051       5.398       6.066      38.318       0.610      26.983      71.807       26.32      98841.    0.3634
        1.95      0.3426      0.5915      0.0610      0.0353       0.050       5.261       5.708      37.348       0.594      25.389      69.320       26.34      98993.    0.3403
        2.08      0.3654      0.6082      0.0571      0.0343       0.049       5.106       5.339      36.244       0.577      23.750      66.821       26.36      99152.    0.3172
        2.21      0.3883      0.6218      0.0530      0.0331       0.047       4.931       4.962      35.002       0.557      22.069      64.292       26.38      99317.    0.2942
        2.34      0.4111      0.6319      0.0489      0.0318       0.045       4.736       4.575      33.622       0.535      20.348      61.714       26.40      99490.    0.2712
        2.47      0.4339      0.6383      0.0447      0.0304       0.043       4.522       4.180      32.101       0.511      18.591      59.058       26.43      99669.    0.2481
        2.60      0.4568      0.6405      0.0404      0.0288       0.041       4.288       3.777      30.436       0.484      16.801      56.291       26.46      99855.    0.2248
        2.73      0.4796      0.6375      0.0360      0.0271       0.038       4.033       3.368      28.627       0.456      14.982      53.366       26.48     100049.    0.2012
        2.85      0.5024      0.6285      0.0316      0.0252       0.036       3.758       2.953      26.674       0.425      13.136      50.218       26.51     100249.    0.1773
        2.98      0.5253      0.6118      0.0271      0.0232       0.033       3.462       2.534      24.578       0.391      11.270      46.756       26.54     100457.    0.1529
        3.11      0.5481      0.5850      0.0226      0.0211       0.030       3.147       2.110      22.342       0.356       9.387      42.845       26.58     100672.    0.1279
        3.24      0.5710      0.5443      0.0180      0.0189       0.027       2.813       1.685      19.970       0.318       7.495      38.274       26.61     100894.    0.1021
        3.37      0.5938      0.4836      0.0135      0.0165       0.023       2.461       1.259      17.468       0.278       5.601      32.698       26.64     101123.    0.0754
        3.50      0.6166      0.3916      0.0089      0.0140       0.020       2.091       0.834      14.846       0.236       3.712      25.494       26.68     101359.    0.0478
        3.63      0.6395      0.2454      0.0044      0.0114       0.016       1.705       0.411      12.105       0.193       1.829      15.409       26.72     101601.    0.0203
        3.76      0.6623     -0.0150     -0.0002      0.0087       0.012       1.294      -0.018       9.188       0.146      -0.082      -0.907       26.76     101826.    0.0000



         PROP RPM =        700

         V          J           Pe         Ct          Cp          PWR         Torque      Thrust      PWR         Torque      Thrust      THR/PWR      Vtip      Reyn       FOM
       (mph)     (Adv_Ratio)     -          -           -          (Hp)        (In-Lbf)     (Lbf)      (W)         (N-m)       (N)         (g/W)       (ft/s)      -          -
        0.00      0.0000      0.0000      0.1032      0.0372       0.084       7.540      13.144      62.447       0.852      58.462      95.466       30.54     113603.    0.7111
        0.15      0.0231      0.0623      0.1014      0.0376       0.085       7.615      12.914      63.064       0.860      57.443      92.884       30.54     113683.    0.6858
        0.31      0.0461      0.1211      0.0995      0.0379       0.085       7.682      12.669      63.621       0.868      56.353      90.323       30.55     113769.    0.6605
        0.46      0.0692      0.1766      0.0974      0.0382       0.086       7.740      12.408      64.103       0.874      55.189      87.791       30.55     113861.    0.6353
        0.61      0.0923      0.2287      0.0952      0.0384       0.086       7.787      12.128      64.494       0.880      53.945      85.293       30.56     113960.    0.6103
        0.76      0.1154      0.2777      0.0929      0.0386       0.087       7.822      11.829      64.777       0.884      52.617      82.829       30.56     114065.    0.5853
        0.92      0.1384      0.3235      0.0904      0.0387       0.087       7.840      11.510      64.931       0.886      51.198      80.404       30.57     114177.    0.5604
        1.07      0.1615      0.3662      0.0877      0.0387       0.087       7.841      11.170      64.938       0.886      49.684      78.018       30.58     114297.    0.5357
        1.22      0.1846      0.4059      0.0848      0.0386       0.087       7.821      10.807      64.776       0.884      48.069      75.672       30.60     114423.    0.5111
        1.38      0.2076      0.4427      0.0818      0.0384       0.086       7.779      10.421      64.428       0.879      46.353      73.365       30.61     114557.    0.4866
        1.53      0.2307      0.4767      0.0786      0.0381       0.086       7.714      10.014      63.884       0.871      44.541      71.096       30.63     114698.    0.4622
        1.68      0.2538      0.5079      0.0753      0.0376       0.085       7.624       9.586      63.139       0.861      42.638      68.862       30.64     114847.    0.4380
        1.84      0.2769      0.5363      0.0718      0.0370       0.083       7.509       9.140      62.189       0.848      40.653      66.658       30.66     115003.    0.4140
        1.99      0.2999      0.5620      0.0681      0.0364       0.082       7.369       8.676      61.032       0.833      38.590      64.477       30.68     115168.    0.3902
        2.14      0.3230      0.5849      0.0644      0.0355       0.080       7.204       8.196      59.663       0.814      36.457      62.310       30.70     115340.    0.3665
        2.29      0.3461      0.6049      0.0605      0.0346       0.078       7.013       7.702      58.078       0.792      34.257      60.147       30.73     115520.    0.3429
        2.45      0.3692      0.6220      0.0565      0.0335       0.075       6.795       7.193      56.273       0.768      31.994      57.977       30.75     115708.    0.3195
        2.60      0.3922      0.6358      0.0524      0.0323       0.073       6.550       6.671      54.244       0.740      29.674      55.784       30.78     115904.    0.2960
        2.75      0.4153      0.6463      0.0482      0.0310       0.070       6.277       6.138      51.987       0.709      27.301      53.550       30.81     116109.    0.2726
        2.91      0.4384      0.6529      0.0439      0.0295       0.066       5.977       5.593      49.498       0.675      24.878      51.250       30.84     116322.    0.2490
        3.06      0.4614      0.6551      0.0396      0.0279       0.063       5.648       5.038      46.776       0.638      22.410      48.853       30.87     116543.    0.2253
        3.21      0.4845      0.6521      0.0351      0.0261       0.059       5.291       4.474      43.817       0.598      19.901      46.315       30.90     116773.    0.2013
        3.36      0.5076      0.6427      0.0306      0.0242       0.054       4.905       3.903      40.623       0.554      17.359      43.575       30.94     117011.    0.1769
        3.52      0.5307      0.6252      0.0261      0.0222       0.050       4.491       3.325      37.195       0.507      14.789      40.544       30.98     117258.    0.1519
        3.67      0.5537      0.5968      0.0215      0.0200       0.045       4.050       2.743      33.540       0.458      12.199      37.089       31.01     117513.    0.1262
        3.82      0.5768      0.5531      0.0169      0.0177       0.040       3.582       2.158      29.665       0.405       9.599      32.995       31.05     117777.    0.0996
        3.98      0.5999      0.4863      0.0124      0.0152       0.034       3.089       1.573      25.582       0.349       6.998      27.895       31.10     118049.    0.0719
        4.13      0.6229      0.3818      0.0078      0.0127       0.029       2.572       0.990      21.304       0.291       4.406      21.088       31.14     118330.    0.0431
        4.28      0.6460      0.2073      0.0032      0.0100       0.023       2.032       0.410      16.830       0.230       1.822      11.041       31.18     118615.    0.0145
        4.44      0.6691



         PROP RPM =        800

         V          J           Pe         Ct          Cp          PWR         Torque      Thrust      PWR         Torque      Thrust      THR/PWR      Vtip      Reyn       FOM
       (mph)     (Adv_Ratio)     -          -           -          (Hp)        (In-Lbf)     (Lbf)      (W)         (N-m)       (N)         (g/W)       (ft/s)      -          -
        0.00      0.0000      0.0000      0.1032      0.0367       0.123       9.710      17.173      91.906       1.097      76.385      84.751       34.91     129832.    0.7216
        0.17      0.0228      0.0626      0.1014      0.0370       0.124       9.808      16.877      92.831       1.108      75.069      82.461       34.91     129923.    0.6960
        0.35      0.0457      0.1217      0.0995      0.0374       0.126       9.896      16.561      93.668       1.118      73.662      80.192       34.91     130020.    0.6705
        0.52      0.0685      0.1774      0.0975      0.0377       0.127       9.973      16.223      94.395       1.127      72.159      77.951       34.91     130124.    0.6450
        0.69      0.0914      0.2299      0.0953      0.0379       0.127      10.036      15.862      94.990       1.134      70.555      75.740       34.92     130235.    0.6198
        0.87      0.1142      0.2791      0.0930      0.0381       0.128      10.082      15.477      95.428       1.139      68.843      73.564       34.93     130354.    0.5946
        1.04      0.1371      0.3251      0.0906      0.0382       0.128      10.109      15.066      95.680       1.142      67.016      71.422       34.94     130481.    0.5696
        1.21      0.1599      0.3682      0.0879      0.0382       0.128      10.113      14.628      95.717       1.143      65.066      69.318       34.95     130615.    0.5447
        1.38      0.1828      0.4082      0.0851      0.0381       0.128      10.091      14.161      95.508       1.140      62.988      67.251       34.97     130757.    0.5199
        1.56      0.2056      0.4454      0.0821      0.0379       0.127      10.040      13.665      95.029       1.134      60.781      65.221       34.98     130908.    0.4953
        1.73      0.2285      0.4797      0.0790      0.0376       0.126       9.959      13.140      94.263       1.125      58.449      63.228       35.00     131067.    0.4709
        1.90      0.2513      0.5114      0.0757      0.0372       0.125       9.847      12.590      93.203       1.113      56.000      61.269       35.02     131235.    0.4466
        2.08      0.2741      0.5403      0.0722      0.0366       0.123       9.703      12.015      91.842       1.096      53.445      59.339       35.04     131411.    0.4226
        2.25      0.2970      0.5665      0.0686      0.0360       0.121       9.527      11.419      90.176       1.076      50.790      57.434       35.06     131596.    0.3987
        2.42      0.3198      0.5900      0.0649      0.0352       0.118       9.319      10.801      88.199       1.053      48.043      55.545       35.09     131789.    0.3750
        2.60      0.3427      0.6108      0.0611      0.0343       0.115       9.076      10.164      85.906       1.025      45.210      53.665       35.11     131992.    0.3515
        2.77      0.3655      0.6287      0.0572      0.0332       0.112       8.800       9.509      83.290       0.994      42.298      51.784       35.14     132203.    0.3281
        2.94      0.3884      0.6435      0.0531      0.0321       0.108       8.489       8.838      80.345       0.959      39.310      49.891       35.17     132424.    0.3047
        3.12      0.4112      0.6551      0.0490      0.0308       0.103       8.142       8.150      77.065       0.920      36.253      47.970       35.20     132654.    0.2814
        3.29      0.4341      0.6632      0.0448      0.0293       0.098       7.760       7.449      73.445       0.877      33.132      46.001       35.24     132893.    0.2579
        3.46      0.4569      0.6671      0.0405      0.0277       0.093       7.341       6.734      69.479       0.829      29.952      43.960       35.27     133142.    0.2344
        3.63      0.4798      0.6662      0.0361      0.0260       0.087       6.885       6.007      65.167       0.778      26.720      41.811       35.31     133400.    0.2105
        3.81      0.5026      0.6595      0.0317      0.0241       0.081       6.393       5.270      60.507       0.722      23.443      39.508       35.35     133667.    0.1863
        3.98      0.5254      0.6453      0.0272      0.0221       0.074       5.864       4.525      55.503       0.663      20.128      36.980       35.39     133944.    0.1616
        4.15      0.5483      0.6214      0.0227      0.0200       0.067       5.300       3.774      50.160       0.599      16.786      34.125       35.43     134231.    0.1362
        4.33      0.5711      0.5838      0.0181      0.0178       0.060       4.701       3.019      44.491       0.531      13.428      30.778       35.48     134527.    0.1099
        4.50      0.5940      0.5259      0.0136      0.0154       0.052       4.069       2.263      38.510       0.460      10.067      26.657       35.53     134833.    0.0824
        4.67      0.6168      0.4351      0.0091      0.0129       0.043       3.406       1.509      32.236       0.385       6.714      21.237       35.57     135148.    0.0536
        4.85      0.6397      0.2846      0.0046      0.0102       0.034       2.713       0.759      25.679       0.307       3.374      13.398       35.62     135470.    0.0240
        5.02      0.6625     -0.0023      0.0000      0.0075       0.025       1.975      -0.004      18.691       0.223      -0.019      -0.104       35.67     135770.    0.0000



         PROP RPM =        900

         V          J           Pe         Ct          Cp          PWR         Torque      Thrust      PWR         Torque      Thrust      THR/PWR      Vtip      Reyn       FOM
       (mph)     (Adv_Ratio)     -          -           -          (Hp)        (In-Lbf)     (Lbf)      (W)         (N-m)       (N)         (g/W)       (ft/s)      -          -
        0.00      0.0000      0.0000      0.1033      0.0362       0.173      12.146      21.741     129.335       1.372      96.703      76.243       39.27     146061.    0.7304
        0.20      0.0229      0.0634      0.1015      0.0366       0.175      12.271      21.366     130.667       1.386      95.034      74.164       39.27     146163.    0.7043
        0.39      0.0458      0.1233      0.0996      0.0370       0.177      12.385      20.964     131.875       1.399      93.250      72.105       39.27     146273.    0.6783
        0.59      0.0687      0.1798      0.0975      0.0373       0.178      12.484      20.536     132.926       1.410      91.345      70.073       39.28     146390.    0.6524
        0.78      0.0916      0.2329      0.0954      0.0375       0.179      12.565      20.079     133.788       1.420      89.310      68.071       39.29     146516.    0.6267
        0.98      0.1145      0.2827      0.0930      0.0377       0.180      12.624      19.591     134.425       1.426      87.139      66.101       39.30     146650.    0.6011
        1.17      0.1374      0.3293      0.0906      0.0378       0.181      12.659      19.069     134.795       1.430      84.820      64.166       39.31     146792.    0.5757
        1.37      0.1602      0.3728      0.0879      0.0378       0.181      12.665      18.513     134.857       1.431      82.346      62.266       39.32     146944.    0.5504
        1.56      0.1831      0.4133      0.0851      0.0377       0.180      12.638      17.920     134.568       1.428      79.710      60.402       39.34     147105.    0.5253
        1.76      0.2060      0.4509      0.0821      0.0375       0.180      12.574      17.291     133.890       1.421      76.908      58.574       39.35     147275.    0.5004
        1.95      0.2289      0.4857      0.0790      0.0372       0.178      12.472      16.625     132.802       1.409      73.948      56.781       39.37     147454.    0.4757
        2.15      0.2518      0.5177      0.0756      0.0368       0.176      12.330      15.926     131.291       1.393      70.841      55.021       39.40     147643.    0.4511
        2.34      0.2747      0.5470      0.0722      0.0363       0.173      12.148      15.197     129.349       1.372      67.597      53.290       39.42     147842.    0.4268
        2.54      0.2976      0.5736      0.0686      0.0356       0.170      11.924      14.440     126.969       1.347      64.228      51.583       39.45     148051.    0.4027
        2.73      0.3205      0.5975      0.0649      0.0348       0.166      11.659      13.656     124.143       1.317      60.742      49.894       39.47     148269.    0.3788
        2.93      0.3434      0.6186      0.0610      0.0339       0.162      11.351      12.848     120.862       1.282      57.147      48.215       39.50     148498.    0.3551
        3.12      0.3663      0.6369      0.0571      0.0328       0.157      10.999      12.017     117.117       1.243      53.451      46.539       39.54     148737.    0.3315
        3.32      0.3892      0.6522      0.0530      0.0316       0.151      10.603      11.165     112.898       1.198      49.660      44.854       39.57     148986.    0.3079
        3.51      0.4121      0.6643      0.0489      0.0303       0.145      10.161      10.293     108.198       1.148      45.782      43.147       39.61     149245.    0.2844
        3.71      0.4350      0.6728      0.0447      0.0289       0.138       9.674       9.402     103.008       1.093      41.822      41.401       39.64     149516.    0.2608
        3.90      0.4578      0.6773      0.0403      0.0273       0.131       9.140       8.496      97.323       1.033      37.789      39.594       39.68     149796.    0.2371
        4.10      0.4807      0.6771      0.0360      0.0255       0.122       8.559       7.574      91.138       0.967      33.689      37.694       39.73     150088.    0.2131
        4.29      0.5036      0.6710      0.0315      0.0237       0.113       7.931       6.639      84.454       0.896      29.532      35.658       39.77     150390.    0.1888
        4.49      0.5265      0.6576      0.0270      0.0217       0.104       7.257       5.695      77.274       0.820      25.329      33.425       39.82     150702.    0.1639
        4.68      0.5494      0.6343      0.0225      0.0195       0.093       6.537       4.742      69.609       0.739      21.092      30.899       39.87     151026.    0.1382
        4.88      0.5723      0.5972      0.0180      0.0172       0.082       5.773       3.785      61.475       0.652      16.836      27.927       39.92     151361.    0.1116
        5.07      0.5952      0.5392      0.0134      0.0148       0.071       4.968       2.827      52.895       0.561      12.576      24.245       39.97     151706.    0.0838
        5.27      0.6181      0.4468      0.0089      0.0123       0.059       4.122       1.872      43.894       0.466       8.328      19.346       40.02     152061.    0.0544
        5.46      0.6410      0.2901      0.0044      0.0097       0.046       3.239       0.921      34.486       0.366       4.097      12.113       40.08     152425.    0.0239
        5.66      0.6639     -0.0254     -0.0003      0.0068       0.033       2.287      -0.055      24.354       0.258      -0.244      -1.023       40.14     152745.    0.0000



         PROP RPM =       1000

         V          J           Pe         Ct          Cp          PWR         Torque      Thrust      PWR         Torque      Thrust      THR/PWR      Vtip      Reyn       FOM
       (mph)     (Adv_Ratio)     -          -           -          (Hp)        (In-Lbf)     (Lbf)      (W)         (N-m)       (N)         (g/W)       (ft/s)      -          -
        0.00      0.0000      0.0000      0.1033      0.0359       0.236      14.848      26.847     175.665       1.677     119.415      69.319       43.63     162290.    0.7379
        0.22      0.0229      0.0640      0.1015      0.0363       0.238      15.003      26.384     177.508       1.695     117.357      67.417       43.63     162403.    0.7115
        0.43      0.0458      0.1245      0.0996      0.0366       0.240      15.145      25.889     179.180       1.711     115.156      65.536       43.64     162525.    0.6851
        0.65      0.0686      0.1815      0.0976      0.0369       0.242      15.268      25.361     180.637       1.725     112.806      63.680       43.64     162656.    0.6589
        0.87      0.0915      0.2350      0.0954      0.0372       0.244      15.369      24.797     181.836       1.736     110.297      61.854       43.65     162795.    0.6328
        1.08      0.1144      0.2852      0.0931      0.0373       0.245      15.444      24.195     182.726       1.745     107.619      60.058       43.66     162944.    0.6069
        1.30      0.1373      0.3322      0.0906      0.0374       0.246      15.489      23.552     183.252       1.750     104.760      58.294       43.67     163102.    0.5812
        1.52      0.1602      0.3761      0.0880      0.0375       0.246      15.498      22.866     183.354       1.751     101.709      56.565       43.69     163271.    0.5557
        1.73      0.1830      0.4170      0.0852      0.0374       0.245      15.466      22.135     182.975       1.747      98.457      54.870       43.71     163449.    0.5304
        1.95      0.2059      0.4549      0.0822      0.0372       0.244      15.389      21.358     182.064       1.739      95.002      53.209       43.73     163638.    0.5052
        2.17      0.2288      0.4900      0.0790      0.0369       0.242      15.264      20.538     180.590       1.725      91.351      51.582       43.75     163837.    0.4803
        2.38      0.2517      0.5223      0.0757      0.0365       0.239      15.090      19.676     178.534       1.705      87.519      49.987       43.77     164047.    0.4555
        2.60      0.2746      0.5519      0.0722      0.0359       0.236      14.866      18.777     175.886       1.680      83.518      48.420       43.80     164268.    0.4311
        2.82      0.2974      0.5789      0.0686      0.0353       0.232      14.592      17.842     172.637       1.649      79.362      46.877       43.83     164499.    0.4068
        3.03      0.3203      0.6031      0.0649      0.0345       0.226      14.265      16.876     168.774       1.612      75.063      45.352       43.86     164742.    0.3828
        3.25      0.3432      0.6246      0.0611      0.0336       0.220      13.886      15.879     164.285       1.569      70.629      43.840       43.89     164996.    0.3589
        3.47      0.3661      0.6433      0.0571      0.0325       0.213      13.452      14.854     159.158       1.520      66.071      42.331       43.93     165261.    0.3352
        3.68      0.3890      0.6591      0.0531      0.0313       0.206      12.964      13.803     153.379       1.465      61.395      40.818       43.97     165537.    0.3116
        3.90      0.4118      0.6717      0.0490      0.0300       0.197      12.420      12.727     146.938       1.403      56.612      39.287       44.01     165825.    0.2880
        4.12      0.4347      0.6808      0.0447      0.0286       0.188      11.818      11.630     139.822       1.335      51.729      37.725       44.05     166125.    0.2643
        4.33      0.4576      0.6860      0.0404      0.0270       0.177      11.159      10.511     132.025       1.261      46.754      36.111       44.09     166437.    0.2405
        4.55      0.4805      0.6866      0.0361      0.0252       0.166      10.442       9.375     123.540       1.180      41.698      34.418       44.14     166760.    0.2165
        4.77      0.5034      0.6814      0.0316      0.0234       0.153       9.667       8.222     114.368       1.092      36.573      32.608       44.19     167096.    0.1921
        4.98      0.5262      0.6691      0.0271      0.0214       0.140       8.834       7.057     104.513       0.998      31.389      30.626       44.24     167443.    0.1672
        5.20      0.5491      0.6471      0.0226      0.0192       0.126       7.944       5.882      93.990       0.898      26.164      28.386       44.29     167802.    0.1414
        5.42      0.5720      0.6115      0.0181      0.0169       0.111       7.000       4.702      82.820       0.791      20.916      25.752       44.35     168174.    0.1147
        5.63      0.5949      0.5553      0.0135      0.0145       0.095       6.004       3.521      71.036       0.678      15.663      22.483       44.41     168557.    0.0867
        5.85      0.6178      0.4646      0.0090      0.0120       0.079       4.959       2.343      58.673       0.560      10.423      18.115       44.47     168952.    0.0570
        6.07      0.6406      0.3086      0.0045      0.0093       0.061       3.867       1.170      45.748       0.437       5.206      11.603       44.53     169355.    0.0258
        6.28      0.6635     -0.0114     -0.0001      0.0065       0.043       2.694      -0.029      31.877       0.304      -0.130      -0.415       44.60     169717.    0.0000



         PROP RPM =       1100

         V          J           Pe         Ct          Cp          PWR         Torque      Thrust      PWR         Torque      Thrust      THR/PWR      Vtip      Reyn       FOM
       (mph)     (Adv_Ratio)     -          -           -          (Hp)        (In-Lbf)     (Lbf)      (W)         (N-m)       (N)         (g/W)       (ft/s)      -          -
        0.00      0.0000      0.0000      0.1033      0.0356       0.311      17.813      32.491     231.828       2.013     144.521      63.569       48.00     178519.    0.7444
        0.24      0.0229      0.0646      0.1015      0.0360       0.314      18.003      31.932     234.299       2.034     142.032      61.815       48.00     178644.    0.7177
        0.48      0.0458      0.1256      0.0996      0.0363       0.317      18.176      31.333     236.542       2.053     139.370      60.081       48.00     178778.    0.6910
        0.72      0.0686      0.1830      0.0976      0.0366       0.320      18.326      30.694     238.501       2.070     136.527      58.372       48.01     178921.    0.6644
        0.95      0.0915      0.2370      0.0954      0.0369       0.322      18.450      30.012     240.116       2.084     133.492      56.691       48.02     179075.    0.6381
        1.19      0.1144      0.2876      0.0931      0.0370       0.324      18.543      29.283     241.318       2.095     130.252      55.039       48.03     179238.    0.6119
        1.43      0.1373      0.3349      0.0906      0.0372       0.325      18.598      28.505     242.036       2.101     126.792      53.419       48.04     179413.    0.5860
        1.67      0.1602      0.3791      0.0880      0.0372       0.325      18.610      27.675     242.190       2.102     123.101      51.830       48.06     179598.    0.5602
        1.91      0.1831      0.4203      0.0852      0.0371       0.324      18.572      26.791     241.703       2.098     119.166      50.275       48.08     179794.    0.5346
        2.15      0.2059      0.4585      0.0822      0.0369       0.323      18.480      25.851     240.507       2.088     114.985      48.752       48.10     180002.    0.5093
        2.38      0.2288      0.4939      0.0790      0.0366       0.320      18.331      24.858     238.559       2.071     110.568      47.262       48.12     180221.    0.4841
        2.62      0.2517      0.5265      0.0757      0.0362       0.316      18.121      23.815     235.836       2.047     105.930      45.802       48.15     180452.    0.4592
        2.86      0.2746      0.5564      0.0723      0.0357       0.312      17.851      22.727     232.324       2.017     101.089      44.370       48.18     180695.    0.4346
        3.10      0.2975      0.5836      0.0687      0.0350       0.306      17.520      21.596     228.007       1.979      96.061      42.961       48.21     180950.    0.4102
        3.34      0.3204      0.6082      0.0649      0.0342       0.299      17.125      20.427     222.871       1.935      90.858      41.571       48.25     181216.    0.3860
        3.58      0.3432      0.6300      0.0611      0.0333       0.291      16.666      19.221     216.900       1.883      85.493      40.193       48.28     181496.    0.3620
        3.81      0.3661      0.6491      0.0572      0.0322       0.282      16.142      17.981     210.076       1.824      79.978      38.821       48.32     181787.    0.3382
        4.05      0.3890      0.6652      0.0531      0.0311       0.271      15.551      16.709     202.381       1.757      74.321      37.447       48.36     182092.    0.3145
        4.29      0.4119      0.6783      0.0490      0.0297       0.260      14.891      15.408     193.800       1.682      68.533      36.060       48.41     182409.    0.2908
        4.53      0.4348      0.6879      0.0448      0.0283       0.247      14.163      14.079     184.319       1.600      62.625      34.646       48.45     182739.    0.2671
        4.77      0.4577      0.6936      0.0405      0.0267       0.233      13.364      12.726     173.926       1.510      56.607      33.188       48.50     183081.    0.2432
        5.01      0.4805      0.6948      0.0361      0.0250       0.218      12.495      11.351     162.614       1.412      50.490      31.661       48.55     183437.    0.2192
        5.24      0.5034      0.6904      0.0317      0.0231       0.202      11.555       9.957     150.383       1.306      44.289      30.032       48.61     183806.    0.1947
        5.48      0.5263      0.6790      0.0272      0.0211       0.184      10.545       8.547     137.241       1.191      38.019      28.249       48.67     184188.    0.1697
        5.72      0.5492      0.6580      0.0227      0.0189       0.165       9.467       7.127     123.204       1.070      31.699      26.236       48.72     184584.    0.1439
        5.96      0.5721      0.6235      0.0181      0.0166       0.145       8.322       5.699     108.303       0.940      25.350      23.868       48.79     184992.    0.1171
        6.20      0.5950      0.5685      0.0136      0.0142       0.124       7.114       4.271      92.582       0.804      18.996      20.923       48.85     185414.    0.0888
        6.44      0.6178      0.4787      0.0090      0.0117       0.102       5.846       2.846      76.086       0.661      12.660      16.967       48.92     185848.    0.0588
        6.67      0.6407      0.3220      0.0045      0.0090       0.079       4.521       1.427      58.840       0.511       6.349      11.003       48.98     186292.    0.0270
        6.91      0.6636     -0.0083     -0.0001      0.0062       0.054       3.098      -0.024      40.316       0.350      -0.108      -0.273       49.06     186689.    0.0000



         PROP RPM =       1200

         V          J           Pe         Ct          Cp          PWR         Torque      Thrust      PWR         Torque      Thrust      THR/PWR      Vtip      Reyn       FOM
       (mph)     (Adv_Ratio)     -          -           -          (Hp)        (In-Lbf)     (Lbf)      (W)         (N-m)       (N)         (g/W)       (ft/s)      -          -
        0.00      0.0000      0.0000      0.1033      0.0353       0.401      21.043      38.674     298.753       2.377     172.022      58.715       52.36     194748.    0.7502
        0.26      0.0229      0.0651      0.1015      0.0357       0.405      21.270      38.008     301.983       2.403     169.058      57.086       52.36     194884.    0.7231
        0.52      0.0458      0.1266      0.0996      0.0361       0.409      21.477      37.295     304.918       2.426     165.887      55.476       52.37     195030.    0.6961
        0.78      0.0687      0.1845      0.0976      0.0364       0.412      21.658      36.533     307.484       2.447     162.501      53.891       52.37     195187.    0.6692
        1.04      0.0916      0.2389      0.0954      0.0366       0.415      21.807      35.721     309.601       2.464     158.885      52.331       52.38     195355.    0.6426
        1.30      0.1145      0.2899      0.0931      0.0368       0.417      21.918      34.853     311.182       2.476     155.025      50.800       52.39     195534.    0.6162
        1.56      0.1374      0.3376      0.0906      0.0369       0.419      21.985      33.926     312.132       2.484     150.903      49.299       52.41     195724.    0.5899
        1.82      0.1604      0.3821      0.0880      0.0369       0.419      22.000      32.937     312.348       2.486     146.504      47.829       52.43     195926.    0.5640
        2.08      0.1833      0.4235      0.0852      0.0369       0.418      21.957      31.883     311.727       2.481     141.815      46.390       52.45     196141.    0.5382
        2.34      0.2062      0.4620      0.0822      0.0367       0.416      21.848      30.763     310.184       2.468     136.832      44.983       52.47     196368.    0.5126
        2.60      0.2291      0.4976      0.0790      0.0364       0.413      21.670      29.579     307.660       2.448     131.568      43.607       52.50     196607.    0.4873
        2.86      0.2520      0.5305      0.0757      0.0360       0.408      21.421      28.336     304.127       2.420     126.040      42.260       52.53     196860.    0.4622
        3.12      0.2749      0.5607      0.0722      0.0354       0.402      21.100      27.039     299.564       2.384     120.271      40.940       52.56     197125.    0.4374
        3.38      0.2978      0.5881      0.0686      0.0348       0.394      20.705      25.692     293.952       2.339     114.279      39.643       52.59     197403.    0.4128
        3.64      0.3207      0.6129      0.0649      0.0340       0.385      20.234      24.298     287.271       2.286     108.079      38.364       52.63     197695.    0.3885
        3.90      0.3436      0.6351      0.0611      0.0330       0.375      19.687      22.861     279.499       2.224     101.686      37.099       52.67     198000.    0.3644
        4.16      0.3665      0.6544      0.0571      0.0320       0.363      19.061      21.383     270.614       2.153      95.113      35.840       52.72     198319.    0.3405
        4.43      0.3894      0.6709      0.0531      0.0308       0.349      18.355      19.868     260.594       2.074      88.372      34.580       52.76     198652.    0.3167
        4.69      0.4123      0.6843      0.0489      0.0295       0.334      17.568      18.317     249.416       1.985      81.476      33.311       52.81     198998.    0.2929
        4.95      0.4352      0.6943      0.0447      0.0280       0.318      16.698      16.735     237.062       1.886      74.436      32.019       52.86     199359.    0.2691
        5.21      0.4581      0.7004      0.0404      0.0264       0.300      15.744      15.123     223.517       1.779      67.266      30.687       52.91     199733.    0.2452
        5.47      0.4811      0.7021      0.0360      0.0247       0.280      14.705      13.484     208.774       1.661      59.979      29.295       52.97     200122.    0.2210
        5.73      0.5040      0.6982      0.0316      0.0228       0.259      13.582      11.824     192.831       1.534      52.591      27.811       53.03     200525.    0.1965
        5.99      0.5269      0.6874      0.0271      0.0208       0.236      12.375      10.144     175.698       1.398      45.123      26.188       53.09     200943.    0.1714
        6.25      0.5498      0.6671      0.0226      0.0186       0.211      11.086       8.452     157.398       1.253      37.595      24.356       53.16     201375.    0.1455
        6.51      0.5727      0.6333      0.0180      0.0163       0.185       9.718       6.752     137.971       1.098      30.034      22.197       53.22     201822.    0.1185
        6.77      0.5956      0.5787      0.0135      0.0139       0.158       8.274       5.051     117.475       0.935      22.468      19.503       53.29     202283.    0.0901
        7.03      0.6185      0.4886      0.0090      0.0113       0.129       6.760       3.355      95.969       0.764      14.923      15.857       53.36     202757.    0.0597
        7.29      0.6414      0.3286      0.0045      0.0087       0.099       5.176       1.666      73.482       0.585       7.410      10.283       53.44     203242.    0.0273
        7.55      0.6643     -0.0230     -0.0002      0.0058       0.066       3.461      -0.075      49.139       0.391      -0.334      -0.694       53.52     203656.    0.0000



         PROP RPM =       1300

         V          J           Pe         Ct          Cp          PWR         Torque      Thrust      PWR         Torque      Thrust      THR/PWR      Vtip      Reyn       FOM
       (mph)     (Adv_Ratio)     -          -           -          (Hp)        (In-Lbf)     (Lbf)      (W)         (N-m)       (N)         (g/W)       (ft/s)      -          -
        0.00      0.0000      0.0000      0.1033      0.0351       0.506      24.535      45.395     377.364       2.772     201.918      54.562       56.72     210977.    0.7553
        0.28      0.0229      0.0656      0.1016      0.0355       0.512      24.804      44.613     381.496       2.802     198.438      53.041       56.72     211125.    0.7279
        0.56      0.0458      0.1275      0.0997      0.0358       0.517      25.048      43.776     385.253       2.830     194.715      51.539       56.73     211283.    0.7006
        0.85      0.0688      0.1858      0.0976      0.0361       0.521      25.262      42.882     388.539       2.854     190.738      50.059       56.74     211453.    0.6735
        1.13      0.0917      0.2405      0.0954      0.0364       0.525      25.438      41.927     391.254       2.874     186.492      48.605       56.75     211635.    0.6466
        1.41      0.1146      0.2918      0.0931      0.0366       0.527      25.570      40.908     393.288       2.889     181.958      47.178       56.76     211829.    0.6199
        1.69      0.1375      0.3398      0.0906      0.0367       0.529      25.650      39.819     394.516       2.898     177.117      45.780       56.78     212035.    0.5935
        1.98      0.1605      0.3846      0.0880      0.0367       0.529      25.669      38.658     394.808       2.900     171.950      44.411       56.80     212255.    0.5673
        2.26      0.1834      0.4263      0.0852      0.0366       0.528      25.619      37.419     394.035       2.894     166.442      43.073       56.82     212487.    0.5413
        2.54      0.2063      0.4650      0.0822      0.0365       0.526      25.492      36.104     392.085       2.880     160.589      41.765       56.85     212734.    0.5156
        2.82      0.2292      0.5009      0.0790      0.0362       0.522      25.284      34.713     388.886       2.857     154.404      40.487       56.87     212993.    0.4901
        3.10      0.2522      0.5340      0.0757      0.0357       0.515      24.992      33.253     384.398       2.824     147.911      39.237       56.91     213267.    0.4649
        3.39      0.2751      0.5644      0.0722      0.0352       0.508      24.615      31.730     378.596       2.781     141.133      38.013       56.94     213555.    0.4399
        3.67      0.2980      0.5921      0.0686      0.0345       0.498      24.151      30.147     371.457       2.729     134.094      36.811       56.98     213857.    0.4153
        3.95      0.3209      0.6171      0.0649      0.0338       0.487      23.598      28.510     362.953       2.666     126.811      35.627       57.02     214173.    0.3908
        4.23      0.3439      0.6395      0.0611      0.0328       0.473      22.955      26.821     353.057       2.593     119.301      34.457       57.06     214504.    0.3666
        4.52      0.3668      0.6591      0.0571      0.0318       0.458      22.219      25.085     341.739       2.510     111.580      33.294       57.11     214850.    0.3426
        4.80      0.3897      0.6758      0.0531      0.0306       0.441      21.389      23.305     328.971       2.416     103.663      32.132       57.16     215211.    0.3187
        5.08      0.4126      0.6895      0.0489      0.0293       0.422      20.463      21.484     314.725       2.312      95.562      30.962       57.21     215586.    0.2949
        5.36      0.4356      0.6999      0.0447      0.0278       0.401      19.439      19.625     298.976       2.196      87.294      29.773       57.27     215977.    0.2710
        5.64      0.4585      0.7064      0.0404      0.0262       0.378      18.316      17.732     281.708       2.069      78.872      28.550       57.32     216384.    0.2470
        5.93      0.4814      0.7086      0.0360      0.0244       0.353      17.094      15.808     262.908       1.931      70.314      27.272       57.39     216806.    0.2228
        6.21      0.5043      0.7053      0.0315      0.0226       0.325      15.772      13.858     242.575       1.782      61.639      25.911       57.45     217243.    0.1982
        6.49      0.5273      0.6950      0.0271      0.0205       0.296      14.351      11.886     220.724       1.621      52.868      24.425       57.52     217696.    0.1730
        6.77      0.5502      0.6754      0.0225      0.0184       0.265      12.833       9.899     197.383       1.450      44.029      22.746       57.59     218165.    0.1470
        7.06      0.5731      0.6423      0.0180      0.0161       0.231      11.222       7.903     172.604       1.268      35.152      20.767       57.66     218649.    0.1199
        7.34      0.5960      0.5883      0.0134      0.0136       0.196       9.522       5.906     146.460       1.076      26.270      18.290       57.74     219149.    0.0913
        7.62      0.6190      0.4983      0.0089      0.0111       0.160       7.739       3.915     119.028       0.874      17.413      14.918       57.81     219664.    0.0606
        7.90      0.6419      0.3360      0.0044      0.0084       0.121       5.874       1.932      90.344       0.664       8.593       9.700       57.90     220190.    0.0277
        8.18      0.6648     -0.0352     -0.0003      0.0055       0.079       3.838      -0.128      59.032       0.434      -0.568      -0.981       57.98     220615.    0.0000



         PROP RPM =       1400

         V          J           Pe         Ct          Cp          PWR         Torque      Thrust      PWR         Torque      Thrust      THR/PWR      Vtip      Reyn       FOM
       (mph)     (Adv_Ratio)     -          -           -          (Hp)        (In-Lbf)     (Lbf)      (W)         (N-m)       (N)         (g/W)       (ft/s)      -          -
        0.00      0.0000      0.0000      0.1034      0.0349       0.628      28.290      52.655     468.588       3.196     234.210      50.967       61.09     227206.    0.7598
        0.30      0.0229      0.0661      0.1016      0.0353       0.635      28.603      51.747     473.777       3.232     230.171      49.540       61.09     227365.    0.7322
        0.61      0.0459      0.1284      0.0997      0.0356       0.642      28.888      50.776     478.498       3.264     225.850      48.130       61.09     227536.    0.7046
        0.91      0.0688      0.1870      0.0976      0.0359       0.647      29.138      49.738     482.629       3.292     221.236      46.743       61.10     227719.    0.6773
        1.22      0.0918      0.2420      0.0955      0.0362       0.652      29.344      48.630     486.046       3.315     216.308      45.381       61.11     227915.    0.6502
        1.52      0.1147      0.2936      0.0931      0.0364       0.655      29.499      47.447     488.610       3.333     211.045      44.045       61.13     228124.    0.6233
        1.82      0.1377      0.3419      0.0906      0.0365       0.657      29.593      46.184     490.166       3.343     205.426      42.736       61.15     228347.    0.5967
        2.13      0.1606      0.3869      0.0880      0.0365       0.658      29.616      44.835     490.551       3.346     199.427      41.455       61.17     228583.    0.5703
        2.43      0.1835      0.4289      0.0852      0.0365       0.657      29.559      43.398     489.601       3.340     193.033      40.204       61.19     228834.    0.5441
        2.74      0.2065      0.4678      0.0822      0.0363       0.653      29.412      41.870     487.177       3.323     186.237      38.982       61.22     229100.    0.5182
        3.04      0.2294      0.5039      0.0790      0.0360       0.648      29.172      40.256     483.188       3.296     179.057      37.788       61.25     229380.    0.4926
        3.35      0.2524      0.5371      0.0757      0.0356       0.640      28.833      38.561     477.586       3.258     171.519      36.622       61.28     229675.    0.4672
        3.65      0.2753      0.5677      0.0722      0.0350       0.631      28.396      36.792     470.338       3.208     163.651      35.480       61.32     229985.    0.4422
        3.95      0.2982      0.5956      0.0686      0.0344       0.619      27.857      34.955     461.412       3.147     155.478      34.360       61.36     230310.    0.4174
        4.26      0.3212      0.6209      0.0649      0.0336       0.605      27.215      33.054     450.776       3.075     147.023      33.259       61.40     230652.    0.3928
        4.56      0.3441      0.6434      0.0610      0.0326       0.588      26.467      31.094     438.394       2.990     138.305      32.170       61.45     231009.    0.3686
        4.87      0.3671      0.6633      0.0571      0.0316       0.569      25.612      29.079     424.229       2.894     129.342      31.090       61.50     231381.    0.3444
        5.17      0.3900      0.6803      0.0530      0.0304       0.547      24.647      27.012     408.245       2.785     120.151      30.011       61.56     231770.    0.3205
        5.47      0.4130      0.6943      0.0489      0.0291       0.524      23.570      24.898     390.406       2.663     110.748      28.927       61.61     232176.    0.2965
        5.78      0.4359      0.7049      0.0446      0.0276       0.497      22.379      22.741     370.684       2.528     101.150      27.825       61.67     232597.    0.2726
        6.08      0.4588      0.7119      0.0403      0.0260       0.468      21.074      20.543     349.055       2.381      91.375      26.694       61.73     233036.    0.2486
        6.39      0.4818      0.7144      0.0359      0.0242       0.437      19.652      18.310     325.506       2.220      81.442      25.513       61.80     233491.    0.2243
        6.69      0.5047      0.7116      0.0315      0.0223       0.402      18.114      16.046     300.034       2.047      71.373      24.257       61.87     233962.    0.1996
        7.00      0.5277      0.7019      0.0270      0.0203       0.366      16.461      13.758     272.657       1.860      61.195      22.886       61.94     234451.    0.1744
        7.30      0.5506      0.6829      0.0225      0.0181       0.326      14.696      11.452     243.413       1.660      50.937      21.339       62.02     234956.    0.1484
        7.60      0.5736      0.6504      0.0179      0.0158       0.285      12.821       9.136     212.367       1.449      40.636      19.512       62.10     235479.    0.1212
        7.91      0.5965      0.5970      0.0134      0.0134       0.241      10.844       6.819     179.611       1.225      30.331      17.220       62.18     236018.    0.0924
        8.21      0.6194      0.5070      0.0089      0.0108       0.195       8.769       4.509     145.241       0.991      20.056      14.081       62.26     236573.    0.0614
        8.52      0.6424      0.3422      0.0043      0.0081       0.147       6.599       2.209     109.299       0.746       9.824       9.166       62.35     237140.    0.0280
        8.82      0.6653     -0.0539     -0.0004      0.0052       0.093       4.195      -0.214      69.482       0.474      -0.950      -1.395       62.44     237545.    0.0000



         PROP RPM =       1500

         V          J           Pe         Ct          Cp          PWR         Torque      Thrust      PWR         Torque      Thrust      THR/PWR      Vtip      Reyn       FOM
       (mph)     (Adv_Ratio)     -          -           -          (Hp)        (In-Lbf)     (Lbf)      (W)         (N-m)       (N)         (g/W)       (ft/s)      -          -
        0.00      0.0000      0.0000      0.1034      0.0347       0.769      32.307      60.453     573.347       3.650     268.896      47.824       65.45     243435.    0.7639
        0.33      0.0233      0.0674      0.1016      0.0351       0.778      32.674      59.394     579.852       3.691     264.187      46.459       65.45     243608.    0.7356
        0.66      0.0466      0.1309      0.0996      0.0355       0.786      33.007      58.261     585.760       3.729     259.144      45.113       65.46     243794.    0.7075
        0.99      0.0699      0.1906      0.0975      0.0358       0.792      33.297      57.049     590.916       3.762     253.752      43.789       65.47     243994.    0.6795
        1.32      0.0932      0.2466      0.0953      0.0360       0.798      33.536      55.753     595.159       3.789     247.989      42.489       65.48     244208.    0.6518
        1.65      0.1165      0.2990      0.0930      0.0362       0.802      33.714      54.368     598.310       3.809     241.827      41.215       65.49     244437.    0.6244
        1.99      0.1398      0.3479      0.0904      0.0363       0.805      33.818      52.887     600.165       3.821     235.241      39.969       65.51     244680.    0.5972
        2.32      0.1631      0.3935      0.0877      0.0364       0.805      33.838      51.305     600.515       3.823     228.204      38.751       65.54     244939.    0.5703
        2.65      0.1864      0.4359      0.0848      0.0363       0.803      33.761      49.617     599.151       3.814     220.697      37.561       65.56     245214.    0.5436
        2.98      0.2097      0.4753      0.0818      0.0361       0.799      33.578      47.823     595.899       3.794     212.717      36.401       65.60     245505.    0.5172
        3.31      0.2330      0.5116      0.0785      0.0358       0.792      33.282      45.927     590.649       3.760     204.284      35.268       65.63     245812.    0.4911
        3.64      0.2563      0.5452      0.0751      0.0353       0.782      32.870      43.937     583.344       3.714     195.433      34.163       65.67     246135.    0.4652
        3.97      0.2796      0.5759      0.0716      0.0347       0.770      32.341      41.861     573.941       3.654     186.198      33.082       65.71     246476.    0.4397
        4.30      0.3028      0.6039      0.0679      0.0340       0.754      31.690      39.705     562.400       3.580     176.607      32.021       65.75     246833.    0.4145
        4.63      0.3261      0.6292      0.0641      0.0332       0.736      30.917      37.474     548.677       3.493     166.686      30.979       65.80     247208.    0.3896
        4.96      0.3494      0.6517      0.0601      0.0322       0.714      30.018      35.175     532.725       3.391     156.459      29.949       65.85     247600.    0.3649
        5.29      0.3727      0.6714      0.0561      0.0311       0.690      28.991      32.812     514.497       3.275     145.947      28.926       65.91     248010.    0.3404
        5.63      0.3960      0.6882      0.0520      0.0299       0.662      27.833      30.389     493.946       3.145     135.170      27.905       65.97     248438.    0.3160
        5.96      0.4193      0.7018      0.0477      0.0285       0.632      26.542      27.911     471.028       2.999     124.148      26.877       66.03     248883.    0.2917
        6.29      0.4426      0.7120      0.0434      0.0270       0.598      25.115      25.382     445.706       2.837     112.901      25.830       66.10     249347.    0.2674
        6.62      0.4659      0.7181      0.0390      0.0253       0.560      23.551      22.808     417.953       2.661     101.451      24.752       66.17     249830.    0.2429
        6.95      0.4892      0.7196      0.0345      0.0235       0.520      21.849      20.194     387.756       2.469      89.821      23.621       66.24     250330.    0.2181
        7.28      0.5125      0.7152      0.0300      0.0215       0.476      20.010      17.545     355.121       2.261      78.041      22.409       66.32     250849.    0.1928
        7.61      0.5358      0.7031      0.0254      0.0194       0.429      18.036      14.870     320.076       2.038      66.143      21.072       66.39     251387.    0.1669
        7.94      0.5591      0.6803      0.0208      0.0171       0.379      15.929      12.178     282.684       1.800      54.166      19.539       66.48     251944.    0.1401
        8.27      0.5824      0.6415      0.0162      0.0147       0.326      13.695       9.477     243.040       1.547      42.155      17.687       66.57     252519.    0.1119
        8.60      0.6057      0.5763      0.0116      0.0122       0.270      11.341       6.780     201.272       1.281      30.156      15.278       66.66     253113.    0.0817
        8.93      0.6290      0.4617      0.0070      0.0095       0.211       8.874       4.093     157.491       1.003      18.205      11.787       66.75     253723.    0.0490
        9.27      0.6523      0.2330      0.0024      0.0068       0.150       6.289       1.412     111.607       0.711       6.279       5.737       66.85     254339.    0.0140
        9.60      0.6756



         PROP RPM =       1600

         V          J           Pe         Ct          Cp          PWR         Torque      Thrust      PWR         Torque      Thrust      THR/PWR      Vtip      Reyn       FOM
       (mph)     (Adv_Ratio)     -          -           -          (Hp)        (In-Lbf)     (Lbf)      (W)         (N-m)       (N)         (g/W)       (ft/s)      -          -
        0.00      0.0000      0.0000      0.1034      0.0345       0.929      36.586      68.790     692.565       4.133     305.978      45.051       69.81     259664.    0.7677
        0.35      0.0229      0.0667      0.1016      0.0349       0.939      36.998      67.605     700.370       4.180     300.707      43.782       69.82     259846.    0.7396
        0.69      0.0459      0.1296      0.0997      0.0353       0.949      37.374      66.338     707.478       4.222     295.069      42.530       69.82     260041.    0.7117
        1.04      0.0688      0.1887      0.0977      0.0356       0.957      37.703      64.984     713.707       4.260     289.047      41.298       69.83     260250.    0.6840
        1.39      0.0917      0.2443      0.0955      0.0359       0.964      37.976      63.538     718.873       4.290     282.617      40.089       69.84     260474.    0.6565
        1.74      0.1147      0.2963      0.0932      0.0361       0.969      38.181      61.994     722.766       4.314     275.749      38.904       69.86     260713.    0.6293
        2.08      0.1376      0.3450      0.0907      0.0362       0.972      38.307      60.345     725.157       4.328     268.416      37.745       69.88     260967.    0.6024
        2.43      0.1605      0.3904      0.0880      0.0362       0.973      38.341      58.585     725.799       4.332     260.588      36.611       69.90     261237.    0.5757
        2.78      0.1835      0.4327      0.0852      0.0361       0.972      38.270      56.709     724.451       4.324     252.243      35.505       69.93     261524.    0.5493
        3.13      0.2064      0.4720      0.0822      0.0360       0.967      38.083      54.716     720.902       4.303     243.375      34.425       69.96     261827.    0.5232
        3.47      0.2293      0.5083      0.0791      0.0357       0.959      37.772      52.609     715.016       4.267     234.004      33.372       70.00     262147.    0.4973
        3.82      0.2523      0.5420      0.0757      0.0353       0.948      37.333      50.397     706.719       4.218     224.165      32.345       70.04     262484.    0.4718
        4.17      0.2752      0.5729      0.0723      0.0347       0.933      36.765      48.088     695.960       4.154     213.897      31.340       70.08     262838.    0.4465
        4.52      0.2981      0.6011      0.0687      0.0341       0.916      36.064      45.690     682.691       4.075     203.230      30.356       70.13     263210.    0.4216
        4.86      0.3211      0.6267      0.0649      0.0333       0.894      35.228      43.209     666.864       3.980     192.196      29.389       70.18     263600.    0.3969
        5.21      0.3440      0.6497      0.0611      0.0323       0.870      34.254      40.652     648.423       3.870     180.818      28.436       70.23     264007.    0.3725
        5.56      0.3669      0.6700      0.0571      0.0313       0.841      33.139      38.022     627.313       3.744     169.121      27.491       70.29     264433.    0.3483
        5.91      0.3899      0.6875      0.0531      0.0301       0.809      31.880      35.325     603.478       3.602     157.126      26.550       70.35     264877.    0.3242
        6.25      0.4128      0.7021      0.0489      0.0288       0.774      30.474      32.566     576.868       3.443     144.855      25.606       70.41     265340.    0.3002
        6.60      0.4357      0.7134      0.0447      0.0273       0.734      28.919      29.750     547.436       3.267     132.330      24.649       70.48     265822.    0.2762
        6.95      0.4587      0.7211      0.0404      0.0257       0.691      27.214      26.883     515.148       3.075     119.574      23.669       70.55     266322.    0.2521
        7.30      0.4816      0.7245      0.0360      0.0239       0.644      25.356      23.969     479.983       2.865     106.612      22.650       70.63     266842.    0.2278
        7.64      0.5045      0.7228      0.0316      0.0220       0.593      23.346      21.015     441.938       2.638      93.474      21.568       70.71     267380.    0.2031
        7.99      0.5274      0.7144      0.0271      0.0200       0.538      21.185      18.029     401.038       2.394      80.192      20.390       70.79     267938.    0.1779
        8.34      0.5504      0.6970      0.0226      0.0178       0.479      18.877      15.020     357.340       2.133      66.807      19.064       70.88     268516.    0.1518
        8.69      0.5733      0.6665      0.0180      0.0155       0.417      16.426      11.998     310.942       1.856      53.367      17.501       70.97     269112.    0.1245
        9.03      0.5962      0.6154      0.0135      0.0131       0.351      13.839       8.975     261.978       1.564      39.920      15.538       71.06     269728.    0.0956
        9.38      0.6192      0.5280      0.0090      0.0105       0.282      11.125       5.961     210.597       1.257      26.513      12.838       71.16     270362.    0.0644
        9.73      0.6421      0.3650      0.0044      0.0078       0.210       8.286       2.959     156.860       0.936      13.163       8.557       71.26     271010.    0.0302
       10.08      0.6650     -0.0357     -0.0003      0.0049       0.131       5.170      -0.174      97.872       0.584      -0.776      -0.808       71.36     271511.    0.0000



         PROP RPM =       1700

         V          J           Pe         Ct          Cp          PWR         Torque      Thrust      PWR         Torque      Thrust      THR/PWR      Vtip      Reyn       FOM
       (mph)     (Adv_Ratio)     -          -           -          (Hp)        (In-Lbf)     (Lbf)      (W)         (N-m)       (N)         (g/W)       (ft/s)      -          -
        0.00      0.0000      0.0000      0.1034      0.0344       1.109      41.126      77.665     827.163       4.646     345.455      42.587       74.18     275893.    0.7711
        0.37      0.0232      0.0676      0.1016      0.0348       1.122      41.597      76.315     836.643       4.700     339.447      41.372       74.18     276088.    0.7425
        0.75      0.0463      0.1313      0.0997      0.0352       1.134      42.026      74.869     845.267       4.748     333.017      40.175       74.18     276298.    0.7142
        1.12      0.0695      0.1912      0.0976      0.0355       1.144      42.401      73.324     852.817       4.790     326.144      38.997       74.19     276522.    0.6861
        1.49      0.0926      0.2473      0.0954      0.0357       1.152      42.712      71.673     859.059       4.826     318.800      37.842       74.21     276763.    0.6582
        1.86      0.1158      0.2999      0.0931      0.0359       1.158      42.944      69.908     863.733       4.852     310.952      36.711       74.23     277020.    0.6306
        2.24      0.1389      0.3491      0.0906      0.0360       1.162      43.084      68.023     866.558       4.868     302.566      35.604       74.25     277294.    0.6033
        2.61      0.1621      0.3949      0.0879      0.0361       1.163      43.118      66.009     867.227       4.871     293.609      34.524       74.28     277585.    0.5763
        2.98      0.1852      0.4375      0.0850      0.0360       1.161      43.029      63.861     865.442       4.861     284.056      33.469       74.31     277893.    0.5495
        3.35      0.2084      0.4771      0.0820      0.0358       1.155      42.806      61.579     860.951       4.836     273.901      32.441       74.34     278220.    0.5230
        3.73      0.2315      0.5137      0.0788      0.0355       1.145      42.440      59.166     853.589       4.795     263.171      31.439       74.38     278564.    0.4968
        4.10      0.2547      0.5475      0.0754      0.0351       1.131      41.927      56.634     843.270       4.737     251.908      30.462       74.42     278928.    0.4710
        4.47      0.2778      0.5786      0.0719      0.0345       1.113      41.263      53.991     829.931       4.662     240.154      29.507       74.47     279310.    0.4454
        4.85      0.3010      0.6069      0.0682      0.0338       1.091      40.447      51.247     813.514       4.570     227.946      28.572       74.52     279711.    0.4202
        5.22      0.3241      0.6326      0.0644      0.0330       1.065      39.475      48.408     793.956       4.460     215.318      27.654       74.57     280132.    0.3953
        5.59      0.3473      0.6556      0.0605      0.0321       1.034      38.343      45.481     771.188       4.332     202.300      26.749       74.63     280572.    0.3706
        5.96      0.3704      0.6759      0.0565      0.0310       0.999      37.048      42.472     745.142       4.186     188.918      25.853       74.69     281031.    0.3462
        6.34      0.3936      0.6933      0.0524      0.0298       0.960      35.586      39.388     715.750       4.021     175.197      24.960       74.76     281511.    0.3218
        6.71      0.4167      0.7077      0.0482      0.0284       0.916      33.956      36.233     682.948       3.836     161.163      24.063       74.83     282011.    0.2976
        7.08      0.4399      0.7188      0.0439      0.0269       0.867      32.152      33.013     646.682       3.633     146.841      23.155       74.90     282531.    0.2733
        7.45      0.4630      0.7262      0.0396      0.0252       0.814      30.175      29.734     606.911       3.409     132.259      22.222       74.98     283072.    0.2490
        7.83      0.4862      0.7291      0.0351      0.0234       0.756      28.022      26.404     563.612       3.166     117.446      21.249       75.06     283633.    0.2243
        8.20      0.5094      0.7266      0.0307      0.0215       0.693      25.694      23.030     516.791       2.903     102.438      20.213       75.15     284215.    0.1993
        8.57      0.5325      0.7170      0.0261      0.0194       0.626      23.193      19.621     466.483       2.620      87.274      19.078       75.23     284818.    0.1736
        8.95      0.5557      0.6976      0.0215      0.0172       0.554      20.523      16.188     412.770       2.319      72.003      17.788       75.33     285442.    0.1470
        9.32      0.5788      0.6636      0.0170      0.0148       0.477      17.689      12.743     355.784       1.999      56.681      16.245       75.42     286087.    0.1191
        9.69      0.6020      0.6060      0.0124      0.0123       0.397      14.702       9.300     295.700       1.661      41.367      14.265       75.53     286752.    0.0894
       10.06      0.6251      0.5048      0.0078      0.0097       0.312      11.569       5.870     232.691       1.307      26.108      11.441       75.63     287437.    0.0569
       10.44      0.6483      0.3050      0.0033      0.0069       0.224       8.290       2.451     166.740       0.937      10.902       6.667       75.74     288132.    0.0214
       10.81      0.6714



         PROP RPM =       1800

         V          J           Pe         Ct          Cp          PWR         Torque      Thrust      PWR         Torque      Thrust      THR/PWR      Vtip      Reyn       FOM
       (mph)     (Adv_Ratio)     -          -           -          (Hp)        (In-Lbf)     (Lbf)      (W)         (N-m)       (N)         (g/W)       (ft/s)      -          -
        0.00      0.0000      0.0000      0.1034      0.0343       1.312      45.927      87.079     978.060       5.189     387.328      40.382       78.54     292122.    0.7742
        0.40      0.0233      0.0683      0.1016      0.0347       1.327      46.460      85.555     989.415       5.249     380.551      39.220       78.54     292330.    0.7453
        0.79      0.0466      0.1326      0.0996      0.0350       1.341      46.945      83.924     999.742       5.304     373.293      38.075       78.55     292553.    0.7166
        1.19      0.0699      0.1930      0.0976      0.0353       1.353      47.369      82.179    1008.774       5.352     365.533      36.950       78.56     292793.    0.6882
        1.59      0.0932      0.2496      0.0954      0.0356       1.363      47.719      80.314    1016.229       5.391     357.237      35.846       78.57     293050.    0.6600
        1.99      0.1165      0.3026      0.0930      0.0358       1.370      47.980      78.320    1021.791       5.421     348.369      34.766       78.59     293324.    0.6321
        2.38      0.1398      0.3521      0.0905      0.0359       1.375      48.136      76.189    1025.119       5.438     338.888      33.710       78.62     293616.    0.6045
        2.78      0.1631      0.3982      0.0878      0.0359       1.376      48.170      73.911    1025.842       5.442     328.758      32.679       78.65     293927.    0.5772
        3.18      0.1864      0.4411      0.0849      0.0359       1.373      48.065      71.482    1023.600       5.430     317.951      31.674       78.68     294257.    0.5502
        3.57      0.2097      0.4809      0.0818      0.0357       1.365      47.806      68.899    1018.090       5.401     306.461      30.695       78.71     294606.    0.5235
        3.97      0.2330      0.5178      0.0786      0.0354       1.353      47.385      66.169    1009.122       5.354     294.321      29.741       78.76     294974.    0.4970
        4.37      0.2563      0.5517      0.0752      0.0349       1.336      46.797      63.304     996.590       5.287     281.578      28.811       78.80     295362.    0.4710
        4.77      0.2796      0.5829      0.0716      0.0343       1.315      46.038      60.315     980.422       5.201     268.281      27.903       78.85     295771.    0.4452
        5.16      0.3029      0.6114      0.0679      0.0336       1.288      45.104      57.210     960.543       5.096     254.472      27.015       78.90     296200.    0.4198
        5.56      0.3262      0.6372      0.0641      0.0328       1.256      43.993      54.000     936.877       4.970     240.190      26.143       78.96     296650.    0.3947
        5.96      0.3494      0.6602      0.0602      0.0319       1.219      42.700      50.689     909.341       4.824     225.467      25.283       79.02     297120.    0.3698
        6.35      0.3727      0.6805      0.0561      0.0308       1.177      41.221      47.287     877.851       4.657     210.333      24.432       79.09     297612.    0.3452
        6.75      0.3960      0.6980      0.0520      0.0295       1.130      39.553      43.799     842.325       4.469     194.819      23.585       79.16     298125.    0.3207
        7.15      0.4193      0.7124      0.0478      0.0281       1.076      37.692      40.232     802.687       4.258     178.953      22.734       79.24     298660.    0.2963
        7.54      0.4426      0.7234      0.0434      0.0266       1.018      35.634      36.592     758.871       4.026     162.763      21.871       79.32     299217.    0.2718
        7.94      0.4659      0.7306      0.0390      0.0249       0.953      33.378      32.887     710.832       3.771     146.282      20.985       79.40     299796.    0.2472
        8.34      0.4892      0.7333      0.0346      0.0231       0.883      30.923      29.124     658.545       3.494     129.544      20.059       79.49     300397.    0.2224
        8.74      0.5125      0.7304      0.0301      0.0211       0.807      28.269      25.312     602.018       3.194     112.589      19.071       79.58     301020.    0.1971
        9.13      0.5358      0.7201      0.0255      0.0190       0.726      25.418      21.463     541.305       2.872      95.466      17.984       79.67     301665.    0.1712
        9.53      0.5591      0.6995      0.0209      0.0167       0.639      22.375      17.588     476.511       2.528      78.230      16.741       79.77     302333.    0.1442
        9.93      0.5824      0.6633      0.0163      0.0143       0.547      19.149      13.702     407.805       2.163      60.946      15.240       79.88     303024.    0.1159
       10.32      0.6057      0.6011      0.0117      0.0117       0.450      15.750       9.820     335.403       1.779      43.681      13.280       79.99     303736.    0.0855
       10.72      0.6290      0.4892      0.0071      0.0091       0.348      12.186       5.954     259.504       1.377      26.485      10.407       80.10     304468.    0.0522
       11.12      0.6523      0.2576      0.0025      0.0063       0.241       8.450       2.097     179.952       0.955       9.327       5.285       80.21     305208.    0.0157
       11.52      0.6756



         PROP RPM =       1900

         V          J           Pe         Ct          Cp          PWR         Torque      Thrust      PWR         Torque      Thrust      THR/PWR      Vtip      Reyn       FOM
       (mph)     (Adv_Ratio)     -          -           -          (Hp)        (In-Lbf)     (Lbf)      (W)         (N-m)       (N)         (g/W)       (ft/s)      -          -
        0.00      0.0000      0.0000      0.1034      0.0341       1.537      50.988      97.032    1146.178       5.761     431.596      38.398       82.90     308351.    0.7771
        0.41      0.0230      0.0676      0.1016      0.0345       1.555      51.576      95.359    1159.385       5.827     424.158      37.306       82.91     308567.    0.7485
        0.83      0.0459      0.1313      0.0997      0.0349       1.571      52.111      93.570    1171.427       5.888     416.200      36.230       82.91     308799.    0.7200
        1.24      0.0689      0.1911      0.0977      0.0352       1.585      52.582      91.659    1181.993       5.941     407.698      35.173       82.92     309048.    0.6918
        1.65      0.0919      0.2473      0.0955      0.0355       1.597      52.972      89.617    1190.773       5.985     398.618      34.136       82.94     309314.    0.6639
        2.07      0.1148      0.3000      0.0932      0.0357       1.606      53.268      87.437    1197.415       6.018     388.921      33.120       82.96     309598.    0.6363
        2.48      0.1378      0.3492      0.0907      0.0358       1.611      53.451      85.109    1201.531       6.039     378.564      32.128       82.98     309901.    0.6089
        2.89      0.1608      0.3951      0.0880      0.0358       1.613      53.503      82.623    1202.706       6.045     367.507      31.159       83.01     310223.    0.5819
        3.31      0.1837      0.4378      0.0852      0.0358       1.610      53.406      79.973    1200.530       6.034     355.718      30.214       83.04     310563.    0.5551
        3.72      0.2067      0.4776      0.0822      0.0356       1.602      53.145      77.156    1194.653       6.004     343.190      29.294       83.08     310924.    0.5286
        4.13      0.2296      0.5144      0.0791      0.0353       1.589      52.708      74.180    1184.841       5.955     329.950      28.397       83.12     311305.    0.5025
        4.55      0.2526      0.5484      0.0757      0.0349       1.570      52.091      71.055    1170.968       5.885     316.051      27.523       83.17     311706.    0.4766
        4.96      0.2756      0.5797      0.0722      0.0343       1.546      51.289      67.793    1152.947       5.795     301.544      26.670       83.22     312127.    0.4512
        5.37      0.2985      0.6084      0.0686      0.0337       1.516      50.300      64.406    1130.695       5.683     286.476      25.836       83.28     312570.    0.4260
        5.78      0.3215      0.6344      0.0649      0.0329       1.481      49.118      60.901    1104.129       5.549     270.888      25.018       83.34     313034.    0.4011
        6.20      0.3445      0.6579      0.0611      0.0320       1.439      47.740      57.288    1073.153       5.394     254.816      24.213       83.40     313519.    0.3765
        6.61      0.3674      0.6787      0.0571      0.0309       1.392      46.161      53.573    1037.672       5.215     238.293      23.417       83.47     314026.    0.3521
        7.02      0.3904      0.6967      0.0530      0.0297       1.338      44.378      49.764     997.593       5.014     221.350      22.626       83.54     314554.    0.3279
        7.44      0.4134      0.7119      0.0489      0.0284       1.278      42.387      45.868     952.828       4.789     204.019      21.834       83.62     315105.    0.3038
        7.85      0.4363      0.7239      0.0446      0.0269       1.211      40.184      41.891     903.299       4.540     186.330      21.034       83.70     315679.    0.2797
        8.26      0.4593      0.7324      0.0403      0.0253       1.138      37.766      37.841     848.948       4.267     168.316      20.217       83.78     316274.    0.2555
        8.68      0.4823      0.7368      0.0359      0.0235       1.059      35.132      33.726     789.739       3.969     150.013      19.370       83.87     316893.    0.2311
        9.09      0.5052      0.7362      0.0315      0.0216       0.973      32.282      29.555     725.671       3.647     131.463      18.473       83.97     317534.    0.2063
        9.50      0.5282      0.7291      0.0270      0.0196       0.881      29.217      25.340     656.786       3.301     112.712      17.500       84.07     318198.    0.1810
        9.92      0.5511      0.7132      0.0225      0.0174       0.782      25.943      21.092     583.181       2.931      93.819      16.405       84.17     318885.    0.1548
       10.33      0.5741      0.6844      0.0179      0.0150       0.677      22.466      16.828     505.025       2.538      74.850      15.113       84.28     319596.    0.1274
       10.74      0.5971      0.6351      0.0134      0.0126       0.567      18.797      12.562     422.547       2.124      55.876      13.484       84.39     320329.    0.0982
       11.16      0.6200      0.5486      0.0089      0.0100       0.451      14.947       8.310     335.994       1.689      36.961      11.217       84.50     321083.    0.0664
       11.57      0.6430      0.3819      0.0043      0.0073       0.329      10.919       4.075     245.460       1.234      18.125       7.530       84.62     321854.    0.0312
       11.98      0.6660



         PROP RPM =       2000

         V          J           Pe         Ct          Cp          PWR         Torque      Thrust      PWR         Torque      Thrust      THR/PWR      Vtip      Reyn       FOM
       (mph)     (Adv_Ratio)     -          -           -          (Hp)        (In-Lbf)     (Lbf)      (W)         (N-m)       (N)         (g/W)       (ft/s)      -          -
        0.00      0.0000      0.0000      0.1034      0.0340       1.787      56.310     107.523    1332.431       6.362     478.261      36.602       87.27     324580.    0.7798
        0.44      0.0230      0.0680      0.1016      0.0344       1.808      56.965     105.664    1347.918       6.436     469.995      35.556       87.27     324808.    0.7509
        0.87      0.0461      0.1320      0.0997      0.0348       1.827      57.561     103.676    1362.037       6.503     461.151      34.525       87.28     325053.    0.7222
        1.31      0.0691      0.1922      0.0977      0.0351       1.843      58.085     101.551    1374.426       6.562     451.701      33.513       87.29     325316.    0.6938
        1.74      0.0921      0.2487      0.0955      0.0354       1.857      58.520      99.282    1384.711       6.612     441.605      32.520       87.30     325597.    0.6657
        2.18      0.1152      0.3016      0.0932      0.0356       1.867      58.848      96.857    1392.489       6.649     430.822      31.549       87.33     325898.    0.6379
        2.62      0.1382      0.3511      0.0907      0.0357       1.874      59.051      94.268    1397.295       6.672     419.302      30.600       87.35     326217.    0.6104
        3.05      0.1612      0.3972      0.0880      0.0357       1.876      59.108      91.502    1398.639       6.678     407.001      29.674       87.38     326557.    0.5832
        3.49      0.1842      0.4401      0.0852      0.0357       1.872      58.999      88.553    1396.047       6.666     393.885      28.771       87.42     326917.    0.5562
        3.93      0.2073      0.4800      0.0822      0.0355       1.863      58.705      85.419    1389.101       6.632     379.944      27.891       87.46     327299.    0.5296
        4.36      0.2303      0.5170      0.0790      0.0352       1.847      58.216      82.107    1377.531       6.577     365.213      27.035       87.50     327701.    0.5033
        4.80      0.2533      0.5511      0.0756      0.0348       1.825      57.526      78.630    1361.191       6.499     349.747      26.201       87.55     328125.    0.4773
        5.23      0.2764      0.5825      0.0721      0.0342       1.797      56.629      75.001    1339.978       6.398     333.606      25.387       87.60     328571.    0.4517
        5.67      0.2994      0.6113      0.0685      0.0336       1.762      55.523      71.232    1313.795       6.273     316.842      24.592       87.66     329039.    0.4264
        6.11      0.3224      0.6375      0.0648      0.0328       1.720      54.202      67.333    1282.540       6.124     299.499      23.812       87.72     329529.    0.4014
        6.54      0.3455      0.6610      0.0609      0.0318       1.671      52.662      63.314    1246.102       5.950     281.619      23.046       87.79     330042.    0.3767
        6.98      0.3685      0.6819      0.0569      0.0308       1.615      50.898      59.181    1204.366       5.750     263.238      22.288       87.86     330578.    0.3523
        7.42      0.3915      0.7001      0.0528      0.0296       1.552      48.906      54.944    1157.226       5.525     244.392      21.535       87.94     331138.    0.3280
        7.85      0.4145      0.7153      0.0487      0.0282       1.481      46.681      50.610    1104.576       5.274     225.115      20.782       88.02     331720.    0.3037
        8.29      0.4376      0.7274      0.0444      0.0267       1.403      44.219      46.187    1046.327       4.996     205.440      20.022       88.11     332327.    0.2796
        8.72      0.4606      0.7360      0.0401      0.0251       1.317      41.518      41.683     982.408       4.691     185.406      19.245       88.20     332957.    0.2553
        9.16      0.4836      0.7404      0.0357      0.0233       1.224      38.575      37.107     912.784       4.358     165.052      18.439       88.29     333611.    0.2308
        9.60      0.5067      0.7398      0.0312      0.0214       1.123      35.392      32.470     837.451       3.999     144.426      17.586       88.39     334290.    0.2059
       10.03      0.5297      0.7327      0.0267      0.0193       1.014      31.969      27.784     756.464       3.612     123.581      16.659       88.50     334993.    0.1804
       10.47      0.5527      0.7166      0.0222      0.0171       0.898      28.313      23.063     669.944       3.199     102.582      15.614       88.61     335720.    0.1541
       10.90      0.5758      0.6873      0.0176      0.0148       0.775      24.431      18.324     578.092       2.760      81.504      14.377       88.72     336471.    0.1264
       11.34      0.5988      0.6367      0.0131      0.0123       0.645      20.335      13.585     481.185       2.297      60.426      12.805       88.84     337247.    0.0970
       11.78      0.6218      0.5468      0.0085      0.0097       0.509      16.039       8.862     379.510       1.812      39.419      10.592       88.96     338045.    0.0648
       12.21      0.6448      0.3697      0.0040      0.0070       0.366      11.543       4.159     273.137       1.304      18.497       6.906       89.09     338859.    0.0289
       12.65      0.6679



         PROP RPM =       2100

         V          J           Pe         Ct          Cp          PWR         Torque      Thrust      PWR         Torque      Thrust      THR/PWR      Vtip      Reyn       FOM
       (mph)     (Adv_Ratio)     -          -           -          (Hp)        (In-Lbf)     (Lbf)      (W)         (N-m)       (N)         (g/W)       (ft/s)      -          -
        0.00      0.0000      0.0000      0.1034      0.0339       2.062      61.892     118.552    1537.741       6.993     527.321      34.968       91.63     340809.    0.7822
        0.46      0.0230      0.0683      0.1016      0.0343       2.086      62.616     116.502    1555.728       7.074     518.202      33.966       91.63     341049.    0.7532
        0.92      0.0461      0.1325      0.0997      0.0347       2.108      63.276     114.308    1572.128       7.149     508.443      32.979       91.64     341306.    0.7244
        1.38      0.0691      0.1930      0.0977      0.0350       2.128      63.855     111.964    1586.516       7.214     498.016      32.009       91.65     341583.    0.6959
        1.83      0.0922      0.2497      0.0955      0.0353       2.144      64.337     109.459    1598.472       7.269     486.875      31.059       91.67     341878.    0.6676
        2.29      0.1152      0.3027      0.0932      0.0355       2.156      64.701     106.784    1607.515       7.310     474.975      30.130       91.69     342194.    0.6397
        2.75      0.1383      0.3523      0.0907      0.0356       2.163      64.926     103.926    1613.110       7.335     462.261      29.222       91.72     342530.    0.6120
        3.21      0.1613      0.3986      0.0880      0.0356       2.165      64.989     100.873    1614.690       7.342     448.685      28.336       91.75     342887.    0.5847
        3.67      0.1844      0.4416      0.0852      0.0356       2.161      64.869      97.618    1611.698       7.329     434.207      27.472       91.79     343266.    0.5577
        4.13      0.2074      0.4816      0.0821      0.0354       2.151      64.545      94.159    1603.654       7.292     418.819      26.631       91.83     343667.    0.5309
        4.58      0.2305      0.5187      0.0790      0.0351       2.133      64.005      90.503    1590.245       7.231     402.558      25.813       91.88     344090.    0.5045
        5.04      0.2535      0.5530      0.0756      0.0347       2.107      63.243      86.665    1571.300       7.145     385.487      25.017       91.93     344535.    0.4785
        5.50      0.2766      0.5845      0.0721      0.0341       2.074      62.253      82.660    1546.700       7.033     367.671      24.240       91.98     345004.    0.4528
        5.96      0.2996      0.6134      0.0685      0.0335       2.033      61.030      78.500    1516.328       6.895     349.167      23.481       92.05     345496.    0.4274
        6.42      0.3227      0.6397      0.0647      0.0327       1.985      59.571      74.196    1480.067       6.730     330.025      22.738       92.11     346012.    0.4024
        6.88      0.3457      0.6633      0.0609      0.0317       1.928      57.869      69.759    1437.788       6.538     310.290      22.007       92.18     346551.    0.3776
        7.33      0.3688      0.6843      0.0569      0.0307       1.863      55.920      65.199    1389.361       6.318     290.003      21.285       92.26     347115.    0.3531
        7.79      0.3918      0.7026      0.0528      0.0294       1.790      53.718      60.522    1334.654       6.069     269.203      20.568       92.34     347703.    0.3287
        8.25      0.4149      0.7180      0.0486      0.0281       1.708      51.259      55.739    1273.550       5.791     247.926      19.851       92.43     348316.    0.3045
        8.71      0.4379      0.7303      0.0444      0.0266       1.617      48.538      50.857    1205.943       5.484     226.213      19.128       92.52     348954.    0.2803
        9.17      0.4610      0.7391      0.0400      0.0250       1.518      45.552      45.886    1131.754       5.146     204.103      18.390       92.61     349616.    0.2559
        9.63      0.4840      0.7437      0.0356      0.0232       1.409      42.299      40.837    1050.936       4.779     181.641      17.625       92.71     350304.    0.2314
       10.08      0.5071      0.7434      0.0312      0.0213       1.292      38.779      35.719     963.494       4.381     158.880      16.815       92.82     351018.    0.2065
       10.54      0.5301      0.7365      0.0266      0.0192       1.166      34.996      30.548     869.487       3.954     135.878      15.936       92.93     351757.    0.1810
       11.00      0.5532      0.7207      0.0221      0.0170       1.031      30.954      25.339     769.059       3.497     112.709      14.944       93.04     352521.    0.1546
       11.46      0.5762      0.6918      0.0175      0.0146       0.888      26.663      20.111     662.446       3.012      89.453      13.770       93.16     353311.    0.1269
       11.92      0.5993      0.6413      0.0130      0.0121       0.738      22.136      14.883     549.970       2.501      66.201      12.275       93.28     354127.    0.0973
       12.38      0.6223      0.5511      0.0084      0.0095       0.579      17.386       9.674     431.964       1.964      43.028      10.157       93.41     354966.    0.0649
       12.83      0.6454      0.3710      0.0039      0.0068       0.414      12.417       4.485     308.496       1.403      19.948       6.594       93.54     355822.    0.0287
       13.29      0.6684



         PROP RPM =       2200

         V          J           Pe         Ct          Cp          PWR         Torque      Thrust      PWR         Torque      Thrust      THR/PWR      Vtip      Reyn       FOM
       (mph)     (Adv_Ratio)     -          -           -          (Hp)        (In-Lbf)     (Lbf)      (W)         (N-m)       (N)         (g/W)       (ft/s)      -          -
        0.00      0.0000      0.0000      0.1034      0.0338       2.364      67.734     130.121    1763.024       7.653     578.777      33.476       95.99     357038.    0.7845
        0.48      0.0230      0.0684      0.1016      0.0342       2.392      68.530     127.873    1783.735       7.742     568.779      32.516       96.00     357289.    0.7554
        0.96      0.0461      0.1328      0.0997      0.0346       2.417      69.255     125.468    1802.619       7.824     558.079      31.570       96.00     357559.    0.7265
        1.44      0.0691      0.1934      0.0977      0.0349       2.440      69.893     122.897    1819.209       7.896     546.648      30.641       96.02     357848.    0.6979
        1.92      0.0921      0.2501      0.0955      0.0352       2.458      70.423     120.152    1832.999       7.956     534.435      29.731       96.03     358157.    0.6696
        2.40      0.1152      0.3033      0.0932      0.0354       2.472      70.824     117.219    1843.449       8.002     521.389      28.841       96.06     358487.    0.6415
        2.88      0.1382      0.3530      0.0907      0.0355       2.481      71.073     114.086    1849.942       8.030     507.453      27.972       96.09     358839.    0.6138
        3.36      0.1612      0.3994      0.0880      0.0355       2.483      71.146     110.740    1851.829       8.038     492.571      27.124       96.12     359213.    0.5864
        3.84      0.1842      0.4425      0.0852      0.0355       2.479      71.017     107.172    1848.472       8.023     476.702      26.297       96.16     359609.    0.5593
        4.32      0.2073      0.4826      0.0822      0.0353       2.467      70.665     103.380    1839.318       7.984     459.836      25.493       96.20     360028.    0.5325
        4.80      0.2303      0.5198      0.0790      0.0350       2.446      70.077      99.373    1824.003       7.917     442.012      24.711       96.25     360471.    0.5061
        5.28      0.2533      0.5541      0.0756      0.0346       2.417      69.244      95.167    1802.332       7.823     423.301      23.949       96.30     360937.    0.4800
        5.76      0.2764      0.5858      0.0722      0.0340       2.379      68.162      90.776    1774.164       7.701     403.772      23.207       96.36     361428.    0.4543
        6.24      0.2994      0.6148      0.0685      0.0334       2.333      66.825      86.216    1739.369       7.550     383.489      22.482       96.43     361943.    0.4289
        6.72      0.3224      0.6412      0.0648      0.0326       2.277      65.229      81.499    1697.809       7.369     362.506      21.772       96.50     362482.    0.4038
        7.20      0.3455      0.6649      0.0609      0.0316       2.212      63.366      76.635    1649.335       7.159     340.874      21.075       96.57     363047.    0.3790
        7.68      0.3685      0.6861      0.0569      0.0306       2.137      61.233      71.636    1593.797       6.918     318.636      20.386       96.65     363636.    0.3545
        8.16      0.3915      0.7046      0.0529      0.0294       2.053      58.822      66.510    1531.047       6.646     295.835      19.703       96.74     364252.    0.3301
        8.64      0.4145      0.7202      0.0487      0.0280       1.959      56.128      61.266    1460.945       6.341     272.513      19.021       96.83     364893.    0.3059
        9.12      0.4376      0.7327      0.0444      0.0265       1.855      53.148      55.915    1383.370       6.005     248.711      18.333       96.92     365560.    0.2816
        9.60      0.4606      0.7417      0.0401      0.0249       1.741      49.877      50.466    1298.233       5.635     224.474      17.632       97.02     366253.    0.2573
       10.08      0.4836      0.7467      0.0357      0.0231       1.617      46.314      44.931    1205.481       5.232     199.851      16.905       97.12     366973.    0.2328
       10.56      0.5067      0.7468      0.0313      0.0212       1.482      42.458      39.321    1105.112       4.797     174.900      16.138       97.23     367719.    0.2079
       11.04      0.5297      0.7405      0.0267      0.0191       1.337      38.312      33.652     997.195       4.328     149.684      15.306       97.35     368492.    0.1824
       11.52      0.5527      0.7255      0.0222      0.0169       1.183      33.882      27.941     881.897       3.828     124.282      14.370       97.47     369292.    0.1561
       12.00      0.5758      0.6975      0.0177      0.0146       1.018      29.179      22.209     759.483       3.297      98.785      13.263       97.59     370118.    0.1284
       12.47      0.5988      0.6484      0.0131      0.0121       0.845      24.217      16.477     630.322       2.736      73.290      11.857       97.72     370971.    0.0989
       12.95      0.6218      0.5604      0.0086      0.0095       0.664      19.010      10.764     494.798       2.148      47.880       9.867       97.86     371849.    0.0665
       13.43      0.6449      0.3841      0.0040      0.0068       0.473      13.562       5.075     353.006       1.532      22.574       6.521       97.99     372745.    0.0302
       13.91      0.6679



         PROP RPM =       2300

         V          J           Pe         Ct          Cp          PWR         Torque      Thrust      PWR         Torque      Thrust      THR/PWR      Vtip      Reyn       FOM
       (mph)     (Adv_Ratio)     -          -           -          (Hp)        (In-Lbf)     (Lbf)      (W)         (N-m)       (N)         (g/W)       (ft/s)      -          -
        0.00      0.0000      0.0000      0.1034      0.0337       2.694      73.836     142.228    2009.197       8.342     632.630      32.107      100.36     373267.    0.7867
        0.50      0.0230      0.0684      0.1017      0.0341       2.726      74.705     139.777    2032.860       8.440     621.729      31.187      100.36     373529.    0.7575
        1.00      0.0460      0.1329      0.0997      0.0345       2.755      75.499     137.155    2054.448       8.530     610.064      30.280      100.37     373810.    0.7286
        1.50      0.0689      0.1935      0.0977      0.0348       2.781      76.196     134.353    2073.426       8.609     597.604      29.390      100.38     374112.    0.6999
        2.00      0.0919      0.2503      0.0955      0.0351       2.802      76.777     131.361    2089.226       8.674     584.293      28.518      100.40     374434.    0.6715
        2.50      0.1149      0.3035      0.0932      0.0353       2.818      77.218     128.165    2101.233       8.724     570.077      27.666      100.42     374778.    0.6435
        3.00      0.1379      0.3532      0.0907      0.0354       2.828      77.494     124.751    2108.746       8.755     554.892      26.833      100.45     375145.    0.6157
        3.50      0.1609      0.3996      0.0881      0.0354       2.831      77.578     121.106    2111.031       8.765     538.680      26.020      100.49     375534.    0.5883
        4.00      0.1838      0.4429      0.0852      0.0354       2.826      77.443     117.220    2107.355       8.749     521.393      25.229      100.53     375947.    0.5612
        4.50      0.2068      0.4830      0.0822      0.0352       2.812      77.066     113.089    2097.094       8.707     503.021      24.459      100.57     376384.    0.5344
        5.00      0.2298      0.5202      0.0791      0.0349       2.789      76.431     108.724    2079.831       8.635     483.606      23.711      100.62     376846.    0.5079
        5.51      0.2528      0.5547      0.0757      0.0345       2.756      75.531     104.142    2055.332       8.533     463.223      22.982      100.68     377331.    0.4818
        6.01      0.2757      0.5864      0.0723      0.0340       2.713      74.359      99.359    2023.443       8.401     441.948      22.272      100.74     377842.    0.4561
        6.51      0.2987      0.6155      0.0686      0.0333       2.661      72.910      94.391    1984.014       8.237     419.852      21.579      100.81     378379.    0.4307
        7.01      0.3217      0.6420      0.0649      0.0325       2.597      71.178      89.252    1936.886       8.042     396.992      20.901      100.88     378941.    0.4057
        7.51      0.3447      0.6660      0.0611      0.0316       2.524      69.157      83.953    1881.892       7.813     373.425      20.234      100.96     379529.    0.3809
        8.01      0.3677      0.6873      0.0571      0.0305       2.439      66.841      78.506    1818.859       7.552     349.197      19.577      101.04     380143.    0.3564
        8.51      0.3906      0.7059      0.0530      0.0293       2.344      64.223      72.921    1747.619       7.256     324.355      18.926      101.13     380784.    0.3320
        9.01      0.4136      0.7218      0.0489      0.0280       2.237      61.298      67.209    1668.012       6.925     298.944      18.276      101.22     381451.    0.3078
        9.51      0.4366      0.7346      0.0446      0.0265       2.119      58.060      61.378    1579.903       6.560     273.010      17.621      101.32     382146.    0.2836
       10.01      0.4596      0.7440      0.0403      0.0249       1.989      54.505      55.441    1483.183       6.158     246.600      16.954      101.42     382868.    0.2594
       10.51      0.4826      0.7495      0.0359      0.0231       1.848      50.632      49.408    1377.789       5.720     219.769      16.265      101.53     383617.    0.2349
       11.01      0.5055      0.7501      0.0315      0.0212       1.695      46.440      43.295    1263.721       5.247     192.576      15.539      101.65     384395.    0.2101
       11.51      0.5285      0.7446      0.0270      0.0192       1.530      41.932      37.116    1141.052       4.737     165.093      14.754      101.77     385200.    0.1847
       12.01      0.5515      0.7305      0.0225      0.0170       1.354      37.115      30.891    1009.962       4.193     137.403      13.873      101.89     386032.    0.1584
       12.51      0.5745      0.7041      0.0179      0.0146       1.168      31.999      24.641     870.749       3.615     109.605      12.836      102.02     386893.    0.1309
       13.01      0.5975      0.6574      0.0134      0.0122       0.971      26.600      18.391     723.826       3.005      81.803      11.524      102.16     387781.    0.1015
       13.51      0.6204      0.5736      0.0088      0.0096       0.764      20.933      12.160     569.635       2.365      54.089       9.683      102.29     388696.    0.0694
       14.01      0.6434      0.4065      0.0043      0.0069       0.548      15.006       5.956     408.330       1.695      26.494       6.616      102.44     389630.    0.0332
       14.51      0.6664



         PROP RPM =       2400

         V          J           Pe         Ct          Cp          PWR         Torque      Thrust      PWR         Torque      Thrust      THR/PWR      Vtip      Reyn       FOM
       (mph)     (Adv_Ratio)     -          -           -          (Hp)        (In-Lbf)     (Lbf)      (W)         (N-m)       (N)         (g/W)       (ft/s)      -          -
        0.00      0.0000      0.0000      0.1034      0.0337       3.054      80.197     154.874    2277.176       9.061     688.878      30.848      104.72     389496.    0.7887
        0.52      0.0229      0.0685      0.1017      0.0341       3.090      81.144     152.211    2304.056       9.168     677.036      29.964      104.72     389768.    0.7595
        1.04      0.0459      0.1329      0.0998      0.0344       3.123      82.008     149.363    2328.595       9.265     664.367      29.093      104.73     390061.    0.7305
        1.56      0.0688      0.1935      0.0977      0.0347       3.152      82.768     146.321    2350.179       9.351     650.834      28.239      104.74     390375.    0.7018
        2.08      0.0917      0.2504      0.0956      0.0350       3.176      83.402     143.071    2368.179       9.423     636.380      27.402      104.76     390711.    0.6734
        2.61      0.1147      0.3037      0.0932      0.0352       3.194      83.884     139.601    2381.885       9.477     620.945      26.583      104.79     391069.    0.6453
        3.13      0.1376      0.3534      0.0908      0.0353       3.206      84.189     135.895    2390.521       9.512     604.460      25.784      104.82     391450.    0.6175
        3.65      0.1605      0.3999      0.0881      0.0354       3.209      84.285     131.938    2393.251       9.522     586.862      25.005      104.86     391856.    0.5901
        4.17      0.1834      0.4432      0.0853      0.0353       3.204      84.144     127.720    2389.254       9.507     568.100      24.246      104.90     392285.    0.5630
        4.69      0.2064      0.4834      0.0823      0.0351       3.189      83.741     123.237    2377.809       9.461     548.160      23.508      104.95     392740.    0.5362
        5.21      0.2293      0.5207      0.0791      0.0349       3.163      83.059     118.500    2358.445       9.384     527.088      22.790      105.00     393220.    0.5097
        5.73      0.2522      0.5552      0.0758      0.0344       3.126      82.089     113.526    2330.898       9.274     504.965      22.091      105.06     393725.    0.4836
        6.25      0.2752      0.5870      0.0724      0.0339       3.078      80.824     108.335    2294.986       9.131     481.873      21.411      105.12     394256.    0.4579
        6.77      0.2981      0.6162      0.0688      0.0333       3.018      79.259     102.943    2250.543       8.955     457.889      20.747      105.19     394814.    0.4325
        7.30      0.3210      0.6428      0.0650      0.0325       2.947      77.387      97.364    2197.388       8.743     433.076      20.097      105.27     395398.    0.4074
        7.82      0.3440      0.6669      0.0612      0.0316       2.864      75.201      91.613    2135.331       8.496     407.493      19.460      105.35     396010.    0.3827
        8.34      0.3669      0.6884      0.0572      0.0305       2.768      72.696      85.700    2064.177       8.213     381.193      18.831      105.43     396648.    0.3582
        8.86      0.3898      0.7072      0.0532      0.0293       2.660      69.863      79.637    1983.736       7.893     354.226      18.209      105.52     397315.    0.3338
        9.38      0.4127      0.7233      0.0490      0.0280       2.540      66.696      73.435    1893.826       7.535     326.640      17.588      105.62     398009.    0.3096
        9.90      0.4357      0.7363      0.0448      0.0265       2.406      63.191      67.105    1794.289       7.139     298.485      16.963      105.72     398731.    0.2855
       10.42      0.4586      0.7461      0.0405      0.0249       2.260      59.342      60.659    1685.008       6.704     269.813      16.328      105.83     399482.    0.2613
       10.94      0.4815      0.7520      0.0361      0.0231       2.100      55.147      54.110    1565.904       6.231     240.682      15.673      105.94     400261.    0.2369
       11.47      0.5045      0.7531      0.0317      0.0212       1.927      50.607      47.472    1436.973       5.718     211.156      14.984      106.06     401069.    0.2121
       11.99      0.5274      0.7483      0.0272      0.0192       1.741      45.723      40.762    1298.297       5.166     181.311      14.241      106.19     401905.    0.1868
       12.51      0.5503      0.7353      0.0227      0.0170       1.542      40.503      34.001    1150.067       4.576     151.238      13.410      106.31     402771.    0.1606
       13.03      0.5733      0.7102      0.0182      0.0147       1.331      34.958      27.212     992.619       3.950     121.041      12.435      106.45     403666.    0.1333
       13.55      0.5962      0.6658      0.0136      0.0122       1.108      29.104      20.422     826.411       3.288      90.835      11.208      106.59     404589.    0.1041
       14.07      0.6191      0.5859      0.0091      0.0096       0.874      22.960      13.651     651.946       2.594      60.721       9.497      106.73     405540.    0.0721
       14.59      0.6420      0.4271      0.0046      0.0069       0.630      16.533       6.910     469.442       1.868      30.737       6.677      106.88     406512.    0.0361
       15.11      0.6650     -0.0127     -0.0001      0.0040       0.361       9.491      -0.114     269.506       1.072      -0.507      -0.192      107.04     407274.    0.0000



         PROP RPM =       2500

         V          J           Pe         Ct          Cp          PWR         Torque      Thrust      PWR         Torque      Thrust      THR/PWR      Vtip      Reyn       FOM
       (mph)     (Adv_Ratio)     -          -           -          (Hp)        (In-Lbf)     (Lbf)      (W)         (N-m)       (N)         (g/W)       (ft/s)      -          -
        0.00      0.0000      0.0000      0.1034      0.0336       3.444      86.817     168.058    2567.877       9.809     747.523      29.685      109.08     405725.    0.7906
        0.54      0.0230      0.0687      0.1017      0.0340       3.484      87.847     165.167    2598.342       9.925     734.663      28.832      109.09     406009.    0.7613
        1.09      0.0459      0.1334      0.0998      0.0343       3.522      88.787     162.074    2626.150      10.031     720.904      27.992      109.09     406314.    0.7322
        1.63      0.0689      0.1941      0.0977      0.0347       3.555      89.615     158.769    2650.615      10.125     706.205      27.168      109.11     406642.    0.7033
        2.17      0.0918      0.2512      0.0956      0.0349       3.582      90.304     155.240    2671.020      10.203     690.506      26.361      109.13     406992.    0.6748
        2.72      0.1148      0.3046      0.0932      0.0351       3.603      90.830     151.470    2686.565      10.262     673.738      25.572      109.16     407365.    0.6466
        3.26      0.1377      0.3545      0.0908      0.0353       3.616      91.161     147.444    2696.357      10.299     655.830      24.802      109.19     407763.    0.6188
        3.80      0.1607      0.4010      0.0881      0.0353       3.620      91.266     143.145    2699.461      10.311     636.711      24.052      109.23     408186.    0.5912
        4.35      0.1836      0.4444      0.0853      0.0352       3.614      91.113     138.563    2694.936      10.294     616.326      23.321      109.27     408634.    0.5640
        4.89      0.2066      0.4847      0.0823      0.0351       3.597      90.675     133.692    2681.970      10.244     594.661      22.610      109.32     409108.    0.5371
        5.43      0.2295      0.5221      0.0791      0.0348       3.567      89.933     128.544    2660.031      10.161     571.766      21.918      109.37     409608.    0.5106
        5.98      0.2525      0.5567      0.0758      0.0344       3.525      88.878     123.141    2628.822      10.041     547.729      21.246      109.43     410136.    0.4844
        6.52      0.2754      0.5886      0.0723      0.0338       3.471      87.502     117.500    2588.131       9.886     522.640      20.592      109.50     410690.    0.4586
        7.06      0.2984      0.6179      0.0687      0.0332       3.403      85.799     111.642    2537.772       9.694     496.582      19.953      109.57     411272.    0.4332
        7.61      0.3213      0.6446      0.0650      0.0324       3.322      83.763     105.581    2477.537       9.463     469.624      19.329      109.65     411881.    0.4080
        8.15      0.3443      0.6687      0.0611      0.0315       3.228      81.385      99.332    2407.212       9.195     441.829      18.716      109.74     412519.    0.3832
        8.69      0.3672      0.6903      0.0572      0.0304       3.120      78.659      92.908    2326.571       8.887     413.256      18.113      109.83     413185.    0.3587
        9.24      0.3902      0.7093      0.0531      0.0292       2.998      75.577      86.322    2235.402       8.539     383.959      17.515      109.92     413881.    0.3343
        9.78      0.4131      0.7254      0.0490      0.0279       2.861      72.131      79.584    2133.497       8.149     353.991      16.919      110.02     414605.    0.3101
       10.32      0.4361      0.7386      0.0448      0.0264       2.710      68.317      72.708    2020.680       7.718     323.405      16.320      110.13     415358.    0.2859
       10.87      0.4590      0.7485      0.0404      0.0248       2.544      64.129      65.706    1896.814       7.245     292.258      15.712      110.24     416141.    0.2617
       11.41      0.4820      0.7545      0.0361      0.0230       2.363      59.565      58.591    1761.814       6.730     260.613      15.084      110.36     416954.    0.2372
       11.95      0.5049      0.7559      0.0316      0.0211       2.167      54.624      51.381    1615.677       6.171     228.541      14.424      110.48     417797.    0.2124
       12.50      0.5279      0.7512      0.0271      0.0191       1.956      49.310      44.093    1458.496       5.571     196.125      13.712      110.61     418670.    0.1871
       13.04      0.5508      0.7384      0.0226      0.0169       1.731      43.630      36.750    1290.492       4.929     163.463      12.916      110.75     419573.    0.1609
       13.58      0.5738      0.7135      0.0181      0.0145       1.491      37.597      29.377    1112.049       4.248     130.670      11.982      110.89     420507.    0.1334
       14.13      0.5967      0.6691      0.0135      0.0121       1.239      31.229      22.003     923.690       3.528      97.869      10.804      111.03     421470.    0.1041
       14.67      0.6197      0.5887      0.0090      0.0095       0.974      24.545      14.652     725.983       2.773      65.171       9.154      111.18     422462.    0.0720
       15.21      0.6426      0.4273      0.0045      0.0068       0.696      17.552       7.332     519.157       1.983      32.614       6.406      111.34     423476.    0.0356
       15.76      0.6656     -0.0521     -0.0003      0.0037       0.385       9.695      -0.477     286.753       1.095      -2.123      -0.755      111.50     424082.    0.0000



         PROP RPM =       2600

         V          J           Pe         Ct          Cp          PWR         Torque      Thrust      PWR         Torque      Thrust      THR/PWR      Vtip      Reyn       FOM
       (mph)     (Adv_Ratio)     -          -           -          (Hp)        (In-Lbf)     (Lbf)      (W)         (N-m)       (N)         (g/W)       (ft/s)      -          -
        0.00      0.0000      0.0000      0.1035      0.0335       3.865      93.697     181.782    2882.213      10.586     808.565      28.607      113.45     421954.    0.7924
        0.57      0.0230      0.0688      0.1017      0.0339       3.911      94.813     178.654    2916.544      10.712     794.654      27.784      113.45     422250.    0.7630
        1.13      0.0459      0.1337      0.0998      0.0343       3.953      95.832     175.308    2947.886      10.827     779.770      26.973      113.46     422567.    0.7337
        1.70      0.0689      0.1946      0.0977      0.0346       3.990      96.729     171.733    2975.474      10.928     763.870      26.178      113.47     422908.    0.7048
        2.26      0.0918      0.2517      0.0956      0.0349       4.021      97.477     167.915    2998.486      11.013     746.888      25.400      113.49     423272.    0.6762
        2.83      0.1148      0.3052      0.0932      0.0351       4.045      98.047     163.838    3016.026      11.077     728.750      24.639      113.52     423660.    0.6479
        3.39      0.1377      0.3553      0.0908      0.0352       4.059      98.407     159.482    3027.099      11.118     709.377      23.896      113.56     424074.    0.6200
        3.96      0.1607      0.4019      0.0881      0.0352       4.064      98.522     154.832    3030.641      11.131     688.693      23.172      113.59     424514.    0.5924
        4.52      0.1836      0.4454      0.0853      0.0352       4.057      98.358     149.874    3025.590      11.112     666.640      22.468      113.64     424980.    0.5651
        5.09      0.2066      0.4857      0.0823      0.0350       4.038      97.885     144.605    3011.047      11.059     643.203      21.783      113.69     425473.    0.5382
        5.65      0.2296      0.5232      0.0791      0.0347       4.005      97.084     139.036    2986.398      10.968     618.434      21.117      113.75     425994.    0.5116
        6.22      0.2525      0.5579      0.0758      0.0343       3.958      95.943     133.190    2951.311      10.840     592.429      20.469      113.81     426542.    0.4853
        6.78      0.2755      0.5899      0.0723      0.0338       3.896      94.455     127.088    2905.551      10.672     565.288      19.839      113.88     427119.    0.4595
        7.35      0.2984      0.6192      0.0687      0.0331       3.820      92.614     120.750    2848.901      10.463     537.096      19.224      113.96     427724.    0.4340
        7.91      0.3214      0.6460      0.0650      0.0323       3.730      90.411     114.193    2781.132      10.215     507.932      18.624      114.04     428358.    0.4089
        8.48      0.3443      0.6703      0.0611      0.0314       3.623      87.838     107.433    2702.000       9.924     477.863      18.034      114.13     429022.    0.3840
        9.04      0.3673      0.6919      0.0572      0.0304       3.502      84.888     100.484    2611.249       9.591     446.952      17.454      114.22     429715.    0.3595
        9.61      0.3902      0.7110      0.0531      0.0292       3.364      81.552      93.359    2508.638       9.214     415.259      16.880      114.32     430438.    0.3351
       10.17      0.4132      0.7273      0.0490      0.0278       3.210      77.824      86.070    2393.941       8.792     382.839      16.307      114.42     431191.    0.3108
       10.74      0.4361      0.7406      0.0447      0.0264       3.040      73.695      78.631    2266.949       8.326     349.751      15.732      114.53     431975.    0.2866
       11.30      0.4591      0.7507      0.0404      0.0247       2.853      69.163      71.056    2127.515       7.814     316.058      15.149      114.65     432790.    0.2624
       11.87      0.4821      0.7569      0.0361      0.0230       2.649      64.222      63.360    1975.538       7.256     281.825      14.547      114.77     433636.    0.2379
       12.43      0.5050      0.7585      0.0316      0.0211       2.429      58.874      55.560    1811.018       6.652     247.132      13.915      114.90     434513.    0.2131
       13.00      0.5280      0.7542      0.0271      0.0190       2.191      53.121      47.677    1634.059       6.002     212.066      13.234      115.04     435421.    0.1877
       13.56      0.5509      0.7417      0.0226      0.0168       1.938      46.972      39.734    1444.914       5.307     176.736      12.473      115.18     436360.    0.1615
       14.13      0.5739      0.7173      0.0181      0.0145       1.668      40.441      31.759    1244.010       4.569     141.264      11.579      115.32     437332.    0.1341
       14.69      0.5968      0.6734      0.0135      0.0120       1.384      33.547      23.783    1031.941       3.790     105.785      10.453      115.48     438334.    0.1047
       15.26      0.6198      0.5935      0.0090      0.0094       1.085      26.311      15.831     809.346       2.973      70.418       8.872      115.63     439366.    0.0725
       15.83      0.6427      0.4320      0.0045      0.0067       0.773      18.740       7.915     576.477       2.117      35.204       6.227      115.80     440420.    0.0360
       16.39      0.6657     -0.0645     -0.0004      0.0036       0.418      10.140      -0.617     311.929       1.146      -2.745      -0.897      115.97     440932.    0.0000



         PROP RPM =       2700

         V          J           Pe         Ct          Cp          PWR         Torque      Thrust      PWR         Torque      Thrust      THR/PWR      Vtip      Reyn       FOM
       (mph)     (Adv_Ratio)     -          -           -          (Hp)        (In-Lbf)     (Lbf)      (W)         (N-m)       (N)         (g/W)       (ft/s)      -          -
        0.00      0.0000      0.0000      0.1035      0.0334       4.320     100.835     196.044    3221.101      11.392     872.003      27.605      117.81     438183.    0.7941
        0.59      0.0230      0.0690      0.1017      0.0338       4.371     102.041     192.671    3259.615      11.529     856.999      26.810      117.81     438490.    0.7646
        1.17      0.0459      0.1340      0.0998      0.0342       4.418     103.142     189.062    3294.790      11.653     840.946      26.027      117.82     438820.    0.7352
        1.76      0.0689      0.1950      0.0977      0.0345       4.460     104.111     185.206    3325.741      11.762     823.796      25.259      117.84     439173.    0.7062
        2.35      0.0918      0.2523      0.0956      0.0348       4.495     104.920     181.088    3351.579      11.854     805.478      24.507      117.86     439552.    0.6775
        2.94      0.1148      0.3059      0.0932      0.0350       4.521     105.537     176.689    3371.287      11.923     785.913      23.772      117.89     439955.    0.6492
        3.52      0.1378      0.3560      0.0908      0.0351       4.538     105.927     171.991    3383.738      11.968     765.016      23.054      117.92     440385.    0.6212
        4.11      0.1607      0.4027      0.0881      0.0352       4.543     106.052     166.975    3387.750      11.982     742.704      22.355      117.96     440842.    0.5935
        4.70      0.1837      0.4463      0.0853      0.0351       4.536     105.876     161.627    3382.138      11.962     718.915      21.675      118.01     441326.    0.5661
        5.28      0.2066      0.4867      0.0823      0.0349       4.514     105.368     155.942    3365.881      11.904     693.631      21.014      118.06     441839.    0.5391
        5.87      0.2296      0.5243      0.0791      0.0347       4.477     104.504     149.935    3338.298      11.807     666.912      20.371      118.12     442379.    0.5125
        6.46      0.2526      0.5590      0.0758      0.0342       4.424     103.274     143.629    3299.014      11.668     638.860      19.747      118.19     442949.    0.4862
        7.04      0.2755      0.5911      0.0723      0.0337       4.355     101.670     137.046    3247.769      11.487     609.581      19.139      118.26     443548.    0.4603
        7.63      0.2985      0.6205      0.0687      0.0331       4.270      99.684     130.209    3184.312      11.262     579.170      18.547      118.34     444177.    0.4348
        8.22      0.3214      0.6474      0.0650      0.0323       4.168      97.307     123.136    3108.386      10.994     547.709      17.968      118.42     444836.    0.4096
        8.81      0.3444      0.6717      0.0611      0.0313       4.050      94.531     115.844    3019.715      10.680     515.273      17.400      118.52     445525.    0.3848
        9.39      0.3674      0.6935      0.0572      0.0303       3.913      91.348     108.347    2918.023      10.320     481.930      16.841      118.61     446245.    0.3602
        9.98      0.3903      0.7127      0.0531      0.0291       3.759      87.748     100.661    2803.030       9.914     447.741      16.288      118.72     446996.    0.3358
       10.57      0.4133      0.7291      0.0490      0.0278       3.587      83.724      92.799    2674.479       9.459     412.770      15.738      118.82     447779.    0.3115
       11.15      0.4363      0.7426      0.0447      0.0263       3.396      79.268      84.775    2532.145       8.956     377.079      15.185      118.94     448593.    0.2873
       11.74      0.4592      0.7528      0.0404      0.0247       3.186      74.375      76.604    2375.849       8.403     340.734      14.624      119.06     449440.    0.2630
       12.33      0.4822      0.7592      0.0360      0.0229       2.958      69.042      68.303    2205.497       7.800     303.810      14.047      119.19     450318.    0.2385
       12.92      0.5051      0.7610      0.0316      0.0210       2.710      63.269      59.889    2021.073       7.148     266.387      13.440      119.32     451229.    0.2137
       13.50      0.5281      0.7569      0.0271      0.0189       2.444      57.059      51.386    1822.704       6.446     228.565      12.787      119.46     452173.    0.1883
       14.09      0.5511      0.7448      0.0226      0.0167       2.160      50.421      42.819    1610.671       5.697     190.458      12.058      119.61     453149.    0.1621
       14.68      0.5740      0.7208      0.0181      0.0144       1.858      43.371      34.218    1385.454       4.900     152.200      11.202      119.76     454158.    0.1346
       15.26      0.5970      0.6774      0.0135      0.0119       1.539      35.929      25.615    1147.720       4.059     113.935      10.123      119.92     455199.    0.1053
       15.85      0.6199      0.5979      0.0090      0.0093       1.204      28.117      17.040     898.187       3.177      75.792       8.605      120.08     456271.    0.0730
       16.44      0.6429      0.4361      0.0045      0.0066       0.854      19.945       8.501     637.130       2.253      37.813       6.052      120.25     457367.    0.0363
       17.02      0.6659



         PROP RPM =       2800

         V          J           Pe         Ct          Cp          PWR         Torque      Thrust      PWR         Torque      Thrust      THR/PWR      Vtip      Reyn       FOM
       (mph)     (Adv_Ratio)     -          -           -          (Hp)        (In-Lbf)     (Lbf)      (W)         (N-m)       (N)         (g/W)       (ft/s)      -          -
        0.00      0.0000      0.0000      0.1035      0.0334       4.808     108.233     210.845    3585.458      12.228     937.838      26.672      122.17     454412.    0.7957
        0.61      0.0230      0.0691      0.1017      0.0338       4.866     109.531     207.217    3628.479      12.375     921.701      25.903      122.18     454730.    0.7661
        1.22      0.0459      0.1342      0.0998      0.0341       4.919     110.718     203.335    3667.776      12.509     904.434      25.145      122.19     455073.    0.7367
        1.83      0.0689      0.1954      0.0977      0.0345       4.965     111.762     199.188    3702.371      12.627     885.988      24.402      122.20     455439.    0.7076
        2.44      0.0919      0.2528      0.0956      0.0347       5.004     112.634     194.758    3731.253      12.725     866.285      23.675      122.23     455832.    0.6788
        3.04      0.1148      0.3065      0.0932      0.0349       5.033     113.299     190.027    3753.291      12.800     845.240      22.964      122.25     456250.    0.6504
        3.65      0.1378      0.3567      0.0908      0.0351       5.052     113.720     184.973    3767.243      12.848     822.761      22.270      122.29     456696.    0.6223
        4.26      0.1608      0.4035      0.0881      0.0351       5.058     113.857     179.578    3771.770      12.863     798.762      21.595      122.33     457170.    0.5945
        4.87      0.1837      0.4471      0.0853      0.0350       5.050     113.669     173.825    3765.560      12.842     773.172      20.938      122.38     457672.    0.5671
        5.48      0.2067      0.4877      0.0823      0.0349       5.025     113.123     167.710    3747.464      12.781     745.974      20.299      122.44     458204.    0.5401
        6.09      0.2296      0.5253      0.0791      0.0346       4.984     112.195     161.248    3716.730      12.676     717.231      19.678      122.50     458765.    0.5134
        6.70      0.2526      0.5601      0.0758      0.0342       4.925     110.873     154.464    3672.935      12.526     687.056      19.075      122.57     459356.    0.4871
        7.31      0.2756      0.5922      0.0723      0.0337       4.849     109.148     147.383    3615.784      12.331     655.560      18.488      122.64     459977.    0.4611
        7.92      0.2985      0.6217      0.0687      0.0330       4.754     107.012     140.029    3545.004      12.090     622.847      17.916      122.72     460629.    0.4356
        8.52      0.3215      0.6487      0.0650      0.0322       4.640     104.455     132.420    3460.305      11.801     589.005      17.357      122.81     461313.    0.4104
        9.13      0.3445      0.6731      0.0611      0.0313       4.508     101.468     124.576    3361.376      11.464     554.114      16.810      122.91     462028.    0.3855
        9.74      0.3674      0.6950      0.0572      0.0302       4.356      98.043     116.512    3247.904      11.077     518.247      16.271      123.01     462775.    0.3608
       10.35      0.3904      0.7142      0.0531      0.0290       4.183      94.170     108.244    3119.582      10.639     481.471      15.738      123.11     463554.    0.3364
       10.96      0.4134      0.7307      0.0490      0.0277       3.991      89.839      99.787    2976.120      10.150     443.854      15.208      123.23     464366.    0.3121
       11.57      0.4363      0.7444      0.0447      0.0262       3.778      85.044      91.156    2817.267       9.608     405.463      14.676      123.35     465211.    0.2879
       12.18      0.4593      0.7547      0.0404      0.0246       3.544      79.778      82.367    2642.828       9.013     366.369      14.136      123.47     466089.    0.2636
       12.79      0.4823      0.7613      0.0360      0.0228       3.289      74.038      73.438    2452.687       8.365     326.651      13.581      123.60     467000.    0.2391
       13.40      0.5052      0.7634      0.0316      0.0209       3.013      67.824      64.388    2246.838       7.663     286.400      12.998      123.74     467945.    0.2143
       14.01      0.5282      0.7595      0.0271      0.0189       2.716      61.140      55.242    2025.416       6.908     245.718      12.371      123.89     468924.    0.1889
       14.61      0.5512      0.7477      0.0226      0.0166       2.399      53.996      46.028    1788.738       6.100     204.731      11.671      124.04     469937.    0.1627
       15.22      0.5741      0.7241      0.0180      0.0143       2.062      46.407      36.777    1537.343       5.243     163.583      10.850      124.20     470984.    0.1352
       15.83      0.5971      0.6812      0.0135      0.0118       1.706      38.397      27.524    1271.974       4.338     122.428       9.815      124.36     472064.    0.1058
       16.44      0.6201      0.6023      0.0090      0.0092       1.332      29.988      18.301     993.434       3.388      81.405       8.356      124.53     473176.    0.0734
       17.05      0.6430      0.4403      0.0045      0.0065       0.941      21.192       9.118     702.022       2.394      40.559       5.891      124.71     474312.    0.0365
       17.66      0.6660



         PROP RPM =       2900

         V          J           Pe         Ct          Cp          PWR         Torque      Thrust      PWR         Torque      Thrust      THR/PWR      Vtip      Reyn       FOM
       (mph)     (Adv_Ratio)     -          -           -          (Hp)        (In-Lbf)     (Lbf)      (W)         (N-m)       (N)         (g/W)       (ft/s)      -          -
        0.00      0.0000      0.0000      0.1035      0.0333       5.332     115.889     226.185    3976.189      13.093    1006.070      25.801      126.54     470641.    0.7972
        0.63      0.0230      0.0693      0.1017      0.0337       5.396     117.284     222.293    4024.066      13.251     988.758      25.056      126.54     470971.    0.7675
        1.26      0.0459      0.1345      0.0998      0.0341       5.455     118.559     218.128    4067.804      13.395     970.233      24.322      126.55     471325.    0.7380
        1.89      0.0689      0.1958      0.0977      0.0344       5.507     119.681     213.678    4106.311      13.522     950.442      23.602      126.57     471705.    0.7088
        2.52      0.0919      0.2533      0.0956      0.0347       5.550     120.618     208.926    4138.465      13.627     929.302      22.898      126.59     472112.    0.6800
        3.15      0.1148      0.3071      0.0932      0.0349       5.583     121.334     203.849    4163.019      13.708     906.722      22.210      126.62     472546.    0.6515
        3.78      0.1378      0.3574      0.0908      0.0350       5.604     121.787     198.427    4178.576      13.759     882.604      21.539      126.66     473007.    0.6233
        4.42      0.1608      0.4043      0.0881      0.0350       5.610     121.936     192.638    4183.661      13.776     856.853      20.885      126.70     473498.    0.5955
        5.05      0.1838      0.4480      0.0853      0.0350       5.601     121.736     186.465    4176.805      13.754     829.395      20.249      126.75     474019.    0.5681
        5.68      0.2067      0.4886      0.0823      0.0348       5.574     121.151     179.904    4156.739      13.688     800.212      19.631      126.81     474569.    0.5410
        6.31      0.2297      0.5263      0.0791      0.0345       5.529     120.156     172.970    4122.619      13.575     769.371      19.030      126.87     475151.    0.5142
        6.94      0.2527      0.5611      0.0758      0.0341       5.463     118.739     165.691    4073.975      13.415     736.993      18.447      126.94     475763.    0.4878
        7.57      0.2756      0.5933      0.0723      0.0336       5.378     116.888     158.093    4010.476      13.206     703.198      17.880      127.02     476407.    0.4619
        8.20      0.2986      0.6229      0.0687      0.0329       5.273     114.596     150.202    3931.824      12.947     668.097      17.327      127.11     477082.    0.4363
        8.83      0.3216      0.6499      0.0650      0.0321       5.146     111.852     142.038    3837.682      12.637     631.784      16.787      127.20     477790.    0.4110
        9.46      0.3445      0.6744      0.0611      0.0312       4.999     108.647     133.621    3727.721      12.275     594.347      16.258      127.30     478531.    0.3861
       10.09      0.3675      0.6964      0.0572      0.0302       4.830     104.970     124.969    3601.579      11.859     555.862      15.738      127.40     479305.    0.3615
       10.72      0.3905      0.7157      0.0531      0.0290       4.638     100.812     116.098    3458.919      11.390     516.403      15.224      127.51     480113.    0.3370
       11.35      0.4135      0.7323      0.0490      0.0276       4.425      96.164     107.024    3299.423      10.865     476.042      14.712      127.63     480954.    0.3127
       11.99      0.4364      0.7461      0.0447      0.0262       4.188      91.016      97.763    3122.801      10.283     434.849      14.200      127.75     481829.    0.2884
       12.62      0.4594      0.7566      0.0404      0.0245       3.928      85.363      88.333    2928.844       9.644     392.904      13.679      127.88     482739.    0.2641
       13.25      0.4824      0.7634      0.0360      0.0228       3.644      79.201      78.752    2717.419       8.948     350.290      13.145      128.02     483683.    0.2397
       13.88      0.5053      0.7656      0.0316      0.0208       3.337      72.530      69.043    2488.524       8.194     307.104      12.584      128.16     484662.    0.2148
       14.51      0.5283      0.7620      0.0271      0.0188       3.007      65.353      59.230    2242.305       7.384     263.457      11.981      128.31     485676.    0.1894
       15.14      0.5513      0.7505      0.0226      0.0166       2.654      57.683      49.344    1979.121       6.517     219.484      11.309      128.47     486726.    0.1632
       15.77      0.5742      0.7273      0.0180      0.0142       2.279      49.535      39.420    1699.567       5.596     175.338      10.520      128.63     487810.    0.1357
       16.40      0.5972      0.6848      0.0135      0.0118       1.883      40.934      29.493    1404.475       4.625     131.187       9.525      128.80     488929.    0.1063
       17.03      0.6202      0.6063      0.0090      0.0092       1.468      31.907      19.599    1094.734       3.605      87.178       8.120      128.98     490082.    0.0739
       17.66      0.6431      0.4442      0.0045      0.0065       1.033      22.462       9.748     770.674       2.538      43.359       5.737      129.16     491258.    0.0368
       18.29      0.6661



         PROP RPM =       3000

         V          J           Pe         Ct          Cp          PWR         Torque      Thrust      PWR         Torque      Thrust      THR/PWR      Vtip      Reyn       FOM
       (mph)     (Adv_Ratio)     -          -           -          (Hp)        (In-Lbf)     (Lbf)      (W)         (N-m)       (N)         (g/W)       (ft/s)      -          -
        0.00      0.0000      0.0000      0.1035      0.0333       5.893     123.803     242.064    4394.218      13.987    1076.698      24.986      130.90     486870.    0.7987
        0.65      0.0230      0.0694      0.1017      0.0337       5.964     125.299     237.898    4447.301      14.156    1058.170      24.263      130.90     487211.    0.7689
        1.31      0.0459      0.1348      0.0998      0.0340       6.029     126.665     233.441    4495.793      14.311    1038.344      23.551      130.91     487578.    0.7393
        1.96      0.0689      0.1962      0.0977      0.0343       6.086     127.868     228.678    4538.498      14.446    1017.161      22.854      130.93     487971.    0.7100
        2.61      0.0919      0.2537      0.0956      0.0346       6.134     128.873     223.592    4574.168      14.560     994.535      22.171      130.96     488392.    0.6811
        3.26      0.1149      0.3076      0.0933      0.0348       6.171     129.641     218.158    4601.419      14.647     970.368      21.504      130.99     488840.    0.6526
        3.92      0.1378      0.3580      0.0908      0.0349       6.194     130.128     212.355    4618.714      14.702     944.554      20.854      131.03     489318.    0.6243
        4.57      0.1608      0.4050      0.0881      0.0350       6.201     130.289     206.158    4624.401      14.720     916.991      20.220      131.07     489826.    0.5965
        5.22      0.1838      0.4487      0.0853      0.0349       6.191     130.076     199.551    4616.861      14.696     887.601      19.604      131.12     490365.    0.5690
        5.87      0.2068      0.4894      0.0823      0.0348       6.162     129.451     192.528    4594.688      14.625     856.365      19.006      131.18     490935.    0.5418
        6.53      0.2297      0.5272      0.0791      0.0345       6.111     128.388     185.106    4556.946      14.505     823.353      18.424      131.25     491536.    0.5150
        7.18      0.2527      0.5621      0.0758      0.0341       6.039     126.871     177.315    4503.113      14.334     788.696      17.860      131.32     492170.    0.4886
        7.83      0.2757      0.5944      0.0723      0.0335       5.945     124.891     169.182    4432.829      14.110     752.523      17.311      131.40     492836.    0.4626
        8.48      0.2987      0.6240      0.0687      0.0329       5.828     122.438     160.735    4345.742      13.833     714.951      16.776      131.49     493535.    0.4370
        9.14      0.3216      0.6511      0.0650      0.0321       5.688     119.501     151.997    4241.504      13.501     676.084      16.254      131.58     494268.    0.4117
        9.79      0.3446      0.6756      0.0611      0.0312       5.525     116.070     142.988    4119.728      13.113     636.012      15.743      131.68     495034.    0.3868
       10.44      0.3676      0.6977      0.0572      0.0301       5.337     112.134     133.727    3980.025      12.669     594.820      15.240      131.79     495835.    0.3621
       11.10      0.3905      0.7171      0.0531      0.0289       5.125     107.682     124.232    3822.014      12.166     552.584      14.743      131.91     496670.    0.3376
       11.75      0.4135      0.7338      0.0490      0.0276       4.888     102.704     114.520    3645.341      11.603     509.383      14.249      132.03     497541.    0.3133
       12.40      0.4365      0.7477      0.0447      0.0261       4.626      97.192     104.607    3449.692      10.981     465.294      13.754      132.16     498447.    0.2890
       13.05      0.4595      0.7583      0.0404      0.0245       4.338      91.139      94.514    3234.833      10.297     420.399      13.252      132.29     499388.    0.2647
       13.71      0.4824      0.7653      0.0360      0.0227       4.024      84.540      84.260    3000.616       9.551     374.789      12.737      132.43     500365.    0.2402
       14.36      0.5054      0.7677      0.0316      0.0208       3.684      77.395      73.868    2747.035       8.744     328.567      12.197      132.58     501378.    0.2154
       15.01      0.5284      0.7644      0.0271      0.0187       3.318      69.710      63.366    2474.257       7.876     281.853      11.616      132.74     502428.    0.1900
       15.66      0.5514      0.7532      0.0226      0.0165       2.927      61.495      52.785    2182.678       6.948     234.789      10.969      132.90     503514.    0.1637
       16.32      0.5743      0.7304      0.0180      0.0142       2.512      52.769      42.163    1872.961       5.962     187.543      10.211      133.07     504636.    0.1362
       16.97      0.5973      0.6884      0.0135      0.0117       2.073      43.558      31.540    1546.031       4.921     140.292       9.253      133.24     505794.    0.1068
       17.62      0.6203      0.6103      0.0090      0.0091       1.613      33.890      20.952    1202.867       3.829      93.193       7.900      133.43     506986.    0.0743
       18.27      0.6433      0.4482      0.0044      0.0064       1.132      23.774      10.409     843.832       2.686      46.298       5.595      133.62     508204.    0.0371
       18.93      0.6662



         PROP RPM =       3100

         V          J           Pe         Ct          Cp          PWR         Torque      Thrust      PWR         Torque      Thrust      THR/PWR      Vtip      Reyn       FOM
       (mph)     (Adv_Ratio)     -          -           -          (Hp)        (In-Lbf)     (Lbf)      (W)         (N-m)       (N)         (g/W)       (ft/s)      -          -
        0.00      0.0000      0.0000      0.1035      0.0332       6.491     131.976     258.481    4840.453      14.911    1149.724      24.221      135.26     503099.    0.8000
        0.67      0.0230      0.0695      0.1017      0.0336       6.570     133.575     254.033    4899.101      15.091    1129.938      23.519      135.27     503452.    0.7701
        1.35      0.0460      0.1350      0.0998      0.0340       6.642     135.037     249.273    4952.691      15.256    1108.766      22.829      135.28     503831.    0.7405
        2.02      0.0689      0.1965      0.0978      0.0343       6.705     136.323     244.187    4999.883      15.402    1086.146      22.152      135.30     504237.    0.7112
        2.70      0.0919      0.2542      0.0956      0.0346       6.758     137.399     238.755    5039.325      15.523    1061.984      21.489      135.32     504672.    0.6822
        3.37      0.1149      0.3082      0.0933      0.0348       6.798     138.220     232.953    5069.462      15.616    1036.174      20.843      135.35     505135.    0.6536
        4.05      0.1379      0.3586      0.0908      0.0349       6.824     138.743     226.755    5088.612      15.675    1008.606      20.212      135.39     505629.    0.6253
        4.72      0.1608      0.4056      0.0881      0.0349       6.832     138.915     220.137    5094.956      15.695     979.170      19.597      135.44     506154.    0.5974
        5.40      0.1838      0.4495      0.0853      0.0349       6.821     138.690     213.081    5086.688      15.669     947.783      19.000      135.49     506711.    0.5698
        6.07      0.2068      0.4902      0.0823      0.0347       6.789     138.024     205.581    5062.265      15.594     914.422      18.420      135.56     507300.    0.5426
        6.75      0.2298      0.5280      0.0791      0.0344       6.733     136.890     197.654    5020.658      15.466     879.166      17.856      135.62     507921.    0.5158
        7.42      0.2527      0.5630      0.0758      0.0340       6.653     135.271     189.333    4961.285      15.283     842.153      17.309      135.70     508576.    0.4893
        8.09      0.2757      0.5953      0.0723      0.0335       6.549     133.157     180.647    4883.735      15.044     803.520      16.777      135.78     509265.    0.4633
        8.77      0.2987      0.6250      0.0687      0.0328       6.420     130.537     171.626    4787.645      14.748     763.395      16.259      135.87     509988.    0.4376
        9.44      0.3217      0.6522      0.0650      0.0320       6.266     127.400     162.294    4672.605      14.394     721.885      15.754      135.97     510745.    0.4123
       10.12      0.3446      0.6768      0.0611      0.0311       6.086     123.735     152.673    4538.198      13.980     679.090      15.259      136.07     511537.    0.3874
       10.79      0.3676      0.6989      0.0572      0.0301       5.879     119.531     142.783    4383.996      13.505     635.098      14.772      136.19     512365.    0.3627
       11.47      0.3906      0.7184      0.0531      0.0289       5.645     114.775     132.642    4209.571      12.967     589.992      14.292      136.30     513228.    0.3382
       12.14      0.4136      0.7353      0.0489      0.0275       5.384     109.457     122.270    4014.531      12.366     543.855      13.814      136.43     514128.    0.3138
       12.82      0.4366      0.7492      0.0447      0.0261       5.094     103.568     111.684    3798.535      11.701     496.770      13.336      136.56     515064.    0.2895
       13.49      0.4595      0.7600      0.0404      0.0244       4.776      97.100     100.905    3561.322      10.970     448.826      12.851      136.70     516037.    0.2652
       14.16      0.4825      0.7671      0.0360      0.0227       4.429      90.050      89.955    3302.728      10.174     400.118      12.354      136.85     517047.    0.2407
       14.84      0.5055      0.7698      0.0316      0.0207       4.054      82.416      78.857    3022.746       9.311     350.756      11.833      137.00     518094.    0.2159
       15.51      0.5285      0.7667      0.0271      0.0187       3.650      74.204      67.642    2721.564       8.384     300.870      11.273      137.16     519179.    0.1905
       16.19      0.5514      0.7558      0.0226      0.0165       3.218      65.426      56.343    2399.617       7.392     250.613      10.650      137.33     520301.    0.1642
       16.86      0.5744      0.7333      0.0180      0.0141       2.759      56.102      45.000    2057.641       6.338     200.160       9.919      137.51     521461.    0.1367
       17.54      0.5974      0.6917      0.0135      0.0116       2.275      46.260      33.656    1696.655       5.226     149.704       8.997      137.69     522658.    0.1072
       18.21      0.6204      0.6142      0.0089      0.0090       1.767      35.929      22.350    1317.745       4.059      99.411       7.693      137.88     523891.    0.0747
       18.89      0.6433      0.4521      0.0044      0.0063       1.235      25.120      11.092     921.302       2.838      49.336       5.461      138.07     525149.    0.0374
       19.56      0.6663



         PROP RPM =       3200

         V          J           Pe         Ct          Cp          PWR         Torque      Thrust      PWR         Torque      Thrust      THR/PWR      Vtip      Reyn       FOM
       (mph)     (Adv_Ratio)     -          -           -          (Hp)        (In-Lbf)     (Lbf)      (W)         (N-m)       (N)         (g/W)       (ft/s)      -          -
        0.00      0.0000      0.0000      0.1035      0.0331       7.129     140.408     275.438    5315.811      15.863    1225.147      23.502      139.63     519328.    0.8013
        0.70      0.0230      0.0697      0.1017      0.0335       7.215     142.114     270.697    5380.401      16.056    1204.062      22.820      139.63     519692.    0.7714
        1.39      0.0460      0.1352      0.0998      0.0339       7.294     143.673     265.625    5439.422      16.232    1181.500      22.149      139.64     520083.    0.7417
        2.09      0.0689      0.1968      0.0978      0.0342       7.364     145.046     260.206    5491.425      16.387    1157.395      21.492      139.66     520503.    0.7123
        2.79      0.0919      0.2546      0.0956      0.0345       7.422     146.194     254.417    5534.887      16.517    1131.646      20.849      139.69     520952.    0.6832
        3.48      0.1149      0.3086      0.0933      0.0347       7.467     147.072     248.233    5568.112      16.616    1104.141      20.221      139.72     521430.    0.6545
        4.18      0.1379      0.3592      0.0908      0.0348       7.495     147.630     241.628    5589.247      16.679    1074.761      19.608      139.76     521940.    0.6262
        4.87      0.1609      0.4063      0.0881      0.0349       7.505     147.816     234.575    5596.286      16.700    1043.390      19.012      139.81     522482.    0.5982
        5.57      0.1838      0.4502      0.0853      0.0348       7.493     147.577     227.055    5587.245      16.673    1009.939      18.432      139.87     523057.    0.5706
        6.27      0.2068      0.4910      0.0823      0.0347       7.457     146.869     219.061    5560.435      16.593     974.385      17.869      139.93     523665.    0.5434
        6.96      0.2298      0.5288      0.0791      0.0344       7.395     145.661     210.614    5514.703      16.457     936.811      17.322      140.00     524307.    0.5165
        7.66      0.2528      0.5639      0.0758      0.0340       7.308     143.937     201.745    5449.419      16.262     897.363      16.792      140.08     524983.    0.4900
        8.36      0.2758      0.5963      0.0723      0.0334       7.193     141.684     192.489    5364.134      16.007     856.191      16.276      140.16     525694.    0.4639
        9.05      0.2987      0.6260      0.0687      0.0328       7.052     138.892     182.875    5258.433      15.692     813.427      15.774      140.26     526440.    0.4383
        9.75      0.3217      0.6532      0.0650      0.0320       6.882     135.549     172.929    5131.873      15.314     769.189      15.284      140.36     527222.    0.4129
       10.45      0.3447      0.6779      0.0611      0.0311       6.684     131.643     162.675    4983.993      14.873     723.581      14.804      140.46     528040.    0.3879
       11.14      0.3677      0.7001      0.0572      0.0300       6.456     127.162     152.135    4814.315      14.367     676.696      14.333      140.58     528895.    0.3632
       11.84      0.3907      0.7197      0.0531      0.0288       6.199     122.092     141.328    4622.375      13.794     628.626      13.868      140.70     529786.    0.3387
       12.53      0.4136      0.7366      0.0489      0.0275       5.911     116.423     130.274    4407.740      13.153     579.457      13.406      140.83     530715.    0.3144
       13.23      0.4366      0.7507      0.0447      0.0260       5.592     110.144     118.992    4170.035      12.444     529.278      12.943      140.97     531682.    0.2901
       13.93      0.4596      0.7616      0.0404      0.0244       5.242     103.248     107.505    3908.964      11.665     478.183      12.474      141.11     532686.    0.2657
       14.62      0.4826      0.7689      0.0360      0.0226       4.860      95.731      95.835    3624.356      10.816     426.275      11.993      141.26     533729.    0.2412
       15.32      0.5056      0.7717      0.0316      0.0207       4.447      87.592      84.009    3316.202       9.896     373.672      11.490      141.42     534810.    0.2164
       16.02      0.5285      0.7689      0.0271      0.0186       4.003      78.836      72.057    2984.708       8.907     320.510      10.950      141.59     535930.    0.1910
       16.71      0.5515      0.7582      0.0225      0.0164       3.527      69.476      60.016    2630.354       7.849     266.953      10.349      141.76     537089.    0.1647
       17.41      0.5745      0.7361      0.0180      0.0141       3.023      59.534      47.929    2253.949       6.726     213.189       9.645      141.94     538287.    0.1372
       18.11      0.5975      0.6950      0.0135      0.0116       2.490      49.039      35.841    1856.621       5.540     159.422       8.756      142.13     539523.    0.1077
       18.80      0.6205      0.6179      0.0089      0.0090       1.930      38.024      23.793    1439.561       4.296     105.831       7.497      142.32     540795.    0.0751
       19.50      0.6434      0.4559      0.0044      0.0063       1.345      26.498      11.797    1003.197       2.994      52.471       5.333      142.52     542095.    0.0376
       20.19      0.6664



         PROP RPM =       3300

         V          J           Pe         Ct          Cp          PWR         Torque      Thrust      PWR         Torque      Thrust      THR/PWR      Vtip      Reyn       FOM
       (mph)     (Adv_Ratio)     -          -           -          (Hp)        (In-Lbf)     (Lbf)      (W)         (N-m)       (N)         (g/W)       (ft/s)      -          -
        0.00      0.0000      0.0000      0.1035      0.0331       7.806     149.098     292.933    5821.198      16.845    1302.967      22.824      143.99     535557.    0.8026
        0.72      0.0230      0.0698      0.1017      0.0335       7.901     150.914     287.892    5892.125      17.050    1280.542      22.162      143.99     535932.    0.7725
        1.44      0.0460      0.1355      0.0998      0.0339       7.988     152.575     282.497    5956.950      17.238    1256.545      21.510      144.01     536336.    0.7428
        2.15      0.0690      0.1971      0.0978      0.0342       8.065     154.037     276.733    6014.063      17.403    1230.906      20.871      144.02     536769.    0.7133
        2.87      0.0919      0.2550      0.0956      0.0345       8.129     155.260     270.575    6061.808      17.541    1203.518      20.246      144.05     537232.    0.6842
        3.59      0.1149      0.3091      0.0933      0.0347       8.178     156.196     263.998    6098.327      17.647    1174.262      19.635      144.09     537726.    0.6555
        4.31      0.1379      0.3597      0.0908      0.0348       8.209     156.791     256.972    6121.579      17.714    1143.013      19.040      144.13     538252.    0.6271
        5.03      0.1609      0.4069      0.0881      0.0348       8.220     156.991     249.470    6129.367      17.737    1109.644      18.461      144.18     538811.    0.5991
        5.75      0.1839      0.4508      0.0853      0.0348       8.206     156.738     241.471    6119.513      17.708    1074.062      17.897      144.24     539404.    0.5714
        6.46      0.2069      0.4917      0.0823      0.0346       8.167     155.986     232.968    6090.146      17.623    1036.243      17.351      144.30     540031.    0.5441
        7.18      0.2298      0.5296      0.0791      0.0343       8.100     154.702     223.983    6040.024      17.478     996.276      16.820      144.37     540692.    0.5172
        7.90      0.2528      0.5647      0.0758      0.0339       8.004     152.869     214.549    5968.440      17.271     954.315      16.305      144.46     541390.    0.4907
        8.62      0.2758      0.5971      0.0723      0.0334       7.878     150.473     204.703    5874.907      17.000     910.519      15.804      144.54     542123.    0.4646
        9.34      0.2988      0.6270      0.0687      0.0327       7.723     147.503     194.476    5758.961      16.665     865.031      15.317      144.64     542893.    0.4388
       10.06      0.3218      0.6542      0.0650      0.0320       7.537     143.947     183.897    5620.125      16.263     817.975      14.841      144.74     543700.    0.4135
       10.77      0.3448      0.6790      0.0611      0.0310       7.319     139.792     172.990    5457.883      15.794     769.461      14.376      144.85     544543.    0.3885
       11.49      0.3677      0.7012      0.0572      0.0300       7.069     135.024     161.778    5271.711      15.255     719.591      13.919      144.97     545425.    0.3637
       12.21      0.3907      0.7209      0.0531      0.0288       6.787     129.629     150.283    5061.106      14.645     668.459      13.468      145.10     546345.    0.3392
       12.93      0.4137      0.7380      0.0489      0.0274       6.471     123.597     138.525    4825.582      13.964     616.159      13.020      145.23     547303.    0.3148
       13.65      0.4367      0.7521      0.0447      0.0260       6.121     116.916     126.526    4564.734      13.209     562.786      12.572      145.37     548300.    0.2905
       14.36      0.4597      0.7632      0.0404      0.0243       5.737     109.578     114.307    4278.230      12.380     508.437      12.119      145.52     549336.    0.2662
       15.08      0.4827      0.7706      0.0360      0.0225       5.318     101.578     101.894    3965.898      11.476     453.226      11.653      145.68     550412.    0.2417
       15.80      0.5056      0.7736      0.0316      0.0206       4.865      92.916      89.315    3627.710      10.498     397.275      11.167      145.84     551527.    0.2168
       16.52      0.5286      0.7709      0.0271      0.0186       4.377      83.598      76.603    3263.901       9.445     340.731      10.645      146.01     552683.    0.1914
       17.24      0.5516      0.7606      0.0225      0.0163       3.855      73.637      63.797    2875.004       8.319     283.768      10.065      146.19     553878.    0.1652
       17.96      0.5746      0.7388      0.0180      0.0140       3.301      63.056      50.941    2461.905       7.124     226.586       9.385      146.38     555113.    0.1376
       18.67      0.5976      0.6981      0.0135      0.0115       2.717      51.888      38.085    2025.839       5.862     169.402       8.527      146.57     556388.    0.1081
       19.39      0.6206      0.6214      0.0089      0.0089       2.103      40.164      25.271    1568.119       4.538     112.405       7.309      146.77     557701.    0.0755
       20.11      0.6435      0.4594      0.0044      0.0062       1.461      27.898      12.512    1089.200       3.152      55.655       5.210      146.98     559041.    0.0379
       20.83      0.6665



         PROP RPM =       3400

         V          J           Pe         Ct          Cp          PWR         Torque      Thrust      PWR         Torque      Thrust      THR/PWR      Vtip      Reyn       FOM
       (mph)     (Adv_Ratio)     -          -           -          (Hp)        (In-Lbf)     (Lbf)      (W)         (N-m)       (N)         (g/W)       (ft/s)      -          -
        0.00      0.0000      0.0000      0.1035      0.0330       8.526     158.045     310.968    6357.525      17.856    1383.185      22.186      148.35     551786.    0.8038
        0.74      0.0230      0.0699      0.1017      0.0335       8.630     159.976     305.616    6435.197      18.074    1359.378      21.541      148.36     552173.    0.7737
        1.48      0.0460      0.1357      0.0998      0.0338       8.725     161.741     299.888    6506.185      18.273    1333.903      20.906      148.37     552589.    0.7438
        2.22      0.0690      0.1974      0.0978      0.0341       8.809     163.296     293.769    6568.738      18.449    1306.684      20.285      148.39     553035.    0.7143
        2.96      0.0919      0.2554      0.0956      0.0344       8.879     164.596     287.232    6621.050      18.596    1277.608      19.677      148.42     553512.    0.6851
        3.70      0.1149      0.3096      0.0933      0.0346       8.933     165.591     280.249    6661.076      18.708    1246.549      19.083      148.45     554021.    0.6563
        4.44      0.1379      0.3602      0.0908      0.0348       8.967     166.225     272.791    6686.579      18.780    1213.372      18.504      148.50     554563.    0.6279
        5.18      0.1609      0.4075      0.0881      0.0348       8.978     166.439     264.826    6695.167      18.804    1177.946      17.941      148.55     555139.    0.5998
        5.92      0.1839      0.4515      0.0853      0.0347       8.964     166.172     256.333    6684.452      18.774    1140.169      17.393      148.61     555750.    0.5721
        6.66      0.2069      0.4924      0.0823      0.0346       8.921     165.375     247.306    6652.388      18.684    1100.017      16.862      148.67     556396.    0.5448
        7.40      0.2299      0.5303      0.0791      0.0343       8.848     164.013     237.766    6597.608      18.530    1057.584      16.346      148.75     557078.    0.5178
        8.14      0.2528      0.5655      0.0758      0.0339       8.743     162.068     227.750    6519.344      18.310    1013.034      15.845      148.83     557797.    0.4913
        8.88      0.2758      0.5980      0.0723      0.0334       8.605     159.525     217.297    6417.049      18.023     966.536      15.359      148.92     558552.    0.4652
        9.62      0.2988      0.6279      0.0687      0.0327       8.435     156.373     206.439    6290.245      17.667     918.242      14.886      149.02     559346.    0.4394
       10.36      0.3218      0.6552      0.0650      0.0319       8.232     152.597     195.207    6138.372      17.240     868.283      14.424      149.13     560177.    0.4140
       11.10      0.3448      0.6800      0.0611      0.0310       7.994     148.185     183.628    5960.887      16.742     816.777      13.972      149.24     561046.    0.3890
       11.84      0.3678      0.7023      0.0571      0.0299       7.721     143.121     171.724    5757.203      16.170     763.830      13.529      149.37     561955.    0.3642
       12.58      0.3908      0.7221      0.0531      0.0287       7.412     137.393     159.520    5526.779      15.523     709.545      13.091      149.50     562902.    0.3397
       13.32      0.4138      0.7392      0.0489      0.0274       7.066     130.987     147.037    5269.076      14.799     654.020      12.657      149.63     563890.    0.3153
       14.06      0.4367      0.7535      0.0447      0.0259       6.683     123.891     134.297    4983.648      13.997     597.355      12.223      149.78     564918.    0.2910
       14.80      0.4597      0.7646      0.0404      0.0243       6.263     116.098     121.326    4670.149      13.117     539.657      11.783      149.93     565985.    0.2667
       15.54      0.4827      0.7722      0.0360      0.0225       5.804     107.601     108.148    4328.361      12.157     481.042      11.333      150.09     567094.    0.2421
       16.28      0.5057      0.7753      0.0315      0.0206       5.308      98.401      94.794    3958.282      11.117     421.643      10.862      150.26     568244.    0.2173
       17.02      0.5287      0.7729      0.0271      0.0185       4.774      88.504      81.298    3560.159       9.999     361.615      10.358      150.44     569434.    0.1919
       17.76      0.5517      0.7628      0.0225      0.0163       4.204      77.924      67.703    3134.570       8.804     301.142       9.797      150.62     570666.    0.1656
       18.50      0.5747      0.7414      0.0180      0.0139       3.597      66.686      54.055    2682.493       7.534     240.438       9.140      150.81     571939.    0.1381
       19.24      0.5976      0.7011      0.0134      0.0115       2.957      54.822      40.408    2205.282       6.194     179.733       8.311      151.01     573253.    0.1085
       19.98      0.6206      0.6249      0.0089      0.0089       2.286      42.370      26.805    1704.371       4.787     119.228       7.133      151.22     574605.    0.0759
       20.72      0.6436      0.4630      0.0044      0.0061       1.583      29.341      13.261    1180.252       3.315      58.985       5.096      151.43     575986.    0.0381
       21.46      0.6666



         PROP RPM =       3500

         V          J           Pe         Ct          Cp          PWR         Torque      Thrust      PWR         Torque      Thrust      THR/PWR      Vtip      Reyn       FOM
       (mph)     (Adv_Ratio)     -          -           -          (Hp)        (In-Lbf)     (Lbf)      (W)         (N-m)       (N)         (g/W)       (ft/s)      -          -
        0.00      0.0000      0.0000      0.1035      0.0330       9.288     167.251     329.541    6925.723      18.896    1465.800      21.582      152.72     568015.    0.8049
        0.76      0.0230      0.0700      0.1017      0.0334       9.401     169.299     323.869    7010.530      19.127    1440.570      20.954      152.72     568413.    0.7747
        1.52      0.0460      0.1359      0.0998      0.0338       9.505     171.172     317.800    7088.080      19.339    1413.573      20.336      152.73     568841.    0.7448
        2.29      0.0690      0.1977      0.0978      0.0341       9.597     172.822     311.315    7156.398      19.525    1384.727      19.731      152.75     569300.    0.7153
        3.05      0.0920      0.2557      0.0956      0.0344       9.674     174.202     304.387    7213.558      19.681    1353.913      19.139      152.78     569791.    0.6860
        3.81      0.1149      0.3100      0.0933      0.0346       9.732     175.259     296.987    7257.310      19.801    1320.997      18.561      152.82     570316.    0.6572
        4.57      0.1379      0.3607      0.0908      0.0347       9.770     175.933     289.082    7285.216      19.877    1285.836      17.998      152.86     570874.    0.6287
        5.33      0.1609      0.4080      0.0881      0.0348       9.782     176.161     280.641    7294.655      19.903    1248.290      17.450      152.92     571467.    0.6006
        6.10      0.1839      0.4521      0.0853      0.0347       9.767     175.880     271.639    7283.032      19.871    1208.252      16.917      152.98     572096.    0.5728
        6.86      0.2069      0.4930      0.0823      0.0345       9.720     175.036     262.072    7248.107      19.776    1165.697      16.400      153.05     572761.    0.5455
        7.62      0.2299      0.5311      0.0791      0.0343       9.640     173.594     251.961    7188.389      19.613    1120.724      15.898      153.12     573464.    0.5185
        8.38      0.2529      0.5663      0.0758      0.0338       9.525     171.533     241.346    7103.041      19.380    1073.507      15.411      153.21     574203.    0.4919
        9.14      0.2759      0.5988      0.0723      0.0333       9.376     168.839     230.267    6991.471      19.075    1024.227      14.938      153.30     574981.    0.4657
        9.91      0.2989      0.6287      0.0687      0.0327       9.190     165.498     218.760    6853.132      18.698     973.042      14.478      153.41     575798.    0.4400
       10.67      0.3218      0.6561      0.0650      0.0319       8.968     161.497     206.856    6687.438      18.246     920.094      14.030      153.52     576654.    0.4146
       11.43      0.3448      0.6810      0.0611      0.0309       8.708     156.820     194.583    6493.773      17.717     865.505      13.591      153.63     577549.    0.3895
       12.19      0.3678      0.7034      0.0571      0.0299       8.410     151.453     181.967    6271.523      17.111     809.391      13.160      153.76     578485.    0.3647
       12.95      0.3908      0.7232      0.0531      0.0287       8.073     145.380     169.033    6020.067      16.425     751.858      12.735      153.89     579460.    0.3402
       13.72      0.4138      0.7404      0.0489      0.0273       7.696     138.589     155.803    5738.839      15.658     693.011      12.314      154.04     580477.    0.3158
       14.48      0.4368      0.7548      0.0447      0.0259       7.278     131.066     142.302    5427.341      14.808     632.957      11.892      154.19     581535.    0.2915
       15.24      0.4598      0.7660      0.0404      0.0242       6.819     122.803     128.554    5085.186      13.874     571.808      11.466      154.34     582635.    0.2671
       16.00      0.4828      0.7737      0.0360      0.0225       6.319     113.795     114.588    4712.154      12.856     509.687      11.030      154.51     583776.    0.2426
       16.76      0.5058      0.7770      0.0315      0.0205       5.777     104.041     100.435    4308.235      11.754     446.736      10.574      154.68     584960.    0.2177
       17.52      0.5287      0.7748      0.0270      0.0185       5.195      93.547      86.133    3873.699      10.569     383.120      10.085      154.86     586185.    0.1923
       18.29      0.5517      0.7650      0.0225      0.0162       4.572      82.329      71.725    3409.182       9.302     319.033       9.543      155.05     587454.    0.1660
       19.05      0.5747      0.7439      0.0180      0.0139       3.910      70.413      57.262    2915.749       7.955     254.702       8.908      155.25     588764.    0.1385
       19.81      0.5977      0.7040      0.0134      0.0114       3.212      57.835      42.799    2394.880       6.534     190.372       8.106      155.46     590117.    0.1089
       20.57      0.6207      0.6283      0.0089      0.0088       2.478      44.631      28.384    1848.140       5.042     126.254       6.966      155.67     591510.    0.0762
       21.33      0.6437      0.4665      0.0044      0.0061       1.711      30.816      14.032    1276.060       3.482      62.412       4.987      155.89     592932.    0.0384
       22.10      0.6667



         PROP RPM =       3600

         V          J           Pe         Ct          Cp          PWR         Torque      Thrust      PWR         Torque      Thrust      THR/PWR      Vtip      Reyn       FOM
       (mph)     (Adv_Ratio)     -          -           -          (Hp)        (In-Lbf)     (Lbf)      (W)         (N-m)       (N)         (g/W)       (ft/s)      -          -
        0.00      0.0000      0.0000      0.1035      0.0330      10.093     176.715     348.654    7526.679      19.965    1550.813      21.010      157.08     584244.    0.8060
        0.78      0.0230      0.0701      0.1017      0.0334      10.217     178.884     342.653    7619.072      20.210    1524.120      20.398      157.08     584654.    0.7758
        1.57      0.0460      0.1360      0.0998      0.0337      10.331     180.867     336.231    7703.542      20.434    1495.555      19.797      157.10     585094.    0.7458
        2.35      0.0690      0.1980      0.0978      0.0341      10.430     182.616     329.370    7778.010      20.632    1465.036      19.207      157.12     585566.    0.7162
        3.14      0.0920      0.2561      0.0956      0.0343      10.514     184.078     322.040    7840.293      20.797    1432.433      18.630      157.15     586071.    0.6869
        3.92      0.1150      0.3104      0.0933      0.0345      10.578     185.198     314.210    7887.987      20.924    1397.604      18.067      157.18     586610.    0.6580
        4.70      0.1379      0.3612      0.0908      0.0347      10.619     185.913     305.846    7918.448      21.004    1360.401      17.519      157.23     587185.    0.6295
        5.49      0.1609      0.4085      0.0881      0.0347      10.633     186.156     296.914    7928.794      21.032    1320.674      16.985      157.29     587795.    0.6013
        6.27      0.1839      0.4526      0.0853      0.0347      10.616     185.860     287.390    7916.205      20.998    1278.310      16.466      157.35     588442.    0.5735
        7.05      0.2069      0.4937      0.0823      0.0345      10.565     184.970     277.267    7878.268      20.898    1233.283      15.963      157.42     589126.    0.5461
        7.84      0.2299      0.5317      0.0791      0.0342      10.478     183.445     266.568    7813.326      20.725    1185.696      15.474      157.50     589849.    0.5191
        8.62      0.2529      0.5670      0.0758      0.0338      10.353     181.265     255.336    7720.480      20.479    1135.736      15.001      157.59     590610.    0.4925
        9.41      0.2759      0.5996      0.0723      0.0333      10.191     178.415     243.613    7599.084      20.157    1083.592      14.541      157.68     591411.    0.4663
       10.19      0.2989      0.6295      0.0687      0.0326       9.989     174.880     231.437    7448.545      19.758    1029.433      14.093      157.79     592251.    0.4405
       10.97      0.3219      0.6570      0.0650      0.0318       9.747     170.646     218.842    7268.206      19.280     973.407      13.657      157.90     593131.    0.4151
       11.76      0.3449      0.6819      0.0611      0.0309       9.464     165.697     205.856    7057.417      18.720     915.647      13.230      158.02     594052.    0.3900
       12.54      0.3679      0.7043      0.0571      0.0298       9.140     160.017     192.507    6815.493      18.079     856.273      12.811      158.15     595014.    0.3652
       13.32      0.3909      0.7243      0.0531      0.0286       8.773     153.591     178.821    6541.769      17.353     795.397      12.398      158.29     596018.    0.3406
       14.11      0.4138      0.7415      0.0489      0.0273       8.362     146.403     164.823    6235.622      16.540     733.133      11.989      158.44     597064.    0.3162
       14.89      0.4368      0.7560      0.0447      0.0258       7.907     138.441     150.537    5896.500      15.641     669.590      11.580      158.59     598153.    0.2919
       15.68      0.4598      0.7674      0.0404      0.0242       7.408     129.695     135.991    5524.000      14.653     604.889      11.166      158.75     599284.    0.2675
       16.46      0.4828      0.7752      0.0360      0.0224       6.863     120.160     121.215    5117.879      13.576     539.162      10.743      158.92     600458.    0.2430
       17.24      0.5058      0.7787      0.0315      0.0205       6.273     109.835     106.240    4678.117      12.409     472.557      10.301      159.10     601676.    0.2181
       18.03      0.5288      0.7767      0.0270      0.0184       5.639      98.727      91.108    4205.013      11.154     405.248       9.827      159.29     602937.    0.1927
       18.81      0.5518      0.7671      0.0225      0.0162       4.961      86.853      75.864    3699.261       9.813     337.443       9.302      159.48     604242.    0.1665
       19.60      0.5748      0.7463      0.0180      0.0138       4.240      74.239      60.562    3162.020       8.388     269.379       8.687      159.69     605590.    0.1389
       20.38      0.5978      0.7068      0.0134      0.0114       3.480      60.924      45.260    2594.908       6.883     201.318       7.911      159.90     606982.    0.1093
       21.16      0.6208      0.6315      0.0089      0.0088       2.682      46.948      30.009    1999.624       5.304     133.482       6.807      160.12     608415.    0.0766
       21.95      0.6438      0.4699      0.0044      0.0060       1.846      32.324      14.824    1376.739       3.652      65.939       4.884      160.34     609877.    0.0386
       22.73      0.6668



         PROP RPM =       3700

         V          J           Pe         Ct          Cp          PWR         Torque      Thrust      PWR         Torque      Thrust      THR/PWR      Vtip      Reyn       FOM
       (mph)     (Adv_Ratio)     -          -           -          (Hp)        (In-Lbf)     (Lbf)      (W)         (N-m)       (N)         (g/W)       (ft/s)      -          -
        0.00      0.0000      0.0000      0.1035      0.0329      10.945     186.437     368.306    8161.332      21.064    1638.224      20.469      161.44     600473.    0.8071
        0.81      0.0230      0.0702      0.1017      0.0333      11.079     188.730     361.966    8261.744      21.323    1610.026      19.872      161.45     600894.    0.7768
        1.61      0.0460      0.1362      0.0998      0.0337      11.202     190.828     355.182    8353.555      21.560    1579.850      19.285      161.46     601347.    0.7467
        2.42      0.0690      0.1983      0.0978      0.0340      11.311     192.677     347.934    8434.488      21.768    1547.609      18.710      161.48     601832.    0.7170
        3.22      0.0920      0.2564      0.0956      0.0343      11.402     194.224     340.190    8502.210      21.943    1513.167      18.148      161.51     602351.    0.6877
        4.03      0.1150      0.3108      0.0933      0.0345      11.471     195.409     331.919    8554.099      22.077    1476.374      17.600      161.55     602906.    0.6588
        4.83      0.1380      0.3616      0.0908      0.0346      11.516     196.166     323.082    8587.235      22.163    1437.070      17.065      161.60     603496.    0.6302
        5.64      0.1610      0.4090      0.0881      0.0347      11.531     196.424     313.647    8598.552      22.192    1395.101      16.545      161.65     604123.    0.6020
        6.45      0.1840      0.4532      0.0853      0.0346      11.513     196.114     303.585    8584.963      22.157    1350.345      16.039      161.72     604788.    0.5742
        7.25      0.2069      0.4943      0.0823      0.0345      11.457     195.174     292.890    8543.827      22.051    1302.775      15.549      161.79     605492.    0.5467
        8.06      0.2299      0.5324      0.0791      0.0342      11.363     193.565     281.587    8473.369      21.869    1252.500      15.073      161.87     606234.    0.5197
        8.86      0.2529      0.5677      0.0758      0.0338      11.228     191.263     269.721    8372.604      21.609    1199.719      14.612      161.97     607017.    0.4930
        9.67      0.2759      0.6003      0.0723      0.0332      11.051     188.252     257.336    8240.820      21.269    1144.630      14.164      162.06     607840.    0.4668
       10.47      0.2989      0.6303      0.0687      0.0326      10.832     184.519     244.472    8077.374      20.847    1087.413      13.728      162.17     608703.    0.4410
       11.28      0.3219      0.6578      0.0650      0.0318      10.569     180.046     231.165    7881.564      20.341    1028.224      13.303      162.29     609608.    0.4156
       12.08      0.3449      0.6828      0.0611      0.0309      10.262     174.817     217.446    7652.662      19.751     967.202      12.888      162.41     610555.    0.3905
       12.89      0.3679      0.7053      0.0571      0.0298       9.910     168.815     203.344    7389.942      19.073     904.476      12.481      162.55     611544.    0.3656
       13.70      0.3909      0.7253      0.0531      0.0286       9.511     162.024     188.886    7092.664      18.305     840.164      12.079      162.69     612576.    0.3411
       14.50      0.4139      0.7426      0.0489      0.0273       9.066     154.429     174.097    6760.168      17.447     774.384      11.681      162.84     613651.    0.3167
       15.31      0.4369      0.7572      0.0447      0.0258       8.572     146.015     159.005    6391.849      16.497     707.256      11.283      163.00     614770.    0.2923
       16.11      0.4599      0.7687      0.0404      0.0241       8.029     136.772     143.638    5987.256      15.452     638.903      10.881      163.16     615933.    0.2679
       16.92      0.4829      0.7766      0.0360      0.0224       7.437     126.696     128.028    5546.144      14.314     569.468      10.470      163.34     617140.    0.2434
       17.72      0.5059      0.7802      0.0315      0.0204       6.797     115.784     112.209    5068.471      13.081     499.104      10.041      163.52     618392.    0.2185
       18.53      0.5289      0.7784      0.0270      0.0184       6.108     104.044      96.223    4554.583      11.755     427.999       9.582      163.71     619688.    0.1931
       19.34      0.5519      0.7691      0.0225      0.0162       5.371      91.495      80.119    4005.220      10.337     356.370       9.073      163.91     621029.    0.1669
       20.14      0.5748      0.7486      0.0180      0.0138       4.589      78.164      63.954    3421.649       8.831     284.469       8.478      164.12     622416.    0.1393
       20.95      0.5978      0.7095      0.0134      0.0113       3.762      64.092      47.790    2805.632       7.241     212.571       7.726      164.34     623846.    0.1097
       21.75      0.6208      0.6347      0.0089      0.0087       2.895      49.320      31.680    2159.008       5.572     140.912       6.655      164.57     625319.    0.0770
       22.56      0.6438      0.4732      0.0044      0.0060       1.988      33.864      15.639    1482.396       3.826      69.563       4.785      164.80     626823.    0.0389
       23.36      0.6668



         PROP RPM =       3800

         V          J           Pe         Ct          Cp          PWR         Torque      Thrust      PWR         Torque      Thrust      THR/PWR      Vtip      Reyn       FOM
       (mph)     (Adv_Ratio)     -          -           -          (Hp)        (In-Lbf)     (Lbf)      (W)         (N-m)       (N)         (g/W)       (ft/s)      -          -
        0.00      0.0000      0.0000      0.1035      0.0329      11.842     196.416     388.496    8830.552      22.191    1728.032      19.955      165.81     616702.    0.8081
        0.83      0.0230      0.0703      0.1017      0.0333      11.988     198.838     381.809    8939.452      22.465    1698.287      19.372      165.81     617134.    0.7777
        1.66      0.0460      0.1364      0.0998      0.0337      12.122     201.053     374.653    9039.018      22.715    1666.456      18.800      165.82     617599.    0.7476
        2.48      0.0690      0.1985      0.0978      0.0340      12.239     203.005     367.007    9126.800      22.935    1632.445      18.239      165.85     618098.    0.7179
        3.31      0.0920      0.2567      0.0956      0.0343      12.338     204.639     358.838    9200.267      23.120    1596.111      17.691      165.88     618631.    0.6885
        4.14      0.1150      0.3112      0.0933      0.0345      12.413     205.891     350.112    9256.564      23.261    1557.298      17.155      165.92     619201.    0.6595
        4.97      0.1380      0.3621      0.0908      0.0346      12.462     206.692     340.790    9292.568      23.352    1515.836      16.634      165.97     619807.    0.6309
        5.79      0.1610      0.4095      0.0881      0.0346      12.478     206.967     330.836    9304.904      23.383    1471.560      16.127      166.02     620451.    0.6026
        6.62      0.1840      0.4537      0.0853      0.0346      12.458     206.641     320.221    9290.247      23.346    1424.344      15.634      166.09     621134.    0.5748
        7.45      0.2070      0.4948      0.0823      0.0344      12.399     205.651     308.939    9245.736      23.234    1374.160      15.156      166.17     621857.    0.5473
        8.28      0.2300      0.5330      0.0791      0.0341      12.296     203.954     297.015    9169.447      23.043    1321.122      14.692      166.25     622620.    0.5202
        9.10      0.2530      0.5684      0.0758      0.0337      12.150     201.526     284.497    9060.311      22.768    1265.441      14.242      166.34     623424.    0.4935
        9.93      0.2760      0.6010      0.0723      0.0332      11.959     198.351     271.431    8917.551      22.410    1207.323      13.806      166.44     624269.    0.4673
       10.76      0.2990      0.6311      0.0687      0.0325      11.721     194.412     257.860    8740.462      21.965    1146.961      13.381      166.56     625156.    0.4415
       11.59      0.3220      0.6586      0.0650      0.0318      11.437     189.693     243.822    8528.299      21.431    1084.519      12.967      166.67     626086.    0.4160
       12.41      0.3450      0.6837      0.0611      0.0308      11.104     184.176     229.349    8280.256      20.808    1020.144      12.563      166.80     627058.    0.3909
       13.24      0.3679      0.7062      0.0571      0.0298      10.722     177.843     214.472    7995.560      20.093     953.971      12.166      166.94     628075.    0.3661
       14.07      0.3909      0.7263      0.0531      0.0286      10.290     170.677     199.219    7673.399      19.283     886.126      11.776      167.09     629135.    0.3415
       14.90      0.4139      0.7437      0.0489      0.0272       9.807     162.662     183.618    7313.052      18.377     816.733      11.388      167.24     630239.    0.3170
       15.72      0.4369      0.7583      0.0447      0.0257       9.272     153.783     167.697    6913.868      17.374     745.916      11.001      167.40     631388.    0.2927
       16.55      0.4599      0.7699      0.0404      0.0241       8.684     144.030     151.486    6475.359      16.272     673.809      10.611      167.57     632583.    0.2683
       17.38      0.4829      0.7780      0.0360      0.0223       8.042     133.395     135.018    5997.256      15.071     600.560      10.211      167.75     633823.    0.2438
       18.21      0.5059      0.7818      0.0315      0.0204       7.348     121.880     118.331    5479.524      13.770     526.334       9.795      167.94     635109.    0.2189
       19.03      0.5289      0.7801      0.0270      0.0183       6.601     109.490     101.467    4922.522      12.370     451.325       9.349      168.14     636440.    0.1935
       19.86      0.5519      0.7710      0.0225      0.0161       5.803      96.246      84.479    4327.071      10.874     375.764       8.855      168.35     637818.    0.1672
       20.69      0.5749      0.7508      0.0180      0.0138       4.954      82.177      67.428    3694.544       9.284     299.919       8.278      168.56     639242.    0.1397
       21.52      0.5979      0.7121      0.0134      0.0113       4.059      67.325      50.377    3026.839       7.606     224.077       7.549      168.78     640712.    0.1101
       22.34      0.6209      0.6377      0.0089      0.0087       3.119      51.736      33.384    2325.964       5.845     148.490       6.510      169.01     642225.    0.0773
       23.17      0.6439      0.4763      0.0044      0.0059       2.136      35.423      16.463    1592.571       4.002      73.228       4.689      169.25     643769.    0.0391
       24.00      0.6669



         PROP RPM =       3900

         V          J           Pe         Ct          Cp          PWR         Torque      Thrust      PWR         Torque      Thrust      THR/PWR      Vtip      Reyn       FOM
       (mph)     (Adv_Ratio)     -          -           -          (Hp)        (In-Lbf)     (Lbf)      (W)         (N-m)       (N)         (g/W)       (ft/s)      -          -
        0.00      0.0000      0.0000      0.1035      0.0328      12.787     206.653     409.227    9535.318      23.348    1820.240      19.466      170.17     632931.    0.8090
        0.85      0.0230      0.0704      0.1017      0.0332      12.945     209.207     402.182    9653.141      23.636    1788.907      18.897      170.17     633375.    0.7786
        1.70      0.0460      0.1366      0.0998      0.0336      13.090     211.542     394.644    9760.866      23.900    1755.376      18.338      170.19     633852.    0.7485
        2.55      0.0690      0.1987      0.0978      0.0339      13.217     213.601     386.589    9855.883      24.132    1719.549      17.791      170.21     634364.    0.7187
        3.40      0.0920      0.2570      0.0956      0.0342      13.324     215.324     377.985    9935.405      24.327    1681.276      17.256      170.24     634911.    0.6893
        4.25      0.1150      0.3115      0.0933      0.0344      13.405     216.645     368.792    9996.367      24.476    1640.389      16.733      170.28     635496.    0.6602
        5.10      0.1380      0.3625      0.0908      0.0346      13.458     217.491     358.973   10035.392      24.572    1596.711      16.224      170.33     636118.    0.6316
        5.95      0.1610      0.4100      0.0881      0.0346      13.476     217.782     348.487   10048.810      24.605    1550.070      15.730      170.39     636779.    0.6033
        6.80      0.1840      0.4543      0.0853      0.0346      13.455     217.440     337.305   10033.034      24.566    1500.330      15.249      170.46     637481.    0.5754
        7.64      0.2070      0.4954      0.0823      0.0344      13.390     216.399     325.419    9984.983      24.449    1447.464      14.782      170.54     638222.    0.5479
        8.49      0.2300      0.5336      0.0791      0.0341      13.280     214.613     312.858    9902.564      24.247    1391.590      14.330      170.62     639006.    0.5207
        9.34      0.2530      0.5690      0.0758      0.0337      13.121     212.056     299.670    9784.609      23.958    1332.932      13.891      170.72     639830.    0.4941
       10.19      0.2760      0.6017      0.0723      0.0332      12.914     208.712     285.906    9630.304      23.580    1271.709      13.466      170.82     640698.    0.4678
       11.04      0.2990      0.6318      0.0687      0.0325      12.658     204.563     271.610    9438.856      23.111    1208.121      13.052      170.94     641609.    0.4419
       11.89      0.3220      0.6594      0.0650      0.0317      12.350     199.591     256.821    9209.471      22.550    1142.341      12.649      171.06     642563.    0.4165
       12.74      0.3450      0.6845      0.0611      0.0308      11.990     193.779     241.575    8941.280      21.893    1074.526      12.255      171.19     643561.    0.3913
       13.59      0.3680      0.7071      0.0571      0.0297      11.578     187.107     225.903    8633.436      21.139    1004.816      11.868      171.33     644604.    0.3665
       14.44      0.3910      0.7272      0.0531      0.0285      11.110     179.557     209.835    8285.059      20.286     933.345      11.488      171.48     645692.    0.3419
       15.29      0.4140      0.7447      0.0489      0.0272      10.588     171.112     193.400    7895.362      19.332     860.243      11.110      171.64     646826.    0.3174
       16.14      0.4370      0.7594      0.0447      0.0257      10.009     161.756     176.629    7463.681      18.275     785.644      10.734      171.81     648006.    0.2931
       16.99      0.4600      0.7711      0.0404      0.0241       9.373     151.478     159.552    6989.441      17.114     709.685      10.354      171.98     649232.    0.2687
       17.84      0.4830      0.7793      0.0360      0.0223       8.680     140.272     142.204    6472.375      15.848     632.524       9.965      172.17     650505.    0.2442
       18.69      0.5060      0.7832      0.0315      0.0204       7.929     128.137     124.625    5912.442      14.477     554.334       9.561      172.36     651825.    0.2193
       19.54      0.5290      0.7818      0.0270      0.0183       7.121     115.081     106.861    5310.021      13.002     475.320       9.128      172.56     653192.    0.1939
       20.39      0.5520      0.7729      0.0225      0.0161       6.257     101.124      88.967    4666.018      11.425     395.726       8.648      172.78     654606.    0.1676
       21.23      0.5750      0.7529      0.0180      0.0137       5.340      86.298      71.006    3981.909       9.750     315.833       8.088      173.00     656068.    0.1400
       22.08      0.5980      0.7146      0.0134      0.0112       4.371      70.647      53.045    3259.747       7.982     235.944       7.381      173.22     657576.    0.1104
       22.93      0.6210      0.6406      0.0089      0.0086       3.355      54.218      35.145    2501.705       6.126     156.324       6.372      173.46     659129.    0.0776
       23.78      0.6440      0.4795      0.0044      0.0059       2.291      37.027      17.322    1708.484       4.183      77.047       4.599      173.71     660714.    0.0393
       24.63      0.6670



         PROP RPM =       4000

         V          J           Pe         Ct          Cp          PWR         Torque      Thrust      PWR         Torque      Thrust      THR/PWR      Vtip      Reyn       FOM
       (mph)     (Adv_Ratio)     -          -           -          (Hp)        (In-Lbf)     (Lbf)      (W)         (N-m)       (N)         (g/W)       (ft/s)      -          -
        0.00      0.0000      0.0000      0.1035      0.0328      13.781     217.148     430.496   10276.478      24.533    1914.845      19.001      174.53     649160.    0.8100
        0.87      0.0230      0.0705      0.1017      0.0332      13.952     219.837     423.085   10403.711      24.837    1881.882      18.445      174.54     649615.    0.7795
        1.74      0.0460      0.1367      0.0998      0.0336      14.108     222.295     415.154   10520.067      25.115    1846.606      17.899      174.55     650105.    0.7493
        2.61      0.0690      0.1990      0.0978      0.0339      14.245     224.464     406.681   10622.679      25.360    1808.915      17.365      174.58     650630.    0.7194
        3.49      0.0920      0.2573      0.0956      0.0342      14.360     226.279     397.628   10708.607      25.565    1768.651      16.842      174.61     651191.    0.6900
        4.36      0.1150      0.3119      0.0933      0.0344      14.449     227.671     387.958   10774.490      25.722    1725.635      16.332      174.65     651791.    0.6609
        5.23      0.1380      0.3629      0.0908      0.0345      14.505     228.563     377.626   10816.660      25.823    1679.682      15.835      174.70     652429.    0.6322
        6.10      0.1610      0.4105      0.0881      0.0346      14.525     228.871     366.594   10831.233      25.858    1630.612      15.352      174.76     653107.    0.6039
        6.97      0.1840      0.4548      0.0853      0.0345      14.502     228.513     354.830   10814.299      25.817    1578.283      14.882      174.83     653827.    0.5760
        7.84      0.2070      0.4959      0.0823      0.0344      14.433     227.418     342.325   10762.504      25.694    1522.661      14.427      174.91     654588.    0.5484
        8.71      0.2300      0.5342      0.0791      0.0341      14.314     225.540     329.109   10673.621      25.481    1463.876      13.985      175.00     655391.    0.5213
        9.58      0.2530      0.5696      0.0758      0.0337      14.143     222.851     315.234   10546.376      25.178    1402.161      13.557      175.10     656238.    0.4945
       10.46      0.2760      0.6024      0.0723      0.0331      13.920     219.333     300.753   10379.889      24.780    1337.748      13.142      175.21     657128.    0.4682
       11.33      0.2990      0.6325      0.0687      0.0325      13.643     214.968     285.712   10173.320      24.287    1270.847      12.738      175.32     658062.    0.4424
       12.20      0.3220      0.6601      0.0650      0.0317      13.311     209.738     270.153    9925.776      23.696    1201.641      12.345      175.45     659040.    0.4169
       13.07      0.3450      0.6853      0.0611      0.0308      12.923     203.622     254.113    9636.355      23.005    1130.293      11.961      175.58     660065.    0.3917
       13.94      0.3680      0.7079      0.0571      0.0297      12.477     196.601     237.624    9304.107      22.212    1056.952      11.584      175.73     661135.    0.3669
       14.81      0.3910      0.7281      0.0531      0.0285      11.973     188.656     220.719    8928.108      21.314     981.759      11.213      175.88     662251.    0.3423
       15.68      0.4140      0.7457      0.0489      0.0272      11.409     179.769     203.429    8507.502      20.310     904.850      10.846      176.04     663414.    0.3178
       16.55      0.4370      0.7605      0.0447      0.0257      10.784     169.923     185.784    8041.543      19.198     826.365      10.479      176.21     664624.    0.2934
       17.43      0.4600      0.7722      0.0404      0.0240      10.097     159.106     167.818    7529.665      17.976     746.453      10.109      176.39     665882.    0.2691
       18.30      0.4830      0.7805      0.0360      0.0223       9.349     147.312     149.567    6971.521      16.643     665.274       9.731      176.58     667188.    0.2445
       19.17      0.5060      0.7846      0.0315      0.0203       8.538     134.541     131.073    6367.110      15.200     583.014       9.337      176.78     668541.    0.2196
       20.04      0.5290      0.7833      0.0270      0.0182       7.666     120.800     112.385    5716.827      13.648     499.888       8.917      176.99     669944.    0.1942
       20.91      0.5520      0.7747      0.0225      0.0160       6.734     106.110      93.560    5021.649      11.988     416.153       8.451      177.21     671395.    0.1679
       21.78      0.5750      0.7550      0.0180      0.0137       5.744      90.506      74.664    4283.173      10.225     332.104       7.907      177.43     672894.    0.1404
       22.65      0.5980      0.7170      0.0134      0.0112       4.698      74.034      55.769    3503.626       8.364     248.062       7.220      177.67     674442.    0.1108
       23.52      0.6210      0.6434      0.0089      0.0086       3.601      56.743      36.939    2685.344       6.411     164.303       6.239      177.91     676035.    0.0779
       24.40      0.6440      0.4824      0.0044      0.0058       2.453      38.649      18.189    1829.074       4.367      80.905       4.510      178.16     677661.    0.0395
       25.27      0.6670



         PROP RPM =       4100

         V          J           Pe         Ct          Cp          PWR         Torque      Thrust      PWR         Torque      Thrust      THR/PWR      Vtip      Reyn       FOM
       (mph)     (Adv_Ratio)     -          -           -          (Hp)        (In-Lbf)     (Lbf)      (W)         (N-m)       (N)         (g/W)       (ft/s)      -          -
        0.00      0.0000      0.0000      0.1035      0.0328      14.825     227.901     452.304   11054.961      25.748    2011.847      18.557      178.90     665389.    0.8109
        0.89      0.0230      0.0705      0.1017      0.0332      15.009     230.728     444.518   11192.104      26.067    1977.215      18.014      178.90     665855.    0.7803
        1.79      0.0460      0.1369      0.0998      0.0335      15.177     233.314     436.185   11317.532      26.360    1940.153      17.481      178.92     666357.    0.7501
        2.68      0.0690      0.1992      0.0978      0.0339      15.325     235.594     427.282   11428.150      26.617    1900.551      16.958      178.94     666896.    0.7202
        3.57      0.0920      0.2576      0.0956      0.0342      15.450     237.504     417.771   11520.785      26.833    1858.243      16.447      178.97     667471.    0.6907
        4.47      0.1150      0.3122      0.0933      0.0344      15.545     238.968     407.610   11591.838      26.999    1813.047      15.949      179.02     668086.    0.6616
        5.36      0.1380      0.3633      0.0908      0.0345      15.606     239.907     396.755   11637.368      27.105    1764.765      15.464      179.07     668740.    0.6328
        6.25      0.1610      0.4109      0.0881      0.0345      15.627     240.232     385.163   11653.150      27.141    1713.206      14.992      179.13     669436.    0.6045
        7.14      0.1840      0.4552      0.0853      0.0345      15.603     239.858     372.801   11634.989      27.099    1658.221      14.533      179.20     670173.    0.5765
        8.04      0.2070      0.4965      0.0823      0.0343      15.528     238.710     359.662   11579.289      26.969    1599.777      14.088      179.28     670953.    0.5489
        8.93      0.2300      0.5347      0.0791      0.0340      15.400     236.738     345.776   11483.624      26.746    1538.010      13.657      179.38     671777.    0.5218
        9.82      0.2530      0.5702      0.0758      0.0336      15.216     233.913     331.197   11346.637      26.427    1473.163      13.239      179.48     672644.    0.4950
       10.72      0.2760      0.6030      0.0723      0.0331      14.976     230.218     315.981   11167.359      26.010    1405.482      12.834      179.59     673557.    0.4687
       11.61      0.2990      0.6332      0.0687      0.0324      14.677     225.632     300.177   10944.908      25.492    1335.187      12.440      179.70     674514.    0.4428
       12.50      0.3220      0.6608      0.0650      0.0317      14.320     220.136     283.828   10678.301      24.871    1262.468      12.056      179.83     675518.    0.4173
       13.40      0.3450      0.6860      0.0611      0.0307      13.902     213.709     266.974   10366.578      24.145    1187.501      11.681      179.97     676568.    0.3921
       14.29      0.3681      0.7088      0.0571      0.0297      13.422     206.332     249.649   10008.696      23.311    1110.439      11.313      180.12     677664.    0.3673
       15.18      0.3911      0.7290      0.0531      0.0285      12.879     197.982     231.887    9603.677      22.368    1031.432      10.952      180.28     678809.    0.3426
       16.08      0.4141      0.7466      0.0489      0.0271      12.271     188.641     213.719    9150.591      21.313     950.622      10.593      180.44     680001.    0.3182
       16.97      0.4371      0.7615      0.0447      0.0256      11.598     178.294     195.179    8648.634      20.144     868.157      10.236      180.62     681242.    0.2938
       17.86      0.4601      0.7733      0.0403      0.0240      10.859     166.926     176.302    8097.197      18.859     784.192       9.876      180.80     682531.    0.2694
       18.76      0.4831      0.7817      0.0360      0.0222      10.052     154.530     157.126    7495.910      17.459     698.897       9.508      181.00     683870.    0.2449
       19.65      0.5061      0.7860      0.0315      0.0203       9.179     141.106     137.695    6844.763      15.942     612.466       9.124      181.20     685258.    0.2200
       20.54      0.5291      0.7848      0.0270      0.0182       8.239     126.664     118.059    6144.191      14.310     525.127       8.715      181.42     686695.    0.1946
       21.43      0.5521      0.7764      0.0225      0.0160       7.235     111.224      98.280    5395.239      12.566     437.148       8.262      181.64     688183.    0.1683
       22.33      0.5751      0.7570      0.0179      0.0136       6.168      94.823      78.426    4599.643      10.713     348.841       7.734      181.87     689720.    0.1407
       23.22      0.5981      0.7194      0.0134      0.0111       5.042      77.509      58.575    3759.791       8.757     260.542       7.066      182.11     691306.    0.1111
       24.11      0.6211      0.6462      0.0089      0.0085       3.860      59.335      38.791    2878.203       6.704     172.541       6.113      182.36     692939.    0.0782
       25.01      0.6441      0.4854      0.0044      0.0058       2.623      40.317      19.092    1955.678       4.555      84.919       4.428      182.62     694606.    0.0397
       25.90      0.6671



