         11x13EP                  (11x13EP.dat)                                                                                                                                     
         v2025-0210                                                                                                                                                                 
         Simulation Date: 06/09/2025                                                                                                                                                
                                                                                                                                                                                    
         AIRFOIL AERO DATA GENERATED USING:  POLARS                                                                                                                                 
                                                                                                                                                                                    
         ====== PERFORMANCE DATA (versus advance ratio and MPH) ======                                                                                                              
                                                                                                                                                                                    
         DEFINITIONS:                                                                                                                                                               
         J=V/nD (advance ratio)                                                                                                                                                     
         Ct=T/(rho * n**2 * D**4) (thrust coef.)                                                                                                                                    
         Cp=P/(rho * n**3 * D**5) (power coef.)                                                                                                                                     
         Pe=Ct*J/Cp (efficiency)                                                                                                                                                    
         V  (True Air Speed in MPH)                                                                                                                                                 
         Mach (at prop tip)                                                                                                                                                         
         Reyn (at 75% of span)                                                                                                                                                      
         FOM (Figure of Merit)                                                                                                                                                      
                                                                                                                                                                                    
                                                                                                                                                                                    
         PROP RPM =       1000                                                                                                                                                      
                                                                                                                                                                                    
         V          J           Pe         Ct          Cp          PWR         Torque      Thrust      PWR         Torque      Thrust      THR/PWR      Mach      Reyn       FOM    
       (mph)     (Adv_Ratio)     -          -           -          (Hp)        (In-Lbf)     (Lbf)      (W)         (N-m)       (N)         (g/W)         -         -          -     
        0.00      0.0000      0.0000      0.1409      0.0979       0.001       0.080       0.066       0.946       0.009       0.292      31.510        0.04      15141.    0.4309  
        0.48      0.0465      0.0658      0.1404      0.0993       0.001       0.081       0.066       0.960       0.009       0.291      30.965        0.04      15161.    0.4228  
        0.97      0.0930      0.1290      0.1400      0.1009       0.001       0.082       0.065       0.975       0.009       0.291      30.370        0.04      15186.    0.4140  
        1.45      0.1396      0.1894      0.1395      0.1028       0.001       0.084       0.065       0.993       0.009       0.290      29.725        0.04      15214.    0.4046  
        1.94      0.1861      0.2467      0.1390      0.1049       0.001       0.086       0.065       1.013       0.010       0.289      29.035        0.04      15246.    0.3945  
        2.42      0.2326      0.3007      0.1385      0.1071       0.001       0.088       0.065       1.035       0.010       0.287      28.307        0.04      15282.    0.3838  
        2.91      0.2791      0.3511      0.1379      0.1096       0.001       0.090       0.064       1.059       0.010       0.286      27.546        0.04      15323.    0.3727  
        3.39      0.3256      0.3979      0.1371      0.1122       0.001       0.092       0.064       1.084       0.010       0.284      26.761        0.04      15368.    0.3610  
        3.88      0.3721      0.4412      0.1361      0.1148       0.001       0.094       0.063       1.109       0.011       0.282      25.961        0.04      15418.    0.3489  
        4.36      0.4187      0.4809      0.1348      0.1174       0.002       0.096       0.063       1.134       0.011       0.280      25.154        0.04      15474.    0.3365  
        4.85      0.4652      0.5172      0.1332      0.1198       0.002       0.098       0.062       1.158       0.011       0.276      24.348        0.04      15534.    0.3238  
        5.33      0.5117      0.5503      0.1312      0.1220       0.002       0.100       0.061       1.179       0.011       0.272      23.550        0.04      15599.    0.3108  
        5.81      0.5582      0.5804      0.1287      0.1238       0.002       0.101       0.060       1.196       0.011       0.267      22.768        0.04      15670.    0.2976  
        6.30      0.6047      0.6077      0.1256      0.1250       0.002       0.102       0.059       1.208       0.012       0.261      22.003        0.04      15746.    0.2841  
        6.78      0.6513      0.6323      0.1219      0.1255       0.002       0.103       0.057       1.213       0.012       0.253      21.261        0.04      15827.    0.2705  
        7.27      0.6978      0.6545      0.1175      0.1253       0.002       0.102       0.055       1.211       0.012       0.244      20.541        0.04      15913.    0.2565  
        7.75      0.7443      0.6744      0.1124      0.1240       0.002       0.101       0.052       1.198       0.011       0.233      19.841        0.04      16004.    0.2423  
        8.24      0.7908      0.6918      0.1064      0.1217       0.002       0.099       0.050       1.176       0.011       0.221      19.157        0.04      16100.    0.2277  
        8.72      0.8373      0.7066      0.0998      0.1182       0.002       0.097       0.047       1.143       0.011       0.207      18.479        0.05      16201.    0.2127  
        9.21      0.8838      0.7182      0.0924      0.1137       0.001       0.093       0.043       1.099       0.010       0.192      17.795        0.05      16306.    0.1971  
        9.69      0.9304      0.7260      0.0844      0.1081       0.001       0.088       0.039       1.045       0.010       0.175      17.088        0.05      16416.    0.1809  
       10.18      0.9769      0.7287      0.0759      0.1017       0.001       0.083       0.035       0.983       0.009       0.157      16.335        0.05      16530.    0.1640  
       10.66      1.0234      0.7249      0.0670      0.0946       0.001       0.077       0.031       0.914       0.009       0.139      15.510        0.05      16648.    0.1463  
       11.14      1.0699      0.7123      0.0578      0.0868       0.001       0.071       0.027       0.839       0.008       0.120      14.579        0.05      16770.    0.1277  
       11.63      1.1164      0.6880      0.0484      0.0785       0.001       0.064       0.023       0.758       0.007       0.100      13.494        0.05      16897.    0.1081  
       12.11      1.1630      0.6470      0.0388      0.0697       0.001       0.057       0.018       0.673       0.006       0.080      12.183        0.05      17027.    0.0874  
       12.60      1.2095      0.5816      0.0291      0.0605       0.001       0.049       0.014       0.584       0.006       0.060      10.530        0.05      17161.    0.0654  
       13.08      1.2560      0.4778      0.0194      0.0510       0.001       0.042       0.009       0.493       0.005       0.040       8.331        0.05      17299.    0.0423  
       13.57      1.3025      0.3087      0.0098      0.0412       0.001       0.034       0.005       0.399       0.004       0.020       5.190        0.05      17441.    0.0187  
       14.05      1.3490      0.0136      0.0003      0.0314       0.000       0.026       0.000       0.303       0.003       0.001       0.221        0.05      17586.    0.0001  
                                                                                                                                                                                    
                                                                                                                                                                                    
                                                                                                                                                                                    
         PROP RPM =       2000                                                                                                                                                      
                                                                                                                                                                                    
         V          J           Pe         Ct          Cp          PWR         Torque      Thrust      PWR         Torque      Thrust      THR/PWR      Mach      Reyn       FOM    
       (mph)     (Adv_Ratio)     -          -           -          (Hp)        (In-Lbf)     (Lbf)      (W)         (N-m)       (N)         (g/W)         -         -          -     
        0.00      0.0000      0.0000      0.1414      0.0915       0.009       0.299       0.264       7.077       0.034       1.174      16.909        0.09      30281.    0.4633  
        0.98      0.0469      0.0711      0.1410      0.0930       0.010       0.304       0.263       7.189       0.034       1.170      16.598        0.09      30323.    0.4541  
        1.95      0.0938      0.1393      0.1406      0.0947       0.010       0.309       0.262       7.319       0.035       1.167      16.256        0.09      30372.    0.4441  
        2.93      0.1407      0.2042      0.1401      0.0966       0.010       0.316       0.262       7.468       0.036       1.163      15.887        0.09      30429.    0.4334  
        3.91      0.1877      0.2655      0.1397      0.0987       0.010       0.323       0.261       7.634       0.036       1.160      15.492        0.09      30493.    0.4220  
        4.89      0.2346      0.3230      0.1392      0.1011       0.010       0.330       0.260       7.816       0.037       1.156      15.075        0.09      30567.    0.4099  
        5.86      0.2815      0.3764      0.1386      0.1036       0.011       0.339       0.259       8.013       0.038       1.151      14.641        0.09      30650.    0.3972  
        6.84      0.3284      0.4258      0.1378      0.1063       0.011       0.347       0.257       8.219       0.039       1.144      14.195        0.09      30742.    0.3840  
        7.82      0.3753      0.4710      0.1369      0.1090       0.011       0.356       0.255       8.431       0.040       1.136      13.742        0.09      30844.    0.3705  
        8.80      0.4222      0.5124      0.1356      0.1118       0.012       0.365       0.253       8.640       0.041       1.126      13.286        0.09      30956.    0.3565  
        9.77      0.4691      0.5499      0.1340      0.1143       0.012       0.374       0.250       8.839       0.042       1.112      12.834        0.09      31079.    0.3424  
       10.75      0.5161      0.5839      0.1320      0.1166       0.012       0.381       0.246       9.017       0.043       1.096      12.389        0.09      31212.    0.3280  
       11.73      0.5630      0.6147      0.1294      0.1185       0.012       0.387       0.242       9.165       0.044       1.074      11.955        0.09      31355.    0.3134  
       12.71      0.6099      0.6424      0.1263      0.1199       0.012       0.392       0.236       9.269       0.044       1.048      11.534        0.09      31509.    0.2987  
       13.68      0.6568      0.6675      0.1225      0.1205       0.012       0.394       0.229       9.319       0.044       1.017      11.128        0.09      31674.    0.2838  
       14.66      0.7037      0.6901      0.1180      0.1203       0.012       0.393       0.220       9.301       0.044       0.979      10.737        0.09      31848.    0.2688  
       15.64      0.7506      0.7104      0.1127      0.1191       0.012       0.389       0.210       9.207       0.044       0.936      10.362        0.09      32033.    0.2535  
       16.62      0.7975      0.7284      0.1066      0.1168       0.012       0.381       0.199       9.027       0.043       0.885      10.000        0.09      32228.    0.2380  
       17.59      0.8445      0.7440      0.0998      0.1133       0.012       0.370       0.186       8.757       0.042       0.828       9.647        0.09      32433.    0.2221  
       18.57      0.8914      0.7568      0.0922      0.1086       0.011       0.355       0.172       8.398       0.040       0.766       9.296        0.09      32647.    0.2057  
       19.55      0.9383      0.7662      0.0841      0.1029       0.011       0.336       0.157       7.959       0.038       0.698       8.941        0.09      32870.    0.1889  
       20.53      0.9852      0.7712      0.0754      0.0964       0.010       0.315       0.141       7.450       0.036       0.626       8.571        0.09      33101.    0.1715  
       21.50      1.0321      0.7705      0.0664      0.0890       0.009       0.291       0.124       6.879       0.033       0.551       8.173        0.09      33341.    0.1535  
       22.48      1.0790      0.7620      0.0571      0.0809       0.008       0.264       0.107       6.256       0.030       0.474       7.732        0.09      33590.    0.1347  
       23.46      1.1259      0.7428      0.0477      0.0723       0.007       0.236       0.089       5.587       0.027       0.396       7.223        0.09      33846.    0.1149  
       24.43      1.1729      0.7079      0.0381      0.0631       0.007       0.206       0.071       4.878       0.023       0.316       6.608        0.09      34111.    0.0940  
       25.41      1.2198      0.6486      0.0284      0.0535       0.006       0.175       0.053       4.136       0.020       0.236       5.822        0.09      34383.    0.0715  
       26.39      1.2667      0.5479      0.0188      0.0435       0.005       0.142       0.035       3.366       0.016       0.156       4.736        0.09      34663.    0.0474  
       27.37      1.3136      0.3681      0.0093      0.0333       0.003       0.109       0.017       2.578       0.012       0.078       3.068        0.09      34950.    0.0216  
       28.34      1.3605      0.0035      0.0001      0.0230       0.002       0.075       0.000       1.778       0.008       0.000       0.028        0.10      35244.    0.0000  
                                                                                                                                                                                    
                                                                                                                                                                                    
                                                                                                                                                                                    
         PROP RPM =       3000                                                                                                                                                      
                                                                                                                                                                                    
         V          J           Pe         Ct          Cp          PWR         Torque      Thrust      PWR         Torque      Thrust      THR/PWR      Mach      Reyn       FOM    
       (mph)     (Adv_Ratio)     -          -           -          (Hp)        (In-Lbf)     (Lbf)      (W)         (N-m)       (N)         (g/W)         -         -          -     
        0.00      0.0000      0.0000      0.1416      0.0888       0.031       0.653       0.595      23.163       0.074       2.645      11.645        0.13      45421.    0.4790  
        1.47      0.0471      0.0737      0.1412      0.0902       0.032       0.663       0.593      23.546       0.075       2.638      11.424        0.13      45485.    0.4693  
        2.94      0.0942      0.1443      0.1408      0.0919       0.032       0.676       0.591      23.990       0.076       2.631      11.182        0.13      45558.    0.4587  
        4.41      0.1413      0.2113      0.1405      0.0939       0.033       0.690       0.590      24.498       0.078       2.624      10.920        0.13      45644.    0.4474  
        5.89      0.1884      0.2746      0.1400      0.0961       0.034       0.706       0.588      25.068       0.080       2.616      10.640        0.13      45741.    0.4352  
        7.36      0.2354      0.3337      0.1396      0.0985       0.034       0.724       0.586      25.694       0.082       2.607      10.345        0.13      45852.    0.4224  
        8.83      0.2825      0.3885      0.1390      0.1011       0.035       0.743       0.584      26.370       0.084       2.596      10.038        0.13      45977.    0.4090  
       10.30      0.3296      0.4390      0.1382      0.1038       0.036       0.763       0.580      27.080       0.086       2.582       9.722        0.13      46116.    0.3951  
       11.77      0.3767      0.4853      0.1373      0.1066       0.037       0.783       0.576      27.809       0.089       2.564       9.402        0.13      46270.    0.3808  
       13.24      0.4238      0.5273      0.1360      0.1093       0.038       0.804       0.571      28.531       0.091       2.541       9.082        0.13      46440.    0.3662  
       14.72      0.4709      0.5654      0.1344      0.1120       0.039       0.823       0.565      29.218       0.093       2.511       8.764        0.13      46625.    0.3513  
       16.19      0.5180      0.5998      0.1324      0.1143       0.040       0.841       0.556      29.838       0.095       2.473       8.452        0.13      46826.    0.3362  
       17.66      0.5651      0.6308      0.1299      0.1163       0.041       0.855       0.545      30.352       0.097       2.425       8.149        0.13      47042.    0.3210  
       19.13      0.6122      0.6588      0.1267      0.1177       0.041       0.866       0.532      30.720       0.098       2.367       7.855        0.13      47275.    0.3056  
       20.60      0.6593      0.6840      0.1229      0.1184       0.041       0.871       0.516      30.900       0.098       2.295       7.574        0.13      47523.    0.2902  
       22.07      0.7063      0.7068      0.1183      0.1182       0.041       0.869       0.497      30.850       0.098       2.210       7.304        0.13      47787.    0.2746  
       23.54      0.7534      0.7273      0.1130      0.1170       0.041       0.860       0.474      30.535       0.097       2.110       7.047        0.13      48067.    0.2589  
       25.02      0.8005      0.7457      0.1068      0.1147       0.040       0.843       0.449      29.926       0.095       1.995       6.799        0.14      48361.    0.2429  
       26.49      0.8476      0.7617      0.0999      0.1112       0.039       0.817       0.420      29.010       0.092       1.866       6.560        0.14      48670.    0.2266  
       27.96      0.8947      0.7752      0.0923      0.1065       0.037       0.783       0.387      27.787       0.088       1.723       6.324        0.14      48993.    0.2100  
       29.43      0.9418      0.7855      0.0840      0.1007       0.035       0.741       0.353      26.287       0.084       1.569       6.088        0.14      49330.    0.1929  
       30.90      0.9889      0.7918      0.0753      0.0941       0.033       0.692       0.316      24.544       0.078       1.407       5.845        0.14      49679.    0.1753  
       32.37      1.0360      0.7930      0.0663      0.0866       0.030       0.636       0.278      22.589       0.072       1.238       5.587        0.14      50042.    0.1572  
       33.85      1.0831      0.7870      0.0569      0.0784       0.027       0.576       0.239      20.449       0.065       1.064       5.304        0.14      50417.    0.1384  
       35.32      1.1301      0.7711      0.0475      0.0695       0.024       0.511       0.199      18.147       0.058       0.886       4.980        0.14      50804.    0.1186  
       36.79      1.1772      0.7404      0.0379      0.0602       0.021       0.442       0.159      15.705       0.050       0.707       4.591        0.14      51204.    0.0976  
       38.26      1.2243      0.6860      0.0282      0.0504       0.018       0.370       0.119      13.144       0.042       0.527       4.090        0.14      51614.    0.0751  
       39.73      1.2714      0.5898      0.0186      0.0402       0.014       0.296       0.078      10.489       0.033       0.348       3.386        0.14      52037.    0.0505  
       41.20      1.3185      0.4078      0.0092      0.0298       0.010       0.219       0.039       7.766       0.025       0.172       2.257        0.14      52470.    0.0237  
       42.67      1.3656     -0.0005      0.0000      0.0192       0.007       0.141       0.000       5.007       0.016       0.000      -0.003        0.14      52915.    0.0000  
                                                                                                                                                                                    
                                                                                                                                                                                    
                                                                                                                                                                                    
         PROP RPM =       4000                                                                                                                                                      
                                                                                                                                                                                    
         V          J           Pe         Ct          Cp          PWR         Torque      Thrust      PWR         Torque      Thrust      THR/PWR      Mach      Reyn       FOM    
       (mph)     (Adv_Ratio)     -          -           -          (Hp)        (In-Lbf)     (Lbf)      (W)         (N-m)       (N)         (g/W)         -         -          -     
        0.00      0.0000      0.0000      0.1418      0.0872       0.072       1.139       1.059      53.923       0.129       4.708       8.904        0.17      60561.    0.4887  
        1.97      0.0472      0.0753      0.1414      0.0887       0.074       1.159       1.056      54.837       0.131       4.696       8.732        0.17      60646.    0.4786  
        3.93      0.0944      0.1473      0.1411      0.0904       0.075       1.181       1.053      55.899       0.133       4.684       8.544        0.17      60745.    0.4677  
        5.90      0.1416      0.2157      0.1407      0.0923       0.077       1.207       1.050      57.113       0.136       4.671       8.340        0.17      60859.    0.4559  
        7.87      0.1888      0.2801      0.1403      0.0945       0.078       1.236       1.047      58.476       0.140       4.658       8.123        0.17      60989.    0.4434  
        9.83      0.2360      0.3402      0.1398      0.0970       0.080       1.267       1.044      59.977       0.143       4.643       7.893        0.18      61138.    0.4302  
       11.80      0.2831      0.3959      0.1393      0.0996       0.083       1.302       1.040      61.596       0.147       4.624       7.655        0.18      61304.    0.4163  
       13.76      0.3303      0.4471      0.1385      0.1023       0.085       1.338       1.034      63.302       0.151       4.600       7.410        0.18      61491.    0.4020  
       15.73      0.3775      0.4939      0.1376      0.1052       0.087       1.375       1.027      65.053       0.155       4.569       7.162        0.18      61697.    0.3872  
       17.70      0.4247      0.5364      0.1364      0.1080       0.090       1.411       1.018      66.791       0.159       4.528       6.914        0.18      61924.    0.3721  
       19.66      0.4719      0.5748      0.1348      0.1107       0.092       1.446       1.006      68.449       0.163       4.476       6.668        0.18      62171.    0.3568  
       21.63      0.5191      0.6094      0.1328      0.1131       0.094       1.478       0.991      69.947       0.167       4.409       6.427        0.18      62440.    0.3413  
       23.60      0.5663      0.6406      0.1302      0.1151       0.095       1.504       0.972      71.194       0.170       4.324       6.193        0.18      62730.    0.3257  
       25.56      0.6135      0.6687      0.1271      0.1166       0.097       1.523       0.948      72.092       0.172       4.219       5.967        0.18      63042.    0.3100  
       27.53      0.6607      0.6941      0.1232      0.1173       0.097       1.533       0.920      72.541       0.173       4.091       5.751        0.18      63374.    0.2942  
       29.49      0.7079      0.7170      0.1186      0.1171       0.097       1.531       0.886      72.441       0.173       3.939       5.545        0.18      63728.    0.2783  
       31.46      0.7551      0.7376      0.1133      0.1159       0.096       1.515       0.845      71.703       0.171       3.761       5.348        0.18      64102.    0.2623  
       33.43      0.8022      0.7562      0.1071      0.1136       0.094       1.485       0.799      70.262       0.168       3.555       5.160        0.18      64496.    0.2461  
       35.39      0.8494      0.7725      0.1001      0.1101       0.091       1.439       0.747      68.080       0.163       3.324       4.979        0.18      64909.    0.2296  
       37.36      0.8966      0.7864      0.0924      0.1054       0.087       1.377       0.690      65.164       0.156       3.068       4.802        0.18      65342.    0.2127  
       39.33      0.9438      0.7974      0.0841      0.0996       0.083       1.301       0.628      61.579       0.147       2.793       4.625        0.18      65792.    0.1955  
       41.29      0.9910      0.8047      0.0754      0.0928       0.077       1.213       0.563      57.407       0.137       2.503       4.445        0.18      66261.    0.1779  
       43.26      1.0382      0.8071      0.0663      0.0852       0.071       1.114       0.495      52.723       0.126       2.201       4.256        0.18      66746.    0.1597  
       45.22      1.0854      0.8030      0.0569      0.0769       0.064       1.006       0.425      47.589       0.114       1.890       4.050        0.18      67248.    0.1408  
       47.19      1.1326      0.7895      0.0474      0.0680       0.056       0.889       0.354      42.060       0.100       1.574       3.816        0.19      67766.    0.1211  
       49.16      1.1798      0.7619      0.0378      0.0585       0.049       0.765       0.282      36.188       0.086       1.255       3.536        0.19      68300.    0.1002  
       51.12      1.2270      0.7115      0.0282      0.0485       0.040       0.634       0.210      30.027       0.072       0.935       3.175        0.19      68850.    0.0776  
       53.09      1.2742      0.6195      0.0186      0.0382       0.032       0.499       0.139      23.636       0.056       0.617       2.662        0.19      69415.    0.0529  
       55.06      1.3213      0.4380      0.0092      0.0276       0.023       0.361       0.068      17.083       0.041       0.304       1.815        0.19      69995.    0.0253  
       57.02      1.3685     -0.0022      0.0000      0.0169       0.014       0.221       0.000      10.441       0.025      -0.001      -0.009        0.19      70590.    0.0000  
                                                                                                                                                                                    
                                                                                                                                                                                    
                                                                                                                                                                                    
         PROP RPM =       5000                                                                                                                                                      
                                                                                                                                                                                    
         V          J           Pe         Ct          Cp          PWR         Torque      Thrust      PWR         Torque      Thrust      THR/PWR      Mach      Reyn       FOM    
       (mph)     (Adv_Ratio)     -          -           -          (Hp)        (In-Lbf)     (Lbf)      (W)         (N-m)       (N)         (g/W)         -         -          -     
        0.00      0.0000      0.0000      0.1419      0.0862       0.140       1.760       1.656     104.099       0.199       7.364       7.214        0.22      75701.    0.4951  
        2.46      0.0473      0.0763      0.1416      0.0877       0.142       1.790       1.651     105.890       0.202       7.346       7.074        0.22      75807.    0.4849  
        4.92      0.0945      0.1493      0.1412      0.0894       0.145       1.825       1.647     107.975       0.206       7.327       6.920        0.22      75930.    0.4738  
        7.38      0.1418      0.2186      0.1409      0.0914       0.148       1.866       1.643     110.359       0.211       7.309       6.753        0.22      76073.    0.4618  
        9.84      0.1890      0.2838      0.1405      0.0936       0.152       1.911       1.639     113.038       0.216       7.289       6.575        0.22      76237.    0.4490  
       12.30      0.2363      0.3446      0.1400      0.0960       0.156       1.961       1.634     115.992       0.222       7.266       6.388        0.22      76422.    0.4355  
       14.77      0.2835      0.4009      0.1395      0.0987       0.160       2.015       1.627     119.182       0.228       7.238       6.193        0.22      76631.    0.4214  
       17.23      0.3308      0.4525      0.1388      0.1014       0.164       2.072       1.619     122.547       0.234       7.201       5.992        0.22      76865.    0.4067  
       19.69      0.3780      0.4997      0.1379      0.1043       0.169       2.130       1.608     126.004       0.241       7.154       5.790        0.22      77123.    0.3917  
       22.15      0.4253      0.5425      0.1367      0.1072       0.174       2.188       1.594     129.442       0.247       7.092       5.587        0.22      77407.    0.3763  
       24.61      0.4725      0.5811      0.1351      0.1099       0.178       2.244       1.576     132.728       0.253       7.011       5.386        0.22      77717.    0.3607  
       27.07      0.5198      0.6159      0.1331      0.1123       0.182       2.294       1.553     135.702       0.259       6.906       5.190        0.22      78054.    0.3450  
       29.53      0.5670      0.6472      0.1306      0.1144       0.185       2.336       1.523     138.186       0.264       6.775       4.999        0.22      78418.    0.3291  
       31.99      0.6143      0.6754      0.1274      0.1159       0.188       2.366       1.486     139.989       0.267       6.611       4.816        0.22      78808.    0.3132  
       34.45      0.6615      0.7008      0.1236      0.1166       0.189       2.382       1.441     140.908       0.269       6.412       4.640        0.22      79225.    0.2972  
       36.91      0.7088      0.7238      0.1190      0.1165       0.189       2.379       1.388     140.747       0.269       6.173       4.473        0.22      79667.    0.2811  
       39.38      0.7560      0.7446      0.1136      0.1153       0.187       2.355       1.325     139.328       0.266       5.894       4.313        0.22      80136.    0.2649  
       41.84      0.8033      0.7633      0.1074      0.1130       0.183       2.308       1.253     136.523       0.261       5.572       4.162        0.23      80630.    0.2485  
       44.30      0.8505      0.7799      0.1004      0.1095       0.177       2.236       1.171     132.256       0.253       5.209       4.016        0.23      81148.    0.2318  
       46.76      0.8978      0.7942      0.0927      0.1047       0.170       2.139       1.081     126.536       0.242       4.808       3.874        0.23      81690.    0.2148  
       49.22      0.9450      0.8057      0.0843      0.0989       0.160       2.020       0.984     119.491       0.228       4.375       3.734        0.23      82254.    0.1975  
       51.68      0.9923      0.8137      0.0755      0.0921       0.149       1.881       0.881     111.284       0.213       3.920       3.592        0.23      82841.    0.1798  
       54.14      1.0395      0.8172      0.0664      0.0845       0.137       1.725       0.775     102.057       0.195       3.446       3.443        0.23      83449.    0.1616  
       56.60      1.0868      0.8144      0.0570      0.0761       0.123       1.554       0.665      91.933       0.176       2.959       3.282        0.23      84078.    0.1428  
       59.06      1.1340      0.8029      0.0475      0.0671       0.109       1.370       0.554      81.021       0.155       2.464       3.101        0.23      84727.    0.1231  
       61.52      1.1813      0.7779      0.0378      0.0575       0.093       1.174       0.441      69.423       0.133       1.964       2.884        0.23      85397.    0.1022  
       63.98      1.2285      0.7309      0.0282      0.0474       0.077       0.968       0.329      57.248       0.109       1.463       2.606        0.23      86086.    0.0797  
       66.45      1.2758      0.6429      0.0186      0.0369       0.060       0.754       0.217      44.615       0.085       0.966       2.207        0.24      86793.    0.0548  
       68.91      1.3230      0.4636      0.0092      0.0262       0.042       0.535       0.107      31.656       0.060       0.476       1.535        0.24      87520.    0.0268  
       71.37      1.3703      0.0004      0.0000      0.0153       0.025       0.313       0.000      18.523       0.035       0.000       0.001        0.24      88265.    0.0000  
                                                                                                                                                                                    
                                                                                                                                                                                    
                                                                                                                                                                                    
         PROP RPM =       6000                                                                                                                                                      
                                                                                                                                                                                    
         V          J           Pe         Ct          Cp          PWR         Torque      Thrust      PWR         Torque      Thrust      THR/PWR      Mach      Reyn       FOM    
       (mph)     (Adv_Ratio)     -          -           -          (Hp)        (In-Lbf)     (Lbf)      (W)         (N-m)       (N)         (g/W)         -         -          -     
        0.00      0.0000      0.0000      0.1421      0.0855       0.239       2.514       2.386     178.492       0.284      10.615       6.064        0.26      90840.    0.4997  
        2.96      0.0473      0.0771      0.1417      0.0870       0.244       2.558       2.380     181.594       0.289      10.588       5.946        0.26      90968.    0.4893  
        5.91      0.0946      0.1508      0.1414      0.0887       0.248       2.609       2.375     185.208       0.295      10.563       5.816        0.26      91116.    0.4781  
        8.87      0.1419      0.2207      0.1410      0.0907       0.254       2.667       2.369     189.346       0.301      10.538       5.675        0.26      91287.    0.4659  
       11.83      0.1892      0.2864      0.1407      0.0929       0.260       2.733       2.363     194.000       0.309      10.511       5.525        0.26      91484.    0.4530  
       14.78      0.2365      0.3477      0.1403      0.0954       0.267       2.805       2.356     199.138       0.317      10.479       5.366        0.26      91707.    0.4393  
       17.74      0.2838      0.4045      0.1397      0.0981       0.274       2.884       2.347     204.692       0.326      10.440       5.201        0.26      91958.    0.4250  
       20.70      0.3311      0.4565      0.1391      0.1009       0.282       2.966       2.336     210.560       0.335      10.390       5.032        0.26      92238.    0.4102  
       23.65      0.3784      0.5039      0.1382      0.1038       0.290       3.051       2.321     216.594       0.345      10.323       4.860        0.26      92549.    0.3949  
       26.61      0.4257      0.5469      0.1370      0.1066       0.299       3.136       2.301     222.606       0.354      10.235       4.689        0.26      92891.    0.3794  
       29.56      0.4730      0.5857      0.1355      0.1094       0.306       3.217       2.275     228.360       0.363      10.120       4.519        0.26      93264.    0.3636  
       32.52      0.5203      0.6206      0.1335      0.1119       0.313       3.290       2.242     233.580       0.372       9.971       4.353        0.27      93669.    0.3477  
       35.48      0.5676      0.6520      0.1309      0.1140       0.319       3.352       2.199     237.955       0.379       9.783       4.192        0.27      94106.    0.3316  
       38.43      0.6150      0.6803      0.1278      0.1155       0.323       3.397       2.147     241.146       0.384       9.548       4.038        0.27      94575.    0.3155  
       41.39      0.6623      0.7058      0.1240      0.1163       0.326       3.420       2.082     242.801       0.386       9.261       3.890        0.27      95076.    0.2994  
       44.35      0.7096      0.7288      0.1194      0.1162       0.325       3.417       2.005     242.574       0.386       8.918       3.749        0.27      95609.    0.2832  
       47.30      0.7569      0.7497      0.1140      0.1150       0.322       3.383       1.914     240.156       0.382       8.514       3.615        0.27      96173.    0.2668  
       50.26      0.8042      0.7686      0.1077      0.1127       0.316       3.315       1.810     235.316       0.375       8.049       3.488        0.27      96766.    0.2503  
       53.22      0.8515      0.7854      0.1007      0.1092       0.306       3.211       1.692     227.921       0.363       7.524       3.366        0.27      97390.    0.2335  
       56.17      0.8988      0.7999      0.0929      0.1044       0.292       3.071       1.561     217.986       0.347       6.944       3.248        0.27      98041.    0.2165  
       59.13      0.9461      0.8119      0.0846      0.0986       0.276       2.898       1.421     205.731       0.327       6.319       3.132        0.27      98720.    0.1991  
       62.09      0.9934      0.8205      0.0757      0.0917       0.257       2.697       1.272     191.437       0.305       5.659       3.014        0.27      99426.    0.1814  
       65.04      1.0407      0.8248      0.0666      0.0840       0.235       2.470       1.118     175.353       0.279       4.974       2.892        0.28     100157.    0.1632  
       68.00      1.0880      0.8232      0.0572      0.0755       0.211       2.221       0.960     157.690       0.251       4.270       2.761        0.28     100914.    0.1443  
       70.96      1.1353      0.8131      0.0476      0.0664       0.186       1.953       0.799     138.637       0.221       3.554       2.614        0.28     101694.    0.1246  
       73.91      1.1826      0.7902      0.0379      0.0567       0.159       1.668       0.636     118.378       0.188       2.831       2.439        0.28     102499.    0.1038  
       76.87      1.2299      0.7458      0.0282      0.0465       0.130       1.368       0.474      97.102       0.155       2.108       2.213        0.28     103327.    0.0813  
       79.83      1.2772      0.6610      0.0186      0.0359       0.101       1.057       0.312      75.018       0.119       1.389       1.889        0.28     104179.    0.0563  
       82.78      1.3245      0.4831      0.0091      0.0251       0.070       0.738       0.154      52.363       0.083       0.684       1.331        0.28     105052.    0.0278  
       85.74      1.3718     -0.0043      0.0000      0.0141       0.039       0.414      -0.001      29.405       0.047      -0.003      -0.011        0.29     105948.    0.0000  
                                                                                                                                                                                    
                                                                                                                                                                                    
                                                                                                                                                                                    
         PROP RPM =       7000                                                                                                                                                      
                                                                                                                                                                                    
         V          J           Pe         Ct          Cp          PWR         Torque      Thrust      PWR         Torque      Thrust      THR/PWR      Mach      Reyn       FOM    
       (mph)     (Adv_Ratio)     -          -           -          (Hp)        (In-Lbf)     (Lbf)      (W)         (N-m)       (N)         (g/W)         -         -          -     
        0.00      0.0000      0.0000      0.1422      0.0851       0.378       3.405       3.251     281.993       0.385      14.461       5.229        0.31     105979.    0.5030  
        3.45      0.0473      0.0776      0.1419      0.0866       0.385       3.464       3.243     286.923       0.391      14.427       5.127        0.31     106128.    0.4926  
        6.90      0.0947      0.1518      0.1415      0.0883       0.392       3.534       3.236     292.672       0.399      14.394       5.015        0.31     106301.    0.4812  
       10.35      0.1420      0.2221      0.1412      0.0903       0.401       3.613       3.229     299.261       0.408      14.361       4.893        0.31     106501.    0.4690  
       13.80      0.1893      0.2883      0.1409      0.0925       0.411       3.703       3.221     306.682       0.418      14.326       4.763        0.31     106730.    0.4560  
       17.26      0.2367      0.3500      0.1405      0.0950       0.422       3.802       3.212     314.883       0.430      14.285       4.626        0.31     106991.    0.4422  
       20.71      0.2840      0.4070      0.1400      0.0977       0.434       3.909       3.200     323.762       0.442      14.234       4.483        0.31     107284.    0.4278  
       24.16      0.3313      0.4593      0.1393      0.1005       0.447       4.023       3.185     333.154       0.454      14.169       4.337        0.31     107611.    0.4129  
       27.61      0.3786      0.5070      0.1385      0.1034       0.460       4.140       3.166     342.828       0.468      14.081       4.188        0.31     107974.    0.3975  
       31.06      0.4260      0.5501      0.1373      0.1063       0.473       4.256       3.140     352.483       0.481      13.965       4.040        0.31     108372.    0.3818  
       34.51      0.4733      0.5890      0.1358      0.1091       0.485       4.368       3.105     361.742       0.493      13.811       3.893        0.31     108808.    0.3659  
       37.96      0.5206      0.6241      0.1339      0.1117       0.496       4.470       3.060     370.163       0.505      13.612       3.750        0.31     109281.    0.3499  
       41.41      0.5680      0.6555      0.1314      0.1138       0.506       4.555       3.003     377.246       0.515      13.357       3.611        0.31     109792.    0.3338  
       44.87      0.6153      0.6839      0.1282      0.1154       0.513       4.618       2.932     382.447       0.522      13.040       3.477        0.31     110340.    0.3176  
       48.32      0.6626      0.7094      0.1244      0.1162       0.517       4.651       2.844     385.200       0.525      12.651       3.349        0.31     110925.    0.3013  
       51.77      0.7100      0.7325      0.1198      0.1161       0.516       4.648       2.739     384.945       0.525      12.185       3.228        0.31     111547.    0.2850  
       55.22      0.7573      0.7535      0.1144      0.1150       0.511       4.603       2.616     381.183       0.520      11.635       3.113        0.31     112206.    0.2685  
       58.67      0.8046      0.7725      0.1082      0.1127       0.501       4.510       2.473     373.539       0.510      11.001       3.003        0.32     112899.    0.2519  
       62.12      0.8519      0.7894      0.1011      0.1091       0.485       4.369       2.312     361.796       0.494      10.285       2.899        0.32     113627.    0.2351  
       65.57      0.8993      0.8043      0.0933      0.1044       0.464       4.177       2.134     345.970       0.472       9.492       2.798        0.32     114388.    0.2180  
       69.02      0.9466      0.8166      0.0849      0.0985       0.438       3.941       1.942     326.411       0.445       8.638       2.699        0.32     115182.    0.2006  
       72.47      0.9939      0.8257      0.0761      0.0916       0.407       3.665       1.739     303.563       0.414       7.737       2.599        0.32     116006.    0.1828  
       75.93      1.0413      0.8308      0.0669      0.0838       0.373       3.355       1.529     277.825       0.379       6.800       2.496        0.32     116860.    0.1646  
       79.38      1.0886      0.8302      0.0574      0.0753       0.335       3.013       1.312     249.537       0.340       5.838       2.386        0.32     117744.    0.1458  
       82.83      1.1359      0.8215      0.0478      0.0661       0.294       2.644       1.092     219.001       0.299       4.859       2.262        0.32     118656.    0.1261  
       86.28      1.1833      0.8005      0.0381      0.0563       0.250       2.252       0.870     186.512       0.254       3.871       2.116        0.33     119596.    0.1053  
       89.73      1.2306      0.7587      0.0283      0.0460       0.204       1.840       0.648     152.376       0.208       2.882       1.929        0.33     120563.    0.0828  
       93.18      1.2779      0.6771      0.0187      0.0353       0.157       1.412       0.427     116.932       0.160       1.901       1.658        0.33     121557.    0.0578  
       96.63      1.3252      0.5020      0.0092      0.0243       0.108       0.973       0.210      80.565       0.110       0.936       1.185        0.33     122577.    0.0290  
      100.08      1.3726     -0.0016      0.0000      0.0132       0.059       0.528       0.000      43.709       0.060      -0.002      -0.004        0.33     123623.    0.0000  
                                                                                                                                                                                    
                                                                                                                                                                                    
                                                                                                                                                                                    
         PROP RPM =       8000                                                                                                                                                      
                                                                                                                                                                                    
         V          J           Pe         Ct          Cp          PWR         Torque      Thrust      PWR         Torque      Thrust      THR/PWR      Mach      Reyn       FOM    
       (mph)     (Adv_Ratio)     -          -           -          (Hp)        (In-Lbf)     (Lbf)      (W)         (N-m)       (N)         (g/W)         -         -          -     
        0.00      0.0000      0.0000      0.1423      0.0848       0.563       4.433       4.250     419.622       0.501      18.906       4.594        0.35     121117.    0.5052  
        3.95      0.0474      0.0779      0.1420      0.0863       0.573       4.511       4.241     426.978       0.510      18.862       4.505        0.35     121287.    0.4948  
        7.89      0.0947      0.1524      0.1417      0.0880       0.584       4.602       4.231     435.568       0.520      18.821       4.406        0.35     121485.    0.4835  
       11.84      0.1421      0.2231      0.1414      0.0900       0.597       4.706       4.222     445.425       0.532      18.781       4.300        0.35     121714.    0.4713  
       15.78      0.1894      0.2896      0.1411      0.0923       0.612       4.823       4.213     456.540       0.545      18.738       4.185        0.35     121976.    0.4582  
       19.73      0.2368      0.3516      0.1407      0.0948       0.629       4.953       4.201     468.842       0.560      18.688       4.065        0.35     122273.    0.4444  
       23.68      0.2841      0.4088      0.1402      0.0974       0.647       5.094       4.187     482.179       0.576      18.625       3.939        0.35     122609.    0.4300  
       27.62      0.3315      0.4614      0.1396      0.1003       0.666       5.244       4.169     496.310       0.592      18.544       3.810        0.35     122983.    0.4150  
       31.57      0.3788      0.5092      0.1388      0.1033       0.685       5.398       4.144     510.892       0.610      18.434       3.679        0.35     123397.    0.3995  
       35.51      0.4262      0.5525      0.1377      0.1062       0.705       5.552       4.111     525.471       0.627      18.286       3.549        0.35     123853.    0.3838  
       39.46      0.4735      0.5915      0.1362      0.1090       0.723       5.700       4.067     539.484       0.644      18.090       3.419        0.35     124352.    0.3678  
       43.41      0.5209      0.6266      0.1343      0.1116       0.741       5.835       4.009     552.261       0.659      17.834       3.293        0.35     124893.    0.3517  
       47.35      0.5682      0.6582      0.1318      0.1138       0.755       5.949       3.936     563.050       0.672      17.506       3.170        0.35     125477.    0.3355  
       51.30      0.6156      0.6865      0.1287      0.1154       0.766       6.033       3.843     571.027       0.682      17.095       3.053        0.36     126104.    0.3192  
       55.24      0.6629      0.7121      0.1249      0.1163       0.772       6.079       3.730     575.334       0.687      16.590       2.940        0.36     126773.    0.3029  
       59.19      0.7103      0.7353      0.1203      0.1162       0.771       6.076       3.593     575.121       0.687      15.982       2.834        0.36     127485.    0.2865  
       63.14      0.7576      0.7564      0.1149      0.1151       0.764       6.018       3.432     569.630       0.680      15.265       2.733        0.36     128238.    0.2700  
       67.08      0.8050      0.7755      0.1087      0.1128       0.749       5.898       3.246     558.287       0.666      14.437       2.637        0.36     129032.    0.2534  
       71.03      0.8523      0.7926      0.1016      0.1093       0.725       5.713       3.035     540.756       0.645      13.498       2.545        0.36     129865.    0.2365  
       74.97      0.8997      0.8077      0.0938      0.1045       0.693       5.463       2.801     517.054       0.617      12.460       2.457        0.36     130736.    0.2194  
       78.92      0.9470      0.8203      0.0854      0.0986       0.654       5.153       2.549     487.696       0.582      11.340       2.371        0.36     131643.    0.2019  
       82.87      0.9944      0.8300      0.0765      0.0916       0.608       4.790       2.284     453.352       0.541      10.157       2.285        0.37     132586.    0.1842  
       86.81      1.0417      0.8356      0.0672      0.0838       0.556       4.381       2.007     414.622       0.495       8.928       2.196        0.37     133563.    0.1659  
       90.76      1.0891      0.8359      0.0577      0.0752       0.499       3.930       1.723     372.017       0.444       7.665       2.101        0.37     134574.    0.1471  
       94.70      1.1364      0.8284      0.0480      0.0659       0.437       3.444       1.434     325.995       0.389       6.379       1.995        0.37     135617.    0.1275  
       98.65      1.1838      0.8091      0.0383      0.0560       0.371       2.927       1.143     277.002       0.331       5.082       1.871        0.37     136693.    0.1067  
      102.59      1.2311      0.7695      0.0285      0.0456       0.302       2.383       0.851     225.503       0.269       3.784       1.711        0.37     137799.    0.0842  
      106.54      1.2785      0.6909      0.0188      0.0348       0.231       1.817       0.561     172.013       0.205       2.495       1.479        0.38     138936.    0.0591  
      110.49      1.3258      0.5183      0.0093      0.0237       0.157       1.237       0.276     117.118       0.140       1.229       1.070        0.38     140103.    0.0300  
      114.43      1.3732     -0.0015      0.0000      0.0124       0.082       0.650       0.000      61.484       0.073      -0.002      -0.003        0.38     141299.    0.0000  
                                                                                                                                                                                    
                                                                                                                                                                                    
                                                                                                                                                                                    
         PROP RPM =       9000                                                                                                                                                      
                                                                                                                                                                                    
         V          J           Pe         Ct          Cp          PWR         Torque      Thrust      PWR         Torque      Thrust      THR/PWR      Mach      Reyn       FOM    
       (mph)     (Adv_Ratio)     -          -           -          (Hp)        (In-Lbf)     (Lbf)      (W)         (N-m)       (N)         (g/W)         -         -          -     
        0.00      0.0000      0.0000      0.1425      0.0847       0.800       5.602       5.385     596.555       0.633      23.951       4.094        0.39     136255.    0.5068  
        4.44      0.0474      0.0782      0.1422      0.0862       0.814       5.701       5.373     607.016       0.644      23.898       4.015        0.39     136446.    0.4964  
        8.88      0.0947      0.1529      0.1419      0.0879       0.830       5.816       5.362     619.247       0.657      23.849       3.927        0.39     136668.    0.4851  
       13.32      0.1421      0.2238      0.1416      0.0899       0.849       5.948       5.351     633.304       0.672      23.801       3.832        0.39     136926.    0.4729  
       17.76      0.1895      0.2905      0.1413      0.0921       0.871       6.097       5.340     649.180       0.689      23.750       3.731        0.39     137221.    0.4598  
       22.20      0.2369      0.3527      0.1409      0.0946       0.894       6.262       5.326     666.777       0.707      23.692       3.623        0.39     137555.    0.4460  
       26.65      0.2842      0.4102      0.1405      0.0974       0.920       6.441       5.310     685.888       0.728      23.618       3.511        0.39     137933.    0.4316  
       31.09      0.3316      0.4629      0.1399      0.1002       0.947       6.632       5.288     706.173       0.749      23.520       3.396        0.39     138354.    0.4166  
       35.53      0.3790      0.5108      0.1391      0.1032       0.975       6.829       5.258     727.145       0.772      23.387       3.280        0.40     138820.    0.4012  
       39.97      0.4263      0.5542      0.1381      0.1062       1.003       7.026       5.217     748.157       0.794      23.207       3.163        0.40     139334.    0.3854  
       44.41      0.4737      0.5934      0.1366      0.1091       1.030       7.216       5.163     768.400       0.815      22.966       3.048        0.40     139894.    0.3694  
       48.85      0.5211      0.6285      0.1347      0.1117       1.055       7.390       5.092     786.914       0.835      22.648       2.935        0.40     140503.    0.3533  
       53.29      0.5684      0.6601      0.1323      0.1139       1.076       7.538       5.000     802.608       0.852      22.240       2.826        0.40     141161.    0.3370  
       57.73      0.6158      0.6886      0.1292      0.1156       1.092       7.647       4.884     814.297       0.864      21.725       2.721        0.40     141867.    0.3207  
       62.17      0.6632      0.7142      0.1255      0.1165       1.101       7.708       4.741     820.735       0.871      21.090       2.620        0.40     142621.    0.3044  
       66.61      0.7106      0.7374      0.1209      0.1165       1.101       7.707       4.569     820.694       0.871      20.324       2.525        0.40     143422.    0.2879  
       71.06      0.7579      0.7586      0.1155      0.1154       1.090       7.636       4.365     813.067       0.863      19.417       2.435        0.40     144270.    0.2714  
       75.50      0.8053      0.7778      0.1093      0.1131       1.069       7.485       4.129     797.017       0.846      18.368       2.350        0.41     145164.    0.2547  
       79.94      0.8527      0.7951      0.1022      0.1096       1.035       7.251       3.862     772.050       0.819      17.178       2.269        0.41     146102.    0.2378  
       84.38      0.9000      0.8104      0.0943      0.1048       0.990       6.932       3.565     738.174       0.783      15.859       2.191        0.41     147083.    0.2207  
       88.82      0.9474      0.8234      0.0859      0.0988       0.934       6.538       3.245     696.120       0.739      14.435       2.115        0.41     148105.    0.2032  
       93.26      0.9948      0.8334      0.0769      0.0918       0.867       6.075       2.907     646.846       0.686      12.931       2.038        0.41     149167.    0.1854  
       97.70      1.0421      0.8397      0.0676      0.0839       0.793       5.552       2.555     591.216       0.627      11.366       1.960        0.41     150267.    0.1672  
      102.14      1.0895      0.8407      0.0580      0.0752       0.711       4.977       2.194     529.967       0.562       9.758       1.878        0.42     151405.    0.1483  
      106.58      1.1369      0.8343      0.0483      0.0658       0.622       4.355       1.826     463.763       0.492       8.121       1.786        0.42     152580.    0.1287  
      111.02      1.1843      0.8164      0.0385      0.0558       0.527       3.693       1.454     393.245       0.417       6.469       1.677        0.42     153791.    0.1079  
      115.46      1.2316      0.7789      0.0286      0.0453       0.428       2.997       1.082     319.088       0.339       4.815       1.539        0.42     155037.    0.0854  
      119.91      1.2790      0.7028      0.0189      0.0344       0.325       2.273       0.713     242.038       0.257       3.174       1.337        0.42     156317.    0.0602  
      124.35      1.3264      0.5324      0.0093      0.0231       0.219       1.530       0.351     162.950       0.173       1.561       0.977        0.43     157631.    0.0309  
      128.79      1.3737     -0.0048      0.0000      0.0118       0.111       0.778      -0.002      82.795       0.088      -0.007      -0.009        0.43     158977.    0.0000  
                                                                                                                                                                                    
                                                                                                                                                                                    
                                                                                                                                                                                    
         PROP RPM =      10000                                                                                                                                                      
                                                                                                                                                                                    
         V          J           Pe         Ct          Cp          PWR         Torque      Thrust      PWR         Torque      Thrust      THR/PWR      Mach      Reyn       FOM    
       (mph)     (Adv_Ratio)     -          -           -          (Hp)        (In-Lbf)     (Lbf)      (W)         (N-m)       (N)         (g/W)         -         -          -     
        0.00      0.0000      0.0000      0.1426      0.0847       1.097       6.915       6.654     818.162       0.781      29.599       3.689        0.44     151392.    0.5076  
        4.94      0.0474      0.0783      0.1423      0.0861       1.116       7.036       6.640     832.479       0.795      29.537       3.618        0.44     151603.    0.4973  
        9.87      0.0948      0.1532      0.1420      0.0879       1.139       7.178       6.628     849.245       0.811      29.480       3.540        0.44     151851.    0.4861  
       14.81      0.1421      0.2242      0.1418      0.0899       1.165       7.341       6.615     868.545       0.829      29.425       3.455        0.44     152137.    0.4740  
       19.74      0.1895      0.2911      0.1415      0.0921       1.194       7.526       6.602     890.377       0.850      29.367       3.363        0.44     152464.    0.4610  
       24.68      0.2369      0.3534      0.1412      0.0946       1.227       7.731       6.587     914.620       0.873      29.301       3.267        0.44     152836.    0.4472  
       29.61      0.2843      0.4110      0.1408      0.0974       1.262       7.954       6.568     940.998       0.899      29.217       3.166        0.44     153255.    0.4328  
       34.55      0.3316      0.4638      0.1402      0.1003       1.300       8.191       6.543     969.054       0.925      29.104       3.063        0.44     153723.    0.4179  
       39.48      0.3790      0.5119      0.1395      0.1033       1.339       8.436       6.508     998.123       0.953      28.949       2.957        0.44     154241.    0.4025  
       44.42      0.4264      0.5554      0.1385      0.1063       1.378       8.683       6.460    1027.319       0.981      28.736       2.852        0.44     154812.    0.3867  
       49.35      0.4738      0.5946      0.1371      0.1092       1.415       8.922       6.396    1055.523       1.008      28.448       2.748        0.44     155435.    0.3707  
       54.29      0.5212      0.6299      0.1352      0.1119       1.450       9.140       6.310    1081.402       1.033      28.066       2.646        0.44     156112.    0.3546  
       59.22      0.5685      0.6615      0.1328      0.1142       1.480       9.327       6.198    1103.441       1.054      27.571       2.548        0.44     156842.    0.3384  
       64.16      0.6159      0.6900      0.1298      0.1159       1.502       9.466       6.057    1119.985       1.070      26.943       2.453        0.44     157627.    0.3221  
       69.09      0.6633      0.7157      0.1261      0.1169       1.514       9.545       5.883    1129.301       1.078      26.167       2.363        0.45     158465.    0.3057  
       74.03      0.7107      0.7390      0.1215      0.1169       1.515       9.548       5.671    1129.665       1.079      25.226       2.277        0.45     159356.    0.2893  
       78.96      0.7581      0.7602      0.1162      0.1158       1.501       9.463       5.420    1119.528       1.069      24.110       2.196        0.45     160299.    0.2727  
       83.90      0.8054      0.7795      0.1099      0.1136       1.472       9.278       5.129    1097.706       1.048      22.815       2.119        0.45     161293.    0.2560  
       88.83      0.8528      0.7970      0.1028      0.1100       1.426       8.989       4.798    1063.493       1.016      21.343       2.046        0.45     162336.    0.2391  
       93.77      0.9002      0.8125      0.0950      0.1052       1.364       8.595       4.431    1016.876       0.971      19.710       1.977        0.45     163427.    0.2219  
       98.71      0.9476      0.8258      0.0865      0.0992       1.286       8.104       4.034     958.849       0.916      17.945       1.908        0.46     164563.    0.2045  
      103.64      0.9949      0.8363      0.0775      0.0922       1.194       7.529       3.615     890.738       0.851      16.077       1.841        0.46     165744.    0.1867  
      108.58      1.0423      0.8431      0.0681      0.0842       1.091       6.878       3.178     813.741       0.777      14.134       1.771        0.46     166967.    0.1684  
      113.51      1.0897      0.8449      0.0585      0.0754       0.977       6.161       2.728     728.887       0.696      12.136       1.698        0.46     168233.    0.1496  
      118.45      1.1371      0.8395      0.0487      0.0659       0.854       5.385       2.271     637.099       0.608      10.101       1.617        0.46     169539.    0.1300  
      123.38      1.1845      0.8230      0.0388      0.0558       0.723       4.558       1.809     539.271       0.515       8.046       1.521        0.47     170884.    0.1092  
      128.32      1.2318      0.7873      0.0289      0.0452       0.585       3.688       1.346     436.342       0.417       5.989       1.400        0.47     172269.    0.0866  
      133.25      1.2792      0.7139      0.0190      0.0341       0.442       2.784       0.887     329.360       0.315       3.947       1.222        0.47     173692.    0.0614  
      138.19      1.3266      0.5460      0.0093      0.0227       0.294       1.855       0.436     219.519       0.210       1.940       0.901        0.47     175152.    0.0317  
      143.12      1.3740     -0.0061      0.0000      0.0112       0.145       0.914      -0.002     108.186       0.103      -0.010      -0.010        0.48     176649.    0.0000  
                                                                                                                                                                                    
                                                                                                                                                                                    
                                                                                                                                                                                    
         PROP RPM =      11000                                                                                                                                                      
                                                                                                                                                                                    
         V          J           Pe         Ct          Cp          PWR         Torque      Thrust      PWR         Torque      Thrust      THR/PWR      Mach      Reyn       FOM    
       (mph)     (Adv_Ratio)     -          -           -          (Hp)        (In-Lbf)     (Lbf)      (W)         (N-m)       (N)         (g/W)         -         -          -     
        0.00      0.0000      0.0000      0.1428      0.0847       1.462       8.376       8.060    1090.053       0.946      35.852       3.354        0.48     166528.    0.5079  
        5.43      0.0474      0.0783      0.1425      0.0862       1.487       8.522       8.044    1109.047       0.963      35.781       3.290        0.48     166760.    0.4977  
       10.86      0.0948      0.1532      0.1422      0.0880       1.517       8.693       8.030    1131.328       0.982      35.716       3.219        0.48     167032.    0.4866  
       16.29      0.1421      0.2244      0.1420      0.0899       1.552       8.890       8.016    1157.020       1.004      35.655       3.142        0.48     167346.    0.4746  
       21.72      0.1895      0.2913      0.1417      0.0922       1.591       9.114       8.002    1186.139       1.030      35.593       3.060        0.48     167707.    0.4617  
       27.14      0.2369      0.3537      0.1414      0.0947       1.634       9.363       7.986    1218.537       1.058      35.520       2.972        0.48     168116.    0.4481  
       32.57      0.2843      0.4114      0.1411      0.0975       1.681       9.635       7.965    1253.863       1.089      35.428       2.881        0.48     168576.    0.4337  
       38.00      0.3317      0.4644      0.1406      0.1004       1.732       9.924       7.937    1291.522       1.121      35.302       2.787        0.48     169091.    0.4189  
       43.43      0.3790      0.5125      0.1399      0.1034       1.784      10.224       7.897    1330.641       1.155      35.127       2.692        0.48     169661.    0.4035  
       48.86      0.4264      0.5561      0.1389      0.1065       1.837      10.527       7.842    1370.037       1.189      34.882       2.596        0.48     170288.    0.3878  
       54.29      0.4738      0.5954      0.1376      0.1095       1.888      10.820       7.767    1408.211       1.222      34.548       2.502        0.49     170973.    0.3719  
       59.72      0.5212      0.6307      0.1358      0.1122       1.936      11.091       7.666    1443.370       1.253      34.099       2.409        0.49     171717.    0.3558  
       65.15      0.5686      0.6624      0.1335      0.1145       1.976      11.322       7.535    1473.466       1.279      33.514       2.319        0.49     172521.    0.3396  
       70.58      0.6159      0.6909      0.1305      0.1163       2.007      11.497       7.367    1496.256       1.299      32.767       2.233        0.49     173384.    0.3233  
       76.00      0.6633      0.7167      0.1268      0.1173       2.024      11.598       7.158    1509.391       1.310      31.838       2.151        0.49     174306.    0.3070  
       81.43      0.7107      0.7401      0.1223      0.1174       2.026      11.607       6.904    1510.528       1.311      30.707       2.073        0.49     175287.    0.2905  
       86.86      0.7581      0.7614      0.1169      0.1164       2.008      11.507       6.601    1497.551       1.300      29.362       1.999        0.49     176325.    0.2740  
       92.29      0.8055      0.7808      0.1107      0.1142       1.970      11.286       6.249    1468.832       1.275      27.797       1.930        0.50     177418.    0.2573  
       97.72      0.8528      0.7984      0.1036      0.1107       1.909      10.937       5.849    1423.392       1.236      26.015       1.864        0.50     178566.    0.2404  
      103.15      0.9002      0.8141      0.0957      0.1058       1.825      10.459       5.403    1361.174       1.182      24.033       1.800        0.50     179766.    0.2232  
      108.58      0.9476      0.8277      0.0872      0.0998       1.721       9.862       4.921    1283.483       1.114      21.887       1.739        0.50     181017.    0.2058  
      114.01      0.9950      0.8386      0.0781      0.0927       1.599       9.160       4.410    1192.100       1.035      19.615       1.678        0.50     182316.    0.1879  
      119.44      1.0424      0.8459      0.0687      0.0846       1.460       8.365       3.878    1088.649       0.945      17.248       1.616        0.51     183663.    0.1697  
      124.86      1.0897      0.8485      0.0590      0.0758       1.307       7.488       3.330     974.521       0.846      14.813       1.550        0.51     185055.    0.1509  
      130.29      1.1371      0.8441      0.0491      0.0662       1.141       6.539       2.772     850.962       0.739      12.331       1.478        0.51     186492.    0.1312  
      135.72      1.1845      0.8288      0.0391      0.0559       0.964       5.526       2.209     719.185       0.624       9.825       1.393        0.51     187973.    0.1104  
      141.15      1.2319      0.7950      0.0291      0.0451       0.778       4.460       1.644     580.463       0.504       7.313       1.285        0.52     189497.    0.0879  
      146.58      1.2792      0.7241      0.0192      0.0339       0.585       3.352       1.084     436.213       0.379       4.820       1.127        0.52     191062.    0.0626  
      152.01      1.3266      0.5590      0.0094      0.0224       0.386       2.213       0.533     288.063       0.250       2.370       0.839        0.52     192669.    0.0327  
      157.44      1.3740     -0.0063      0.0000      0.0107       0.185       1.059      -0.003     137.880       0.120      -0.012      -0.009        0.52     194315.    0.0000  
                                                                                                                                                                                    
                                                                                                                                                                                    
                                                                                                                                                                                    
         PROP RPM =      12000                                                                                                                                                      
                                                                                                                                                                                    
         V          J           Pe         Ct          Cp          PWR         Torque      Thrust      PWR         Torque      Thrust      THR/PWR      Mach      Reyn       FOM    
       (mph)     (Adv_Ratio)     -          -           -          (Hp)        (In-Lbf)     (Lbf)      (W)         (N-m)       (N)         (g/W)         -         -          -     
        0.00      0.0000      0.0000      0.1429      0.0849       1.902       9.989       9.603    1418.125       1.129      42.714       3.071        0.52     181663.    0.5077  
        5.92      0.0474      0.0782      0.1427      0.0864       1.935      10.162       9.585    1442.680       1.148      42.634       3.013        0.52     181916.    0.4977  
       11.84      0.0948      0.1531      0.1424      0.0881       1.973      10.365       9.569    1471.537       1.171      42.563       2.949        0.52     182212.    0.4867  
       17.77      0.1421      0.2243      0.1422      0.0901       2.018      10.600       9.554    1504.878       1.198      42.497       2.880        0.52     182555.    0.4748  
       23.69      0.1895      0.2912      0.1420      0.0924       2.069      10.866       9.539    1542.743       1.228      42.431       2.805        0.52     182948.    0.4621  
       29.61      0.2369      0.3537      0.1417      0.0949       2.125      11.164       9.522    1584.965       1.261      42.356       2.725        0.53     183393.    0.4486  
       35.53      0.2843      0.4115      0.1414      0.0977       2.187      11.489       9.500    1631.113       1.298      42.258       2.642        0.53     183895.    0.4344  
       41.45      0.3316      0.4645      0.1409      0.1006       2.254      11.836       9.470    1680.438       1.337      42.123       2.556        0.53     184456.    0.4196  
       47.38      0.3790      0.5128      0.1403      0.1037       2.322      12.198       9.427    1731.820       1.378      41.930       2.469        0.53     185078.    0.4043  
       53.30      0.4264      0.5564      0.1394      0.1068       2.392      12.564       9.365    1783.725       1.419      41.657       2.381        0.53     185761.    0.3888  
       59.22      0.4738      0.5958      0.1381      0.1098       2.460      12.919       9.280    1834.199       1.460      41.278       2.295        0.53     186509.    0.3729  
       65.14      0.5211      0.6311      0.1364      0.1126       2.522      13.248       9.164    1880.880       1.497      40.763       2.210        0.53     187320.    0.3569  
       71.06      0.5685      0.6629      0.1341      0.1150       2.576      13.531       9.012    1921.065       1.529      40.085       2.128        0.53     188197.    0.3407  
       76.99      0.6159      0.6914      0.1312      0.1169       2.617      13.747       8.816    1951.786       1.553      39.214       2.049        0.53     189138.    0.3245  
       82.91      0.6633      0.7173      0.1276      0.1180       2.642      13.875       8.571    1969.927       1.568      38.123       1.973        0.54     190144.    0.3082  
       88.83      0.7106      0.7407      0.1231      0.1181       2.645      13.893       8.271    1972.381       1.570      36.790       1.902        0.54     191214.    0.2918  
       94.75      0.7580      0.7621      0.1178      0.1171       2.623      13.779       7.913    1956.315       1.557      35.197       1.835        0.54     192347.    0.2753  
      100.67      0.8054      0.7816      0.1116      0.1149       2.574      13.520       7.495    1919.543       1.528      33.338       1.771        0.54     193540.    0.2586  
      106.60      0.8528      0.7994      0.1045      0.1114       2.495      13.106       7.018    1860.732       1.481      31.215       1.711        0.54     194793.    0.2417  
      112.52      0.9001      0.8154      0.0965      0.1066       2.387      12.536       6.486    1779.752       1.416      28.850       1.653        0.54     196102.    0.2246  
      118.44      0.9475      0.8292      0.0880      0.1005       2.251      11.821       5.909    1678.265       1.336      26.284       1.597        0.55     197467.    0.2071  
      124.36      0.9949      0.8405      0.0788      0.0933       2.090      10.978       5.298    1558.616       1.240      23.564       1.542        0.55     198885.    0.1893  
      130.28      1.0423      0.8484      0.0694      0.0852       1.908      10.023       4.660    1422.945       1.132      20.727       1.485        0.55     200354.    0.1710  
      136.20      1.0896      0.8516      0.0596      0.0762       1.707       8.967       4.003    1273.094       1.013      17.805       1.426        0.55     201874.    0.1522  
      142.13      1.1370      0.8481      0.0496      0.0665       1.489       7.823       3.333    1110.714       0.884      14.826       1.361        0.56     203442.    0.1326  
      148.05      1.1844      0.8342      0.0395      0.0561       1.257       6.603       2.656     937.407       0.746      11.815       1.285        0.56     205058.    0.1117  
      153.97      1.2318      0.8021      0.0294      0.0452       1.012       5.317       1.978     754.852       0.601       8.797       1.188        0.56     206720.    0.0891  
      159.89      1.2791      0.7337      0.0194      0.0338       0.758       3.979       1.304     564.930       0.450       5.799       1.047        0.57     208427.    0.0638  
      165.81      1.3265      0.5714      0.0095      0.0221       0.496       2.605       0.641     369.804       0.294       2.851       0.786        0.57     210180.    0.0336  
      171.74      1.3739     -0.0068     -0.0001      0.0103       0.231       1.211      -0.003     171.965       0.137      -0.015      -0.009        0.57     211976.    0.0000  
                                                                                                                                                                                    
                                                                                                                                                                                    
                                                                                                                                                                                    
         PROP RPM =      13000                                                                                                                                                      
                                                                                                                                                                                    
         V          J           Pe         Ct          Cp          PWR         Torque      Thrust      PWR         Torque      Thrust      THR/PWR      Mach      Reyn       FOM    
       (mph)     (Adv_Ratio)     -          -           -          (Hp)        (In-Lbf)     (Lbf)      (W)         (N-m)       (N)         (g/W)         -         -          -     
        0.00      0.0000      0.0000      0.1431      0.0852       2.425      11.759      11.283    1808.640       1.329      50.187       2.830        0.57     196797.    0.5070  
        6.41      0.0474      0.0781      0.1428      0.0866       2.467      11.961      11.263    1839.688       1.351      50.099       2.777        0.57     197071.    0.4971  
       12.83      0.0947      0.1529      0.1426      0.0884       2.516      12.199      11.246    1876.254       1.378      50.023       2.719        0.57     197391.    0.4863  
       19.24      0.1421      0.2240      0.1424      0.0904       2.573      12.474      11.231    1918.590       1.409      49.955       2.655        0.57     197762.    0.4746  
       25.65      0.1894      0.2909      0.1422      0.0926       2.637      12.787      11.216    1966.777       1.445      49.888       2.587        0.57     198187.    0.4621  
       32.07      0.2368      0.3534      0.1420      0.0952       2.710      13.138      11.199    2020.641       1.484      49.812       2.514        0.57     198669.    0.4487  
       38.48      0.2842      0.4112      0.1417      0.0979       2.789      13.521      11.177    2079.672       1.528      49.713       2.438        0.57     199212.    0.4347  
       44.90      0.3315      0.4643      0.1413      0.1009       2.874      13.933      11.145    2142.954       1.574      49.573       2.359        0.57     199819.    0.4201  
       51.31      0.3789      0.5126      0.1408      0.1040       2.962      14.363      11.099    2209.085       1.623      49.369       2.279        0.57     200492.    0.4050  
       57.72      0.4263      0.5563      0.1399      0.1072       3.052      14.799      11.032    2276.130       1.672      49.072       2.198        0.57     201232.    0.3895  
       64.14      0.4736      0.5957      0.1387      0.1103       3.140      15.224      10.938    2341.586       1.720      48.652       2.119        0.57     202040.    0.3738  
       70.55      0.5210      0.6311      0.1371      0.1131       3.222      15.620      10.808    2402.414       1.765      48.075       2.041        0.57     202919.    0.3578  
       76.96      0.5683      0.6629      0.1349      0.1156       3.292      15.962      10.635    2455.109       1.803      47.304       1.965        0.58     203868.    0.3418  
       83.38      0.6157      0.6915      0.1320      0.1175       3.347      16.227      10.411    2495.821       1.833      46.306       1.892        0.58     204888.    0.3256  
       89.79      0.6631      0.7174      0.1284      0.1187       3.380      16.388      10.128    2520.496       1.851      45.048       1.823        0.58     205977.    0.3094  
       96.20      0.7104      0.7409      0.1240      0.1189       3.386      16.417       9.780    2525.082       1.855      43.501       1.757        0.58     207136.    0.2931  
      102.62      0.7578      0.7624      0.1187      0.1180       3.360      16.292       9.363    2505.867       1.841      41.645       1.695        0.58     208362.    0.2766  
      109.03      0.8052      0.7820      0.1125      0.1159       3.299      15.994       8.874    2459.953       1.807      39.469       1.636        0.59     209655.    0.2600  
      115.45      0.8525      0.8000      0.1054      0.1124       3.199      15.510       8.314    2385.557       1.752      36.979       1.581        0.59     211012.    0.2431  
      121.86      0.8999      0.8162      0.0975      0.1075       3.061      14.840       7.688    2282.423       1.677      34.196       1.528        0.59     212431.    0.2260  
      128.27      0.9472      0.8303      0.0889      0.1014       2.887      13.996       7.008    2152.628       1.581      31.170       1.477        0.59     213910.    0.2085  
      134.69      0.9946      0.8420      0.0797      0.0942       2.681      12.998       6.285    1999.177       1.469      27.957       1.426        0.59     215446.    0.1907  
      141.10      1.0420      0.8504      0.0701      0.0859       2.447      11.865       5.531    1824.851       1.340      24.602       1.375        0.60     217038.    0.1725  
      147.51      1.0893      0.8543      0.0603      0.0769       2.189      10.611       4.753    1632.045       1.199      21.143       1.321        0.60     218684.    0.1536  
      153.93      1.1367      0.8518      0.0502      0.0670       1.908       9.251       3.960    1422.899       1.045      17.613       1.262        0.60     220382.    0.1340  
      160.34      1.1841      0.8391      0.0400      0.0565       1.609       7.799       3.157    1199.489       0.881      14.041       1.194        0.61     222132.    0.1131  
      166.76      1.2314      0.8089      0.0298      0.0454       1.293       6.268       2.352     963.990       0.708      10.460       1.106        0.61     223933.    0.0905  
      173.17      1.2788      0.7430      0.0197      0.0339       0.964       4.674       1.551     718.842       0.528       6.900       0.979        0.61     225782.    0.0650  
      179.58      1.3261      0.5841      0.0097      0.0220       0.626       3.035       0.764     466.862       0.343       3.397       0.742        0.62     227680.    0.0346  
      186.00      1.3735     -0.0037      0.0000      0.0100       0.283       1.374      -0.002     211.312       0.155      -0.009      -0.005        0.62     229624.    0.0000  
                                                                                                                                                                                    
                                                                                                                                                                                    
                                                                                                                                                                                    
         PROP RPM =      14000                                                                                                                                                      
                                                                                                                                                                                    
         V          J           Pe         Ct          Cp          PWR         Torque      Thrust      PWR         Torque      Thrust      THR/PWR      Mach      Reyn       FOM    
       (mph)     (Adv_Ratio)     -          -           -          (Hp)        (In-Lbf)     (Lbf)      (W)         (N-m)       (N)         (g/W)         -         -          -     
        0.00      0.0000      0.0000      0.1433      0.0855       3.042      13.697      13.101    2268.651       1.547      58.274       2.619        0.61     211929.    0.5057  
        6.90      0.0473      0.0778      0.1430      0.0870       3.094      13.929      13.080    2307.116       1.574      58.179       2.571        0.61     212225.    0.4961  
       13.81      0.0947      0.1525      0.1428      0.0887       3.155      14.203      13.062    2352.531       1.605      58.099       2.518        0.61     212569.    0.4855  
       20.71      0.1420      0.2234      0.1427      0.0907       3.225      14.521      13.047    2405.247       1.641      58.031       2.460        0.61     212968.    0.4740  
       27.62      0.1894      0.2903      0.1425      0.0930       3.306      14.884      13.032    2465.412       1.682      57.967       2.398        0.61     213425.    0.4617  
       34.52      0.2367      0.3528      0.1423      0.0955       3.397      15.292      13.016    2532.859       1.728      57.896       2.331        0.61     213943.    0.4486  
       41.43      0.2841      0.4106      0.1421      0.0983       3.496      15.739      12.995    2607.015       1.778      57.801       2.261        0.61     214528.    0.4347  
       48.33      0.3314      0.4637      0.1418      0.1013       3.603      16.221      12.964    2686.785       1.833      57.662       2.188        0.61     215180.    0.4203  
       55.24      0.3788      0.5121      0.1412      0.1045       3.715      16.726      12.916    2770.459       1.890      57.453       2.115        0.62     215903.    0.4054  
       62.14      0.4261      0.5559      0.1405      0.1077       3.829      17.240      12.846    2855.630       1.948      57.139       2.040        0.62     216699.    0.3901  
       69.05      0.4735      0.5953      0.1394      0.1108       3.941      17.745      12.744    2939.162       2.005      56.686       1.967        0.62     217569.    0.3745  
       75.95      0.5208      0.6308      0.1378      0.1138       4.046      18.216      12.601    3017.204       2.058      56.051       1.894        0.62     218514.    0.3587  
       82.86      0.5682      0.6626      0.1357      0.1163       4.137      18.627      12.408    3085.287       2.104      55.192       1.824        0.62     219536.    0.3428  
       89.76      0.6155      0.6913      0.1329      0.1183       4.209      18.948      12.155    3138.484       2.141      54.067       1.757        0.62     220633.    0.3267  
       96.67      0.6629      0.7172      0.1294      0.1196       4.253      19.148      11.834    3171.599       2.163      52.638       1.692        0.62     221806.    0.3106  
      103.57      0.7102      0.7408      0.1251      0.1199       4.264      19.195      11.436    3179.429       2.169      50.868       1.631        0.63     223053.    0.2943  
      110.48      0.7576      0.7623      0.1198      0.1191       4.234      19.061      10.956    3157.174       2.153      48.733       1.574        0.63     224374.    0.2779  
      117.38      0.8049      0.7821      0.1136      0.1169       4.159      18.722      10.391    3101.047       2.115      46.221       1.520        0.63     225766.    0.2613  
      124.29      0.8522      0.8002      0.1065      0.1135       4.035      18.164       9.742    3008.698       2.052      43.334       1.469        0.63     227227.    0.2445  
      131.19      0.8996      0.8166      0.0986      0.1086       3.862      17.386       9.015    2879.684       1.964      40.098       1.420        0.64     228756.    0.2274  
      138.10      0.9469      0.8311      0.0899      0.1024       3.643      16.401       8.222    2716.527       1.853      36.571       1.373        0.64     230348.    0.2100  
      145.00      0.9943      0.8432      0.0807      0.0951       3.383      15.232       7.378    2523.037       1.721      32.818       1.326        0.64     232003.    0.1922  
      151.91      1.0416      0.8521      0.0710      0.0868       3.088      13.902       6.496    2302.760       1.571      28.894       1.279        0.64     233717.    0.1740  
      158.81      1.0890      0.8567      0.0611      0.0776       2.761      12.429       5.585    2058.762       1.404      24.843       1.230        0.65     235490.    0.1551  
      165.71      1.1363      0.8550      0.0509      0.0676       2.405      10.830       4.655    1793.780       1.224      20.704       1.177        0.65     237319.    0.1354  
      172.62      1.1837      0.8436      0.0406      0.0570       2.026       9.119       3.712    1510.455       1.030      16.513       1.115        0.65     239203.    0.1146  
      179.52      1.2310      0.8151      0.0303      0.0457       1.625       7.315       2.767    1211.566       0.826      12.305       1.036        0.66     241141.    0.0919  
      186.43      1.2784      0.7518      0.0200      0.0339       1.207       5.435       1.826     900.223       0.614       8.121       0.920        0.66     243132.    0.0663  
      193.33      1.3257      0.5961      0.0098      0.0219       0.778       3.502       0.899     580.047       0.396       4.001       0.703        0.66     245175.    0.0356  
      200.24      1.3731     -0.0027      0.0000      0.0096       0.342       1.542      -0.002     255.341       0.174      -0.008      -0.003        0.67     247268.    0.0000  
                                                                                                                                                                                    
                                                                                                                                                                                    
                                                                                                                                                                                    
         PROP RPM =      15000                                                                                                                                                      
                                                                                                                                                                                    
         V          J           Pe         Ct          Cp          PWR         Torque      Thrust      PWR         Torque      Thrust      THR/PWR      Mach      Reyn       FOM    
       (mph)     (Adv_Ratio)     -          -           -          (Hp)        (In-Lbf)     (Lbf)      (W)         (N-m)       (N)         (g/W)         -         -          -     
        0.00      0.0000      0.0000      0.1434      0.0862       3.769      15.835      15.057    2810.247       1.789      66.975       2.430        0.65     227061.    0.5030  
        7.39      0.0473      0.0774      0.1432      0.0876       3.831      16.098      15.035    2856.857       1.819      66.874       2.387        0.65     227377.    0.4937  
       14.79      0.0946      0.1516      0.1430      0.0893       3.905      16.409      15.016    2912.041       1.854      66.793       2.339        0.65     227745.    0.4835  
       22.18      0.1420      0.2223      0.1429      0.0912       3.991      16.771      15.002    2976.271       1.895      66.728       2.286        0.66     228172.    0.4723  
       29.58      0.1893      0.2890      0.1428      0.0935       4.090      17.185      14.989    3049.785       1.942      66.671       2.229        0.66     228660.    0.4604  
       36.97      0.2366      0.3514      0.1426      0.0960       4.201      17.651      14.975    3132.454       1.994      66.609       2.168        0.66     229215.    0.4476  
       44.37      0.2839      0.4093      0.1425      0.0988       4.323      18.165      14.956    3223.658       2.052      66.525       2.104        0.66     229840.    0.4341  
       51.76      0.3313      0.4625      0.1422      0.1019       4.455      18.720      14.927    3322.152       2.115      66.396       2.038        0.66     230538.    0.4200  
       59.15      0.3786      0.5109      0.1417      0.1050       4.594      19.305      14.881    3425.930       2.181      66.191       1.970        0.66     231311.    0.4054  
       66.55      0.4259      0.5548      0.1411      0.1083       4.737      19.903      14.809    3532.106       2.249      65.872       1.902        0.66     232162.    0.3904  
       73.94      0.4732      0.5944      0.1400      0.1115       4.877      20.493      14.702    3636.847       2.315      65.395       1.834        0.66     233093.    0.3750  
       81.34      0.5206      0.6299      0.1386      0.1145       5.009      21.048      14.549    3735.389       2.378      64.713       1.767        0.66     234104.    0.3594  
       88.73      0.5679      0.6619      0.1366      0.1172       5.126      21.537      14.338    3822.129       2.433      63.774       1.701        0.67     235197.    0.3437  
       96.13      0.6152      0.6906      0.1339      0.1193       5.218      21.924      14.058    3890.814       2.477      62.528       1.639        0.67     236372.    0.3277  
      103.52      0.6625      0.7166      0.1305      0.1206       5.277      22.172      13.698    3934.816       2.505      60.927       1.579        0.67     237627.    0.3117  
      110.91      0.7099      0.7402      0.1262      0.1210       5.294      22.243      13.249    3947.486       2.513      58.931       1.522        0.67     238963.    0.2956  
      118.31      0.7572      0.7619      0.1210      0.1203       5.260      22.104      12.704    3922.686       2.497      56.507       1.469        0.67     240377.    0.2793  
      125.70      0.8045      0.7818      0.1149      0.1182       5.170      21.725      12.059    3855.526       2.455      53.639       1.419        0.68     241869.    0.2628  
      133.10      0.8518      0.8001      0.1078      0.1148       5.019      21.091      11.315    3742.913       2.383      50.330       1.371        0.68     243434.    0.2460  
      140.49      0.8991      0.8167      0.0998      0.1099       4.806      20.196      10.478    3584.129       2.282      46.608       1.326        0.68     245071.    0.2290  
      147.89      0.9465      0.8315      0.0911      0.1037       4.536      19.058       9.563    3382.184       2.153      42.538       1.283        0.68     246777.    0.2116  
      155.28      0.9938      0.8440      0.0818      0.0963       4.213      17.704       8.588    3141.820       2.000      38.198       1.240        0.69     248550.    0.1938  
      162.67      1.0411      0.8534      0.0721      0.0879       3.845      16.158       7.565    2867.510       1.826      33.651       1.197        0.69     250387.    0.1756  
      170.07      1.0884      0.8587      0.0620      0.0786       3.437      14.443       6.509    2563.125       1.632      28.950       1.152        0.69     252285.    0.1567  
      177.46      1.1358      0.8580      0.0517      0.0684       2.993      12.578       5.427    2232.119       1.421      24.141       1.103        0.70     254244.    0.1371  
      184.86      1.1831      0.8479      0.0413      0.0576       2.518      10.581       4.331    1877.814       1.195      19.266       1.046        0.70     256262.    0.1161  
      192.25      1.2304      0.8211      0.0308      0.0461       2.017       8.473       3.230    1503.744       0.957      14.367       0.974        0.70     258338.    0.0934  
      199.65      1.2777      0.7602      0.0203      0.0342       1.494       6.277       2.133    1114.041       0.709       9.488       0.869        0.71     260469.    0.0677  
      207.04      1.3251      0.6069      0.0100      0.0219       0.957       4.022       1.052     713.731       0.454       4.680       0.669        0.71     262657.    0.0366  
      214.43      1.3724     -0.0013      0.0000      0.0095       0.414       1.741      -0.001     308.929       0.197      -0.004      -0.001        0.71     264898.    0.0000  
                                                                                                                                                                                    
                                                                                                                                                                                    
                                                                                                                                                                                    
         PROP RPM =      16000                                                                                                                                                      
                                                                                                                                                                                    
         V          J           Pe         Ct          Cp          PWR         Torque      Thrust      PWR         Torque      Thrust      THR/PWR      Mach      Reyn       FOM    
       (mph)     (Adv_Ratio)     -          -           -          (Hp)        (In-Lbf)     (Lbf)      (W)         (N-m)       (N)         (g/W)         -         -          -     
        0.00      0.0000      0.0000      0.1436      0.0873       4.635      18.258      17.150    3456.235       2.063      76.283       2.251        0.70     242191.    0.4972  
        7.88      0.0473      0.0764      0.1434      0.0887       4.709      18.551      17.126    3511.678       2.096      76.176       2.212        0.70     242527.    0.4883  
       15.76      0.0946      0.1499      0.1432      0.0904       4.797      18.899      17.108    3577.490       2.135      76.096       2.169        0.70     242920.    0.4786  
       23.64      0.1419      0.2199      0.1431      0.0923       4.900      19.304      17.094    3654.284       2.181      76.036       2.122        0.70     243373.    0.4679  
       31.52      0.1891      0.2861      0.1430      0.0945       5.019      19.770      17.084    3742.402       2.234      75.990       2.071        0.70     243893.    0.4565  
       39.40      0.2364      0.3482      0.1429      0.0971       5.152      20.295      17.074    3841.756       2.293      75.944       2.016        0.70     244484.    0.4443  
       47.28      0.2837      0.4059      0.1428      0.0998       5.299      20.875      17.059    3951.683       2.358      75.879       1.958        0.70     245148.    0.4314  
       55.16      0.3310      0.4590      0.1426      0.1028       5.459      21.504      17.034    4070.774       2.430      75.769       1.898        0.70     245891.    0.4179  
       63.04      0.3783      0.5076      0.1423      0.1060       5.628      22.170      16.992    4196.683       2.505      75.581       1.836        0.70     246714.    0.4038  
       70.93      0.4256      0.5517      0.1417      0.1093       5.801      22.853      16.922    4325.991       2.582      75.270       1.774        0.70     247619.    0.3893  
       78.81      0.4728      0.5915      0.1408      0.1125       5.973      23.529      16.814    4454.089       2.658      74.788       1.712        0.71     248610.    0.3745  
       86.69      0.5201      0.6274      0.1394      0.1156       6.135      24.169      16.654    4575.216       2.731      74.076       1.651        0.71     249686.    0.3594  
       94.57      0.5674      0.6597      0.1375      0.1183       6.279      24.736      16.428    4682.562       2.795      73.073       1.591        0.71     250850.    0.3440  
      102.45      0.6147      0.6888      0.1350      0.1205       6.395      25.190      16.124    4768.521       2.846      71.720       1.534        0.71     252100.    0.3285  
      110.33      0.6620      0.7151      0.1317      0.1219       6.470      25.489      15.728    4824.992       2.880      69.958       1.478        0.71     253437.    0.3128  
      118.21      0.7093      0.7390      0.1275      0.1224       6.496      25.588      15.229    4843.739       2.891      67.738       1.426        0.72     254860.    0.2968  
      126.09      0.7565      0.7609      0.1224      0.1217       6.460      25.446      14.618    4816.982       2.875      65.020       1.376        0.72     256368.    0.2807  
      133.97      0.8038      0.7809      0.1163      0.1197       6.354      25.031      13.890    4738.276       2.828      61.785       1.330        0.72     257957.    0.2643  
      141.85      0.8511      0.7994      0.1092      0.1163       6.173      24.318      13.047    4603.356       2.747      58.033       1.286        0.72     259626.    0.2477  
      149.73      0.8984      0.8163      0.1013      0.1114       5.915      23.302      12.094    4410.957       2.633      53.794       1.244        0.73     261371.    0.2307  
      157.61      0.9457      0.8314      0.0925      0.1052       5.585      22.000      11.048    4164.544       2.486      49.143       1.203        0.73     263189.    0.2133  
      165.49      0.9930      0.8443      0.0831      0.0978       5.190      20.444       9.930    3869.971       2.310      44.167       1.164        0.73     265079.    0.1956  
      173.37      1.0402      0.8544      0.0733      0.0892       4.738      18.663       8.755    3532.804       2.108      38.944       1.124        0.74     267037.    0.1774  
      181.25      1.0875      0.8604      0.0631      0.0798       4.235      16.682       7.539    3157.878       1.885      33.533       1.083        0.74     269060.    0.1586  
      189.13      1.1348      0.8607      0.0527      0.0695       3.687      14.525       6.293    2749.605       1.641      27.989       1.038        0.74     271148.    0.1389  
      197.02      1.1821      0.8516      0.0421      0.0584       3.101      12.216       5.027    2312.443       1.380      22.360       0.986        0.75     273299.    0.1179  
      204.90      1.2294      0.8259      0.0314      0.0468       2.483       9.780       3.753    1851.350       1.105      16.694       0.919        0.75     275510.    0.0950  
      212.78      1.2767      0.7653      0.0208      0.0347       1.840       7.249       2.482    1372.273       0.819      11.041       0.820        0.75     277781.    0.0689  
      220.66      1.3239      0.6098      0.0103      0.0223       1.184       4.662       1.227     882.547       0.527       5.456       0.630        0.76     280111.    0.0372  
      228.54      1.3712      0.0000      0.0000      0.0099       0.524       2.066       0.000     391.075       0.233       0.000       0.000        0.76     282498.    0.0000  
                                                                                                                                                                                    
                                                                                                                                                                                    
                                                                                                                                                                                    
         PROP RPM =      17000                                                                                                                                                      
                                                                                                                                                                                    
         V          J           Pe         Ct          Cp          PWR         Torque      Thrust      PWR         Torque      Thrust      THR/PWR      Mach      Reyn       FOM    
       (mph)     (Adv_Ratio)     -          -           -          (Hp)        (In-Lbf)     (Lbf)      (W)         (N-m)       (N)         (g/W)         -         -          -     
        0.00      0.0000      0.0000      0.1437      0.0894       5.692      21.103      19.376    4244.509       2.384      86.182       2.070        0.74     257320.    0.4861  
        8.36      0.0472      0.0747      0.1435      0.0908       5.779      21.427      19.350    4309.555       2.421      86.071       2.037        0.74     257676.    0.4779  
       16.72      0.0944      0.1465      0.1434      0.0924       5.883      21.812      19.332    4386.955       2.464      85.991       1.999        0.74     258092.    0.4688  
       25.09      0.1417      0.2152      0.1433      0.0943       6.004      22.262      19.321    4477.474       2.515      85.938       1.957        0.74     258572.    0.4589  
       33.45      0.1889      0.2804      0.1432      0.0965       6.144      22.779      19.313    4581.567       2.574      85.906       1.912        0.74     259123.    0.4482  
       41.81      0.2361      0.3416      0.1432      0.0990       6.302      23.364      19.308    4699.192       2.640      85.880       1.864        0.74     259748.    0.4368  
       50.17      0.2833      0.3986      0.1431      0.1017       6.477      24.012      19.299    4829.632       2.713      85.841       1.812        0.74     260452.    0.4247  
       58.53      0.3305      0.4514      0.1430      0.1047       6.667      24.717      19.281    4971.282       2.792      85.761       1.759        0.75     261238.    0.4120  
       66.89      0.3778      0.4998      0.1427      0.1079       6.868      25.463      19.245    5121.415       2.877      85.602       1.704        0.75     262109.    0.3988  
       75.26      0.4250      0.5440      0.1422      0.1111       7.075      26.232      19.181    5275.953       2.964      85.318       1.649        0.75     263068.    0.3852  
       83.62      0.4722      0.5842      0.1415      0.1143       7.281      26.994      19.076    5429.329       3.050      84.851       1.594        0.75     264116.    0.3713  
       91.98      0.5194      0.6206      0.1403      0.1174       7.476      27.716      18.915    5574.547       3.131      84.133       1.539        0.75     265256.    0.3570  
      100.34      0.5666      0.6535      0.1385      0.1201       7.648      28.356      18.681    5703.340       3.204      83.093       1.486        0.75     266488.    0.3425  
      108.70      0.6138      0.6834      0.1361      0.1223       7.787      28.870      18.358    5806.536       3.262      81.657       1.434        0.76     267813.    0.3277  
      117.06      0.6611      0.7105      0.1330      0.1237       7.878      29.207      17.931    5874.426       3.300      79.757       1.384        0.76     269230.    0.3127  
      125.43      0.7083      0.7353      0.1289      0.1242       7.908      29.320      17.386    5897.225       3.313      77.331       1.337        0.76     270739.    0.2974  
      133.79      0.7555      0.7579      0.1239      0.1235       7.866      29.163      16.711    5865.656       3.295      74.332       1.292        0.76     272337.    0.2818  
      142.15      0.8027      0.7787      0.1179      0.1216       7.740      28.697      15.902    5771.908       3.242      70.731       1.250        0.77     274023.    0.2658  
      150.51      0.8499      0.7978      0.1109      0.1182       7.524      27.895      14.956    5610.591       3.152      66.526       1.209        0.77     275793.    0.2494  
      158.87      0.8972      0.8152      0.1029      0.1133       7.214      26.747      13.882    5379.627       3.022      61.747       1.170        0.77     277644.    0.2326  
      167.23      0.9444      0.8308      0.0942      0.1070       6.816      25.270      12.698    5082.483       2.855      56.479       1.133        0.77     279574.    0.2154  
      175.60      0.9916      0.8442      0.0847      0.0995       6.337      23.496      11.426    4725.850       2.655      50.823       1.097        0.78     281579.    0.1977  
      183.96      1.0388      0.8548      0.0748      0.0909       5.788      21.461      10.087    4316.442       2.425      44.868       1.060        0.78     283656.    0.1796  
      192.32      1.0860      0.8615      0.0645      0.0813       5.177      19.194       8.697    3860.508       2.169      38.685       1.022        0.78     285803.    0.1607  
      200.68      1.1333      0.8623      0.0539      0.0709       4.511      16.726       7.269    3364.161       1.890      32.334       0.980        0.79     288017.    0.1410  
      209.04      1.1805      0.8532      0.0431      0.0597       3.800      14.089       5.816    2833.765       1.592      25.871       0.931        0.79     290298.    0.1198  
      217.40      1.2277      0.8259      0.0323      0.0480       3.053      11.320       4.350    2276.708       1.279      19.348       0.867        0.80     292643.    0.0964  
      225.77      1.2749      0.7602      0.0214      0.0358       2.282       8.462       2.882    1701.915       0.956      12.820       0.768        0.80     295052.    0.0696  
      234.13      1.3221      0.5930      0.0106      0.0236       1.502       5.570       1.427    1120.260       0.629       6.347       0.578        0.80     297522.    0.0368  
      242.49      1.3693     -0.0004      0.0000      0.0115       0.730       2.708       0.000     544.669       0.306      -0.002       0.000        0.81     300053.    0.0000  
                                                                                                                                                                                    
                                                                                                                                                                                    
                                                                                                                                                                                    
