         10x14EP                  (10x14EP.dat)                                                                                                                                     
         v2025-1001                                                                                                                                                                 
         Simulation Date: 02/24/2026                                                                                                                                                
                                                                                                                                                                                    
         AIRFOIL AERO DATA GENERATED USING:  POLARS                                                                                                                                 
                                                                                                                                                                                    
         ====== PERFORMANCE DATA (versus advance ratio and MPH) ======                                                                                                              
                                                                                                                                                                                    
         DEFINITIONS:                                                                                                                                                               
         J=V/nD (advance ratio)                                                                                                                                                     
         Ct=T/(rho * n**2 * D**4) (thrust coef.)                                                                                                                                    
         Cp=P/(rho * n**3 * D**5) (power coef.)                                                                                                                                     
         Pe=Ct*J/Cp (efficiency)                                                                                                                                                    
         V  (True Air Speed in MPH)                                                                                                                                                 
         Mach (at prop tip)                                                                                                                                                         
         Reyn (at 75% of span)                                                                                                                                                      
         FOM (Figure of Merit)                                                                                                                                                      
                                                                                                                                                                                    
                                                                                                                                                                                    
         PROP RPM =       1000                                                                                                                                                      
                                                                                                                                                                                    
         V          J           Pe         Ct          Cp          PWR         Torque      Thrust      PWR         Torque      Thrust      THR/PWR      Mach      Reyn       FOM    
       (mph)     (Adv_Ratio)     -          -           -          (Hp)        (In-Lbf)     (Lbf)      (W)         (N-m)       (N)         (g/W)         -         -          -     
        0.00      0.0000      0.0000      0.1333      0.1080       0.001       0.055       0.042       0.648       0.006       0.189      29.740        0.04      11766.    0.3597  
        0.49      0.0522      0.0637      0.1331      0.1090       0.001       0.055       0.042       0.654       0.006       0.189      29.419        0.04      11784.    0.3555  
        0.99      0.1043      0.1258      0.1330      0.1103       0.001       0.056       0.042       0.662       0.006       0.188      29.045        0.04      11805.    0.3508  
        1.48      0.1565      0.1859      0.1329      0.1119       0.001       0.057       0.042       0.672       0.006       0.188      28.613        0.04      11830.    0.3456  
        1.98      0.2087      0.2436      0.1330      0.1139       0.001       0.058       0.042       0.684       0.007       0.189      28.117        0.04      11859.    0.3396  
        2.47      0.2608      0.2984      0.1331      0.1164       0.001       0.059       0.042       0.698       0.007       0.189      27.556        0.04      11892.    0.3330  
        2.96      0.3130      0.3500      0.1333      0.1192       0.001       0.060       0.042       0.715       0.007       0.189      26.932        0.04      11929.    0.3256  
        3.46      0.3652      0.3979      0.1334      0.1224       0.001       0.062       0.043       0.735       0.007       0.189      26.248        0.04      11971.    0.3175  
        3.95      0.4173      0.4420      0.1335      0.1260       0.001       0.064       0.043       0.756       0.007       0.189      25.512        0.04      12019.    0.3087  
        4.45      0.4695      0.4821      0.1334      0.1299       0.001       0.066       0.043       0.780       0.007       0.189      24.733        0.04      12070.    0.2992  
        4.94      0.5217      0.5181      0.1331      0.1340       0.001       0.068       0.042       0.804       0.008       0.189      23.921        0.04      12127.    0.2891  
        5.43      0.5738      0.5500      0.1325      0.1383       0.001       0.070       0.042       0.830       0.008       0.188      23.088        0.04      12189.    0.2784  
        5.93      0.6260      0.5781      0.1315      0.1423       0.001       0.072       0.042       0.854       0.008       0.186      22.246        0.04      12256.    0.2672  
        6.42      0.6782      0.6028      0.1298      0.1460       0.001       0.074       0.041       0.876       0.008       0.184      21.409        0.04      12328.    0.2555  
        6.92      0.7303      0.6243      0.1273      0.1489       0.001       0.076       0.041       0.893       0.009       0.180      20.592        0.04      12406.    0.2433  
        7.41      0.7825      0.6435      0.1237      0.1505       0.001       0.076       0.039       0.903       0.009       0.175      19.809        0.04      12488.    0.2308  
        7.90      0.8347      0.6608      0.1190      0.1504       0.001       0.076       0.038       0.902       0.009       0.169      19.069        0.04      12576.    0.2179  
        8.40      0.8868      0.6761      0.1131      0.1484       0.001       0.075       0.036       0.890       0.009       0.160      18.364        0.04      12669.    0.2046  
        8.89      0.9390      0.6892      0.1062      0.1447       0.001       0.073       0.034       0.868       0.008       0.151      17.680        0.04      12768.    0.1908  
        9.39      0.9912      0.6995      0.0984      0.1394       0.001       0.071       0.031       0.837       0.008       0.139      16.998        0.04      12870.    0.1766  
        9.88      1.0433      0.7059      0.0899      0.1329       0.001       0.067       0.029       0.798       0.008       0.127      16.297        0.04      12978.    0.1619  
       10.37      1.0955      0.7076      0.0809      0.1253       0.001       0.064       0.026       0.752       0.007       0.115      15.558        0.04      13089.    0.1466  
       10.87      1.1477      0.7030      0.0716      0.1168       0.001       0.059       0.023       0.701       0.007       0.101      14.756        0.04      13204.    0.1307  
       11.36      1.1998      0.6903      0.0618      0.1075       0.001       0.055       0.020       0.645       0.006       0.088      13.857        0.04      13324.    0.1141  
       11.86      1.2520      0.6661      0.0518      0.0975       0.001       0.049       0.017       0.585       0.006       0.073      12.815        0.04      13447.    0.0967  
       12.35      1.3042      0.6259      0.0416      0.0868       0.001       0.044       0.013       0.521       0.005       0.059      11.560        0.04      13574.    0.0781  
       12.84      1.3563      0.5619      0.0313      0.0755       0.001       0.038       0.010       0.453       0.004       0.044       9.979        0.04      13704.    0.0585  
       13.34      1.4085      0.4601      0.0208      0.0637       0.001       0.032       0.007       0.382       0.004       0.030       7.869        0.04      13838.    0.0376  
       13.83      1.4607      0.2924      0.0103      0.0515       0.000       0.026       0.003       0.309       0.003       0.015       4.822        0.04      13975.    0.0162  
       14.33      1.5128     -0.0080     -0.0002      0.0389       0.000       0.020       0.000       0.233       0.002       0.000      -0.127        0.04      14114.    0.0000  
                                                                                                                                                                                    
                                                                                                                                                                                    
                                                                                                                                                                                    
         PROP RPM =       2000                                                                                                                                                      
                                                                                                                                                                                    
         V          J           Pe         Ct          Cp          PWR         Torque      Thrust      PWR         Torque      Thrust      THR/PWR      Mach      Reyn       FOM    
       (mph)     (Adv_Ratio)     -          -           -          (Hp)        (In-Lbf)     (Lbf)      (W)         (N-m)       (N)         (g/W)         -         -          -     
        0.00      0.0000      0.0000      0.1339      0.1010       0.007       0.205       0.171       4.847       0.023       0.759      15.967        0.08      23533.    0.3870  
        0.99      0.0525      0.0689      0.1337      0.1020       0.007       0.207       0.170       4.895       0.023       0.758      15.788        0.08      23568.    0.3824  
        1.99      0.1051      0.1359      0.1336      0.1033       0.007       0.210       0.170       4.958       0.024       0.757      15.578        0.08      23611.    0.3772  
        2.98      0.1576      0.2006      0.1336      0.1050       0.007       0.213       0.170       5.039       0.024       0.758      15.333        0.08      23661.    0.3713  
        3.98      0.2101      0.2626      0.1338      0.1070       0.007       0.217       0.170       5.138       0.025       0.758      15.051        0.08      23719.    0.3647  
        4.97      0.2627      0.3213      0.1339      0.1095       0.007       0.222       0.171       5.257       0.025       0.759      14.731        0.08      23786.    0.3572  
        5.97      0.3152      0.3762      0.1342      0.1124       0.007       0.228       0.171       5.396       0.026       0.761      14.376        0.08      23862.    0.3488  
        6.96      0.3677      0.4271      0.1344      0.1157       0.007       0.235       0.171       5.554       0.027       0.762      13.987        0.08      23947.    0.3397  
        7.96      0.4203      0.4735      0.1345      0.1194       0.008       0.242       0.171       5.730       0.027       0.763      13.570        0.08      24043.    0.3297  
        8.95      0.4728      0.5154      0.1345      0.1234       0.008       0.250       0.171       5.923       0.028       0.763      13.130        0.08      24148.    0.3190  
        9.95      0.5254      0.5528      0.1343      0.1276       0.008       0.259       0.171       6.126       0.029       0.761      12.672        0.08      24263.    0.3076  
       10.94      0.5779      0.5856      0.1337      0.1319       0.008       0.268       0.170       6.334       0.030       0.758      12.205        0.08      24388.    0.2957  
       11.94      0.6304      0.6143      0.1327      0.1361       0.009       0.276       0.169       6.536       0.031       0.752      11.736        0.08      24524.    0.2832  
       12.93      0.6830      0.6392      0.1310      0.1399       0.009       0.284       0.167       6.717       0.032       0.743      11.273        0.08      24670.    0.2703  
       13.93      0.7355      0.6609      0.1284      0.1429       0.009       0.290       0.164       6.860       0.033       0.728      10.823        0.08      24827.    0.2569  
       14.92      0.7880      0.6801      0.1248      0.1446       0.009       0.293       0.159       6.940       0.033       0.707      10.395        0.08      24994.    0.2433  
       15.92      0.8406      0.6975      0.1199      0.1445       0.009       0.293       0.153       6.937       0.033       0.680       9.993        0.08      25173.    0.2293  
       16.91      0.8931      0.7130      0.1138      0.1426       0.009       0.289       0.145       6.845       0.033       0.645       9.615        0.08      25362.    0.2149  
       17.91      0.9456      0.7265      0.1067      0.1389       0.009       0.282       0.136       6.668       0.032       0.605       9.252        0.08      25561.    0.2002  
       18.90      0.9982      0.7373      0.0988      0.1337       0.009       0.271       0.126       6.418       0.031       0.560       8.897        0.08      25769.    0.1852  
       19.90      1.0507      0.7449      0.0902      0.1272       0.008       0.258       0.115       6.105       0.029       0.511       8.538        0.08      25986.    0.1698  
       20.89      1.1032      0.7482      0.0811      0.1195       0.008       0.242       0.103       5.738       0.027       0.460       8.168        0.08      26212.    0.1540  
       21.89      1.1558      0.7460      0.0716      0.1109       0.007       0.225       0.091       5.324       0.025       0.406       7.773        0.08      26446.    0.1378  
       22.88      1.2083      0.7363      0.0618      0.1014       0.007       0.206       0.079       4.869       0.023       0.350       7.339        0.08      26687.    0.1209  
       23.88      1.2609      0.7162      0.0518      0.0911       0.006       0.185       0.066       4.375       0.021       0.294       6.841        0.09      26936.    0.1031  
       24.87      1.3134      0.6810      0.0416      0.0802       0.005       0.163       0.053       3.848       0.018       0.236       6.245        0.09      27193.    0.0843  
       25.87      1.3659      0.6224      0.0312      0.0685       0.004       0.139       0.040       3.290       0.016       0.177       5.488        0.09      27457.    0.0642  
       26.86      1.4185      0.5243      0.0208      0.0563       0.004       0.114       0.027       2.705       0.013       0.118       4.452        0.09      27727.    0.0426  
       27.86      1.4710      0.3508      0.0104      0.0437       0.003       0.089       0.013       2.097       0.010       0.059       2.872        0.09      28004.    0.0194  
       28.85      1.5235      0.0011      0.0000      0.0306       0.002       0.062       0.000       1.469       0.007       0.000       0.009        0.09      28285.    0.0000  
                                                                                                                                                                                    
                                                                                                                                                                                    
                                                                                                                                                                                    
         PROP RPM =       3000                                                                                                                                                      
                                                                                                                                                                                    
         V          J           Pe         Ct          Cp          PWR         Torque      Thrust      PWR         Torque      Thrust      THR/PWR      Mach      Reyn       FOM    
       (mph)     (Adv_Ratio)     -          -           -          (Hp)        (In-Lbf)     (Lbf)      (W)         (N-m)       (N)         (g/W)         -         -          -     
        0.00      0.0000      0.0000      0.1341      0.0979       0.021       0.447       0.385      15.862       0.050       1.711      10.998        0.12      35299.    0.4002  
        1.50      0.0527      0.0714      0.1339      0.0989       0.021       0.451       0.384      16.025       0.051       1.709      10.872        0.12      35352.    0.3954  
        3.00      0.1055      0.1409      0.1339      0.1002       0.022       0.458       0.384      16.240       0.052       1.708      10.724        0.12      35416.    0.3899  
        4.49      0.1582      0.2079      0.1339      0.1019       0.022       0.465       0.384      16.515       0.053       1.709      10.551        0.12      35492.    0.3837  
        5.99      0.2109      0.2719      0.1341      0.1040       0.023       0.475       0.385      16.853       0.054       1.711      10.352        0.12      35580.    0.3767  
        7.49      0.2636      0.3325      0.1343      0.1065       0.023       0.486       0.385      17.257       0.055       1.714      10.126        0.12      35681.    0.3688  
        8.99      0.3164      0.3891      0.1346      0.1094       0.024       0.500       0.386      17.730       0.056       1.717       9.874        0.12      35795.    0.3600  
       10.49      0.3691      0.4413      0.1348      0.1128       0.025       0.515       0.387      18.270       0.058       1.720       9.599        0.12      35924.    0.3502  
       11.98      0.4218      0.4888      0.1350      0.1165       0.025       0.532       0.387      18.873       0.060       1.722       9.304        0.12      36068.    0.3397  
       13.48      0.4746      0.5316      0.1350      0.1205       0.026       0.550       0.387      19.530       0.062       1.723       8.994        0.12      36227.    0.3284  
       14.98      0.5273      0.5695      0.1348      0.1248       0.027       0.570       0.387      20.226       0.064       1.720       8.672        0.12      36401.    0.3164  
       16.48      0.5800      0.6028      0.1343      0.1292       0.028       0.590       0.385      20.937       0.067       1.713       8.344        0.12      36590.    0.3038  
       17.98      0.6328      0.6317      0.1333      0.1335       0.029       0.609       0.382      21.627       0.069       1.700       8.015        0.12      36795.    0.2907  
       19.47      0.6855      0.6566      0.1315      0.1373       0.030       0.627       0.377      22.250       0.071       1.678       7.691        0.12      37016.    0.2772  
       20.97      0.7382      0.6783      0.1290      0.1403       0.030       0.641       0.370      22.740       0.072       1.645       7.378        0.12      37253.    0.2633  
       22.47      0.7909      0.6975      0.1253      0.1421       0.031       0.648       0.359      23.017       0.073       1.598       7.081        0.12      37506.    0.2491  
       23.97      0.8437      0.7148      0.1203      0.1420       0.031       0.648       0.345      23.013       0.073       1.535       6.803        0.12      37776.    0.2345  
       25.47      0.8964      0.7304      0.1142      0.1401       0.030       0.640       0.327      22.703       0.072       1.457       6.542        0.12      38061.    0.2197  
       26.96      0.9491      0.7441      0.1070      0.1364       0.030       0.623       0.307      22.107       0.070       1.365       6.295        0.12      38361.    0.2046  
       28.46      1.0019      0.7553      0.0989      0.1312       0.029       0.599       0.284      21.261       0.068       1.262       6.053        0.12      38676.    0.1892  
       29.96      1.0546      0.7634      0.0903      0.1247       0.027       0.569       0.259      20.200       0.064       1.151       5.812        0.13      39004.    0.1735  
       31.46      1.1073      0.7676      0.0811      0.1170       0.025       0.534       0.233      18.953       0.060       1.035       5.566        0.13      39344.    0.1575  
       32.96      1.1601      0.7667      0.0716      0.1083       0.024       0.494       0.205      17.544       0.056       0.913       5.307        0.13      39697.    0.1411  
       34.45      1.2128      0.7588      0.0617      0.0987       0.021       0.450       0.177      15.989       0.051       0.788       5.024        0.13      40062.    0.1241  
       35.95      1.2655      0.7411      0.0517      0.0883       0.019       0.403       0.148      14.300       0.046       0.659       4.702        0.13      40438.    0.1062  
       37.45      1.3182      0.7088      0.0415      0.0771       0.017       0.352       0.119      12.492       0.040       0.529       4.317        0.13      40826.    0.0874  
       38.95      1.3710      0.6536      0.0311      0.0653       0.014       0.298       0.089      10.577       0.034       0.397       3.828        0.13      41224.    0.0671  
       40.45      1.4237      0.5585      0.0207      0.0529       0.011       0.241       0.059       8.568       0.027       0.265       3.150        0.13      41632.    0.0451  
       41.94      1.4764      0.3828      0.0104      0.0400       0.009       0.182       0.030       6.477       0.021       0.132       2.082        0.13      42049.    0.0211  
       43.44      1.5292      0.0004      0.0000      0.0266       0.006       0.122       0.000       4.313       0.014       0.000       0.002        0.13      42472.    0.0000  
                                                                                                                                                                                    
                                                                                                                                                                                    
                                                                                                                                                                                    
         PROP RPM =       4000                                                                                                                                                      
                                                                                                                                                                                    
         V          J           Pe         Ct          Cp          PWR         Torque      Thrust      PWR         Torque      Thrust      THR/PWR      Mach      Reyn       FOM    
       (mph)     (Adv_Ratio)     -          -           -          (Hp)        (In-Lbf)     (Lbf)      (W)         (N-m)       (N)         (g/W)         -         -          -     
        0.00      0.0000      0.0000      0.1342      0.0961       0.050       0.780       0.685      36.921       0.088       3.045       8.409        0.16      47065.    0.4082  
        2.00      0.0528      0.0730      0.1341      0.0971       0.050       0.788       0.684      37.307       0.089       3.041       8.313        0.16      47136.    0.4033  
        4.00      0.1057      0.1439      0.1341      0.0985       0.051       0.799       0.684      37.820       0.090       3.041       8.198        0.16      47222.    0.3977  
        6.01      0.1585      0.2123      0.1341      0.1002       0.052       0.813       0.684      38.473       0.092       3.042       8.064        0.16      47323.    0.3913  
        8.01      0.2114      0.2777      0.1343      0.1023       0.053       0.830       0.685      39.277       0.094       3.046       7.909        0.16      47440.    0.3841  
       10.01      0.2642      0.3394      0.1346      0.1048       0.054       0.850       0.686      40.241       0.096       3.052       7.734        0.16      47576.    0.3759  
       12.01      0.3171      0.3969      0.1348      0.1077       0.055       0.874       0.688      41.369       0.099       3.058       7.538        0.16      47729.    0.3668  
       14.01      0.3699      0.4500      0.1351      0.1111       0.057       0.901       0.689      42.657       0.102       3.064       7.325        0.16      47902.    0.3567  
       16.01      0.4228      0.4982      0.1353      0.1148       0.059       0.932       0.690      44.096       0.105       3.069       7.096        0.16      48095.    0.3458  
       18.02      0.4756      0.5415      0.1354      0.1189       0.061       0.965       0.690      45.665       0.109       3.070       6.855        0.16      48307.    0.3342  
       20.02      0.5285      0.5797      0.1352      0.1232       0.063       1.000       0.689      47.329       0.113       3.066       6.606        0.16      48540.    0.3218  
       22.02      0.5813      0.6132      0.1347      0.1277       0.066       1.036       0.687      49.030       0.117       3.054       6.352        0.16      48793.    0.3089  
       24.02      0.6342      0.6422      0.1337      0.1320       0.068       1.071       0.681      50.685       0.121       3.031       6.098        0.16      49068.    0.2954  
       26.02      0.6870      0.6673      0.1320      0.1359       0.070       1.103       0.673      52.180       0.125       2.993       5.849        0.16      49363.    0.2815  
       28.03      0.7399      0.6889      0.1294      0.1389       0.072       1.127       0.660      53.358       0.127       2.934       5.607        0.16      49680.    0.2672  
       30.03      0.7927      0.7081      0.1257      0.1407       0.072       1.142       0.641      54.031       0.129       2.850       5.379        0.16      50019.    0.2527  
       32.03      0.8456      0.7254      0.1207      0.1407       0.072       1.142       0.615      54.032       0.129       2.738       5.166        0.16      50380.    0.2378  
       34.03      0.8984      0.7411      0.1145      0.1388       0.071       1.126       0.584      53.305       0.127       2.597       4.967        0.17      50763.    0.2227  
       36.03      0.9513      0.7549      0.1072      0.1351       0.070       1.097       0.547      51.897       0.124       2.432       4.779        0.17      51165.    0.2073  
       38.04      1.0041      0.7664      0.0991      0.1299       0.067       1.054       0.506      49.891       0.119       2.249       4.596        0.17      51586.    0.1917  
       40.04      1.0570      0.7749      0.0904      0.1233       0.064       1.001       0.461      47.366       0.113       2.051       4.415        0.17      52025.    0.1759  
       42.04      1.1098      0.7797      0.0812      0.1156       0.060       0.938       0.414      44.395       0.106       1.842       4.231        0.17      52481.    0.1598  
       44.04      1.1627      0.7797      0.0717      0.1068       0.055       0.867       0.365      41.031       0.098       1.625       4.039        0.17      52953.    0.1432  
       46.04      1.2155      0.7731      0.0618      0.0972       0.050       0.788       0.315      37.313       0.089       1.401       3.830        0.17      53442.    0.1261  
       48.04      1.2684      0.7570      0.0517      0.0866       0.045       0.703       0.264      33.271       0.079       1.173       3.594        0.17      53945.    0.1083  
       50.05      1.3212      0.7270      0.0415      0.0753       0.039       0.611       0.211      28.938       0.069       0.940       3.313        0.17      54464.    0.0894  
       52.05      1.3741      0.6745      0.0311      0.0634       0.033       0.514       0.159      24.344       0.058       0.706       2.956        0.17      54996.    0.0691  
       54.05      1.4269      0.5820      0.0207      0.0508       0.026       0.412       0.106      19.521       0.047       0.470       2.456        0.17      55543.    0.0469  
       56.05      1.4798      0.4059      0.0104      0.0378       0.019       0.306       0.053      14.499       0.035       0.235       1.652        0.18      56101.    0.0223  
       58.05      1.5326      0.0004      0.0000      0.0242       0.012       0.196       0.000       9.298       0.022       0.000       0.001        0.18      56666.    0.0000  
                                                                                                                                                                                    
                                                                                                                                                                                    
                                                                                                                                                                                    
         PROP RPM =       5000                                                                                                                                                      
                                                                                                                                                                                    
         V          J           Pe         Ct          Cp          PWR         Torque      Thrust      PWR         Torque      Thrust      THR/PWR      Mach      Reyn       FOM    
       (mph)     (Adv_Ratio)     -          -           -          (Hp)        (In-Lbf)     (Lbf)      (W)         (N-m)       (N)         (g/W)         -         -          -     
        0.00      0.0000      0.0000      0.1344      0.0950       0.096       1.205       1.070      71.258       0.136       4.761       6.814        0.20      58831.    0.4136  
        2.51      0.0529      0.0740      0.1342      0.0960       0.097       1.217       1.069      72.013       0.138       4.756       6.735        0.20      58921.    0.4086  
        5.01      0.1059      0.1459      0.1342      0.0973       0.098       1.234       1.069      73.014       0.139       4.756       6.642        0.20      59028.    0.4030  
        7.52      0.1588      0.2153      0.1343      0.0990       0.100       1.256       1.070      74.291       0.142       4.759       6.532        0.20      59154.    0.3965  
       10.03      0.2117      0.2815      0.1345      0.1011       0.102       1.282       1.071      75.865       0.145       4.766       6.406        0.20      59301.    0.3891  
       12.53      0.2647      0.3440      0.1347      0.1037       0.104       1.314       1.074      77.754       0.148       4.775       6.262        0.20      59471.    0.3807  
       15.04      0.3176      0.4023      0.1350      0.1066       0.107       1.352       1.076      79.963       0.153       4.785       6.102        0.20      59663.    0.3714  
       17.54      0.3705      0.4559      0.1353      0.1100       0.111       1.394       1.078      82.489       0.158       4.795       5.928        0.20      59880.    0.3611  
       20.05      0.4235      0.5046      0.1355      0.1137       0.114       1.442       1.080      85.314       0.163       4.803       5.741        0.20      60121.    0.3500  
       22.56      0.4764      0.5482      0.1356      0.1178       0.119       1.494       1.080      88.396       0.169       4.806       5.544        0.20      60388.    0.3381  
       25.06      0.5293      0.5868      0.1355      0.1222       0.123       1.550       1.079      91.668       0.175       4.801       5.340        0.20      60679.    0.3255  
       27.57      0.5823      0.6204      0.1350      0.1267       0.127       1.606       1.075      95.017       0.181       4.783       5.133        0.20      60997.    0.3123  
       30.08      0.6352      0.6495      0.1340      0.1310       0.132       1.661       1.067      98.281       0.188       4.748       4.926        0.20      61341.    0.2986  
       32.58      0.6881      0.6746      0.1323      0.1350       0.136       1.711       1.054     101.236       0.193       4.688       4.723        0.20      61711.    0.2845  
       35.09      0.7411      0.6962      0.1297      0.1381       0.139       1.751       1.034     103.574       0.198       4.597       4.526        0.20      62109.    0.2700  
       37.59      0.7940      0.7154      0.1260      0.1399       0.141       1.774       1.004     104.922       0.200       4.466       4.341        0.20      62534.    0.2552  
       40.10      0.8469      0.7327      0.1210      0.1399       0.141       1.774       0.964     104.952       0.200       4.290       4.168        0.21      62987.    0.2402  
       42.61      0.8999      0.7484      0.1148      0.1381       0.139       1.750       0.915     103.551       0.198       4.069       4.007        0.21      63466.    0.2248  
       45.11      0.9528      0.7623      0.1075      0.1344       0.135       1.704       0.857     100.810       0.193       3.810       3.854        0.21      63970.    0.2093  
       47.62      1.0057      0.7740      0.0994      0.1292       0.130       1.638       0.792      96.887       0.185       3.523       3.707        0.21      64498.    0.1936  
       50.13      1.0587      0.7828      0.0906      0.1226       0.123       1.554       0.722      91.942       0.176       3.212       3.562        0.21      65048.    0.1776  
       52.63      1.1116      0.7882      0.0814      0.1148       0.115       1.456       0.649      86.111       0.164       2.885       3.416        0.21      65620.    0.1614  
       55.14      1.1645      0.7889      0.0718      0.1060       0.107       1.344       0.572      79.499       0.152       2.544       3.264        0.21      66212.    0.1448  
       57.65      1.2175      0.7832      0.0619      0.0962       0.097       1.220       0.493      72.182       0.138       2.194       3.099        0.21      66824.    0.1277  
       60.15      1.2704      0.7685      0.0518      0.0856       0.086       1.086       0.413      64.222       0.123       1.835       2.914        0.21      67456.    0.1098  
       62.66      1.3233      0.7402      0.0415      0.0742       0.075       0.941       0.331      55.680       0.106       1.471       2.695        0.22      68106.    0.0909  
       65.16      1.3763      0.6898      0.0312      0.0621       0.063       0.788       0.248      46.618       0.089       1.104       2.415        0.22      68773.    0.0706  
       67.67      1.4292      0.5997      0.0208      0.0495       0.050       0.627       0.165      37.099       0.071       0.735       2.021        0.22      69458.    0.0482  
       70.18      1.4821      0.4239      0.0104      0.0362       0.036       0.459       0.083      27.182       0.052       0.367       1.378        0.22      70158.    0.0232  
       72.68      1.5351      0.0003      0.0000      0.0225       0.023       0.286       0.000      16.908       0.032       0.000       0.001        0.22      70865.    0.0000  
                                                                                                                                                                                    
                                                                                                                                                                                    
                                                                                                                                                                                    
         PROP RPM =       6000                                                                                                                                                      
                                                                                                                                                                                    
         V          J           Pe         Ct          Cp          PWR         Torque      Thrust      PWR         Torque      Thrust      THR/PWR      Mach      Reyn       FOM    
       (mph)     (Adv_Ratio)     -          -           -          (Hp)        (In-Lbf)     (Lbf)      (W)         (N-m)       (N)         (g/W)         -         -          -     
        0.00      0.0000      0.0000      0.1344      0.0942       0.164       1.721       1.542     122.141       0.194       6.861       5.728        0.24      70597.    0.4174  
        3.01      0.0530      0.0747      0.1343      0.0952       0.166       1.739       1.541     123.441       0.196       6.854       5.662        0.24      70705.    0.4124  
        6.02      0.1060      0.1474      0.1343      0.0966       0.168       1.763       1.541     125.168       0.199       6.853       5.583        0.24      70833.    0.4066  
        9.03      0.1590      0.2175      0.1344      0.0983       0.171       1.794       1.542     127.374       0.203       6.859       5.491        0.24      70985.    0.4001  
       12.04      0.2120      0.2843      0.1346      0.1004       0.174       1.833       1.544     130.096       0.207       6.869       5.384        0.24      71162.    0.3926  
       15.06      0.2650      0.3474      0.1349      0.1029       0.179       1.879       1.547     133.363       0.212       6.883       5.263        0.24      71366.    0.3842  
       18.07      0.3180      0.4062      0.1352      0.1058       0.184       1.933       1.551     137.188       0.218       6.899       5.128        0.24      71597.    0.3747  
       21.08      0.3710      0.4602      0.1355      0.1092       0.190       1.994       1.554     141.567       0.225       6.914       4.980        0.24      71858.    0.3643  
       24.09      0.4240      0.5093      0.1357      0.1130       0.196       2.063       1.557     146.465       0.233       6.926       4.822        0.24      72148.    0.3531  
       27.10      0.4770      0.5531      0.1358      0.1171       0.204       2.139       1.558     151.817       0.242       6.931       4.656        0.24      72468.    0.3410  
       30.11      0.5300      0.5919      0.1357      0.1215       0.211       2.219       1.557     157.504       0.251       6.925       4.484        0.24      72819.    0.3283  
       33.12      0.5830      0.6257      0.1352      0.1260       0.219       2.301       1.552     163.336       0.260       6.901       4.309        0.24      73201.    0.3149  
       36.13      0.6360      0.6548      0.1343      0.1304       0.227       2.381       1.540     169.030       0.269       6.852       4.134        0.24      73615.    0.3010  
       39.15      0.6890      0.6799      0.1326      0.1344       0.234       2.454       1.522     174.197       0.277       6.768       3.962        0.24      74060.    0.2867  
       42.16      0.7420      0.7016      0.1301      0.1376       0.239       2.512       1.492     178.306       0.284       6.638       3.796        0.24      74538.    0.2721  
       45.17      0.7950      0.7207      0.1264      0.1394       0.242       2.546       1.450     180.702       0.288       6.450       3.640        0.25      75049.    0.2572  
       48.18      0.8480      0.7380      0.1214      0.1395       0.242       2.547       1.393     180.812       0.288       6.196       3.494        0.25      75594.    0.2420  
       51.19      0.9010      0.7537      0.1152      0.1377       0.239       2.514       1.321     178.432       0.284       5.877       3.359        0.25      76170.    0.2265  
       54.20      0.9540      0.7677      0.1079      0.1340       0.233       2.447       1.237     173.716       0.276       5.504       3.231        0.25      76777.    0.2109  
       57.21      1.0069      0.7796      0.0997      0.1288       0.224       2.352       1.144     166.935       0.266       5.088       3.108        0.25      77411.    0.1951  
       60.22      1.0599      0.7888      0.0909      0.1222       0.212       2.231       1.043     158.364       0.252       4.640       2.987        0.25      78073.    0.1790  
       63.24      1.1129      0.7945      0.0816      0.1144       0.199       2.088       0.937     148.241       0.236       4.166       2.866        0.25      78761.    0.1628  
       66.25      1.1659      0.7958      0.0720      0.1055       0.183       1.926       0.826     136.748       0.218       3.675       2.740        0.25      79473.    0.1461  
       69.26      1.2189      0.7910      0.0621      0.0957       0.166       1.747       0.712     124.014       0.197       3.168       2.605        0.26      80210.    0.1290  
       72.27      1.2719      0.7773      0.0519      0.0850       0.148       1.552       0.596     110.150       0.175       2.650       2.453        0.26      80969.    0.1111  
       75.28      1.3249      0.7504      0.0416      0.0735       0.128       1.342       0.478      95.262       0.152       2.124       2.274        0.26      81750.    0.0922  
       78.29      1.3779      0.7020      0.0312      0.0613       0.107       1.119       0.358      79.459       0.126       1.594       2.045        0.26      82553.    0.0718  
       81.30      1.4309      0.6139      0.0208      0.0485       0.084       0.885       0.239      62.851       0.100       1.062       1.722        0.26      83377.    0.0494  
       84.31      1.4839      0.4387      0.0104      0.0351       0.061       0.642       0.119      45.544       0.072       0.530       1.187        0.26      84218.    0.0240  
       87.33      1.5369      0.0002      0.0000      0.0213       0.037       0.389       0.000      27.603       0.044       0.000       0.000        0.26      85067.    0.0000  
                                                                                                                                                                                    
                                                                                                                                                                                    
                                                                                                                                                                                    
         PROP RPM =       7000                                                                                                                                                      
                                                                                                                                                                                    
         V          J           Pe         Ct          Cp          PWR         Torque      Thrust      PWR         Torque      Thrust      THR/PWR      Mach      Reyn       FOM    
       (mph)     (Adv_Ratio)     -          -           -          (Hp)        (In-Lbf)     (Lbf)      (W)         (N-m)       (N)         (g/W)         -         -          -     
        0.00      0.0000      0.0000      0.1345      0.0937       0.259       2.329       2.101     192.889       0.263       9.343       4.939        0.28      82363.    0.4201  
        3.52      0.0530      0.0753      0.1344      0.0947       0.261       2.354       2.099     194.944       0.266       9.334       4.883        0.28      82488.    0.4150  
        7.03      0.1061      0.1485      0.1344      0.0960       0.265       2.387       2.099     197.677       0.270       9.334       4.815        0.28      82639.    0.4093  
       10.55      0.1591      0.2190      0.1345      0.0977       0.270       2.429       2.100     201.172       0.274       9.342       4.736        0.28      82816.    0.4027  
       14.07      0.2122      0.2863      0.1347      0.0998       0.276       2.481       2.104     205.492       0.280       9.357       4.643        0.28      83023.    0.3952  
       17.58      0.2652      0.3498      0.1350      0.1024       0.283       2.544       2.108     210.680       0.287       9.377       4.539        0.28      83261.    0.3867  
       21.10      0.3183      0.4090      0.1353      0.1053       0.291       2.617       2.113     216.760       0.296       9.399       4.422        0.28      83531.    0.3772  
       24.62      0.3713      0.4634      0.1356      0.1087       0.300       2.701       2.118     223.726       0.305       9.421       4.294        0.28      83836.    0.3667  
       28.13      0.4244      0.5127      0.1359      0.1125       0.310       2.796       2.122     231.528       0.316       9.439       4.157        0.28      84175.    0.3554  
       31.65      0.4774      0.5568      0.1360      0.1166       0.322       2.899       2.124     240.062       0.327       9.448       4.013        0.28      84549.    0.3432  
       35.16      0.5305      0.5957      0.1359      0.1210       0.334       3.008       2.123     249.143       0.340       9.441       3.864        0.28      84959.    0.3303  
       38.68      0.5835      0.6296      0.1355      0.1256       0.347       3.121       2.116     258.471       0.353       9.411       3.713        0.28      85406.    0.3169  
       42.20      0.6366      0.6588      0.1346      0.1300       0.359       3.231       2.101     267.601       0.365       9.346       3.561        0.28      85889.    0.3029  
       45.71      0.6896      0.6839      0.1329      0.1341       0.370       3.332       2.076     275.913       0.376       9.234       3.413        0.28      86409.    0.2885  
       49.23      0.7427      0.7056      0.1304      0.1373       0.379       3.412       2.037     282.557       0.385       9.059       3.269        0.29      86968.    0.2738  
       52.75      0.7957      0.7248      0.1268      0.1392       0.384       3.459       1.980     286.486       0.391       8.806       3.134        0.29      87565.    0.2588  
       56.26      0.8488      0.7421      0.1218      0.1393       0.385       3.463       1.902     286.771       0.391       8.461       3.009        0.29      88202.    0.2435  
       59.78      0.9018      0.7578      0.1156      0.1375       0.380       3.418       1.805     283.073       0.386       8.027       2.892        0.29      88875.    0.2279  
       63.30      0.9549      0.7719      0.1083      0.1339       0.370       3.328       1.690     275.625       0.376       7.519       2.782        0.29      89584.    0.2122  
       66.81      1.0079      0.7839      0.1001      0.1287       0.355       3.198       1.563     264.858       0.361       6.952       2.676        0.29      90326.    0.1963  
       70.33      1.0610      0.7933      0.0913      0.1220       0.337       3.033       1.425     251.209       0.343       6.339       2.573        0.29      91100.    0.1802  
       73.85      1.1140      0.7994      0.0820      0.1142       0.315       2.838       1.280     235.058       0.321       5.692       2.469        0.29      91903.    0.1639  
       77.36      1.1671      0.8013      0.0723      0.1053       0.291       2.617       1.129     216.697       0.296       5.021       2.363        0.30      92736.    0.1473  
       80.88      1.2201      0.7971      0.0623      0.0954       0.263       2.371       0.973     196.334       0.268       4.329       2.248        0.30      93597.    0.1301  
       84.40      1.2732      0.7844      0.0521      0.0846       0.234       2.103       0.814     174.144       0.238       3.621       2.120        0.30      94484.    0.1122  
       87.91      1.3262      0.7588      0.0418      0.0730       0.202       1.815       0.652     150.302       0.205       2.902       1.969        0.30      95397.    0.0933  
       91.43      1.3793      0.7120      0.0313      0.0607       0.168       1.509       0.489     124.983       0.170       2.177       1.776        0.30      96336.    0.0729  
       94.94      1.4323      0.6257      0.0209      0.0478       0.132       1.188       0.326      98.361       0.134       1.450       1.503        0.31      97298.    0.0504  
       98.46      1.4854      0.4515      0.0104      0.0343       0.095       0.853       0.163      70.608       0.096       0.724       1.046        0.31      98281.    0.0248  
      101.98      1.5384      0.0002      0.0000      0.0203       0.056       0.505       0.000      41.828       0.057       0.000       0.000        0.31      99273.    0.0000  
                                                                                                                                                                                    
                                                                                                                                                                                    
                                                                                                                                                                                    
         PROP RPM =       8000                                                                                                                                                      
                                                                                                                                                                                    
         V          J           Pe         Ct          Cp          PWR         Torque      Thrust      PWR         Torque      Thrust      THR/PWR      Mach      Reyn       FOM    
       (mph)     (Adv_Ratio)     -          -           -          (Hp)        (In-Lbf)     (Lbf)      (W)         (N-m)       (N)         (g/W)         -         -          -     
        0.00      0.0000      0.0000      0.1346      0.0934       0.385       3.031       2.745     286.891       0.342      12.210       4.340        0.32      94128.    0.4219  
        4.02      0.0531      0.0756      0.1345      0.0944       0.389       3.063       2.742     289.938       0.346      12.198       4.290        0.32      94272.    0.4169  
        8.04      0.1062      0.1492      0.1345      0.0957       0.394       3.106       2.742     293.998       0.351      12.199       4.231        0.32      94444.    0.4111  
       12.07      0.1593      0.2201      0.1346      0.0974       0.401       3.161       2.745     299.199       0.357      12.210       4.161        0.32      94647.    0.4046  
       16.09      0.2124      0.2878      0.1348      0.0995       0.410       3.229       2.750     305.634       0.365      12.231       4.081        0.32      94884.    0.3970  
       20.11      0.2655      0.3516      0.1351      0.1020       0.420       3.311       2.756     313.373       0.374      12.257       3.989        0.32      95156.    0.3885  
       24.13      0.3185      0.4111      0.1354      0.1050       0.432       3.407       2.763     322.450       0.385      12.288       3.886        0.32      95465.    0.3790  
       28.15      0.3716      0.4658      0.1358      0.1083       0.446       3.517       2.769     332.861       0.397      12.318       3.774        0.32      95814.    0.3685  
       32.18      0.4247      0.5153      0.1361      0.1121       0.462       3.640       2.775     344.535       0.411      12.343       3.653        0.32      96201.    0.3571  
       36.20      0.4778      0.5596      0.1362      0.1163       0.479       3.775       2.778     357.321       0.427      12.357       3.526        0.32      96630.    0.3449  
       40.22      0.5309      0.5987      0.1361      0.1207       0.497       3.919       2.777     370.949       0.443      12.351       3.395        0.32      97099.    0.3320  
       44.24      0.5840      0.6326      0.1357      0.1253       0.516       4.067       2.769     384.977       0.460      12.314       3.262        0.32      97610.    0.3185  
       48.26      0.6371      0.6619      0.1348      0.1298       0.535       4.213       2.750     398.743       0.476      12.233       3.128        0.32      98163.    0.3044  
       52.29      0.6902      0.6871      0.1333      0.1339       0.552       4.346       2.718     411.322       0.491      12.091       2.997        0.32      98758.    0.2900  
       56.31      0.7433      0.7088      0.1308      0.1372       0.565       4.453       2.668     421.442       0.503      11.866       2.871        0.33      99398.    0.2752  
       60.33      0.7964      0.7279      0.1272      0.1391       0.573       4.517       2.594     427.521       0.510      11.539       2.752        0.33     100081.    0.2601  
       64.35      0.8495      0.7452      0.1223      0.1394       0.574       4.523       2.493     428.143       0.511      11.091       2.642        0.33     100810.    0.2447  
       68.37      0.9025      0.7610      0.1160      0.1376       0.567       4.467       2.366     422.768       0.505      10.525       2.539        0.33     101580.    0.2291  
       72.40      0.9556      0.7752      0.1087      0.1340       0.552       4.350       2.217     411.727       0.491       9.861       2.442        0.33     102392.    0.2134  
       76.42      1.0087      0.7873      0.1005      0.1288       0.531       4.180       2.050     395.661       0.472       9.119       2.350        0.33     103241.    0.1974  
       80.44      1.0618      0.7970      0.0917      0.1221       0.503       3.964       1.870     375.229       0.448       8.316       2.260        0.33     104127.    0.1813  
       84.46      1.1149      0.8034      0.0823      0.1142       0.471       3.708       1.679     351.003       0.419       7.469       2.170        0.34     105047.    0.1650  
       88.48      1.1680      0.8057      0.0726      0.1053       0.434       3.417       1.481     323.424       0.386       6.588       2.077        0.34     106000.    0.1483  
       92.51      1.2211      0.8022      0.0626      0.0953       0.393       3.094       1.277     292.807       0.350       5.680       1.978        0.34     106985.    0.1312  
       96.53      1.2742      0.7903      0.0524      0.0844       0.348       2.741       1.068     259.418       0.310       4.751       1.868        0.34     108001.    0.1133  
      100.55      1.3273      0.7659      0.0420      0.0728       0.300       2.362       0.856     223.520       0.267       3.808       1.737        0.34     109046.    0.0943  
      104.57      1.3804      0.7205      0.0315      0.0603       0.249       1.959       0.642     185.378       0.221       2.857       1.572        0.35     110120.    0.0739  
      108.59      1.4335      0.6360      0.0210      0.0473       0.195       1.535       0.428     145.259       0.173       1.903       1.336        0.35     111221.    0.0513  
      112.62      1.4865      0.4627      0.0105      0.0337       0.139       1.093       0.214     103.419       0.123       0.951       0.937        0.35     112346.    0.0254  
      116.64      1.5396      0.0001      0.0000      0.0195       0.080       0.634       0.000      60.011       0.072       0.000       0.000        0.35     113480.    0.0000  
                                                                                                                                                                                    
                                                                                                                                                                                    
                                                                                                                                                                                    
         PROP RPM =       9000                                                                                                                                                      
                                                                                                                                                                                    
         V          J           Pe         Ct          Cp          PWR         Torque      Thrust      PWR         Torque      Thrust      THR/PWR      Mach      Reyn       FOM    
       (mph)     (Adv_Ratio)     -          -           -          (Hp)        (In-Lbf)     (Lbf)      (W)         (N-m)       (N)         (g/W)         -         -          -     
        0.00      0.0000      0.0000      0.1346      0.0932       0.547       3.828       3.476     407.628       0.433      15.460       3.867        0.36     105894.    0.4231  
        4.53      0.0531      0.0759      0.1345      0.0942       0.552       3.869       3.473     411.928       0.437      15.446       3.824        0.36     106056.    0.4181  
        9.06      0.1063      0.1497      0.1345      0.0955       0.560       3.923       3.473     417.674       0.443      15.447       3.771        0.36     106249.    0.4124  
       13.58      0.1594      0.2209      0.1347      0.0972       0.570       3.992       3.476     425.047       0.451      15.462       3.710        0.36     106478.    0.4058  
       18.11      0.2125      0.2888      0.1349      0.0993       0.582       4.078       3.482     434.182       0.461      15.489       3.638        0.36     106744.    0.3983  
       22.64      0.2656      0.3529      0.1352      0.1018       0.597       4.181       3.490     445.182       0.472      15.525       3.556        0.36     107051.    0.3898  
       27.17      0.3188      0.4126      0.1356      0.1047       0.614       4.302       3.499     458.098       0.486      15.565       3.465        0.36     107399.    0.3803  
       31.70      0.3719      0.4675      0.1359      0.1081       0.634       4.441       3.508     472.932       0.502      15.605       3.365        0.36     107791.    0.3698  
       36.22      0.4250      0.5173      0.1362      0.1119       0.657       4.598       3.516     489.586       0.519      15.639       3.257        0.36     108228.    0.3584  
       40.75      0.4781      0.5617      0.1364      0.1161       0.681       4.769       3.521     507.853       0.539      15.659       3.144        0.36     108710.    0.3462  
       45.28      0.5313      0.6009      0.1364      0.1206       0.707       4.953       3.520     527.361       0.560      15.656       3.027        0.36     109239.    0.3332  
       49.81      0.5844      0.6350      0.1360      0.1252       0.734       5.142       3.510     547.487       0.581      15.614       2.908        0.36     109814.    0.3197  
       54.33      0.6375      0.6644      0.1351      0.1297       0.761       5.328       3.488     567.296       0.602      15.516       2.789        0.36     110437.    0.3057  
       58.86      0.6907      0.6895      0.1336      0.1338       0.785       5.498       3.449     585.477       0.621      15.342       2.672        0.37     111108.    0.2912  
       63.39      0.7438      0.7112      0.1312      0.1372       0.805       5.637       3.387     600.208       0.637      15.064       2.559        0.37     111827.    0.2764  
       67.92      0.7969      0.7304      0.1276      0.1393       0.817       5.721       3.295     609.215       0.646      14.655       2.453        0.37     112598.    0.2613  
       72.45      0.8500      0.7477      0.1227      0.1395       0.819       5.733       3.168     610.429       0.648      14.093       2.354        0.37     113418.    0.2459  
       76.97      0.9032      0.7635      0.1165      0.1378       0.809       5.663       3.008     603.022       0.640      13.380       2.263        0.37     114286.    0.2302  
       81.50      0.9563      0.7777      0.1092      0.1343       0.788       5.517       2.819     587.435       0.623      12.540       2.177        0.37     115200.    0.2145  
       86.03      1.0094      0.7901      0.1010      0.1291       0.757       5.302       2.607     564.582       0.599      11.598       2.095        0.37     116157.    0.1985  
       90.56      1.0625      0.7999      0.0921      0.1224       0.718       5.028       2.378     535.406       0.568      10.579       2.015        0.38     117155.    0.1823  
       95.09      1.1157      0.8067      0.0828      0.1145       0.672       4.703       2.136     500.738       0.531       9.503       1.935        0.38     118191.    0.1660  
       99.61      1.1688      0.8094      0.0730      0.1054       0.618       4.331       1.885     461.214       0.489       8.383       1.853        0.38     119265.    0.1493  
      104.14      1.2219      0.8065      0.0630      0.0954       0.560       3.919       1.625     417.288       0.443       7.228       1.766        0.38     120375.    0.1321  
      108.67      1.2750      0.7954      0.0527      0.0844       0.495       3.469       1.360     369.347       0.392       6.047       1.670        0.39     121519.    0.1142  
      113.20      1.3282      0.7719      0.0422      0.0726       0.426       2.984       1.090     317.770       0.337       4.847       1.556        0.39     122697.    0.0953  
      117.72      1.3813      0.7280      0.0317      0.0601       0.353       2.469       0.818     262.942       0.279       3.637       1.410        0.39     123907.    0.0748  
      122.25      1.4344      0.6451      0.0211      0.0469       0.275       1.928       0.545     205.246       0.218       2.423       1.204        0.39     125147.    0.0521  
      126.78      1.4876      0.4729      0.0105      0.0332       0.195       1.362       0.272     145.055       0.154       1.210       0.851        0.39     126414.    0.0260  
      131.31      1.5407      0.0001      0.0000      0.0189       0.111       0.776       0.000      82.581       0.088       0.000       0.000        0.40     127690.    0.0000  
                                                                                                                                                                                    
                                                                                                                                                                                    
                                                                                                                                                                                    
         PROP RPM =      10000                                                                                                                                                      
                                                                                                                                                                                    
         V          J           Pe         Ct          Cp          PWR         Torque      Thrust      PWR         Torque      Thrust      THR/PWR      Mach      Reyn       FOM    
       (mph)     (Adv_Ratio)     -          -           -          (Hp)        (In-Lbf)     (Lbf)      (W)         (N-m)       (N)         (g/W)         -         -          -     
        0.00      0.0000      0.0000      0.1347      0.0931       0.749       4.722       4.293     558.686       0.534      19.094       3.485        0.40     117659.    0.4237  
        5.03      0.0532      0.0761      0.1346      0.0941       0.757       4.771       4.289     564.524       0.539      19.078       3.446        0.40     117839.    0.4188  
       10.07      0.1063      0.1500      0.1346      0.0954       0.768       4.838       4.290     572.347       0.547      19.080       3.399        0.40     118054.    0.4131  
       15.10      0.1595      0.2214      0.1347      0.0971       0.781       4.923       4.294     582.405       0.556      19.100       3.344        0.40     118308.    0.4066  
       20.14      0.2126      0.2895      0.1350      0.0991       0.798       5.028       4.302     594.887       0.568      19.134       3.280        0.40     118605.    0.3992  
       25.17      0.2658      0.3538      0.1353      0.1016       0.818       5.155       4.312     609.938       0.582      19.179       3.206        0.40     118945.    0.3907  
       30.20      0.3190      0.4137      0.1357      0.1046       0.842       5.305       4.323     627.635       0.599      19.231       3.124        0.40     119333.    0.3812  
       35.24      0.3721      0.4688      0.1360      0.1080       0.869       5.477       4.335     647.985       0.619      19.283       3.034        0.40     119769.    0.3707  
       40.27      0.4253      0.5187      0.1364      0.1118       0.900       5.670       4.345     670.865       0.641      19.328       2.938        0.40     120255.    0.3593  
       45.31      0.4784      0.5633      0.1366      0.1160       0.933       5.883       4.352     696.004       0.665      19.357       2.836        0.40     120791.    0.3471  
       50.34      0.5316      0.6026      0.1366      0.1205       0.969       6.110       4.352     722.905       0.690      19.357       2.731        0.40     121379.    0.3342  
       55.37      0.5847      0.6368      0.1362      0.1251       1.007       6.345       4.342     750.732       0.717      19.312       2.623        0.40     122018.    0.3207  
       60.41      0.6379      0.6662      0.1354      0.1297       1.044       6.578       4.316     778.214       0.743      19.199       2.516        0.40     122711.    0.3067  
       65.44      0.6911      0.6914      0.1340      0.1339       1.078       6.792       4.270     803.559       0.767      18.992       2.410        0.41     123457.    0.2922  
       70.48      0.7442      0.7131      0.1316      0.1374       1.105       6.967       4.195     824.263       0.787      18.658       2.308        0.41     124257.    0.2774  
       75.51      0.7974      0.7323      0.1281      0.1395       1.123       7.076       4.083     837.170       0.799      18.162       2.212        0.41     125114.    0.2623  
       80.54      0.8505      0.7496      0.1233      0.1399       1.126       7.094       3.929     839.358       0.802      17.475       2.123        0.41     126026.    0.2469  
       85.58      0.9037      0.7655      0.1171      0.1382       1.113       7.012       3.732     829.595       0.792      16.599       2.040        0.41     126992.    0.2313  
       90.61      0.9569      0.7798      0.1098      0.1347       1.084       6.833       3.499     808.438       0.772      15.563       1.963        0.41     128008.    0.2155  
       95.65      1.0100      0.7922      0.1016      0.1295       1.042       6.569       3.237     777.136       0.742      14.399       1.889        0.42     129073.    0.1995  
      100.68      1.0632      0.8023      0.0927      0.1228       0.988       6.229       2.954     737.001       0.704      13.137       1.818        0.42     130183.    0.1833  
      105.71      1.1163      0.8094      0.0833      0.1149       0.924       5.825       2.654     689.190       0.658      11.803       1.746        0.42     131336.    0.1669  
      110.75      1.1695      0.8125      0.0735      0.1058       0.851       5.364       2.341     634.596       0.606      10.414       1.673        0.42     132531.    0.1502  
      115.78      1.2227      0.8101      0.0634      0.0956       0.770       4.850       2.019     573.851       0.548       8.982       1.596        0.43     133766.    0.1331  
      120.82      1.2758      0.7998      0.0530      0.0846       0.681       4.290       1.690     507.499       0.485       7.515       1.510        0.43     135039.    0.1152  
      125.85      1.3290      0.7773      0.0425      0.0727       0.585       3.686       1.355     436.066       0.416       6.025       1.409        0.43     136349.    0.0962  
      130.88      1.3821      0.7346      0.0319      0.0600       0.483       3.044       1.016     360.091       0.344       4.521       1.280        0.43     137695.    0.0757  
      135.92      1.4353      0.6534      0.0212      0.0467       0.376       2.368       0.677     280.104       0.267       3.012       1.097        0.44     139074.    0.0529  
      140.95      1.4884      0.4823      0.0106      0.0328       0.264       1.662       0.338     196.626       0.188       1.505       0.780        0.44     140484.    0.0266  
      145.99      1.5416      0.0000      0.0000      0.0183       0.147       0.929       0.000     109.945       0.105       0.000       0.000        0.44     141901.    0.0000  
                                                                                                                                                                                    
                                                                                                                                                                                    
                                                                                                                                                                                    
         PROP RPM =      11000                                                                                                                                                      
                                                                                                                                                                                    
         V          J           Pe         Ct          Cp          PWR         Torque      Thrust      PWR         Torque      Thrust      THR/PWR      Mach      Reyn       FOM    
       (mph)     (Adv_Ratio)     -          -           -          (Hp)        (In-Lbf)     (Lbf)      (W)         (N-m)       (N)         (g/W)         -         -          -     
        0.00      0.0000      0.0000      0.1348      0.0931       0.997       5.715       5.196     743.787       0.646      23.114       3.169        0.44     129424.    0.4239  
        5.54      0.0532      0.0761      0.1346      0.0941       1.008       5.774       5.192     751.465       0.652      23.095       3.134        0.44     129622.    0.4190  
       11.08      0.1064      0.1502      0.1347      0.0954       1.022       5.853       5.193     761.784       0.661      23.098       3.092        0.44     129859.    0.4134  
       16.62      0.1596      0.2217      0.1348      0.0970       1.039       5.956       5.199     775.082       0.673      23.123       3.042        0.44     130139.    0.4070  
       22.16      0.2127      0.2899      0.1351      0.0991       1.062       6.083       5.208     791.616       0.687      23.166       2.984        0.44     130465.    0.3996  
       27.70      0.2659      0.3543      0.1354      0.1016       1.088       6.236       5.221     811.582       0.705      23.223       2.918        0.44     130840.    0.3912  
       33.24      0.3191      0.4144      0.1358      0.1046       1.120       6.417       5.235     835.093       0.725      23.287       2.844        0.44     131266.    0.3818  
       38.78      0.3723      0.4696      0.1362      0.1079       1.156       6.625       5.250     862.168       0.748      23.353       2.762        0.44     131746.    0.3713  
       44.32      0.4255      0.5197      0.1365      0.1118       1.197       6.859       5.263     892.655       0.775      23.412       2.674        0.44     132281.    0.3600  
       49.86      0.4787      0.5644      0.1367      0.1160       1.242       7.117       5.272     926.216       0.804      23.452       2.582        0.44     132871.    0.3479  
       55.40      0.5319      0.6038      0.1368      0.1205       1.290       7.393       5.274     962.212       0.835      23.458       2.486        0.44     133518.    0.3350  
       60.94      0.5851      0.6381      0.1365      0.1251       1.340       7.680       5.263     999.553       0.868      23.411       2.388        0.44     134222.    0.3215  
       66.48      0.6382      0.6676      0.1358      0.1298       1.390       7.965       5.235    1036.575       0.900      23.284       2.291        0.45     134984.    0.3075  
       72.02      0.6914      0.6929      0.1344      0.1341       1.436       8.229       5.181    1070.903       0.930      23.045       2.194        0.45     135805.    0.2931  
       77.56      0.7446      0.7146      0.1321      0.1376       1.474       8.446       5.093    1099.201       0.954      22.654       2.102        0.45     136686.    0.2783  
       83.10      0.7978      0.7338      0.1287      0.1399       1.498       8.585       4.961    1117.215       0.970      22.067       2.014        0.45     137629.    0.2632  
       88.64      0.8510      0.7511      0.1239      0.1403       1.503       8.613       4.777    1120.932       0.973      21.247       1.933        0.45     138633.    0.2479  
       94.19      0.9042      0.7670      0.1177      0.1388       1.487       8.518       4.540    1108.561       0.962      20.194       1.858        0.45     139697.    0.2322  
       99.73      0.9574      0.7814      0.1104      0.1353       1.449       8.304       4.259    1080.763       0.938      18.943       1.787        0.46     140816.    0.2164  
      105.27      1.0106      0.7940      0.1022      0.1301       1.394       7.985       3.942    1039.193       0.902      17.534       1.720        0.46     141989.    0.2004  
      110.81      1.0637      0.8042      0.0933      0.1234       1.322       7.573       3.598     985.625       0.856      16.002       1.656        0.46     143211.    0.1843  
      116.35      1.1169      0.8116      0.0838      0.1154       1.236       7.082       3.233     921.631       0.800      14.381       1.591        0.46     144482.    0.1679  
      121.89      1.1701      0.8151      0.0740      0.1062       1.138       6.519       2.853     848.426       0.737      12.692       1.525        0.47     145798.    0.1512  
      127.43      1.2233      0.8133      0.0638      0.0960       1.028       5.893       2.461     766.874       0.666      10.948       1.456        0.47     147158.    0.1340  
      132.97      1.2765      0.8036      0.0534      0.0849       0.909       5.207       2.060     677.710       0.588       9.163       1.379        0.47     148560.    0.1161  
      138.51      1.3297      0.7821      0.0428      0.0728       0.780       4.469       1.652     581.652       0.505       7.347       1.288        0.47     150002.    0.0971  
      144.05      1.3829      0.7407      0.0322      0.0600       0.643       3.684       1.240     479.425       0.416       5.514       1.173        0.48     151484.    0.0766  
      149.59      1.4360      0.6610      0.0214      0.0465       0.499       2.856       0.826     371.748       0.323       3.675       1.008        0.48     153003.    0.0538  
      155.13      1.4892      0.4911      0.0107      0.0325       0.348       1.993       0.413     259.324       0.225       1.836       0.722        0.48     154555.    0.0272  
      160.67      1.5424      0.0001      0.0000      0.0178       0.191       1.095       0.000     142.532       0.124       0.000       0.000        0.49     156115.    0.0000  
                                                                                                                                                                                    
                                                                                                                                                                                    
                                                                                                                                                                                    
         PROP RPM =      12000                                                                                                                                                      
                                                                                                                                                                                    
         V          J           Pe         Ct          Cp          PWR         Torque      Thrust      PWR         Torque      Thrust      THR/PWR      Mach      Reyn       FOM    
       (mph)     (Adv_Ratio)     -          -           -          (Hp)        (In-Lbf)     (Lbf)      (W)         (N-m)       (N)         (g/W)         -         -          -     
        0.00      0.0000      0.0000      0.1348      0.0932       1.297       6.810       6.187     966.811       0.769      27.519       2.902        0.48     141189.    0.4236  
        6.05      0.0532      0.0761      0.1347      0.0942       1.310       6.879       6.182     976.640       0.777      27.497       2.871        0.48     141405.    0.4188  
       12.09      0.1064      0.1502      0.1347      0.0955       1.327       6.972       6.183     989.899       0.788      27.502       2.833        0.48     141663.    0.4133  
       18.14      0.1596      0.2217      0.1349      0.0971       1.350       7.093       6.190    1007.029       0.801      27.533       2.788        0.48     141969.    0.4070  
       24.19      0.2129      0.2900      0.1351      0.0992       1.379       7.243       6.202    1028.369       0.818      27.586       2.735        0.48     142325.    0.3997  
       30.23      0.2661      0.3546      0.1355      0.1017       1.414       7.425       6.217    1054.185       0.839      27.655       2.675        0.48     142734.    0.3914  
       36.28      0.3193      0.4147      0.1359      0.1046       1.455       7.640       6.235    1084.631       0.863      27.734       2.607        0.48     143200.    0.3820  
       42.33      0.3725      0.4701      0.1363      0.1080       1.502       7.887       6.254    1119.749       0.891      27.816       2.533        0.48     143724.    0.3717  
       48.38      0.4257      0.5202      0.1366      0.1118       1.555       8.166       6.270    1159.359       0.923      27.891       2.453        0.48     144307.    0.3604  
       54.42      0.4789      0.5651      0.1369      0.1160       1.613       8.474       6.283    1203.052       0.957      27.945       2.369        0.48     144951.    0.3484  
       60.47      0.5321      0.6047      0.1370      0.1206       1.676       8.805       6.286    1250.033       0.995      27.961       2.281        0.48     145658.    0.3356  
       66.52      0.5853      0.6390      0.1368      0.1253       1.742       9.149       6.276    1298.927       1.034      27.916       2.192        0.48     146426.    0.3221  
       72.56      0.6386      0.6686      0.1361      0.1300       1.807       9.492       6.245    1347.607       1.072      27.778       2.102        0.49     147258.    0.3082  
       78.61      0.6918      0.6940      0.1348      0.1343       1.868       9.812       6.184    1393.019       1.109      27.509       2.014        0.49     148154.    0.2938  
       84.66      0.7450      0.7157      0.1326      0.1380       1.919      10.078       6.084    1430.828       1.139      27.060       1.929        0.49     149115.    0.2791  
       90.70      0.7982      0.7349      0.1292      0.1404       1.952      10.251       5.931    1455.445       1.158      26.380       1.848        0.49     150144.    0.2641  
       96.75      0.8514      0.7523      0.1245      0.1409       1.960      10.294       5.715    1461.474       1.163      25.419       1.774        0.49     151241.    0.2488  
      102.80      0.9046      0.7681      0.1184      0.1395       1.940      10.188       5.435    1446.362       1.151      24.177       1.704        0.50     152402.    0.2332  
      108.84      0.9578      0.7826      0.1112      0.1361       1.892       9.937       5.102    1410.838       1.123      22.693       1.640        0.50     153624.    0.2174  
      114.89      1.0110      0.7953      0.1030      0.1309       1.820       9.558       4.724    1357.037       1.080      21.014       1.579        0.50     154905.    0.2014  
      120.94      1.0643      0.8058      0.0940      0.1241       1.726       9.067       4.314    1287.306       1.024      19.187       1.520        0.50     156240.    0.1852  
      126.98      1.1175      0.8135      0.0845      0.1161       1.614       8.479       3.878    1203.732       0.958      17.249       1.461        0.51     157627.    0.1688  
      133.03      1.1707      0.8174      0.0746      0.1068       1.486       7.804       3.424    1107.935       0.882      15.228       1.402        0.51     159065.    0.1522  
      139.08      1.2239      0.8161      0.0644      0.0965       1.342       7.051       2.954    1001.070       0.797      13.139       1.338        0.51     160550.    0.1350  
      145.13      1.2771      0.8071      0.0539      0.0853       1.186       6.227       2.473     884.113       0.704      10.999       1.269        0.51     162081.    0.1171  
      151.17      1.3303      0.7865      0.0432      0.0731       1.017       5.339       1.983     758.014       0.603       8.822       1.187        0.52     163657.    0.0981  
      157.22      1.3835      0.7463      0.0324      0.0602       0.836       4.393       1.489     623.731       0.496       6.623       1.083        0.52     165275.    0.0775  
      163.27      1.4367      0.6681      0.0216      0.0465       0.647       3.396       0.992     482.213       0.384       4.414       0.933        0.52     166934.    0.0546  
      169.31      1.4900      0.4995      0.0108      0.0322       0.448       2.355       0.496     334.387       0.266       2.207       0.673        0.53     168628.    0.0278  
      175.36      1.5432      0.0001      0.0000      0.0174       0.242       1.273       0.000     180.744       0.144       0.000       0.000        0.53     170330.    0.0000  
                                                                                                                                                                                    
                                                                                                                                                                                    
                                                                                                                                                                                    
         PROP RPM =      13000                                                                                                                                                      
                                                                                                                                                                                    
         V          J           Pe         Ct          Cp          PWR         Torque      Thrust      PWR         Torque      Thrust      THR/PWR      Mach      Reyn       FOM    
       (mph)     (Adv_Ratio)     -          -           -          (Hp)        (In-Lbf)     (Lbf)      (W)         (N-m)       (N)         (g/W)         -         -          -     
        0.00      0.0000      0.0000      0.1349      0.0934       1.652       8.009       7.264    1231.825       0.905      32.310       2.675        0.52     152953.    0.4230  
        6.55      0.0532      0.0760      0.1348      0.0944       1.668       8.089       7.258    1244.124       0.914      32.285       2.646        0.52     153187.    0.4183  
       13.11      0.1065      0.1501      0.1348      0.0956       1.691       8.197       7.260    1260.781       0.926      32.291       2.612        0.52     153468.    0.4129  
       19.66      0.1597      0.2216      0.1350      0.0973       1.720       8.338       7.268    1282.364       0.942      32.329       2.571        0.52     153799.    0.4067  
       26.21      0.2129      0.2899      0.1352      0.0993       1.756       8.513       7.283    1309.313       0.962      32.393       2.523        0.52     154184.    0.3995  
       32.77      0.2662      0.3545      0.1356      0.1018       1.800       8.725       7.301    1341.974       0.986      32.477       2.468        0.52     154628.    0.3913  
       39.32      0.3194      0.4148      0.1360      0.1047       1.851       8.976       7.323    1380.559       1.014      32.573       2.406        0.52     155133.    0.3820  
       45.88      0.3727      0.4702      0.1364      0.1081       1.911       9.266       7.346    1425.141       1.047      32.674       2.338        0.52     155700.    0.3718  
       52.43      0.4259      0.5205      0.1368      0.1119       1.979       9.593       7.367    1475.520       1.084      32.767       2.264        0.52     156333.    0.3606  
       58.98      0.4791      0.5655      0.1371      0.1161       2.053       9.956       7.383    1531.213       1.125      32.838       2.187        0.52     157031.    0.3487  
       65.54      0.5324      0.6052      0.1372      0.1207       2.134      10.346       7.389    1591.260       1.169      32.868       2.106        0.52     157797.    0.3359  
       72.09      0.5856      0.6396      0.1370      0.1255       2.218      10.754       7.380    1653.973       1.215      32.828       2.024        0.52     158629.    0.3226  
       78.64      0.6388      0.6693      0.1364      0.1302       2.302      11.162       7.348    1716.706       1.261      32.682       1.941        0.53     159531.    0.3088  
       85.20      0.6921      0.6947      0.1352      0.1347       2.381      11.545       7.281    1775.617       1.304      32.387       1.860        0.53     160502.    0.2945  
       91.75      0.7453      0.7165      0.1331      0.1384       2.448      11.867       7.168    1825.201       1.341      31.884       1.781        0.53     161544.    0.2798  
       98.31      0.7985      0.7357      0.1299      0.1410       2.492      12.082       6.994    1858.266       1.365      31.110       1.707        0.53     162659.    0.2649  
      104.86      0.8518      0.7531      0.1252      0.1417       2.505      12.143       6.746    1867.688       1.372      30.004       1.638        0.53     163847.    0.2496  
      111.41      0.9050      0.7690      0.1192      0.1403       2.481      12.027       6.421    1849.885       1.359      28.561       1.574        0.54     165106.    0.2341  
      117.97      0.9583      0.7835      0.1120      0.1370       2.421      11.739       6.031    1805.582       1.326      26.827       1.515        0.54     166432.    0.2183  
      124.52      1.0115      0.7964      0.1038      0.1318       2.330      11.297       5.588    1737.468       1.276      24.857       1.459        0.54     167821.    0.2024  
      131.07      1.0647      0.8071      0.0948      0.1250       2.211      10.719       5.105    1648.587       1.211      22.707       1.404        0.54     169269.    0.1862  
      137.63      1.1180      0.8150      0.0852      0.1169       2.067      10.024       4.591    1541.670       1.132      20.422       1.351        0.55     170774.    0.1698  
      144.18      1.1712      0.8193      0.0753      0.1076       1.903       9.225       4.055    1418.832       1.042      18.035       1.296        0.55     172333.    0.1532  
      150.74      1.2244      0.8185      0.0650      0.0972       1.719       8.333       3.500    1281.591       0.941      15.567       1.239        0.55     173943.    0.1360  
      157.29      1.2777      0.8102      0.0544      0.0858       1.517       7.355       2.931    1131.225       0.831      13.035       1.175        0.56     175604.    0.1180  
      163.84      1.3309      0.7905      0.0437      0.0735       1.299       6.300       2.351     968.965       0.712      10.458       1.101        0.56     177313.    0.0990  
      170.40      1.3841      0.7515      0.0328      0.0604       1.068       5.176       1.766     796.051       0.585       7.853       1.006        0.56     179068.    0.0784  
      176.95      1.4374      0.6749      0.0219      0.0466       0.823       3.990       1.177     613.710       0.451       5.236       0.870        0.57     180866.    0.0554  
      183.50      1.4906      0.5076      0.0109      0.0321       0.567       2.751       0.589     423.143       0.311       2.618       0.631        0.57     182703.    0.0284  
      190.06      1.5439      0.0000      0.0000      0.0171       0.302       1.463       0.000     224.972       0.165       0.000       0.000        0.57     184548.    0.0000  
                                                                                                                                                                                    
                                                                                                                                                                                    
                                                                                                                                                                                    
         PROP RPM =      14000                                                                                                                                                      
                                                                                                                                                                                    
         V          J           Pe         Ct          Cp          PWR         Torque      Thrust      PWR         Torque      Thrust      THR/PWR      Mach      Reyn       FOM    
       (mph)     (Adv_Ratio)     -          -           -          (Hp)        (In-Lbf)     (Lbf)      (W)         (N-m)       (N)         (g/W)         -         -          -     
        0.00      0.0000      0.0000      0.1349      0.0937       2.069       9.316       8.428    1543.127       1.053      37.489       2.477        0.56     164718.    0.4220  
        7.06      0.0533      0.0759      0.1348      0.0946       2.090       9.407       8.422    1558.211       1.063      37.459       2.451        0.56     164970.    0.4174  
       14.12      0.1065      0.1498      0.1349      0.0959       2.117       9.531       8.424    1578.736       1.077      37.468       2.420        0.56     165272.    0.4121  
       21.18      0.1598      0.2213      0.1350      0.0975       2.153       9.692       8.434    1605.417       1.095      37.514       2.383        0.56     165628.    0.4060  
       28.24      0.2130      0.2896      0.1353      0.0995       2.198       9.894       8.451    1638.812       1.118      37.589       2.339        0.56     166044.    0.3990  
       35.30      0.2663      0.3542      0.1357      0.1020       2.252      10.139       8.473    1679.368       1.145      37.689       2.288        0.56     166522.    0.3909  
       42.36      0.3196      0.4145      0.1361      0.1049       2.316      10.429       8.499    1727.370       1.178      37.804       2.232        0.56     167065.    0.3818  
       49.43      0.3728      0.4700      0.1365      0.1083       2.391      10.764       8.527    1782.934       1.216      37.926       2.169        0.56     167677.    0.3717  
       56.49      0.4261      0.5204      0.1369      0.1121       2.475      11.144       8.552    1845.848       1.259      38.041       2.102        0.56     168358.    0.3606  
       63.55      0.4793      0.5655      0.1373      0.1163       2.569      11.565       8.573    1915.562       1.307      38.134       2.030        0.56     169111.    0.3488  
       70.61      0.5326      0.6053      0.1374      0.1209       2.670      12.020       8.584    1990.947       1.358      38.180       1.956        0.56     169935.    0.3362  
       77.67      0.5858      0.6399      0.1373      0.1257       2.776      12.497       8.577    2069.982       1.412      38.150       1.879        0.56     170832.    0.3230  
       84.73      0.6391      0.6697      0.1368      0.1305       2.882      12.977       8.544    2149.450       1.466      38.003       1.803        0.57     171803.    0.3092  
       91.79      0.6924      0.6951      0.1356      0.1351       2.983      13.431       8.473    2224.623       1.517      37.687       1.727        0.57     172849.    0.2950  
       98.85      0.7456      0.7170      0.1337      0.1390       3.069      13.817       8.349    2288.647       1.561      37.134       1.655        0.57     173972.    0.2805  
      105.91      0.7989      0.7362      0.1305      0.1417       3.128      14.082       8.154    2332.433       1.591      36.269       1.586        0.57     175173.    0.2657  
      112.97      0.8521      0.7536      0.1260      0.1425       3.147      14.168       7.872    2346.725       1.601      35.016       1.522        0.58     176453.    0.2505  
      120.03      0.9054      0.7695      0.1201      0.1413       3.120      14.046       7.501    2326.557       1.587      33.364       1.462        0.58     177810.    0.2350  
      127.09      0.9587      0.7841      0.1129      0.1380       3.048      13.720       7.051    2272.526       1.550      31.364       1.407        0.58     179239.    0.2193  
      134.16      1.0119      0.7971      0.1047      0.1329       2.934      13.209       6.538    2187.940       1.492      29.081       1.355        0.58     180736.    0.2033  
      141.22      1.0652      0.8080      0.0957      0.1261       2.785      12.538       5.976    2076.688       1.416      26.580       1.305        0.59     182297.    0.1872  
      148.28      1.1184      0.8163      0.0861      0.1180       2.605      11.726       5.377    1942.284       1.325      23.918       1.256        0.59     183920.    0.1709  
      155.34      1.1717      0.8210      0.0761      0.1086       2.397      10.791       4.751    1787.460       1.219      21.132       1.206        0.59     185601.    0.1542  
      162.40      1.2249      0.8207      0.0657      0.0980       2.165       9.745       4.102    1614.183       1.101      18.247       1.153        0.60     187337.    0.1370  
      169.46      1.2782      0.8131      0.0550      0.0865       1.910       8.598       3.436    1424.101       0.971      15.285       1.094        0.60     189128.    0.1190  
      176.52      1.3315      0.7943      0.0442      0.0740       1.634       7.358       2.758    1218.783       0.831      12.267       1.026        0.60     190970.    0.1000  
      183.58      1.3847      0.7564      0.0332      0.0607       1.341       6.036       2.072     999.812       0.682       9.215       0.940        0.61     192861.    0.0794  
      190.64      1.4380      0.6814      0.0221      0.0467       1.031       4.641       1.382     768.742       0.524       6.146       0.815        0.61     194800.    0.0562  
      197.70      1.4912      0.5156      0.0111      0.0320       0.707       3.182       0.691     527.104       0.360       3.075       0.595        0.61     196780.    0.0290  
      204.76      1.5445      0.0001      0.0000      0.0167       0.370       1.664       0.000     275.680       0.188       0.000       0.000        0.62     198767.    0.0000  
                                                                                                                                                                                    
                                                                                                                                                                                    
                                                                                                                                                                                    
         PROP RPM =      15000                                                                                                                                                      
                                                                                                                                                                                    
         V          J           Pe         Ct          Cp          PWR         Torque      Thrust      PWR         Torque      Thrust      THR/PWR      Mach      Reyn       FOM    
       (mph)     (Adv_Ratio)     -          -           -          (Hp)        (In-Lbf)     (Lbf)      (W)         (N-m)       (N)         (g/W)         -         -          -     
        0.00      0.0000      0.0000      0.1350      0.0941       2.555      10.737       9.680    1905.533       1.213      43.055       2.304        0.59     176481.    0.4206  
        7.57      0.0533      0.0757      0.1349      0.0950       2.580      10.840       9.672    1923.700       1.225      43.022       2.280        0.60     176752.    0.4162  
       15.14      0.1066      0.1494      0.1349      0.0962       2.613      10.980       9.675    1948.550       1.240      43.033       2.252        0.60     177075.    0.4110  
       22.70      0.1598      0.2208      0.1351      0.0978       2.657      11.162       9.687    1980.970       1.261      43.086       2.218        0.60     177457.    0.4050  
       30.27      0.2131      0.2890      0.1354      0.0998       2.711      11.392       9.707    2021.662       1.287      43.175       2.178        0.60     177903.    0.3981  
       37.84      0.2664      0.3536      0.1357      0.1023       2.778      11.671       9.733    2071.190       1.319      43.293       2.131        0.60     178415.    0.3902  
       45.41      0.3197      0.4139      0.1362      0.1052       2.856      12.002       9.764    2129.928       1.356      43.429       2.079        0.60     178998.    0.3812  
       52.98      0.3730      0.4695      0.1366      0.1085       2.948      12.386       9.797    2198.056       1.399      43.575       2.022        0.60     179653.    0.3713  
       60.55      0.4262      0.5200      0.1371      0.1123       3.051      12.821       9.828    2275.364       1.449      43.715       1.959        0.60     180384.    0.3604  
       68.11      0.4795      0.5652      0.1374      0.1166       3.166      13.305       9.854    2361.243       1.503      43.832       1.893        0.60     181190.    0.3487  
       75.68      0.5328      0.6051      0.1376      0.1212       3.291      13.830       9.870    2454.403       1.563      43.901       1.824        0.60     182074.    0.3362  
       83.25      0.5861      0.6399      0.1376      0.1260       3.423      14.383       9.867    2552.486       1.625      43.887       1.753        0.61     183035.    0.3231  
       90.82      0.6394      0.6698      0.1372      0.1309       3.556      14.942       9.835    2651.669       1.688      43.744       1.682        0.61     184075.    0.3095  
       98.39      0.6926      0.6953      0.1361      0.1356       3.683      15.475       9.760    2746.246       1.748      43.414       1.612        0.61     185196.    0.2955  
      105.95      0.7459      0.7172      0.1343      0.1396       3.792      15.934       9.627    2827.837       1.800      42.819       1.544        0.61     186399.    0.2811  
      113.52      0.7992      0.7365      0.1313      0.1425       3.869      16.257       9.413    2885.137       1.837      41.868       1.480        0.61     187686.    0.2664  
      121.09      0.8525      0.7538      0.1269      0.1435       3.897      16.376       9.098    2906.278       1.850      40.470       1.420        0.62     189058.    0.2513  
      128.66      0.9058      0.7698      0.1210      0.1424       3.868      16.253       8.679    2884.453       1.836      38.604       1.365        0.62     190512.    0.2359  
      136.23      0.9590      0.7844      0.1139      0.1392       3.782      15.890       8.166    2819.928       1.795      36.324       1.314        0.62     192045.    0.2202  
      143.80      1.0123      0.7976      0.1057      0.1341       3.643      15.308       7.578    2716.679       1.729      33.707       1.265        0.63     193650.    0.2044  
      151.36      1.0656      0.8087      0.0967      0.1274       3.459      14.536       6.931    2579.604       1.642      30.829       1.219        0.63     195325.    0.1883  
      158.93      1.1189      0.8172      0.0870      0.1192       3.236      13.598       6.240    2413.178       1.536      27.757       1.173        0.63     197066.    0.1719  
      166.50      1.1722      0.8223      0.0769      0.1097       2.978      12.514       5.516    2220.884       1.414      24.537       1.127        0.64     198869.    0.1553  
      174.07      1.2254      0.8226      0.0665      0.0990       2.689      11.299       4.766    2005.247       1.277      21.197       1.078        0.64     200732.    0.1381  
      181.64      1.2787      0.8157      0.0557      0.0873       2.371       9.964       3.994    1768.365       1.126      17.764       1.024        0.64     202652.    0.1201  
      189.20      1.3320      0.7978      0.0447      0.0747       2.028       8.521       3.207    1512.218       0.963      14.263       0.962        0.65     204628.    0.1011  
      196.77      1.3853      0.7612      0.0336      0.0612       1.661       6.980       2.410    1238.790       0.789      10.719       0.882        0.65     206657.    0.0804  
      204.34      1.4386      0.6877      0.0224      0.0469       1.274       5.353       1.608     950.031       0.605       7.152       0.768        0.65     208736.    0.0571  
      211.91      1.4918      0.5234      0.0112      0.0320       0.869       3.651       0.805     647.859       0.412       3.580       0.563        0.66     210860.    0.0297  
      219.48      1.5451      0.0001      0.0000      0.0165       0.447       1.878       0.000     333.250       0.212       0.000       0.000        0.66     212988.    0.0000  
                                                                                                                                                                                    
                                                                                                                                                                                    
                                                                                                                                                                                    
         PROP RPM =      16000                                                                                                                                                      
                                                                                                                                                                                    
         V          J           Pe         Ct          Cp          PWR         Torque      Thrust      PWR         Torque      Thrust      THR/PWR      Mach      Reyn       FOM    
       (mph)     (Adv_Ratio)     -          -           -          (Hp)        (In-Lbf)     (Lbf)      (W)         (N-m)       (N)         (g/W)         -         -          -     
        0.00      0.0000      0.0000      0.1351      0.0946       3.119      12.288      11.018    2326.146       1.388      49.008       2.148        0.63     188245.    0.4184  
        8.08      0.0533      0.0753      0.1349      0.0955       3.148      12.402      11.010    2347.676       1.401      48.970       2.127        0.63     188533.    0.4141  
       16.15      0.1066      0.1488      0.1350      0.0967       3.188      12.558      11.013    2377.301       1.419      48.984       2.101        0.64     188878.    0.4091  
       24.23      0.1599      0.2199      0.1352      0.0983       3.240      12.763      11.026    2416.109       1.442      49.046       2.070        0.64     189286.    0.4033  
       32.30      0.2132      0.2879      0.1354      0.1003       3.306      13.022      11.050    2464.958       1.471      49.149       2.033        0.64     189761.    0.3966  
       40.38      0.2665      0.3524      0.1358      0.1027       3.385      13.336      11.080    2524.551       1.507      49.286       1.991        0.64     190308.    0.3888  
       48.45      0.3198      0.4127      0.1363      0.1056       3.480      13.710      11.116    2595.370       1.549      49.446       1.943        0.64     190930.    0.3801  
       56.53      0.3731      0.4683      0.1367      0.1089       3.591      14.145      11.155    2677.666       1.598      49.618       1.890        0.64     191629.    0.3703  
       64.61      0.4264      0.5189      0.1372      0.1127       3.716      14.639      11.193    2771.240       1.654      49.787       1.832        0.64     192409.    0.3596  
       72.68      0.4797      0.5642      0.1376      0.1170       3.856      15.190      11.226    2875.437       1.716      49.933       1.771        0.64     193269.    0.3481  
       80.76      0.5330      0.6043      0.1379      0.1216       4.008      15.789      11.247    2988.808       1.784      50.029       1.707        0.64     194211.    0.3359  
       88.83      0.5863      0.6392      0.1379      0.1265       4.169      16.422      11.249    3108.657       1.855      50.037       1.641        0.65     195237.    0.3230  
       96.91      0.6396      0.6693      0.1375      0.1314       4.332      17.066      11.220    3230.545       1.928      49.908       1.575        0.65     196347.    0.3096  
      104.98      0.6929      0.6950      0.1366      0.1362       4.489      17.685      11.145    3347.749       1.998      49.574       1.510        0.65     197542.    0.2958  
      113.06      0.7462      0.7170      0.1349      0.1404       4.627      18.226      11.004    3450.242       2.059      48.947       1.447        0.65     198825.    0.2816  
      121.14      0.7995      0.7363      0.1321      0.1434       4.726      18.617      10.774    3524.231       2.103      47.921       1.387        0.65     200198.    0.2670  
      129.21      0.8528      0.7537      0.1278      0.1446       4.767      18.778      10.428    3554.733       2.122      46.384       1.331        0.66     201662.    0.2521  
      137.29      0.9061      0.7697      0.1221      0.1437       4.737      18.661       9.960    3532.478       2.108      44.302       1.279        0.66     203213.    0.2368  
      145.36      0.9594      0.7845      0.1150      0.1406       4.636      18.262       9.382    3457.021       2.063      41.733       1.231        0.66     204849.    0.2212  
      153.44      1.0127      0.7977      0.1068      0.1356       4.470      17.607       8.715    3332.982       1.989      38.762       1.186        0.67     206564.    0.2054  
      161.51      1.0660      0.8091      0.0978      0.1288       4.246      16.727       7.977    3166.451       1.890      35.481       1.143        0.67     208352.    0.1894  
      169.59      1.1193      0.8179      0.0881      0.1206       3.974      15.653       7.187    2963.084       1.768      31.968       1.100        0.67     210211.    0.1731  
      177.67      1.1726      0.8235      0.0779      0.1110       3.657      14.407       6.357    2727.276       1.628      28.276       1.057        0.68     212137.    0.1564  
      185.74      1.2259      0.8242      0.0674      0.1002       3.302      13.007       5.495    2462.230       1.470      24.442       1.012        0.68     214126.    0.1392  
      193.82      1.2792      0.8181      0.0565      0.0883       2.911      11.467       4.608    2170.613       1.295      20.494       0.963        0.69     216177.    0.1213  
      201.89      1.3325      0.8011      0.0454      0.0755       2.487       9.799       3.702    1854.884       1.107      16.464       0.905        0.69     218287.    0.1022  
      209.97      1.3858      0.7658      0.0341      0.0617       2.035       8.016       2.783    1517.509       0.906      12.380       0.832        0.69     220453.    0.0814  
      218.04      1.4391      0.6940      0.0228      0.0472       1.557       6.133       1.858    1160.903       0.693       8.265       0.726        0.70     222673.    0.0581  
      226.12      1.4924      0.5313      0.0114      0.0320       1.056       4.160       0.931     787.572       0.470       4.139       0.536        0.70     224940.    0.0303  
      234.20      1.5457      0.0000      0.0000      0.0162       0.535       2.109       0.000     399.137       0.238       0.000       0.000        0.71     227211.    0.0000  
                                                                                                                                                                                    
                                                                                                                                                                                    
                                                                                                                                                                                    
         PROP RPM =      17000                                                                                                                                                      
                                                                                                                                                                                    
         V          J           Pe         Ct          Cp          PWR         Torque      Thrust      PWR         Torque      Thrust      THR/PWR      Mach      Reyn       FOM    
       (mph)     (Adv_Ratio)     -          -           -          (Hp)        (In-Lbf)     (Lbf)      (W)         (N-m)       (N)         (g/W)         -         -          -     
        0.00      0.0000      0.0000      0.1351      0.0955       3.777      14.004      12.443    2816.648       1.582      55.345       2.004        0.67     200008.    0.4147  
        8.58      0.0533      0.0747      0.1350      0.0964       3.811      14.129      12.433    2841.825       1.596      55.302       1.984        0.67     200314.    0.4106  
       17.17      0.1066      0.1476      0.1350      0.0976       3.858      14.303      12.436    2876.703       1.616      55.317       1.961        0.67     200681.    0.4057  
       25.75      0.1599      0.2181      0.1352      0.0991       3.919      14.531      12.452    2922.593       1.642      55.388       1.933        0.68     201114.    0.4001  
       34.33      0.2133      0.2858      0.1355      0.1011       3.997      14.819      12.479    2980.533       1.674      55.506       1.899        0.68     201619.    0.3936  
       42.91      0.2666      0.3499      0.1359      0.1035       4.092      15.171      12.514    3051.386       1.714      55.662       1.860        0.68     202200.    0.3861  
       51.50      0.3199      0.4100      0.1363      0.1064       4.205      15.591      12.556    3135.747       1.761      55.847       1.816        0.68     202861.    0.3776  
       60.08      0.3732      0.4655      0.1368      0.1097       4.337      16.079      12.601    3233.964       1.817      56.048       1.767        0.68     203604.    0.3681  
       68.66      0.4265      0.5160      0.1373      0.1135       4.487      16.635      12.646    3345.849       1.879      56.248       1.714        0.68     204432.    0.3577  
       77.24      0.4798      0.5614      0.1377      0.1177       4.654      17.256      12.686    3470.699       1.950      56.427       1.658        0.68     205346.    0.3465  
       85.83      0.5331      0.6016      0.1381      0.1223       4.837      17.933      12.715    3606.896       2.026      56.556       1.599        0.68     206348.    0.3345  
       94.41      0.5864      0.6367      0.1381      0.1272       5.031      18.652      12.723    3751.382       2.107      56.594       1.538        0.69     207437.    0.3220  
      102.99      0.6398      0.6670      0.1379      0.1323       5.229      19.386      12.699    3899.054       2.190      56.487       1.477        0.69     208616.    0.3089  
      111.57      0.6931      0.6930      0.1371      0.1371       5.421      20.097      12.626    4042.076       2.271      56.162       1.417        0.69     209886.    0.2954  
      120.16      0.7464      0.7154      0.1355      0.1414       5.590      20.726      12.482    4168.599       2.342      55.520       1.358        0.69     211248.    0.2815  
      128.74      0.7997      0.7351      0.1329      0.1446       5.716      21.191      12.238    4262.061       2.394      54.437       1.302        0.70     212706.    0.2673  
      137.32      0.8530      0.7528      0.1288      0.1460       5.772      21.399      11.865    4303.917       2.418      52.776       1.250        0.70     214261.    0.2527  
      145.91      0.9063      0.7690      0.1232      0.1452       5.742      21.290      11.350    4281.979       2.405      50.486       1.202        0.70     215910.    0.2377  
      154.49      0.9596      0.7840      0.1163      0.1423       5.625      20.857      10.707    4194.879       2.356      47.623       1.158        0.71     217649.    0.2223  
      163.07      1.0130      0.7975      0.1081      0.1373       5.428      20.125       9.956    4047.829       2.274      44.284       1.116        0.71     219472.    0.2065  
      171.65      1.0663      0.8091      0.0990      0.1305       5.160      19.132       9.122    3848.103       2.162      40.575       1.075        0.71     221374.    0.1905  
      180.24      1.1196      0.8183      0.0893      0.1222       4.831      17.912       8.226    3602.571       2.024      36.589       1.036        0.72     223351.    0.1743  
      188.82      1.1729      0.8243      0.0791      0.1125       4.448      16.490       7.282    3316.682       1.863      32.389       0.996        0.72     225400.    0.1577  
      197.40      1.2262      0.8257      0.0684      0.1016       4.016      14.888       6.299    2994.464       1.682      28.018       0.954        0.72     227516.    0.1405  
      205.98      1.2795      0.8203      0.0574      0.0895       3.539      13.122       5.286    2639.285       1.483      23.511       0.908        0.73     229697.    0.1225  
      214.57      1.3328      0.8043      0.0461      0.0765       3.023      11.208       4.250    2254.190       1.266      18.903       0.855        0.73     231941.    0.1034  
      223.15      1.3861      0.7703      0.0347      0.0625       2.471       9.160       3.198    1842.292       1.035      14.226       0.787        0.74     234245.    0.0826  
      231.73      1.4395      0.7000      0.0232      0.0477       1.887       6.995       2.138    1406.946       0.790       9.508       0.689        0.74     236606.    0.0591  
      240.31      1.4928      0.5380      0.0116      0.0323       1.277       4.733       1.072     952.033       0.535       4.767       0.511        0.75     239016.    0.0310  
      248.90      1.5461      0.0000      0.0000      0.0163       0.645       2.390       0.000     480.723       0.270       0.000       0.000        0.75     241429.    0.0000  
                                                                                                                                                                                    
                                                                                                                                                                                    
                                                                                                                                                                                    
         PROP RPM =      18000                                                                                                                                                      
                                                                                                                                                                                    
         V          J           Pe         Ct          Cp          PWR         Torque      Thrust      PWR         Torque      Thrust      THR/PWR      Mach      Reyn       FOM    
       (mph)     (Adv_Ratio)     -          -           -          (Hp)        (In-Lbf)     (Lbf)      (W)         (N-m)       (N)         (g/W)         -         -          -     
        0.00      0.0000      0.0000      0.1351      0.0970       4.553      15.944      13.952    3395.426       1.801      62.060       1.864        0.71     211770.    0.4085  
        9.09      0.0533      0.0736      0.1350      0.0979       4.592      16.081      13.941    3424.559       1.817      62.010       1.846        0.71     212095.    0.4045  
       18.17      0.1066      0.1454      0.1351      0.0990       4.647      16.272      13.944    3465.218       1.838      62.025       1.825        0.71     212483.    0.3999  
       27.26      0.1599      0.2151      0.1352      0.1006       4.719      16.524      13.962    3518.970       1.867      62.103       1.800        0.71     212942.    0.3946  
       36.35      0.2133      0.2819      0.1355      0.1025       4.810      16.844      13.992    3587.064       1.903      62.235       1.769        0.72     213476.    0.3883  
       45.44      0.2666      0.3454      0.1359      0.1049       4.922      17.236      14.031    3670.529       1.947      62.412       1.734        0.72     214091.    0.3811  
       54.52      0.3199      0.4049      0.1364      0.1077       5.056      17.703      14.079    3770.101       2.000      62.622       1.694        0.72     214791.    0.3729  
       63.61      0.3732      0.4599      0.1369      0.1110       5.212      18.249      14.130    3886.231       2.062      62.852       1.649        0.72     215577.    0.3638  
       72.70      0.4265      0.5102      0.1374      0.1148       5.389      18.871      14.183    4018.765       2.132      63.085       1.601        0.72     216454.    0.3537  
       81.79      0.4798      0.5554      0.1378      0.1191       5.588      19.567      14.231    4166.951       2.211      63.299       1.549        0.72     217421.    0.3429  
       90.87      0.5331      0.5956      0.1382      0.1237       5.805      20.328      14.268    4328.997       2.297      63.465       1.495        0.72     218481.    0.3313  
       99.96      0.5864      0.6308      0.1383      0.1286       6.037      21.137      14.285    4501.464       2.388      63.539       1.439        0.73     219633.    0.3192  
      109.05      0.6398      0.6613      0.1382      0.1337       6.274      21.969      14.268    4678.518       2.482      63.465       1.383        0.73     220880.    0.3066  
      118.14      0.6931      0.6876      0.1375      0.1386       6.505      22.779      14.200    4851.094       2.574      63.163       1.328        0.73     222223.    0.2936  
      127.22      0.7464      0.7105      0.1361      0.1430       6.712      23.503      14.057    5005.278       2.655      62.526       1.274        0.73     223664.    0.2802  
      136.31      0.7997      0.7307      0.1337      0.1463       6.868      24.048      13.806    5121.283       2.717      61.409       1.223        0.74     225207.    0.2666  
      145.40      0.8530      0.7490      0.1299      0.1479       6.942      24.306      13.411    5176.319       2.746      59.651       1.175        0.74     226852.    0.2525  
      154.49      0.9063      0.7660      0.1245      0.1473       6.912      24.204      12.854    5154.471       2.735      57.174       1.131        0.74     228596.    0.2379  
      163.57      0.9596      0.7818      0.1176      0.1444       6.776      23.728      12.147    5053.104       2.681      54.028       1.090        0.75     230437.    0.2230  
      172.66      1.0129      0.7961      0.1096      0.1394       6.542      22.908      11.312    4878.453       2.588      50.317       1.052        0.75     232368.    0.2076  
      181.75      1.0663      0.8084      0.1005      0.1326       6.222      21.787      10.379    4639.702       2.461      46.164       1.015        0.75     234383.    0.1918  
      190.84      1.1196      0.8182      0.0907      0.1242       5.827      20.405       9.370    4345.468       2.305      41.678       0.978        0.76     236478.    0.1757  
      199.92      1.1729      0.8248      0.0804      0.1144       5.367      18.793       8.304    4002.164       2.123      36.935       0.941        0.76     238649.    0.1591  
      209.01      1.2262      0.8268      0.0696      0.1033       4.847      16.972       7.191    3614.320       1.917      31.984       0.902        0.77     240891.    0.1420  
      218.10      1.2795      0.8223      0.0585      0.0910       4.272      14.960       6.041    3185.927       1.690      26.870       0.860        0.77     243203.    0.1240  
      227.18      1.3328      0.8074      0.0471      0.0778       3.649      12.777       4.863    2721.009       1.444      21.631       0.811        0.78     245580.    0.1049  
      236.27      1.3861      0.7743      0.0355      0.0635       2.982      10.443       3.666    2224.013       1.180      16.304       0.748        0.78     248020.    0.0840  
      245.36      1.4394      0.7042      0.0238      0.0486       2.280       7.984       2.454    1700.178       0.902      10.916       0.655        0.79     250521.    0.0602  
      254.45      1.4928      0.5397      0.0119      0.0330       1.550       5.428       1.233    1155.951       0.613       5.484       0.484        0.79     253074.    0.0315  
      263.53      1.5461      0.0001      0.0000      0.0171       0.801       2.804       0.000     597.114       0.317       0.000       0.000        0.80     255630.    0.0000  
                                                                                                                                                                                    
                                                                                                                                                                                    
                                                                                                                                                                                    
         PROP RPM =      19000                                                                                                                                                      
                                                                                                                                                                                    
         V          J           Pe         Ct          Cp          PWR         Torque      Thrust      PWR         Torque      Thrust      THR/PWR      Mach      Reyn       FOM    
       (mph)     (Adv_Ratio)     -          -           -          (Hp)        (In-Lbf)     (Lbf)      (W)         (N-m)       (N)         (g/W)         -         -          -     
        0.00      0.0000      0.0000      0.1351      0.0994       5.485      18.195      15.545    4090.123       2.056      69.143       1.724        0.75     223532.    0.3988  
        9.59      0.0533      0.0718      0.1350      0.1002       5.530      18.344      15.531    4123.578       2.072      69.083       1.708        0.75     223874.    0.3950  
       19.18      0.1066      0.1421      0.1350      0.1013       5.593      18.553      15.534    4170.649       2.096      69.095       1.689        0.75     224284.    0.3907  
       28.77      0.1599      0.2102      0.1352      0.1028       5.677      18.832      15.553    4233.209       2.128      69.178       1.666        0.75     224768.    0.3856  
       38.36      0.2132      0.2757      0.1355      0.1048       5.783      19.185      15.585    4312.740       2.168      69.322       1.639        0.76     225332.    0.3797  
       47.96      0.2665      0.3379      0.1359      0.1072       5.915      19.620      15.629    4410.475       2.217      69.517       1.607        0.76     225981.    0.3728  
       57.55      0.3198      0.3963      0.1363      0.1100       6.071      20.140      15.681    4527.297       2.275      69.750       1.571        0.76     226719.    0.3650  
       67.14      0.3731      0.4505      0.1368      0.1133       6.254      20.747      15.739    4663.785       2.344      70.009       1.531        0.76     227549.    0.3563  
       76.73      0.4265      0.5001      0.1373      0.1171       6.463      21.441      15.799    4819.828       2.422      70.274       1.487        0.76     228473.    0.3468  
       86.32      0.4798      0.5449      0.1378      0.1214       6.698      22.219      15.855    4994.671       2.510      70.523       1.440        0.76     229494.    0.3364  
       95.91      0.5331      0.5847      0.1382      0.1260       6.955      23.072      15.901    5186.342       2.607      70.727       1.391        0.76     230611.    0.3254  
      105.50      0.5864      0.6198      0.1384      0.1310       7.229      23.982      15.927    5391.004       2.709      70.842       1.340        0.77     231827.    0.3138  
      115.09      0.6397      0.6503      0.1384      0.1361       7.512      24.921      15.919    5602.065       2.816      70.807       1.289        0.77     233142.    0.3017  
      124.68      0.6930      0.6769      0.1379      0.1411       7.790      25.842      15.859    5809.094       2.920      70.542       1.238        0.77     234557.    0.2894  
      134.28      0.7463      0.7001      0.1367      0.1457       8.040      26.673      15.721    5995.787       3.013      69.929       1.189        0.77     236076.    0.2767  
      143.87      0.7996      0.7209      0.1345      0.1491       8.232      27.307      15.469    6138.469       3.085      68.808       1.143        0.78     237702.    0.2638  
      153.46      0.8529      0.7401      0.1309      0.1509       8.326      27.621      15.060    6209.035       3.121      66.985       1.100        0.78     239436.    0.2505  
      163.05      0.9062      0.7582      0.1258      0.1503       8.296      27.522      14.468    6186.645       3.109      64.352       1.061        0.78     241276.    0.2367  
      172.64      0.9595      0.7753      0.1191      0.1474       8.136      26.988      13.701    6066.649       3.049      60.944       1.024        0.79     243218.    0.2225  
      182.23      1.0128      0.7911      0.1111      0.1423       7.854      26.053      12.785    5856.579       2.943      56.870       0.990        0.79     245257.    0.2077  
      191.82      1.0661      0.8049      0.1021      0.1353       7.468      24.772      11.751    5568.533       2.799      52.267       0.957        0.80     247384.    0.1925  
      201.41      1.1194      0.8161      0.0924      0.1267       6.992      23.195      10.625    5213.998       2.621      47.261       0.924        0.80     249597.    0.1768  
      211.00      1.1727      0.8241      0.0820      0.1167       6.439      21.359       9.430    4801.318       2.413      41.945       0.891        0.80     251890.    0.1605  
      220.60      1.2260      0.8273      0.0711      0.1053       5.815      19.288       8.178    4335.888       2.179      36.376       0.855        0.81     254258.    0.1436  
      230.19      1.2794      0.8238      0.0598      0.0929       5.127      17.007       6.880    3823.021       1.921      30.604       0.816        0.81     256700.    0.1256  
      239.78      1.3327      0.8093      0.0482      0.0794       4.383      14.539       5.548    3268.174       1.643      24.676       0.770        0.82     259210.    0.1064  
      249.37      1.3860      0.7758      0.0364      0.0650       3.590      11.910       4.189    2677.328       1.346      18.631       0.710        0.82     261788.    0.0852  
      258.96      1.4393      0.7026      0.0244      0.0500       2.761       9.160       2.810    2059.152       1.035      12.497       0.619        0.83     264428.    0.0609  
      268.55      1.4926      0.5302      0.0123      0.0346       1.910       6.336       1.414    1424.218       0.716       6.290       0.450        0.83     267124.    0.0314  
      278.14      1.5459      0.0000      0.0000      0.0190       1.049       3.479       0.000     782.080       0.393       0.000       0.000        0.84     269828.    0.0000  
                                                                                                                                                                                    
                                                                                                                                                                                    
                                                                                                                                                                                    
         PROP RPM =      20000                                                                                                                                                      
                                                                                                                                                                                    
         V          J           Pe         Ct          Cp          PWR         Torque      Thrust      PWR         Torque      Thrust      THR/PWR      Mach      Reyn       FOM    
       (mph)     (Adv_Ratio)     -          -           -          (Hp)        (In-Lbf)     (Lbf)      (W)         (N-m)       (N)         (g/W)         -         -          -     
        0.00      0.0000      0.0000      0.1351      0.1029       6.626      20.880      17.217    4940.757       2.359      76.582       1.581        0.79     235292.    0.3848  
       10.10      0.0533      0.0694      0.1349      0.1037       6.677      21.042      17.200    4978.980       2.377      76.505       1.567        0.79     235653.    0.3813  
       20.20      0.1066      0.1372      0.1349      0.1048       6.750      21.271      17.201    5033.259       2.403      76.510       1.550        0.79     236084.    0.3772  
       30.29      0.1600      0.2032      0.1351      0.1064       6.847      21.578      17.220    5105.823       2.438      76.593       1.530        0.79     236594.    0.3725  
       40.39      0.2133      0.2666      0.1354      0.1083       6.971      21.969      17.254    5198.449       2.482      76.744       1.505        0.80     237188.    0.3669  
       50.49      0.2666      0.3269      0.1357      0.1107       7.124      22.452      17.301    5312.597       2.537      76.953       1.477        0.80     237871.    0.3605  
       60.59      0.3199      0.3837      0.1362      0.1135       7.308      23.030      17.357    5449.323       2.602      77.205       1.445        0.80     238647.    0.3532  
       70.69      0.3732      0.4365      0.1367      0.1168       7.522      23.706      17.421    5609.346       2.678      77.487       1.409        0.80     239521.    0.3450  
       80.78      0.4265      0.4849      0.1372      0.1207       7.768      24.480      17.487    5792.617       2.766      77.781       1.369        0.80     240494.    0.3360  
       90.88      0.4799      0.5287      0.1377      0.1250       8.044      25.350      17.550    5998.402       2.864      78.062       1.327        0.80     241568.    0.3262  
      100.98      0.5332      0.5679      0.1381      0.1297       8.347      26.306      17.604    6224.616       2.972      78.301       1.283        0.80     242744.    0.3158  
      111.08      0.5865      0.6024      0.1384      0.1347       8.672      27.330      17.638    6467.039       3.088      78.454       1.237        0.81     244023.    0.3048  
      121.18      0.6398      0.6326      0.1384      0.1399       9.009      28.392      17.640    6718.313       3.208      78.462       1.191        0.81     245407.    0.2935  
      131.27      0.6931      0.6591      0.1380      0.1451       9.342      29.442      17.590    6966.582       3.326      78.240       1.145        0.81     246896.    0.2818  
      141.37      0.7464      0.6824      0.1370      0.1498       9.646      30.398      17.461    7192.781       3.434      77.667       1.101        0.82     248493.    0.2700  
      151.47      0.7998      0.7036      0.1350      0.1535       9.881      31.140      17.214    7368.431       3.518      76.567       1.060        0.82     250203.    0.2580  
      161.57      0.8531      0.7235      0.1318      0.1554      10.002      31.520      16.797    7458.339       3.561      74.712       1.021        0.82     252026.    0.2456  
      171.67      0.9064      0.7427      0.1269      0.1549       9.970      31.420      16.177    7434.670       3.550      71.955       0.987        0.83     253962.    0.2329  
      181.76      0.9597      0.7615      0.1205      0.1519       9.776      30.807      15.358    7289.734       3.481      68.313       0.956        0.83     256007.    0.2197  
      191.86      1.0130      0.7792      0.1127      0.1465       9.431      29.720      14.364    7032.535       3.358      63.890       0.926        0.83     258153.    0.2060  
      201.96      1.0663      0.7953      0.1038      0.1391       8.957      28.228      13.228    6679.344       3.189      58.838       0.898        0.84     260396.    0.1917  
      212.06      1.1197      0.8090      0.0940      0.1301       8.376      26.397      11.983    6246.176       2.982      53.302       0.870        0.84     262728.    0.1768  
      222.16      1.1730      0.8192      0.0836      0.1197       7.704      24.279      10.654    5744.950       2.743      47.390       0.841        0.85     265144.    0.1611  
      232.25      1.2263      0.8247      0.0726      0.1080       6.951      21.904       9.256    5183.062       2.475      41.171       0.810        0.85     267641.    0.1446  
      242.35      1.2796      0.8231      0.0612      0.0951       6.125      19.303       7.802    4567.621       2.181      34.702       0.775        0.86     270214.    0.1270  
      252.45      1.3329      0.8085      0.0494      0.0815       5.246      16.531       6.301    3911.741       1.868      28.025       0.731        0.86     272860.    0.1076  
      262.55      1.3863      0.7717      0.0374      0.0671       4.322      13.620       4.764    3222.785       1.539      21.190       0.670        0.87     275576.    0.0859  
      272.65      1.4396      0.6906      0.0251      0.0523       3.368      10.613       3.199    2511.326       1.199      14.230       0.578        0.87     278359.    0.0606  
      282.74      1.4929      0.5050      0.0126      0.0374       2.405       7.580       1.611    1793.542       0.856       7.165       0.407        0.88     281201.    0.0303  
      292.84      1.5462      0.0000      0.0000      0.0226       1.454       4.581       0.000    1084.037       0.518       0.000       0.000        0.88     284063.    0.0000  
                                                                                                                                                                                    
                                                                                                                                                                                    
                                                                                                                                                                                    
