         8x10E                    (8x10E.dat)                                                                                                                                       
         v2025-1001                                                                                                                                                                 
         Simulation Date: 02/24/2026                                                                                                                                                
                                                                                                                                                                                    
         AIRFOIL AERO DATA GENERATED USING:  POLARS                                                                                                                                 
                                                                                                                                                                                    
         ====== PERFORMANCE DATA (versus advance ratio and MPH) ======                                                                                                              
                                                                                                                                                                                    
         DEFINITIONS:                                                                                                                                                               
         J=V/nD (advance ratio)                                                                                                                                                     
         Ct=T/(rho * n**2 * D**4) (thrust coef.)                                                                                                                                    
         Cp=P/(rho * n**3 * D**5) (power coef.)                                                                                                                                     
         Pe=Ct*J/Cp (efficiency)                                                                                                                                                    
         V  (True Air Speed in MPH)                                                                                                                                                 
         Mach (at prop tip)                                                                                                                                                         
         Reyn (at 75% of span)                                                                                                                                                      
         FOM (Figure of Merit)                                                                                                                                                      
                                                                                                                                                                                    
                                                                                                                                                                                    
         PROP RPM =       1000                                                                                                                                                      
                                                                                                                                                                                    
         V          J           Pe         Ct          Cp          PWR         Torque      Thrust      PWR         Torque      Thrust      THR/PWR      Mach      Reyn       FOM    
       (mph)     (Adv_Ratio)     -          -           -          (Hp)        (In-Lbf)     (Lbf)      (W)         (N-m)       (N)         (g/W)         -         -          -     
        0.00      0.0000      0.0000      0.1552      0.1221       0.000       0.020       0.020       0.240       0.002       0.090      38.270        0.03       8704.    0.3995  
        0.35      0.0465      0.0582      0.1548      0.1236       0.000       0.021       0.020       0.243       0.002       0.090      37.713        0.03       8716.    0.3932  
        0.70      0.0929      0.1145      0.1545      0.1254       0.000       0.021       0.020       0.247       0.002       0.090      37.098        0.03       8731.    0.3864  
        1.06      0.1394      0.1686      0.1542      0.1275       0.000       0.021       0.020       0.251       0.002       0.090      36.422        0.03       8747.    0.3790  
        1.41      0.1859      0.2203      0.1539      0.1299       0.000       0.022       0.020       0.255       0.002       0.089      35.684        0.03       8766.    0.3710  
        1.76      0.2324      0.2692      0.1536      0.1326       0.000       0.022       0.020       0.261       0.002       0.089      34.887        0.03       8787.    0.3624  
        2.11      0.2788      0.3152      0.1533      0.1356       0.000       0.023       0.020       0.267       0.003       0.089      34.033        0.03       8811.    0.3531  
        2.46      0.3253      0.3580      0.1529      0.1389       0.000       0.023       0.020       0.273       0.003       0.089      33.134        0.03       8837.    0.3433  
        2.82      0.3718      0.3976      0.1523      0.1424       0.000       0.024       0.020       0.280       0.003       0.088      32.202        0.03       8867.    0.3330  
        3.17      0.4182      0.4341      0.1516      0.1460       0.000       0.024       0.020       0.287       0.003       0.088      31.253        0.03       8899.    0.3224  
        3.52      0.4647      0.4675      0.1505      0.1496       0.000       0.025       0.020       0.294       0.003       0.087      30.290        0.03       8934.    0.3114  
        3.87      0.5112      0.4979      0.1490      0.1530       0.000       0.025       0.019       0.301       0.003       0.087      29.329        0.03       8972.    0.3000  
        4.22      0.5576      0.5255      0.1470      0.1560       0.000       0.026       0.019       0.307       0.003       0.085      28.373        0.03       9013.    0.2883  
        4.58      0.6041      0.5504      0.1442      0.1583       0.000       0.026       0.019       0.311       0.003       0.084      27.432        0.03       9058.    0.2761  
        4.93      0.6506      0.5730      0.1406      0.1596       0.000       0.027       0.018       0.314       0.003       0.082      26.517        0.03       9105.    0.2634  
        5.28      0.6971      0.5934      0.1359      0.1597       0.000       0.027       0.018       0.314       0.003       0.079      25.631        0.03       9156.    0.2504  
        5.63      0.7435      0.6117      0.1302      0.1582       0.000       0.026       0.017       0.311       0.003       0.076      24.771        0.03       9210.    0.2368  
        5.98      0.7900      0.6278      0.1234      0.1553       0.000       0.026       0.016       0.305       0.003       0.072      23.926        0.03       9267.    0.2227  
        6.34      0.8365      0.6411      0.1157      0.1509       0.000       0.025       0.015       0.297       0.003       0.067      23.077        0.03       9327.    0.2080  
        6.69      0.8829      0.6509      0.1072      0.1454       0.000       0.024       0.014       0.286       0.003       0.062      22.198        0.03       9389.    0.1926  
        7.04      0.9294      0.6564      0.0981      0.1388       0.000       0.023       0.013       0.273       0.003       0.057      21.266        0.03       9455.    0.1765  
        7.39      0.9759      0.6564      0.0884      0.1315       0.000       0.022       0.012       0.258       0.002       0.051      20.254        0.03       9522.    0.1596  
        7.75      1.0224      0.6494      0.0783      0.1233       0.000       0.020       0.010       0.243       0.002       0.045      19.125        0.03       9593.    0.1419  
        8.10      1.0688      0.6331      0.0679      0.1146       0.000       0.019       0.009       0.225       0.002       0.039      17.834        0.03       9665.    0.1231  
        8.45      1.1153      0.6046      0.0571      0.1053       0.000       0.017       0.007       0.207       0.002       0.033      16.323        0.03       9740.    0.1033  
        8.80      1.1618      0.5599      0.0460      0.0955       0.000       0.016       0.006       0.188       0.002       0.027      14.512        0.03       9817.    0.0825  
        9.15      1.2082      0.4928      0.0348      0.0853       0.000       0.014       0.005       0.168       0.002       0.020      12.280        0.03       9897.    0.0607  
        9.51      1.2547      0.3930      0.0234      0.0748       0.000       0.012       0.003       0.147       0.001       0.014       9.432        0.03       9978.    0.0382  
        9.86      1.3012      0.2432      0.0119      0.0639       0.000       0.011       0.002       0.126       0.001       0.007       5.629        0.03      10061.    0.0163  
       10.21      1.3476      0.0111      0.0004      0.0528       0.000       0.009       0.000       0.104       0.001       0.000       0.249        0.03      10146.    0.0001  
                                                                                                                                                                                    
                                                                                                                                                                                    
                                                                                                                                                                                    
         PROP RPM =       2000                                                                                                                                                      
                                                                                                                                                                                    
         V          J           Pe         Ct          Cp          PWR         Torque      Thrust      PWR         Torque      Thrust      THR/PWR      Mach      Reyn       FOM    
       (mph)     (Adv_Ratio)     -          -           -          (Hp)        (In-Lbf)     (Lbf)      (W)         (N-m)       (N)         (g/W)         -         -          -     
        0.00      0.0000      0.0000      0.1559      0.1130       0.002       0.075       0.081       1.778       0.008       0.362      20.775        0.06      17408.    0.4348  
        0.71      0.0470      0.0638      0.1556      0.1146       0.002       0.076       0.081       1.802       0.009       0.361      20.452        0.06      17433.    0.4276  
        1.42      0.0940      0.1254      0.1553      0.1164       0.002       0.077       0.081       1.831       0.009       0.361      20.094        0.06      17462.    0.4197  
        2.14      0.1409      0.1844      0.1551      0.1185       0.003       0.079       0.081       1.865       0.009       0.360      19.701        0.06      17496.    0.4112  
        2.85      0.1879      0.2405      0.1549      0.1210       0.003       0.080       0.081       1.904       0.009       0.360      19.271        0.06      17534.    0.4020  
        3.56      0.2349      0.2934      0.1547      0.1238       0.003       0.082       0.081       1.948       0.009       0.359      18.806        0.06      17577.    0.3920  
        4.27      0.2819      0.3428      0.1544      0.1270       0.003       0.084       0.081       1.997       0.010       0.359      18.310        0.06      17625.    0.3813  
        4.98      0.3288      0.3885      0.1540      0.1304       0.003       0.087       0.080       2.051       0.010       0.358      17.788        0.06      17679.    0.3700  
        5.69      0.3758      0.4306      0.1535      0.1340       0.003       0.089       0.080       2.108       0.010       0.357      17.250        0.06      17739.    0.3582  
        6.41      0.4228      0.4691      0.1528      0.1378       0.003       0.092       0.080       2.167       0.010       0.355      16.703        0.06      17804.    0.3461  
        7.12      0.4698      0.5040      0.1518      0.1415       0.003       0.094       0.079       2.226       0.011       0.353      16.151        0.06      17876.    0.3335  
        7.83      0.5167      0.5355      0.1503      0.1451       0.003       0.096       0.079       2.282       0.011       0.349      15.603        0.06      17953.    0.3206  
        8.54      0.5637      0.5639      0.1482      0.1482       0.003       0.099       0.077       2.331       0.011       0.344      15.060        0.06      18038.    0.3073  
        9.25      0.6107      0.5894      0.1454      0.1506       0.003       0.100       0.076       2.370       0.011       0.338      14.529        0.06      18128.    0.2936  
        9.96      0.6577      0.6123      0.1416      0.1521       0.003       0.101       0.074       2.392       0.011       0.329      14.017        0.06      18225.    0.2795  
       10.68      0.7046      0.6331      0.1367      0.1522       0.003       0.101       0.071       2.394       0.011       0.318      13.526        0.07      18329.    0.2651  
       11.39      0.7516      0.6517      0.1307      0.1508       0.003       0.100       0.068       2.372       0.011       0.304      13.055        0.07      18439.    0.2502  
       12.10      0.7986      0.6683      0.1237      0.1478       0.003       0.098       0.065       2.325       0.011       0.287      12.598        0.07      18555.    0.2348  
       12.81      0.8456      0.6822      0.1157      0.1435       0.003       0.095       0.060       2.257       0.011       0.269      12.146        0.07      18677.    0.2190  
       13.52      0.8925      0.6929      0.1070      0.1379       0.003       0.092       0.056       2.169       0.010       0.249      11.687        0.07      18805.    0.2026  
       14.23      0.9395      0.6996      0.0977      0.1312       0.003       0.087       0.051       2.064       0.010       0.227      11.210        0.07      18938.    0.1857  
       14.95      0.9865      0.7012      0.0879      0.1237       0.003       0.082       0.046       1.945       0.009       0.204      10.701        0.07      19076.    0.1681  
       15.66      1.0335      0.6962      0.0777      0.1153       0.002       0.077       0.041       1.814       0.009       0.180      10.142        0.07      19220.    0.1498  
       16.37      1.0804      0.6824      0.0671      0.1063       0.002       0.071       0.035       1.672       0.008       0.156       9.509        0.07      19368.    0.1306  
       17.08      1.1274      0.6568      0.0563      0.0966       0.002       0.064       0.029       1.520       0.007       0.131       8.770        0.07      19520.    0.1103  
       17.79      1.1744      0.6148      0.0452      0.0864       0.002       0.057       0.024       1.359       0.006       0.105       7.882        0.07      19677.    0.0888  
       18.51      1.2214      0.5491      0.0340      0.0757       0.002       0.050       0.018       1.191       0.006       0.079       6.769        0.07      19839.    0.0662  
       19.22      1.2683      0.4465      0.0227      0.0646       0.001       0.043       0.012       1.016       0.005       0.053       5.300        0.07      20004.    0.0424  
       19.93      1.3153      0.2820      0.0114      0.0531       0.001       0.035       0.006       0.835       0.004       0.026       3.228        0.07      20174.    0.0183  
       20.64      1.3623      0.0013      0.0000      0.0413       0.001       0.027       0.000       0.650       0.003       0.000       0.015        0.07      20347.    0.0000  
                                                                                                                                                                                    
                                                                                                                                                                                    
                                                                                                                                                                                    
         PROP RPM =       3000                                                                                                                                                      
                                                                                                                                                                                    
         V          J           Pe         Ct          Cp          PWR         Torque      Thrust      PWR         Torque      Thrust      THR/PWR      Mach      Reyn       FOM    
       (mph)     (Adv_Ratio)     -          -           -          (Hp)        (In-Lbf)     (Lbf)      (W)         (N-m)       (N)         (g/W)         -         -          -     
        0.00      0.0000      0.0000      0.1563      0.1090       0.008       0.163       0.184       5.786       0.018       0.817      14.393        0.10      26111.    0.4523  
        1.07      0.0472      0.0666      0.1560      0.1105       0.008       0.165       0.183       5.869       0.019       0.815      14.163        0.10      26150.    0.4447  
        2.15      0.0944      0.1308      0.1557      0.1124       0.008       0.168       0.183       5.967       0.019       0.814      13.906        0.10      26194.    0.4363  
        3.22      0.1416      0.1922      0.1555      0.1146       0.008       0.171       0.183       6.083       0.019       0.813      13.624        0.10      26244.    0.4272  
        4.29      0.1888      0.2505      0.1554      0.1171       0.008       0.175       0.183       6.217       0.020       0.812      13.317        0.10      26302.    0.4173  
        5.36      0.2360      0.3053      0.1552      0.1200       0.009       0.179       0.182       6.369       0.020       0.811      12.984        0.10      26367.    0.4066  
        6.44      0.2832      0.3563      0.1549      0.1231       0.009       0.184       0.182       6.537       0.021       0.810      12.629        0.10      26440.    0.3952  
        7.51      0.3304      0.4034      0.1546      0.1266       0.009       0.189       0.182       6.721       0.021       0.808      12.257        0.10      26521.    0.3831  
        8.58      0.3775      0.4466      0.1541      0.1303       0.009       0.195       0.181       6.917       0.022       0.805      11.873        0.10      26611.    0.3706  
        9.65      0.4247      0.4860      0.1535      0.1341       0.010       0.201       0.180       7.120       0.023       0.802      11.484        0.10      26710.    0.3576  
       10.73      0.4719      0.5216      0.1524      0.1379       0.010       0.206       0.179       7.323       0.023       0.797      11.092        0.10      26819.    0.3443  
       11.80      0.5191      0.5536      0.1510      0.1416       0.010       0.212       0.177       7.516       0.024       0.789      10.703        0.10      26936.    0.3306  
       12.87      0.5663      0.5823      0.1489      0.1448       0.010       0.217       0.175       7.687       0.024       0.778      10.319        0.10      27064.    0.3165  
       13.94      0.6135      0.6080      0.1460      0.1473       0.010       0.220       0.171       7.820       0.025       0.763       9.946        0.10      27201.    0.3021  
       15.02      0.6607      0.6311      0.1421      0.1488       0.011       0.223       0.167       7.899       0.025       0.743       9.587        0.10      27347.    0.2873  
       16.09      0.7079      0.6519      0.1372      0.1489       0.011       0.223       0.161       7.907       0.025       0.717       9.243        0.10      27504.    0.2721  
       17.16      0.7551      0.6708      0.1311      0.1475       0.011       0.221       0.154       7.833       0.025       0.685       8.916        0.10      27671.    0.2566  
       18.23      0.8023      0.6875      0.1239      0.1446       0.010       0.216       0.146       7.677       0.024       0.648       8.601        0.10      27847.    0.2407  
       19.31      0.8495      0.7018      0.1159      0.1402       0.010       0.210       0.136       7.445       0.024       0.605       8.292        0.10      28031.    0.2244  
       20.38      0.8967      0.7130      0.1071      0.1346       0.010       0.201       0.126       7.147       0.023       0.559       7.981        0.10      28225.    0.2076  
       21.45      0.9439      0.7205      0.0976      0.1279       0.009       0.191       0.115       6.792       0.022       0.510       7.661        0.10      28426.    0.1903  
       22.52      0.9911      0.7232      0.0878      0.1203       0.009       0.180       0.103       6.387       0.020       0.459       7.324        0.10      28635.    0.1725  
       23.60      1.0382      0.7196      0.0775      0.1118       0.008       0.167       0.091       5.938       0.019       0.405       6.956        0.10      28852.    0.1540  
       24.67      1.0854      0.7076      0.0669      0.1026       0.007       0.154       0.079       5.450       0.017       0.350       6.543        0.10      29075.    0.1346  
       25.74      1.1326      0.6842      0.0561      0.0928       0.007       0.139       0.066       4.926       0.016       0.293       6.063        0.10      29306.    0.1141  
       26.81      1.1798      0.6447      0.0450      0.0824       0.006       0.123       0.053       4.372       0.014       0.235       5.485        0.10      29543.    0.0925  
       27.89      1.2270      0.5813      0.0338      0.0714       0.005       0.107       0.040       3.791       0.012       0.177       4.755        0.10      29787.    0.0695  
       28.96      1.2742      0.4793      0.0226      0.0600       0.004       0.090       0.027       3.186       0.010       0.118       3.775        0.10      30038.    0.0451  
       30.03      1.3214      0.3092      0.0113      0.0482       0.003       0.072       0.013       2.560       0.008       0.059       2.348        0.10      30294.    0.0198  
       31.10      1.3686      0.0008      0.0000      0.0361       0.003       0.054       0.000       1.918       0.006       0.000       0.006        0.10      30556.    0.0000  
                                                                                                                                                                                    
                                                                                                                                                                                    
                                                                                                                                                                                    
         PROP RPM =       4000                                                                                                                                                      
                                                                                                                                                                                    
         V          J           Pe         Ct          Cp          PWR         Torque      Thrust      PWR         Torque      Thrust      THR/PWR      Mach      Reyn       FOM    
       (mph)     (Adv_Ratio)     -          -           -          (Hp)        (In-Lbf)     (Lbf)      (W)         (N-m)       (N)         (g/W)         -         -          -     
        0.00      0.0000      0.0000      0.1565      0.1066       0.018       0.283       0.327      13.416       0.032       1.454      11.050        0.13      34815.    0.4633  
        1.43      0.0473      0.0683      0.1562      0.1082       0.018       0.288       0.326      13.614       0.033       1.451      10.870        0.13      34866.    0.4554  
        2.87      0.0947      0.1342      0.1560      0.1101       0.019       0.293       0.326      13.849       0.033       1.449      10.669        0.13      34925.    0.4467  
        4.30      0.1420      0.1971      0.1558      0.1123       0.019       0.298       0.325      14.126       0.034       1.447      10.448        0.13      34993.    0.4372  
        5.74      0.1893      0.2567      0.1557      0.1148       0.019       0.305       0.325      14.446       0.034       1.446      10.207        0.13      35070.    0.4269  
        7.17      0.2366      0.3127      0.1555      0.1177       0.020       0.313       0.325      14.808       0.035       1.444       9.947        0.13      35157.    0.4158  
        8.61      0.2840      0.3648      0.1553      0.1209       0.020       0.321       0.324      15.212       0.036       1.442       9.669        0.13      35255.    0.4039  
       10.04      0.3313      0.4128      0.1550      0.1244       0.021       0.331       0.324      15.652       0.037       1.440       9.378        0.13      35364.    0.3913  
       11.47      0.3786      0.4566      0.1545      0.1281       0.022       0.341       0.323      16.121       0.038       1.435       9.079        0.13      35484.    0.3782  
       12.91      0.4260      0.4965      0.1538      0.1320       0.022       0.351       0.321      16.609       0.040       1.429       8.775        0.13      35617.    0.3648  
       14.34      0.4733      0.5325      0.1529      0.1359       0.023       0.361       0.319      17.097       0.041       1.420       8.469        0.13      35762.    0.3510  
       15.78      0.5206      0.5648      0.1514      0.1395       0.024       0.371       0.316      17.561       0.042       1.406       8.167        0.13      35920.    0.3368  
       17.21      0.5679      0.5937      0.1493      0.1428       0.024       0.380       0.312      17.972       0.043       1.387       7.869        0.13      36091.    0.3223  
       18.64      0.6153      0.6195      0.1464      0.1454       0.025       0.387       0.306      18.293       0.044       1.360       7.579        0.13      36274.    0.3074  
       20.08      0.6626      0.6427      0.1425      0.1469       0.025       0.391       0.298      18.486       0.044       1.324       7.301        0.13      36471.    0.2921  
       21.51      0.7099      0.6636      0.1375      0.1471       0.025       0.391       0.287      18.508       0.044       1.277       7.037        0.13      36681.    0.2766  
       22.95      0.7573      0.6826      0.1313      0.1457       0.025       0.387       0.274      18.336       0.044       1.220       6.785        0.13      36905.    0.2606  
       24.38      0.8046      0.6995      0.1241      0.1428       0.024       0.380       0.259      17.966       0.043       1.153       6.544        0.13      37140.    0.2444  
       25.82      0.8519      0.7140      0.1160      0.1384       0.023       0.368       0.242      17.416       0.042       1.077       6.309        0.13      37388.    0.2277  
       27.25      0.8992      0.7256      0.1071      0.1328       0.022       0.353       0.224      16.707       0.040       0.995       6.074        0.13      37647.    0.2107  
       28.68      0.9466      0.7336      0.0977      0.1260       0.021       0.335       0.204      15.860       0.038       0.907       5.834        0.13      37917.    0.1932  
       30.12      0.9939      0.7370      0.0878      0.1183       0.020       0.315       0.183      14.892       0.036       0.815       5.582        0.13      38197.    0.1753  
       31.55      1.0412      0.7344      0.0774      0.1098       0.019       0.292       0.162      13.818       0.033       0.719       5.310        0.13      38487.    0.1566  
       32.99      1.0885      0.7238      0.0668      0.1005       0.017       0.267       0.140      12.648       0.030       0.621       5.005        0.13      38787.    0.1371  
       34.42      1.1359      0.7020      0.0559      0.0905       0.015       0.241       0.117      11.392       0.027       0.520       4.652        0.13      39096.    0.1166  
       35.85      1.1832      0.6645      0.0449      0.0799       0.013       0.213       0.094      10.060       0.024       0.417       4.228        0.14      39414.    0.0949  
       37.29      1.2305      0.6030      0.0337      0.0688       0.012       0.183       0.070       8.661       0.021       0.313       3.689        0.14      39741.    0.0718  
       38.72      1.2779      0.5021      0.0225      0.0572       0.010       0.152       0.047       7.203       0.017       0.209       2.957        0.14      40076.    0.0470  
       40.16      1.3252      0.3289      0.0112      0.0452       0.008       0.120       0.023       5.694       0.014       0.104       1.868        0.14      40420.    0.0210  
       41.59      1.3725      0.0005      0.0000      0.0329       0.006       0.088       0.000       4.145       0.010       0.000       0.003        0.14      40770.    0.0000  
                                                                                                                                                                                    
                                                                                                                                                                                    
                                                                                                                                                                                    
         PROP RPM =       5000                                                                                                                                                      
                                                                                                                                                                                    
         V          J           Pe         Ct          Cp          PWR         Torque      Thrust      PWR         Torque      Thrust      THR/PWR      Mach      Reyn       FOM    
       (mph)     (Adv_Ratio)     -          -           -          (Hp)        (In-Lbf)     (Lbf)      (W)         (N-m)       (N)         (g/W)         -         -          -     
        0.00      0.0000      0.0000      0.1566      0.1050       0.035       0.436       0.511      25.814       0.049       2.274       8.982        0.16      43519.    0.4710  
        1.80      0.0474      0.0696      0.1564      0.1066       0.035       0.443       0.510      26.202       0.050       2.270       8.834        0.16      43583.    0.4628  
        3.59      0.0948      0.1365      0.1562      0.1085       0.036       0.451       0.510      26.664       0.051       2.267       8.669        0.16      43656.    0.4539  
        5.39      0.1423      0.2005      0.1560      0.1107       0.036       0.460       0.509      27.208       0.052       2.264       8.487        0.16      43741.    0.4441  
        7.19      0.1897      0.2611      0.1559      0.1133       0.037       0.471       0.509      27.836       0.053       2.262       8.288        0.16      43838.    0.4336  
        8.98      0.2371      0.3179      0.1557      0.1161       0.038       0.483       0.508      28.548       0.055       2.260       8.074        0.16      43948.    0.4221  
       10.78      0.2845      0.3707      0.1555      0.1194       0.039       0.496       0.507      29.341       0.056       2.257       7.845        0.16      44070.    0.4099  
       12.57      0.3320      0.4193      0.1552      0.1229       0.041       0.511       0.507      30.206       0.058       2.253       7.606        0.16      44207.    0.3970  
       14.37      0.3794      0.4637      0.1548      0.1267       0.042       0.526       0.505      31.130       0.059       2.247       7.359        0.16      44358.    0.3836  
       16.17      0.4268      0.5039      0.1542      0.1306       0.043       0.542       0.503      32.092       0.061       2.238       7.110        0.16      44524.    0.3699  
       17.96      0.4742      0.5402      0.1532      0.1345       0.044       0.559       0.500      33.054       0.063       2.223       6.859        0.16      44706.    0.3557  
       19.76      0.5217      0.5727      0.1517      0.1382       0.046       0.574       0.495      33.972       0.065       2.202       6.611        0.16      44904.    0.3412  
       21.56      0.5691      0.6016      0.1496      0.1415       0.047       0.588       0.488      34.785       0.066       2.172       6.367        0.16      45118.    0.3263  
       23.35      0.6165      0.6275      0.1467      0.1441       0.048       0.599       0.479      35.423       0.068       2.129       6.130        0.16      45349.    0.3111  
       25.15      0.6639      0.6508      0.1428      0.1457       0.048       0.605       0.466      35.808       0.068       2.073       5.903        0.16      45596.    0.2955  
       26.95      0.7114      0.6718      0.1378      0.1459       0.048       0.606       0.450      35.858       0.068       2.000       5.687        0.16      45860.    0.2797  
       28.74      0.7588      0.6908      0.1316      0.1445       0.048       0.601       0.429      35.525       0.068       1.910       5.482        0.16      46140.    0.2635  
       30.54      0.8062      0.7078      0.1243      0.1416       0.047       0.588       0.406      34.805       0.066       1.804       5.287        0.16      46436.    0.2470  
       32.33      0.8536      0.7225      0.1161      0.1372       0.045       0.570       0.379      33.729       0.064       1.686       5.097        0.16      46746.    0.2301  
       34.13      0.9010      0.7344      0.1072      0.1316       0.043       0.547       0.350      32.339       0.062       1.556       4.908        0.17      47071.    0.2129  
       35.93      0.9485      0.7428      0.0977      0.1248       0.041       0.519       0.319      30.676       0.059       1.419       4.716        0.17      47410.    0.1953  
       37.72      0.9959      0.7468      0.0878      0.1171       0.039       0.486       0.286      28.775       0.055       1.274       4.516        0.17      47761.    0.1773  
       39.52      1.0433      0.7450      0.0775      0.1085       0.036       0.451       0.253      26.661       0.051       1.124       4.300        0.17      48125.    0.1586  
       41.32      1.0907      0.7354      0.0668      0.0991       0.033       0.412       0.218      24.355       0.047       0.970       4.060        0.17      48501.    0.1390  
       43.11      1.1382      0.7150      0.0559      0.0890       0.029       0.370       0.182      21.877       0.042       0.812       3.783        0.17      48889.    0.1185  
       44.91      1.1856      0.6790      0.0449      0.0783       0.026       0.325       0.146      19.248       0.037       0.651       3.449        0.17      49288.    0.0968  
       46.71      1.2330      0.6192      0.0337      0.0671       0.022       0.279       0.110      16.484       0.031       0.489       3.024        0.17      49698.    0.0735  
       48.50      1.2804      0.5194      0.0224      0.0553       0.018       0.230       0.073      13.601       0.026       0.326       2.443        0.17      50119.    0.0485  
       50.30      1.3279      0.3444      0.0112      0.0432       0.014       0.179       0.037      10.617       0.020       0.163       1.562        0.17      50549.    0.0219  
       52.09      1.3753      0.0003      0.0000      0.0307       0.010       0.128       0.000       7.552       0.014       0.000       0.001        0.17      50988.    0.0000  
                                                                                                                                                                                    
                                                                                                                                                                                    
                                                                                                                                                                                    
         PROP RPM =       6000                                                                                                                                                      
                                                                                                                                                                                    
         V          J           Pe         Ct          Cp          PWR         Torque      Thrust      PWR         Torque      Thrust      THR/PWR      Mach      Reyn       FOM    
       (mph)     (Adv_Ratio)     -          -           -          (Hp)        (In-Lbf)     (Lbf)      (W)         (N-m)       (N)         (g/W)         -         -          -     
        0.00      0.0000      0.0000      0.1568      0.1039       0.059       0.622       0.737      44.128       0.070       3.277       7.572        0.19      52222.    0.4767  
        2.16      0.0475      0.0705      0.1565      0.1055       0.060       0.631       0.735      44.801       0.071       3.271       7.446        0.19      52299.    0.4683  
        4.32      0.0950      0.1383      0.1563      0.1074       0.061       0.642       0.735      45.601       0.073       3.267       7.306        0.19      52388.    0.4592  
        6.48      0.1425      0.2030      0.1562      0.1096       0.062       0.656       0.734      46.543       0.074       3.264       7.151        0.19      52490.    0.4493  
        8.64      0.1900      0.2643      0.1560      0.1121       0.064       0.671       0.733      47.633       0.076       3.261       6.982        0.19      52606.    0.4385  
       10.79      0.2375      0.3218      0.1559      0.1151       0.066       0.688       0.733      48.868       0.078       3.259       6.800        0.19      52738.    0.4269  
       12.95      0.2850      0.3751      0.1557      0.1183       0.067       0.708       0.732      50.245       0.080       3.255       6.605        0.19      52885.    0.4144  
       15.11      0.3325      0.4241      0.1554      0.1218       0.069       0.729       0.730      51.749       0.082       3.249       6.402        0.19      53050.    0.4013  
       17.27      0.3800      0.4689      0.1550      0.1256       0.072       0.752       0.728      53.357       0.085       3.240       6.192        0.19      53231.    0.3876  
       19.43      0.4275      0.5094      0.1544      0.1296       0.074       0.775       0.726      55.031       0.088       3.227       5.980        0.19      53432.    0.3736  
       21.59      0.4750      0.5459      0.1535      0.1335       0.076       0.799       0.721      56.709       0.090       3.207       5.767        0.19      53651.    0.3592  
       23.75      0.5225      0.5785      0.1520      0.1373       0.078       0.821       0.714      58.311       0.093       3.177       5.557        0.19      53889.    0.3445  
       25.91      0.5699      0.6076      0.1499      0.1406       0.080       0.841       0.705      59.733       0.095       3.134       5.350        0.19      54146.    0.3293  
       28.07      0.6174      0.6335      0.1470      0.1433       0.082       0.857       0.691      60.853       0.097       3.073       5.149        0.19      54424.    0.3139  
       30.22      0.6649      0.6568      0.1431      0.1449       0.083       0.867       0.672      61.531       0.098       2.991       4.957        0.19      54721.    0.2981  
       32.38      0.7124      0.6778      0.1380      0.1451       0.083       0.868       0.649      61.630       0.098       2.885       4.774        0.20      55038.    0.2820  
       34.54      0.7599      0.6968      0.1318      0.1438       0.082       0.860       0.619      61.061       0.097       2.756       4.602        0.20      55375.    0.2657  
       36.70      0.8074      0.7139      0.1245      0.1408       0.080       0.843       0.585      59.820       0.095       2.603       4.437        0.20      55732.    0.2490  
       38.86      0.8549      0.7288      0.1163      0.1365       0.078       0.816       0.547      57.960       0.092       2.432       4.278        0.20      56106.    0.2320  
       41.02      0.9024      0.7409      0.1074      0.1308       0.074       0.783       0.505      55.551       0.088       2.245       4.120        0.20      56497.    0.2147  
       43.18      0.9499      0.7497      0.0979      0.1240       0.071       0.742       0.460      52.665       0.084       2.046       3.961        0.20      56904.    0.1970  
       45.34      0.9974      0.7542      0.0879      0.1162       0.066       0.695       0.413      49.361       0.079       1.837       3.795        0.20      57327.    0.1789  
       47.50      1.0449      0.7531      0.0775      0.1076       0.061       0.644       0.364      45.683       0.073       1.620       3.617        0.20      57765.    0.1601  
       49.65      1.0924      0.7443      0.0668      0.0981       0.056       0.587       0.314      41.668       0.066       1.397       3.419        0.20      58217.    0.1406  
       51.81      1.1399      0.7250      0.0559      0.0879       0.050       0.526       0.263      37.352       0.059       1.169       3.192        0.20      58684.    0.1200  
       53.97      1.1874      0.6904      0.0449      0.0771       0.044       0.462       0.211      32.767       0.052       0.938       2.918        0.20      59164.    0.0983  
       56.13      1.2349      0.6321      0.0337      0.0658       0.037       0.394       0.158      27.944       0.044       0.704       2.569        0.20      59657.    0.0749  
       58.29      1.2824      0.5334      0.0224      0.0539       0.031       0.323       0.105      22.912       0.036       0.469       2.087        0.21      60163.    0.0497  
       60.45      1.3299      0.3573      0.0112      0.0417       0.024       0.249       0.053      17.701       0.028       0.234       1.348        0.21      60681.    0.0227  
       62.61      1.3774      0.0003      0.0000      0.0291       0.017       0.174       0.000      12.347       0.020       0.000       0.001        0.21      61209.    0.0000  
                                                                                                                                                                                    
                                                                                                                                                                                    
                                                                                                                                                                                    
         PROP RPM =       7000                                                                                                                                                      
                                                                                                                                                                                    
         V          J           Pe         Ct          Cp          PWR         Torque      Thrust      PWR         Torque      Thrust      THR/PWR      Mach      Reyn       FOM    
       (mph)     (Adv_Ratio)     -          -           -          (Hp)        (In-Lbf)     (Lbf)      (W)         (N-m)       (N)         (g/W)         -         -          -     
        0.00      0.0000      0.0000      0.1569      0.1031       0.093       0.839       1.003      69.513       0.095       4.463       6.547        0.22      60926.    0.4810  
        2.52      0.0476      0.0712      0.1566      0.1047       0.095       0.852       1.002      70.582       0.096       4.456       6.437        0.22      61015.    0.4726  
        5.04      0.0951      0.1396      0.1564      0.1065       0.096       0.868       1.001      71.856       0.098       4.450       6.315        0.22      61119.    0.4633  
        7.57      0.1427      0.2050      0.1563      0.1088       0.098       0.886       1.000      73.355       0.100       4.446       6.181        0.22      61238.    0.4533  
       10.09      0.1902      0.2668      0.1562      0.1113       0.101       0.907       0.999      75.090       0.102       4.443       6.034        0.22      61375.    0.4423  
       12.61      0.2378      0.3248      0.1561      0.1143       0.103       0.930       0.998      77.058       0.105       4.440       5.875        0.22      61528.    0.4305  
       15.13      0.2853      0.3785      0.1559      0.1175       0.106       0.957       0.997      79.253       0.108       4.435       5.706        0.22      61701.    0.4179  
       17.65      0.3329      0.4279      0.1556      0.1211       0.109       0.986       0.995      81.653       0.111       4.427       5.529        0.22      61893.    0.4046  
       20.17      0.3804      0.4729      0.1552      0.1249       0.113       1.017       0.993      84.220       0.115       4.416       5.347        0.22      62105.    0.3908  
       22.70      0.4280      0.5137      0.1546      0.1288       0.117       1.049       0.989      86.897       0.119       4.399       5.163        0.22      62339.    0.3766  
       25.22      0.4755      0.5503      0.1537      0.1328       0.120       1.082       0.983      89.584       0.122       4.373       4.977        0.22      62595.    0.3620  
       27.74      0.5231      0.5830      0.1523      0.1366       0.124       1.113       0.974      92.152       0.126       4.333       4.794        0.23      62874.    0.3471  
       30.26      0.5706      0.6122      0.1502      0.1400       0.127       1.140       0.961      94.437       0.129       4.273       4.614        0.23      63175.    0.3317  
       32.78      0.6182      0.6381      0.1473      0.1427       0.129       1.162       0.942      96.241       0.131       4.191       4.440        0.23      63499.    0.3161  
       35.30      0.6657      0.6614      0.1434      0.1443       0.131       1.175       0.917      97.342       0.133       4.080       4.274        0.23      63847.    0.3002  
       37.83      0.7133      0.6825      0.1383      0.1446       0.131       1.177       0.885      97.518       0.133       3.936       4.116        0.23      64218.    0.2839  
       40.35      0.7609      0.7016      0.1321      0.1433       0.130       1.167       0.845      96.626       0.132       3.758       3.966        0.23      64612.    0.2674  
       42.87      0.8084      0.7188      0.1248      0.1404       0.127       1.143       0.798      94.661       0.129       3.550       3.824        0.23      65028.    0.2506  
       45.39      0.8560      0.7338      0.1166      0.1360       0.123       1.107       0.746      91.705       0.125       3.316       3.687        0.23      65466.    0.2335  
       47.91      0.9035      0.7461      0.1076      0.1303       0.118       1.061       0.688      87.870       0.120       3.061       3.552        0.23      65923.    0.2161  
       50.44      0.9511      0.7552      0.0980      0.1235       0.112       1.005       0.627      83.268       0.114       2.789       3.415        0.23      66399.    0.1984  
       52.96      0.9986      0.7601      0.0880      0.1156       0.105       0.942       0.563      77.994       0.106       2.504       3.274        0.23      66894.    0.1802  
       55.48      1.0462      0.7595      0.0776      0.1069       0.097       0.871       0.497      72.118       0.098       2.209       3.123        0.23      67406.    0.1614  
       58.00      1.0937      0.7515      0.0669      0.0974       0.088       0.793       0.428      65.699       0.090       1.904       2.956        0.24      67935.    0.1418  
       60.52      1.1413      0.7331      0.0560      0.0872       0.079       0.710       0.358      58.792       0.080       1.593       2.763        0.24      68480.    0.1213  
       63.04      1.1888      0.6997      0.0449      0.0763       0.069       0.621       0.287      51.451       0.070       1.277       2.532        0.24      69042.    0.0995  
       65.57      1.2364      0.6427      0.0337      0.0648       0.059       0.528       0.216      43.727       0.060       0.959       2.236        0.24      69618.    0.0761  
       68.09      1.2839      0.5451      0.0225      0.0529       0.048       0.431       0.144      35.663       0.049       0.639       1.826        0.24      70210.    0.0508  
       70.61      1.3315      0.3683      0.0112      0.0405       0.037       0.330       0.072      27.311       0.037       0.319       1.190        0.24      70816.    0.0234  
       73.13      1.3790      0.0001      0.0000      0.0278       0.025       0.226       0.000      18.726       0.026       0.000       0.000        0.24      71433.    0.0000  
                                                                                                                                                                                    
                                                                                                                                                                                    
                                                                                                                                                                                    
         PROP RPM =       8000                                                                                                                                                      
                                                                                                                                                                                    
         V          J           Pe         Ct          Cp          PWR         Torque      Thrust      PWR         Torque      Thrust      THR/PWR      Mach      Reyn       FOM    
       (mph)     (Adv_Ratio)     -          -           -          (Hp)        (In-Lbf)     (Lbf)      (W)         (N-m)       (N)         (g/W)         -         -          -     
        0.00      0.0000      0.0000      0.1570      0.1024       0.138       1.090       1.311     103.136       0.123       5.832       5.767        0.25      69629.    0.4843  
        2.88      0.0476      0.0717      0.1567      0.1040       0.140       1.107       1.309     104.732       0.125       5.823       5.670        0.25      69732.    0.4758  
        5.77      0.0952      0.1407      0.1565      0.1059       0.143       1.127       1.308     106.634       0.127       5.817       5.562        0.25      69850.    0.4665  
        8.65      0.1428      0.2065      0.1564      0.1081       0.146       1.150       1.307     108.874       0.130       5.812       5.443        0.25      69987.    0.4564  
       11.54      0.1904      0.2688      0.1563      0.1107       0.149       1.178       1.306     111.469       0.133       5.808       5.313        0.25      70143.    0.4453  
       14.42      0.2380      0.3271      0.1562      0.1136       0.153       1.209       1.305     114.414       0.137       5.804       5.173        0.25      70318.    0.4334  
       17.31      0.2856      0.3812      0.1560      0.1169       0.158       1.244       1.304     117.702       0.140       5.798       5.024        0.25      70516.    0.4207  
       20.19      0.3332      0.4309      0.1558      0.1205       0.163       1.282       1.302     121.300       0.145       5.789       4.867        0.26      70735.    0.4072  
       23.08      0.3808      0.4761      0.1554      0.1243       0.168       1.322       1.298     125.151       0.149       5.775       4.706        0.26      70979.    0.3933  
       25.96      0.4284      0.5170      0.1549      0.1283       0.173       1.365       1.294     129.172       0.154       5.754       4.542        0.26      71247.    0.3789  
       28.85      0.4760      0.5538      0.1539      0.1323       0.179       1.407       1.286     133.214       0.159       5.720       4.379        0.26      71540.    0.3642  
       31.73      0.5236      0.5866      0.1526      0.1362       0.184       1.448       1.274     137.084       0.164       5.669       4.217        0.26      71858.    0.3492  
       34.62      0.5712      0.6158      0.1505      0.1396       0.188       1.485       1.257     140.535       0.168       5.592       4.058        0.26      72203.    0.3337  
       37.50      0.6188      0.6418      0.1476      0.1423       0.192       1.514       1.233     143.269       0.171       5.485       3.904        0.26      72574.    0.3179  
       40.39      0.6664      0.6651      0.1437      0.1440       0.194       1.531       1.201     144.951       0.173       5.340       3.757        0.26      72972.    0.3019  
       43.27      0.7140      0.6862      0.1387      0.1443       0.195       1.535       1.158     145.245       0.173       5.152       3.617        0.26      73397.    0.2855  
       46.16      0.7616      0.7054      0.1324      0.1430       0.193       1.521       1.106     143.935       0.172       4.920       3.486        0.26      73849.    0.2689  
       49.04      0.8092      0.7226      0.1251      0.1401       0.189       1.490       1.045     141.011       0.168       4.648       3.361        0.26      74325.    0.2520  
       51.93      0.8568      0.7377      0.1168      0.1357       0.183       1.443       0.976     136.596       0.163       4.341       3.241        0.26      74826.    0.2348  
       54.81      0.9044      0.7502      0.1078      0.1300       0.175       1.383       0.901     130.857       0.156       4.007       3.122        0.26      75350.    0.2173  
       57.70      0.9520      0.7596      0.0982      0.1231       0.166       1.310       0.821     123.960       0.148       3.651       3.003        0.27      75895.    0.1995  
       60.58      0.9996      0.7649      0.0882      0.1153       0.156       1.226       0.737     116.048       0.139       3.278       2.880        0.27      76462.    0.1813  
       63.47      1.0472      0.7648      0.0778      0.1065       0.144       1.133       0.650     107.226       0.128       2.890       2.749        0.27      77048.    0.1625  
       66.35      1.0948      0.7574      0.0671      0.0969       0.131       1.031       0.560      97.580       0.116       2.492       2.604        0.27      77654.    0.1429  
       69.24      1.1424      0.7399      0.0561      0.0866       0.117       0.921       0.469      87.196       0.104       2.084       2.438        0.27      78278.    0.1224  
       72.12      1.1900      0.7075      0.0450      0.0756       0.102       0.805       0.376      76.155       0.091       1.671       2.238        0.27      78921.    0.1006  
       75.01      1.2376      0.6518      0.0338      0.0641       0.087       0.682       0.282      64.531       0.077       1.254       1.982        0.27      79581.    0.0772  
       77.89      1.2852      0.5553      0.0225      0.0520       0.070       0.554       0.188      52.392       0.063       0.835       1.626        0.27      80258.    0.0517  
       80.78      1.3328      0.3780      0.0112      0.0395       0.053       0.421       0.094      39.816       0.048       0.417       1.067        0.28      80952.    0.0240  
       83.66      1.3804      0.0001      0.0000      0.0267       0.036       0.284       0.000      26.886       0.032       0.000       0.000        0.28      81658.    0.0000  
                                                                                                                                                                                    
                                                                                                                                                                                    
                                                                                                                                                                                    
         PROP RPM =       9000                                                                                                                                                      
                                                                                                                                                                                    
         V          J           Pe         Ct          Cp          PWR         Torque      Thrust      PWR         Torque      Thrust      THR/PWR      Mach      Reyn       FOM    
       (mph)     (Adv_Ratio)     -          -           -          (Hp)        (In-Lbf)     (Lbf)      (W)         (N-m)       (N)         (g/W)         -         -          -     
        0.00      0.0000      0.0000      0.1570      0.1020       0.196       1.373       1.660     146.177       0.155       7.386       5.152        0.29      78332.    0.4869  
        3.25      0.0476      0.0721      0.1568      0.1036       0.199       1.394       1.658     148.447       0.158       7.374       5.066        0.29      78448.    0.4784  
        6.50      0.0953      0.1415      0.1566      0.1054       0.203       1.420       1.656     151.156       0.160       7.366       4.969        0.29      78581.    0.4690  
        9.74      0.1429      0.2077      0.1565      0.1077       0.207       1.450       1.655     154.346       0.164       7.361       4.863        0.29      78735.    0.4588  
       12.99      0.1906      0.2704      0.1564      0.1103       0.212       1.484       1.654     158.046       0.168       7.357       4.747        0.29      78910.    0.4477  
       16.24      0.2382      0.3290      0.1563      0.1132       0.218       1.524       1.653     162.248       0.172       7.352       4.621        0.29      79109.    0.4357  
       19.49      0.2858      0.3834      0.1562      0.1165       0.224       1.568       1.651     166.942       0.177       7.346       4.487        0.29      79331.    0.4229  
       22.74      0.3335      0.4333      0.1560      0.1200       0.231       1.616       1.649     172.083       0.183       7.335       4.346        0.29      79578.    0.4094  
       25.99      0.3811      0.4787      0.1556      0.1239       0.238       1.668       1.645     177.593       0.188       7.318       4.202        0.29      79852.    0.3953  
       29.23      0.4288      0.5198      0.1551      0.1279       0.246       1.722       1.640     183.355       0.195       7.293       4.056        0.29      80154.    0.3809  
       32.48      0.4764      0.5566      0.1542      0.1320       0.254       1.776       1.630     189.154       0.201       7.251       3.909        0.29      80484.    0.3661  
       35.73      0.5240      0.5896      0.1528      0.1358       0.261       1.829       1.616     194.718       0.207       7.187       3.764        0.29      80843.    0.3509  
       38.98      0.5717      0.6188      0.1508      0.1393       0.268       1.875       1.594     199.692       0.212       7.091       3.621        0.29      81231.    0.3354  
       42.23      0.6193      0.6448      0.1479      0.1421       0.273       1.913       1.564     203.646       0.216       6.956       3.483        0.29      81650.    0.3195  
       45.47      0.6670      0.6682      0.1440      0.1438       0.276       1.936       1.523     206.100       0.219       6.774       3.352        0.29      82098.    0.3034  
       48.72      0.7146      0.6892      0.1390      0.1441       0.277       1.940       1.470     206.567       0.219       6.537       3.227        0.29      82577.    0.2869  
       51.97      0.7622      0.7084      0.1327      0.1428       0.275       1.923       1.404     204.737       0.217       6.243       3.109        0.29      83085.    0.2702  
       55.22      0.8099      0.7258      0.1254      0.1399       0.269       1.884       1.326     200.591       0.213       5.897       2.998        0.29      83623.    0.2532  
       58.47      0.8575      0.7410      0.1171      0.1355       0.261       1.825       1.238     194.304       0.206       5.508       2.891        0.30      84187.    0.2360  
       61.72      0.9052      0.7537      0.1081      0.1298       0.250       1.748       1.143     186.112       0.197       5.084       2.786        0.30      84777.    0.2184  
       64.96      0.9528      0.7633      0.0985      0.1230       0.236       1.655       1.041     176.253       0.187       4.632       2.680        0.30      85392.    0.2006  
       68.21      1.0004      0.7689      0.0884      0.1151       0.221       1.549       0.935     164.932       0.175       4.159       2.571        0.30      86030.    0.1824  
       71.46      1.0481      0.7693      0.0780      0.1062       0.204       1.430       0.825     152.298       0.162       3.667       2.456        0.30      86691.    0.1635  
       74.71      1.0957      0.7625      0.0672      0.0966       0.186       1.300       0.711     138.475       0.147       3.161       2.328        0.30      87373.    0.1440  
       77.96      1.1434      0.7457      0.0562      0.0862       0.166       1.161       0.595     123.586       0.131       2.645       2.182        0.30      88077.    0.1234  
       81.21      1.1910      0.7143      0.0451      0.0752       0.144       1.012       0.477     107.747       0.114       2.120       2.006        0.31      88801.    0.1016  
       84.45      1.2387      0.6597      0.0338      0.0635       0.122       0.855       0.358      91.067       0.097       1.591       1.782        0.31      89545.    0.0782  
       87.70      1.2863      0.5642      0.0225      0.0514       0.099       0.692       0.238      73.641       0.078       1.060       1.467        0.31      90308.    0.0525  
       90.95      1.3339      0.3867      0.0112      0.0388       0.075       0.522       0.119      55.585       0.059       0.529       0.970        0.31      91089.    0.0245  
       94.20      1.3816      0.0002      0.0000      0.0258       0.050       0.348       0.000      37.017       0.039       0.000       0.000        0.31      91884.    0.0000  
                                                                                                                                                                                    
                                                                                                                                                                                    
                                                                                                                                                                                    
         PROP RPM =      10000                                                                                                                                                      
                                                                                                                                                                                    
         V          J           Pe         Ct          Cp          PWR         Torque      Thrust      PWR         Torque      Thrust      THR/PWR      Mach      Reyn       FOM    
       (mph)     (Adv_Ratio)     -          -           -          (Hp)        (In-Lbf)     (Lbf)      (W)         (N-m)       (N)         (g/W)         -         -          -     
        0.00      0.0000      0.0000      0.1571      0.1016       0.268       1.689       2.051     199.836       0.191       9.122       4.655        0.32      87035.    0.4890  
        3.61      0.0477      0.0725      0.1569      0.1032       0.272       1.715       2.048     202.945       0.194       9.109       4.577        0.32      87164.    0.4804  
        7.22      0.0954      0.1422      0.1567      0.1051       0.277       1.747       2.046     206.658       0.197       9.099       4.490        0.32      87312.    0.4710  
       10.84      0.1430      0.2087      0.1566      0.1073       0.283       1.784       2.044     211.035       0.202       9.093       4.394        0.32      87483.    0.4608  
       14.45      0.1907      0.2716      0.1565      0.1099       0.290       1.827       2.043     216.113       0.206       9.089       4.289        0.32      87678.    0.4496  
       18.06      0.2384      0.3305      0.1565      0.1128       0.298       1.875       2.042     221.886       0.212       9.084       4.175        0.32      87898.    0.4376  
       21.67      0.2861      0.3851      0.1563      0.1161       0.306       1.930       2.041     228.341       0.218       9.077       4.054        0.32      88146.    0.4247  
       25.28      0.3337      0.4352      0.1561      0.1197       0.316       1.990       2.038     235.417       0.225       9.065       3.926        0.32      88421.    0.4111  
       28.89      0.3814      0.4808      0.1558      0.1236       0.326       2.054       2.034     243.011       0.232       9.046       3.796        0.32      88726.    0.3970  
       32.51      0.4291      0.5220      0.1553      0.1276       0.337       2.121       2.027     250.963       0.240       9.015       3.663        0.32      89061.    0.3825  
       36.12      0.4768      0.5590      0.1544      0.1317       0.347       2.189       2.016     258.980       0.247       8.966       3.530        0.32      89428.    0.3676  
       39.73      0.5244      0.5920      0.1531      0.1356       0.358       2.254       1.998     266.689       0.255       8.889       3.399        0.32      89828.    0.3524  
       43.34      0.5721      0.6212      0.1511      0.1391       0.367       2.313       1.972     273.598       0.261       8.772       3.269        0.32      90260.    0.3368  
       46.95      0.6198      0.6473      0.1482      0.1419       0.374       2.359       1.935     279.114       0.267       8.607       3.145        0.32      90725.    0.3208  
       50.56      0.6675      0.6706      0.1444      0.1437       0.379       2.388       1.885     282.567       0.270       8.383       3.025        0.32      91224.    0.3046  
       54.18      0.7151      0.6917      0.1394      0.1441       0.380       2.394       1.819     283.283       0.271       8.091       2.913        0.33      91756.    0.2881  
       57.79      0.7628      0.7110      0.1331      0.1428       0.377       2.374       1.738     280.826       0.268       7.729       2.806        0.33      92322.    0.2713  
       61.40      0.8105      0.7283      0.1258      0.1399       0.369       2.326       1.642     275.167       0.263       7.302       2.706        0.33      92920.    0.2543  
       65.01      0.8582      0.7437      0.1175      0.1356       0.357       2.253       1.533     266.542       0.255       6.820       2.609        0.33      93548.    0.2370  
       68.62      0.9058      0.7565      0.1084      0.1298       0.342       2.158       1.415     255.277       0.244       6.295       2.515        0.33      94205.    0.2194  
       72.24      0.9535      0.7663      0.0988      0.1229       0.324       2.043       1.290     241.700       0.231       5.736       2.420        0.33      94889.    0.2016  
       75.85      1.0012      0.7723      0.0887      0.1150       0.303       1.911       1.158     226.092       0.216       5.150       2.323        0.33      95599.    0.1833  
       79.46      1.0489      0.7731      0.0782      0.1061       0.280       1.764       1.021     208.658       0.199       4.541       2.219        0.33      96334.    0.1645  
       83.07      1.0965      0.7669      0.0674      0.0964       0.254       1.602       0.880     189.573       0.181       3.915       2.106        0.34      97094.    0.1449  
       86.68      1.1442      0.7508      0.0564      0.0859       0.227       1.428       0.736     169.005       0.161       3.274       1.976        0.34      97876.    0.1243  
       90.29      1.1919      0.7203      0.0452      0.0748       0.197       1.243       0.590     147.117       0.140       2.625       1.820        0.34      98682.    0.1025  
       93.91      1.2396      0.6667      0.0339      0.0631       0.166       1.049       0.443     124.056       0.118       1.970       1.619        0.34      99510.    0.0790  
       97.52      1.2872      0.5722      0.0226      0.0508       0.134       0.845       0.295      99.959       0.095       1.312       1.338        0.34     100359.    0.0533  
      101.13      1.3349      0.3946      0.0113      0.0381       0.101       0.634       0.147      74.983       0.072       0.654       0.890        0.34     101228.    0.0250  
      104.74      1.3826      0.0001      0.0000      0.0251       0.066       0.417       0.000      49.295       0.047       0.000       0.000        0.35     102112.    0.0000  
                                                                                                                                                                                    
                                                                                                                                                                                    
                                                                                                                                                                                    
         PROP RPM =      11000                                                                                                                                                      
                                                                                                                                                                                    
         V          J           Pe         Ct          Cp          PWR         Torque      Thrust      PWR         Torque      Thrust      THR/PWR      Mach      Reyn       FOM    
       (mph)     (Adv_Ratio)     -          -           -          (Hp)        (In-Lbf)     (Lbf)      (W)         (N-m)       (N)         (g/W)         -         -          -     
        0.00      0.0000      0.0000      0.1572      0.1014       0.356       2.039       2.483     265.336       0.230      11.044       4.244        0.35      95738.    0.4905  
        3.98      0.0477      0.0727      0.1570      0.1030       0.361       2.071       2.479     269.466       0.234      11.028       4.173        0.35      95879.    0.4820  
        7.95      0.0954      0.1427      0.1568      0.1048       0.368       2.108       2.477     274.401       0.238      11.017       4.094        0.35      96043.    0.4726  
       11.93      0.1431      0.2095      0.1567      0.1071       0.376       2.153       2.475     280.223       0.243      11.010       4.006        0.35      96231.    0.4623  
       15.90      0.1908      0.2726      0.1567      0.1097       0.385       2.205       2.474     286.983       0.249      11.005       3.910        0.35      96446.    0.4512  
       19.88      0.2385      0.3317      0.1566      0.1126       0.395       2.264       2.473     294.676       0.256      11.001       3.807        0.35      96688.    0.4391  
       23.85      0.2862      0.3865      0.1565      0.1159       0.407       2.330       2.471     303.285       0.263      10.993       3.696        0.35      96960.    0.4262  
       27.83      0.3339      0.4368      0.1563      0.1195       0.419       2.403       2.468     312.734       0.271      10.980       3.580        0.35      97263.    0.4125  
       31.80      0.3816      0.4825      0.1560      0.1234       0.433       2.481       2.464     322.887       0.280      10.958       3.461        0.35      97599.    0.3984  
       35.78      0.4293      0.5238      0.1555      0.1274       0.447       2.563       2.456     333.536       0.290      10.924       3.340        0.35      97968.    0.3839  
       39.75      0.4771      0.5609      0.1547      0.1316       0.462       2.646       2.443     344.293       0.299      10.866       3.218        0.35      98372.    0.3689  
       43.73      0.5248      0.5939      0.1534      0.1355       0.476       2.725       2.422     354.660       0.308      10.775       3.098        0.35      98812.    0.3537  
       47.71      0.5725      0.6232      0.1514      0.1391       0.488       2.797       2.391     363.979       0.316      10.637       2.980        0.35      99288.    0.3380  
       51.68      0.6202      0.6493      0.1486      0.1419       0.498       2.854       2.347     371.452       0.322      10.439       2.866        0.36      99800.    0.3220  
       55.66      0.6679      0.6727      0.1448      0.1437       0.504       2.890       2.287     376.177       0.327      10.170       2.757        0.36     100349.    0.3058  
       59.63      0.7156      0.6938      0.1398      0.1441       0.506       2.899       2.207     377.241       0.327       9.818       2.654        0.36     100936.    0.2892  
       63.61      0.7633      0.7131      0.1335      0.1429       0.502       2.874       2.109     374.053       0.325       9.380       2.557        0.36     101559.    0.2724  
       67.58      0.8110      0.7305      0.1262      0.1401       0.492       2.817       1.993     366.564       0.318       8.863       2.466        0.36     102218.    0.2553  
       71.56      0.8587      0.7459      0.1179      0.1357       0.476       2.728       1.862     355.087       0.308       8.280       2.378        0.36     102909.    0.2379  
       75.53      0.9064      0.7589      0.1088      0.1299       0.456       2.613       1.718     340.057       0.295       7.643       2.292        0.36     103633.    0.2204  
       79.51      0.9541      0.7690      0.0991      0.1230       0.432       2.474       1.566     321.914       0.279       6.964       2.206        0.36     104386.    0.2025  
       83.48      1.0018      0.7752      0.0890      0.1150       0.404       2.313       1.406     301.032       0.261       6.253       2.118        0.37     105168.    0.1842  
       87.46      1.0495      0.7764      0.0785      0.1061       0.372       2.134       1.240     277.688       0.241       5.514       2.025        0.37     105978.    0.1654  
       91.44      1.0972      0.7707      0.0677      0.0963       0.338       1.937       1.069     252.117       0.219       4.754       1.923        0.37     106815.    0.1458  
       95.41      1.1449      0.7553      0.0566      0.0858       0.301       1.725       0.894     224.545       0.195       3.976       1.806        0.37     107677.    0.1252  
       99.39      1.1926      0.7256      0.0454      0.0746       0.262       1.500       0.717     195.192       0.169       3.188       1.665        0.37     108564.    0.1034  
      103.36      1.2403      0.6730      0.0341      0.0628       0.220       1.262       0.538     164.255       0.143       2.392       1.485        0.38     109476.    0.0799  
      107.34      1.2880      0.5795      0.0227      0.0504       0.177       1.014       0.358     131.918       0.115       1.593       1.232        0.38     110411.    0.0541  
      111.31      1.3358      0.4019      0.0113      0.0376       0.132       0.756       0.179      98.394       0.085       0.795       0.824        0.38     111368.    0.0255  
      115.29      1.3835      0.0001      0.0000      0.0244       0.086       0.491       0.000      63.910       0.055       0.000       0.000        0.38     112341.    0.0000  
                                                                                                                                                                                    
                                                                                                                                                                                    
                                                                                                                                                                                    
         PROP RPM =      12000                                                                                                                                                      
                                                                                                                                                                                    
         V          J           Pe         Ct          Cp          PWR         Torque      Thrust      PWR         Torque      Thrust      THR/PWR      Mach      Reyn       FOM    
       (mph)     (Adv_Ratio)     -          -           -          (Hp)        (In-Lbf)     (Lbf)      (W)         (N-m)       (N)         (g/W)         -         -          -     
        0.00      0.0000      0.0000      0.1573      0.1012       0.461       2.422       2.956     343.928       0.274      13.149       3.899        0.38     104441.    0.4916  
        4.34      0.0477      0.0729      0.1571      0.1028       0.468       2.460       2.952     349.274       0.278      13.131       3.834        0.38     104595.    0.4831  
        8.68      0.0955      0.1431      0.1569      0.1047       0.477       2.505       2.949     355.669       0.283      13.118       3.761        0.38     104773.    0.4737  
       13.02      0.1432      0.2101      0.1568      0.1069       0.487       2.558       2.948     363.218       0.289      13.110       3.681        0.38     104979.    0.4635  
       17.36      0.1909      0.2734      0.1568      0.1095       0.499       2.620       2.947     371.994       0.296      13.106       3.593        0.38     105213.    0.4523  
       21.70      0.2387      0.3327      0.1567      0.1124       0.512       2.691       2.946     381.988       0.304      13.102       3.498        0.38     105478.    0.4403  
       26.04      0.2864      0.3876      0.1566      0.1157       0.527       2.769       2.944     393.185       0.313      13.094       3.396        0.38     105775.    0.4274  
       30.38      0.3341      0.4380      0.1564      0.1193       0.544       2.856       2.941     405.490       0.323      13.080       3.289        0.38     106105.    0.4137  
       34.71      0.3819      0.4839      0.1562      0.1232       0.562       2.949       2.935     418.731       0.333      13.057       3.180        0.38     106472.    0.3996  
       39.05      0.4296      0.5253      0.1557      0.1273       0.580       3.047       2.927     432.642       0.344      13.018       3.068        0.38     106875.    0.3850  
       43.39      0.4773      0.5625      0.1549      0.1315       0.599       3.147       2.912     446.724       0.355      12.953       2.957        0.39     107316.    0.3701  
       47.73      0.5251      0.5955      0.1537      0.1355       0.617       3.242       2.888     460.330       0.366      12.848       2.846        0.39     107796.    0.3548  
       52.07      0.5728      0.6249      0.1517      0.1391       0.634       3.329       2.852     472.601       0.376      12.687       2.737        0.39     108315.    0.3391  
       56.41      0.6205      0.6510      0.1490      0.1420       0.647       3.398       2.800     482.488       0.384      12.455       2.632        0.39     108875.    0.3231  
       60.75      0.6683      0.6744      0.1452      0.1439       0.655       3.443       2.729     488.805       0.389      12.138       2.532        0.39     109474.    0.3068  
       65.09      0.7160      0.6955      0.1402      0.1443       0.658       3.454       2.635     490.347       0.390      11.720       2.437        0.39     110115.    0.2902  
       69.43      0.7637      0.7148      0.1340      0.1431       0.652       3.425       2.518     486.327       0.387      11.200       2.348        0.39     110796.    0.2733  
       73.77      0.8115      0.7323      0.1266      0.1403       0.639       3.357       2.380     476.671       0.379      10.585       2.264        0.39     111515.    0.2562  
       78.11      0.8592      0.7478      0.1183      0.1359       0.619       3.253       2.223     461.780       0.367       9.890       2.184        0.39     112271.    0.2389  
       82.45      0.9069      0.7610      0.1092      0.1301       0.593       3.115       2.053     442.220       0.352       9.130       2.105        0.40     113061.    0.2212  
       86.79      0.9547      0.7712      0.0995      0.1232       0.561       2.948       1.871     418.566       0.333       8.320       2.027        0.40     113884.    0.2033  
       91.13      1.0024      0.7778      0.0894      0.1152       0.525       2.756       1.680     391.311       0.311       7.471       1.947        0.40     114738.    0.1851  
       95.47      1.0501      0.7793      0.0788      0.1062       0.484       2.541       1.481     360.816       0.287       6.589       1.862        0.40     115623.    0.1662  
       99.80      1.0979      0.7741      0.0679      0.0964       0.439       2.306       1.277     327.389       0.261       5.680       1.769        0.40     116536.    0.1466  
      104.14      1.1456      0.7593      0.0568      0.0857       0.391       2.052       1.068     291.330       0.232       4.751       1.663        0.41     117478.    0.1261  
      108.48      1.1933      0.7304      0.0456      0.0744       0.339       1.781       0.856     252.925       0.201       3.809       1.536        0.41     118447.    0.1042  
      112.82      1.2411      0.6788      0.0342      0.0625       0.285       1.496       0.643     212.433       0.169       2.859       1.372        0.41     119443.    0.0807  
      117.16      1.2888      0.5863      0.0228      0.0501       0.228       1.198       0.428     170.096       0.135       1.904       1.141        0.41     120464.    0.0548  
      121.50      1.3365      0.4088      0.0114      0.0371       0.169       0.889       0.214     126.197       0.100       0.950       0.767        0.41     121509.    0.0260  
      125.84      1.3843      0.0001      0.0000      0.0238       0.109       0.571       0.000      81.031       0.064       0.000       0.000        0.42     122571.    0.0000  
                                                                                                                                                                                    
                                                                                                                                                                                    
                                                                                                                                                                                    
         PROP RPM =      13000                                                                                                                                                      
                                                                                                                                                                                    
         V          J           Pe         Ct          Cp          PWR         Torque      Thrust      PWR         Torque      Thrust      THR/PWR      Mach      Reyn       FOM    
       (mph)     (Adv_Ratio)     -          -           -          (Hp)        (In-Lbf)     (Lbf)      (W)         (N-m)       (N)         (g/W)         -         -          -     
        0.00      0.0000      0.0000      0.1573      0.1011       0.586       2.841       3.471     436.891       0.321      15.439       3.603        0.41     113143.    0.4924  
        4.70      0.0478      0.0731      0.1571      0.1027       0.595       2.885       3.466     443.665       0.326      15.418       3.544        0.41     113310.    0.4839  
        9.41      0.0955      0.1434      0.1570      0.1046       0.606       2.937       3.463     451.775       0.332      15.404       3.477        0.41     113504.    0.4746  
       14.11      0.1433      0.2105      0.1569      0.1068       0.619       3.000       3.461     461.359       0.339      15.396       3.403        0.41     113726.    0.4644  
       18.81      0.1910      0.2740      0.1569      0.1094       0.634       3.072       3.461     472.509       0.347      15.392       3.322        0.41     113980.    0.4532  
       23.52      0.2388      0.3334      0.1568      0.1123       0.651       3.155       3.460     485.221       0.356      15.388       3.234        0.41     114267.    0.4412  
       28.22      0.2865      0.3885      0.1568      0.1156       0.670       3.247       3.458     499.478       0.367      15.381       3.140        0.41     114589.    0.4283  
       32.92      0.3343      0.4390      0.1566      0.1193       0.691       3.349       3.455     515.168       0.378      15.367       3.042        0.41     114947.    0.4147  
       37.63      0.3821      0.4850      0.1564      0.1232       0.714       3.459       3.449     532.078       0.391      15.342       2.940        0.42     115344.    0.4005  
       42.33      0.4298      0.5265      0.1559      0.1273       0.737       3.575       3.440     549.877       0.404      15.300       2.837        0.42     115782.    0.3860  
       47.03      0.4776      0.5637      0.1552      0.1315       0.762       3.693       3.423     567.935       0.417      15.227       2.734        0.42     116260.    0.3710  
       51.74      0.5253      0.5969      0.1540      0.1355       0.785       3.806       3.397     585.432       0.430      15.108       2.632        0.42     116780.    0.3557  
       56.44      0.5731      0.6262      0.1521      0.1392       0.806       3.909       3.355     601.268       0.442      14.924       2.531        0.42     117343.    0.3400  
       61.14      0.6208      0.6524      0.1494      0.1422       0.824       3.993       3.295     614.096       0.451      14.657       2.434        0.42     117949.    0.3240  
       65.85      0.6686      0.6758      0.1456      0.1441       0.835       4.047       3.212     622.384       0.457      14.288       2.341        0.42     118599.    0.3077  
       70.55      0.7164      0.6969      0.1407      0.1446       0.838       4.061       3.103     624.574       0.459      13.801       2.253        0.42     119294.    0.2911  
       75.25      0.7641      0.7162      0.1344      0.1434       0.831       4.029       2.966     619.637       0.455      13.192       2.171        0.42     120032.    0.2742  
       79.96      0.8119      0.7338      0.1271      0.1406       0.815       3.950       2.804     607.457       0.446      12.471       2.093        0.43     120812.    0.2571  
       84.66      0.8596      0.7494      0.1188      0.1362       0.789       3.827       2.620     588.542       0.432      11.654       2.019        0.43     121632.    0.2397  
       89.36      0.9074      0.7627      0.1097      0.1305       0.756       3.664       2.419     563.615       0.414      10.761       1.947        0.43     122489.    0.2221  
       94.07      0.9551      0.7732      0.0999      0.1235       0.715       3.468       2.205     533.412       0.392       9.807       1.875        0.43     123381.    0.2042  
       98.77      1.0029      0.7800      0.0898      0.1154       0.669       3.242       1.980     498.566       0.366       8.807       1.801        0.43     124308.    0.1859  
      103.47      1.0507      0.7819      0.0792      0.1064       0.616       2.988       1.746     459.544       0.338       7.768       1.724        0.43     125267.    0.1671  
      108.18      1.0984      0.7771      0.0683      0.0965       0.559       2.710       1.506     416.742       0.306       6.697       1.639        0.44     126258.    0.1475  
      112.88      1.1462      0.7630      0.0571      0.0858       0.497       2.409       1.260     370.544       0.272       5.603       1.542        0.44     127280.    0.1269  
      117.58      1.1939      0.7348      0.0458      0.0744       0.431       2.089       1.010     321.322       0.236       4.492       1.426        0.44     128331.    0.1051  
      122.29      1.2417      0.6841      0.0344      0.0624       0.361       1.752       0.758     269.406       0.198       3.371       1.276        0.44     129410.    0.0815  
      126.99      1.2894      0.5926      0.0229      0.0498       0.288       1.399       0.505     215.109       0.158       2.246       1.064        0.45     130518.    0.0555  
      131.69      1.3372      0.4153      0.0114      0.0368       0.213       1.032       0.252     158.795       0.117       1.120       0.719        0.45     131651.    0.0265  
      136.40      1.3850      0.0001      0.0000      0.0233       0.135       0.656       0.000     100.844       0.074       0.000       0.000        0.45     132803.    0.0000  
                                                                                                                                                                                    
                                                                                                                                                                                    
                                                                                                                                                                                    
         PROP RPM =      14000                                                                                                                                                      
                                                                                                                                                                                    
         V          J           Pe         Ct          Cp          PWR         Torque      Thrust      PWR         Torque      Thrust      THR/PWR      Mach      Reyn       FOM    
       (mph)     (Adv_Ratio)     -          -           -          (Hp)        (In-Lbf)     (Lbf)      (W)         (N-m)       (N)         (g/W)         -         -          -     
        0.00      0.0000      0.0000      0.1574      0.1011       0.732       3.294       4.027     545.543       0.372      17.914       3.348        0.44     121846.    0.4929  
        5.07      0.0478      0.0732      0.1572      0.1027       0.743       3.344       4.022     553.970       0.378      17.891       3.293        0.44     122025.    0.4844  
       10.14      0.0956      0.1436      0.1571      0.1045       0.756       3.405       4.019     564.070       0.385      17.875       3.231        0.44     122234.    0.4751  
       15.20      0.1433      0.2108      0.1570      0.1068       0.772       3.478       4.017     576.015       0.393      17.867       3.163        0.44     122473.    0.4649  
       20.27      0.1911      0.2744      0.1570      0.1093       0.791       3.562       4.016     589.926       0.402      17.864       3.088        0.45     122747.    0.4539  
       25.34      0.2389      0.3340      0.1570      0.1123       0.812       3.657       4.015     605.804       0.413      17.861       3.006        0.45     123056.    0.4419  
       30.41      0.2867      0.3891      0.1569      0.1156       0.836       3.765       4.014     623.635       0.425      17.855       2.919        0.45     123403.    0.4290  
       35.47      0.3345      0.4398      0.1568      0.1192       0.863       3.884       4.011     643.284       0.439      17.841       2.828        0.45     123789.    0.4154  
       40.54      0.3822      0.4859      0.1566      0.1232       0.891       4.012       4.005     664.497       0.453      17.815       2.734        0.45     124217.    0.4013  
       45.61      0.4300      0.5275      0.1562      0.1273       0.921       4.147       3.995     686.872       0.469      17.771       2.638        0.45     124688.    0.3868  
       50.68      0.4778      0.5648      0.1555      0.1315       0.952       4.284       3.977     709.629       0.484      17.691       2.542        0.45     125203.    0.3718  
       55.74      0.5256      0.5979      0.1543      0.1356       0.981       4.418       3.948     731.745       0.499      17.559       2.447        0.45     125764.    0.3566  
       60.81      0.5734      0.6274      0.1525      0.1393       1.008       4.539       3.901     751.841       0.513      17.351       2.353        0.45     126370.    0.3409  
       65.88      0.6211      0.6535      0.1498      0.1424       1.030       4.638       3.832     768.213       0.524      17.046       2.263        0.45     127023.    0.3249  
       70.95      0.6689      0.6769      0.1461      0.1444       1.045       4.703       3.737     778.918       0.531      16.624       2.176        0.45     127724.    0.3086  
       76.01      0.7167      0.6981      0.1412      0.1449       1.049       4.721       3.611     781.971       0.533      16.064       2.095        0.46     128472.    0.2920  
       81.08      0.7645      0.7174      0.1350      0.1438       1.041       4.685       3.453     776.049       0.529      15.360       2.018        0.46     129268.    0.2751  
       86.15      0.8123      0.7350      0.1276      0.1410       1.020       4.594       3.265     760.979       0.519      14.524       1.946        0.46     130109.    0.2579  
       91.22      0.8600      0.7508      0.1193      0.1367       0.989       4.452       3.052     737.387       0.503      13.576       1.877        0.46     130992.    0.2406  
       96.28      0.9078      0.7642      0.1102      0.1309       0.947       4.263       2.819     706.180       0.482      12.538       1.810        0.46     131916.    0.2229  
      101.35      0.9556      0.7748      0.1004      0.1239       0.896       4.035       2.569     668.290       0.456      11.429       1.744        0.46     132879.    0.2050  
      106.42      1.0034      0.7819      0.0902      0.1157       0.837       3.770       2.308     624.515       0.426      10.265       1.676        0.47     133878.    0.1867  
      111.49      1.0512      0.7842      0.0796      0.1067       0.772       3.474       2.036     575.447       0.393       9.055       1.605        0.47     134913.    0.1679  
      116.55      1.0989      0.7799      0.0686      0.0967       0.699       3.149       1.755     521.589       0.356       7.807       1.526        0.47     135981.    0.1483  
      121.62      1.1467      0.7663      0.0574      0.0859       0.621       2.798       1.469     463.426       0.316       6.532       1.437        0.47     137082.    0.1277  
      126.69      1.1945      0.7389      0.0460      0.0744       0.538       2.424       1.178     401.429       0.274       5.238       1.330        0.48     138215.    0.1059  
      131.76      1.2423      0.6891      0.0345      0.0623       0.451       2.029       0.884     336.016       0.229       3.931       1.193        0.48     139379.    0.0823  
      136.82      1.2900      0.5986      0.0230      0.0496       0.359       1.615       0.589     267.581       0.183       2.619       0.998        0.48     140573.    0.0562  
      141.89      1.3378      0.4215      0.0115      0.0364       0.264       1.187       0.294     196.588       0.134       1.306       0.678        0.48     141794.    0.0269  
      146.96      1.3856      0.0001      0.0000      0.0229       0.166       0.746       0.000     123.516       0.084       0.000       0.000        0.49     143035.    0.0000  
                                                                                                                                                                                    
                                                                                                                                                                                    
                                                                                                                                                                                    
         PROP RPM =      15000                                                                                                                                                      
                                                                                                                                                                                    
         V          J           Pe         Ct          Cp          PWR         Torque      Thrust      PWR         Torque      Thrust      THR/PWR      Mach      Reyn       FOM    
       (mph)     (Adv_Ratio)     -          -           -          (Hp)        (In-Lbf)     (Lbf)      (W)         (N-m)       (N)         (g/W)         -         -          -     
        0.00      0.0000      0.0000      0.1575      0.1011       0.900       3.782       4.625     671.244       0.427      20.574       3.125        0.48     130548.    0.4930  
        5.43      0.0478      0.0732      0.1573      0.1027       0.914       3.840       4.620     681.561       0.434      20.548       3.074        0.48     130740.    0.4847  
       10.86      0.0956      0.1437      0.1572      0.1046       0.931       3.910       4.616     693.939       0.442      20.531       3.017        0.48     130963.    0.4754  
       16.30      0.1434      0.2110      0.1571      0.1068       0.950       3.993       4.614     708.595       0.451      20.523       2.953        0.48     131220.    0.4653  
       21.73      0.1912      0.2747      0.1571      0.1093       0.973       4.089       4.614     725.681       0.462      20.521       2.884        0.48     131513.    0.4543  
       27.16      0.2390      0.3343      0.1571      0.1123       0.999       4.199       4.613     745.204       0.474      20.520       2.808        0.48     131845.    0.4423  
       32.59      0.2868      0.3896      0.1570      0.1156       1.029       4.323       4.612     767.157       0.488      20.515       2.727        0.48     132216.    0.4295  
       38.02      0.3346      0.4404      0.1569      0.1193       1.061       4.459       4.609     791.387       0.504      20.502       2.642        0.48     132630.    0.4160  
       43.45      0.3824      0.4865      0.1567      0.1232       1.096       4.607       4.604     817.593       0.520      20.477       2.554        0.48     133089.    0.4019  
       48.89      0.4302      0.5282      0.1564      0.1274       1.134       4.763       4.593     845.295       0.538      20.431       2.465        0.48     133594.    0.3874  
       54.32      0.4780      0.5656      0.1557      0.1316       1.171       4.922       4.574     873.545       0.556      20.345       2.375        0.48     134146.    0.3725  
       59.75      0.5258      0.5988      0.1546      0.1358       1.208       5.078       4.541     901.094       0.574      20.201       2.286        0.48     134747.    0.3573  
       65.18      0.5736      0.6282      0.1529      0.1396       1.242       5.219       4.489     926.232       0.590      19.969       2.198        0.48     135396.    0.3417  
       70.61      0.6214      0.6544      0.1502      0.1427       1.270       5.335       4.413     946.838       0.603      19.628       2.114        0.49     136097.    0.3257  
       76.05      0.6692      0.6778      0.1466      0.1447       1.288       5.412       4.305     960.485       0.611      19.150       2.033        0.49     136848.    0.3094  
       81.48      0.7170      0.6990      0.1417      0.1454       1.294       5.436       4.162     964.679       0.614      18.512       1.957        0.49     137650.    0.2928  
       86.91      0.7648      0.7183      0.1355      0.1443       1.284       5.397       3.981     957.733       0.610      17.708       1.885        0.49     138504.    0.2759  
       92.34      0.8126      0.7360      0.1282      0.1416       1.260       5.293       3.766     939.400       0.598      16.750       1.818        0.49     139405.    0.2588  
       97.77      0.8604      0.7518      0.1199      0.1372       1.221       5.130       3.521     910.435       0.580      15.661       1.754        0.49     140353.    0.2414  
      103.20      0.9082      0.7654      0.1107      0.1314       1.169       4.913       3.252     871.966       0.555      14.466       1.692        0.50     141344.    0.2238  
      108.64      0.9560      0.7763      0.1010      0.1243       1.107       4.650       2.965     825.148       0.525      13.189       1.630        0.50     142376.    0.2059  
      114.07      1.0038      0.7836      0.0907      0.1162       1.034       4.344       2.664     770.978       0.491      11.848       1.567        0.50     143448.    0.1876  
      119.50      1.0516      0.7863      0.0800      0.1070       0.952       4.002       2.350     710.198       0.452      10.453       1.501        0.50     144558.    0.1687  
      124.93      1.0994      0.7824      0.0690      0.0970       0.863       3.626       2.027     643.434       0.410       9.014       1.429        0.50     145704.    0.1492  
      130.36      1.1472      0.7694      0.0577      0.0861       0.766       3.219       1.696     571.294       0.364       7.543       1.346        0.51     146885.    0.1286  
      135.80      1.1950      0.7428      0.0463      0.0745       0.663       2.786       1.360     494.364       0.315       6.049       1.248        0.51     148100.    0.1067  
      141.23      1.2428      0.6939      0.0348      0.0623       0.554       2.328       1.021     413.164       0.263       4.541       1.121        0.51     149348.    0.0831  
      146.66      1.2906      0.6043      0.0232      0.0495       0.440       1.849       0.680     328.183       0.209       3.025       0.940        0.51     150628.    0.0568  
      152.09      1.3384      0.4275      0.0116      0.0362       0.322       1.352       0.339     240.005       0.153       1.509       0.641        0.52     151938.    0.0274  
      157.52      1.3862      0.0001      0.0000      0.0225       0.200       0.841       0.000     149.226       0.095       0.000       0.000        0.52     153268.    0.0000  
                                                                                                                                                                                    
                                                                                                                                                                                    
                                                                                                                                                                                    
         PROP RPM =      16000                                                                                                                                                      
                                                                                                                                                                                    
         V          J           Pe         Ct          Cp          PWR         Torque      Thrust      PWR         Torque      Thrust      THR/PWR      Mach      Reyn       FOM    
       (mph)     (Adv_Ratio)     -          -           -          (Hp)        (In-Lbf)     (Lbf)      (W)         (N-m)       (N)         (g/W)         -         -          -     
        0.00      0.0000      0.0000      0.1576      0.1012       1.093       4.307       5.265     815.399       0.487      23.420       2.929        0.51     139249.    0.4929  
        5.80      0.0478      0.0732      0.1574      0.1028       1.110       4.373       5.259     827.855       0.494      23.391       2.881        0.51     139454.    0.4846  
       11.59      0.0956      0.1437      0.1573      0.1046       1.130       4.452       5.255     842.817       0.503      23.373       2.828        0.51     139693.    0.4755  
       17.39      0.1435      0.2111      0.1572      0.1068       1.154       4.546       5.253     860.551       0.514      23.365       2.769        0.51     139967.    0.4654  
       23.19      0.1913      0.2748      0.1572      0.1094       1.182       4.655       5.253     881.250       0.526      23.365       2.704        0.51     140280.    0.4545  
       28.98      0.2391      0.3345      0.1572      0.1124       1.214       4.780       5.253     904.928       0.540      23.366       2.633        0.51     140633.    0.4426  
       34.78      0.2869      0.3899      0.1572      0.1157       1.249       4.921       5.253     931.591       0.556      23.363       2.557        0.51     141030.    0.4299  
       40.57      0.3347      0.4407      0.1571      0.1193       1.289       5.077       5.250     961.067       0.574      23.352       2.478        0.51     141471.    0.4164  
       46.37      0.3826      0.4870      0.1570      0.1233       1.332       5.246       5.245     993.011       0.593      23.329       2.396        0.51     141960.    0.4024  
       52.17      0.4304      0.5288      0.1566      0.1275       1.377       5.425       5.234    1026.857       0.613      23.283       2.312        0.51     142499.    0.3880  
       57.96      0.4782      0.5661      0.1560      0.1318       1.423       5.607       5.214    1061.474       0.634      23.192       2.228        0.51     143088.    0.3731  
       63.76      0.5260      0.5994      0.1550      0.1360       1.469       5.786       5.179    1095.355       0.654      23.036       2.145        0.51     143729.    0.3580  
       69.56      0.5738      0.6289      0.1533      0.1399       1.511       5.950       5.122    1126.414       0.672      22.782       2.062        0.52     144422.    0.3424  
       75.35      0.6217      0.6551      0.1507      0.1430       1.545       6.086       5.037    1152.047       0.688      22.403       1.983        0.52     145169.    0.3264  
       81.15      0.6695      0.6785      0.1471      0.1452       1.568       6.177       4.917    1169.252       0.698      21.869       1.907        0.52     145971.    0.3102  
       86.94      0.7173      0.6997      0.1423      0.1459       1.576       6.207       4.755    1174.935       0.701      21.151       1.836        0.52     146828.    0.2936  
       92.74      0.7651      0.7191      0.1362      0.1449       1.565       6.165       4.550    1166.970       0.696      20.240       1.769        0.52     147738.    0.2767  
       98.54      0.8129      0.7368      0.1289      0.1422       1.535       6.049       4.306    1145.004       0.683      19.152       1.706        0.52     148701.    0.2596  
      104.33      0.8607      0.7527      0.1205      0.1378       1.488       5.863       4.027    1109.938       0.662      17.913       1.646        0.53     149713.    0.2422  
      110.13      0.9086      0.7665      0.1114      0.1320       1.426       5.616       3.721    1063.149       0.635      16.551       1.588        0.53     150771.    0.2246  
      115.93      0.9564      0.7775      0.1015      0.1249       1.349       5.315       3.393    1006.059       0.600      15.094       1.530        0.53     151874.    0.2067  
      121.72      1.0042      0.7851      0.0912      0.1167       1.260       4.965       3.049     939.897       0.561      13.562       1.471        0.53     153019.    0.1884  
      127.52      1.0520      0.7881      0.0805      0.1075       1.161       4.573       2.690     865.578       0.517      11.967       1.410        0.54     154203.    0.1696  
      133.31      1.0998      0.7847      0.0694      0.0973       1.051       4.141       2.320     783.880       0.468      10.321       1.343        0.54     155427.    0.1500  
      139.11      1.1477      0.7723      0.0581      0.0864       0.933       3.674       1.942     695.550       0.415       8.638       1.266        0.54     156688.    0.1294  
      144.91      1.1955      0.7464      0.0466      0.0747       0.806       3.177       1.558     601.311       0.359       6.928       1.175        0.54     157985.    0.1075  
      150.70      1.2433      0.6984      0.0350      0.0623       0.673       2.651       1.169     501.801       0.299       5.202       1.057        0.55     159318.    0.0838  
      156.50      1.2911      0.6098      0.0233      0.0494       0.533       2.100       0.779     397.621       0.237       3.466       0.889        0.55     160684.    0.0575  
      162.30      1.3389      0.4334      0.0116      0.0359       0.388       1.529       0.389     289.490       0.173       1.729       0.609        0.55     162082.    0.0279  
      168.09      1.3868      0.0001      0.0000      0.0221       0.239       0.941       0.000     178.147       0.106       0.000       0.000        0.55     163502.    0.0000  
                                                                                                                                                                                    
                                                                                                                                                                                    
                                                                                                                                                                                    
         PROP RPM =      17000                                                                                                                                                      
                                                                                                                                                                                    
         V          J           Pe         Ct          Cp          PWR         Torque      Thrust      PWR         Torque      Thrust      THR/PWR      Mach      Reyn       FOM    
       (mph)     (Adv_Ratio)     -          -           -          (Hp)        (In-Lbf)     (Lbf)      (W)         (N-m)       (N)         (g/W)         -         -          -     
        0.00      0.0000      0.0000      0.1576      0.1014       1.313       4.870       5.947     979.473       0.550      26.452       2.754        0.54     147951.    0.4926  
        6.16      0.0478      0.0732      0.1575      0.1029       1.333       4.944       5.940     994.327       0.559      26.421       2.710        0.54     148169.    0.4843  
       12.32      0.0957      0.1437      0.1573      0.1048       1.357       5.033       5.936    1012.191       0.569      26.401       2.660        0.54     148422.    0.4753  
       18.48      0.1435      0.2110      0.1573      0.1070       1.386       5.138       5.934    1033.391       0.580      26.394       2.604        0.54     148713.    0.4653  
       24.64      0.1913      0.2748      0.1573      0.1095       1.419       5.261       5.934    1058.162       0.594      26.395       2.544        0.54     149045.    0.4545  
       30.80      0.2392      0.3346      0.1573      0.1125       1.457       5.402       5.935    1086.535       0.610      26.399       2.478        0.54     149421.    0.4427  
       36.97      0.2870      0.3900      0.1573      0.1158       1.500       5.561       5.935    1118.531       0.628      26.400       2.407        0.54     149843.    0.4301  
       43.13      0.3349      0.4409      0.1573      0.1195       1.547       5.737       5.933    1153.964       0.648      26.392       2.332        0.54     150312.    0.4167  
       49.29      0.3827      0.4873      0.1572      0.1234       1.599       5.929       5.929    1192.445       0.670      26.371       2.255        0.54     150832.    0.4027  
       55.45      0.4305      0.5291      0.1569      0.1277       1.654       6.132       5.919    1233.320       0.693      26.326       2.177        0.54     151404.    0.3884  
       61.61      0.4784      0.5666      0.1563      0.1320       1.710       6.340       5.898    1275.259       0.716      26.233       2.098        0.55     152030.    0.3736  
       67.77      0.5262      0.5999      0.1554      0.1363       1.765       6.545       5.860    1316.467       0.739      26.067       2.019        0.55     152711.    0.3585  
       73.93      0.5740      0.6294      0.1537      0.1402       1.816       6.734       5.799    1354.436       0.761      25.793       1.942        0.55     153448.    0.3430  
       80.09      0.6219      0.6556      0.1512      0.1435       1.859       6.891       5.705    1385.998       0.779      25.377       1.867        0.55     154242.    0.3271  
       86.25      0.6697      0.6790      0.1477      0.1457       1.887       6.998       5.572    1407.487       0.791      24.785       1.796        0.55     155094.    0.3109  
       92.41      0.7176      0.7002      0.1429      0.1465       1.898       7.036       5.392    1415.096       0.795      23.984       1.728        0.55     156004.    0.2944  
       98.57      0.7654      0.7196      0.1369      0.1456       1.886       6.991       5.163    1406.174       0.790      22.963       1.665        0.56     156973.    0.2775  
      104.73      0.8132      0.7374      0.1296      0.1429       1.851       6.862       4.887    1380.217       0.775      21.738       1.606        0.56     157997.    0.2604  
      110.90      0.8611      0.7534      0.1212      0.1385       1.795       6.654       4.573    1338.289       0.752      20.339       1.550        0.56     159073.    0.2431  
      117.06      0.9089      0.7673      0.1120      0.1327       1.719       6.374       4.226    1282.052       0.720      18.798       1.495        0.56     160198.    0.2254  
      123.22      0.9567      0.7785      0.1022      0.1256       1.627       6.032       3.855    1213.237       0.682      17.148       1.441        0.56     161371.    0.2076  
      129.38      1.0046      0.7864      0.0918      0.1173       1.520       5.635       3.465    1133.344       0.637      15.411       1.387        0.57     162589.    0.1893  
      135.54      1.0524      0.7898      0.0811      0.1080       1.399       5.188       3.058    1043.496       0.586      13.601       1.329        0.57     163849.    0.1705  
      141.70      1.1003      0.7868      0.0699      0.0978       1.267       4.697       2.638     944.641       0.531      11.733       1.267        0.57     165150.    0.1509  
      147.86      1.1481      0.7750      0.0585      0.0867       1.123       4.165       2.208     837.695       0.471       9.821       1.196        0.57     166492.    0.1303  
      154.02      1.1959      0.7498      0.0470      0.0749       0.970       3.597       1.771     723.534       0.406       7.879       1.110        0.58     167871.    0.1084  
      160.18      1.2438      0.7027      0.0353      0.0624       0.809       2.998       1.330     602.937       0.339       5.916       1.001        0.58     169289.    0.0846  
      166.34      1.2916      0.6151      0.0235      0.0493       0.639       2.370       0.886     476.633       0.268       3.942       0.843        0.58     170742.    0.0582  
      172.50      1.3394      0.4391      0.0117      0.0358       0.463       1.718       0.442     345.501       0.194       1.967       0.581        0.59     172228.    0.0283  
      178.67      1.3873      0.0000      0.0000      0.0218       0.282       1.046       0.000     210.437       0.118       0.000       0.000        0.59     173737.    0.0000  
                                                                                                                                                                                    
                                                                                                                                                                                    
                                                                                                                                                                                    
         PROP RPM =      18000                                                                                                                                                      
                                                                                                                                                                                    
         V          J           Pe         Ct          Cp          PWR         Torque      Thrust      PWR         Torque      Thrust      THR/PWR      Mach      Reyn       FOM    
       (mph)     (Adv_Ratio)     -          -           -          (Hp)        (In-Lbf)     (Lbf)      (W)         (N-m)       (N)         (g/W)         -         -          -     
        0.00      0.0000      0.0000      0.1577      0.1016       1.562       5.470       6.670    1165.004       0.618      29.670       2.597        0.57     156652.    0.4919  
        6.53      0.0479      0.0731      0.1575      0.1031       1.586       5.553       6.663    1182.521       0.627      29.636       2.556        0.57     156883.    0.4838  
       13.05      0.0957      0.1436      0.1574      0.1050       1.614       5.652       6.658    1203.618       0.639      29.616       2.509        0.57     157151.    0.4749  
       19.58      0.1436      0.2109      0.1574      0.1071       1.648       5.770       6.657    1228.686       0.652      29.609       2.457        0.57     157459.    0.4650  
       26.10      0.1914      0.2747      0.1574      0.1097       1.687       5.907       6.658    1258.012       0.667      29.613       2.400        0.57     157811.    0.4543  
       32.63      0.2393      0.3345      0.1575      0.1126       1.732       6.065       6.659    1291.647       0.685      29.620       2.338        0.57     158209.    0.4426  
       39.15      0.2871      0.3900      0.1575      0.1159       1.783       6.244       6.660    1329.632       0.705      29.625       2.272        0.57     158655.    0.4301  
       45.68      0.3350      0.4409      0.1575      0.1196       1.840       6.441       6.659    1371.775       0.728      29.621       2.202        0.57     159152.    0.4168  
       52.20      0.3828      0.4874      0.1574      0.1236       1.901       6.657       6.656    1417.645       0.752      29.605       2.129        0.58     159702.    0.4029  
       58.73      0.4307      0.5293      0.1572      0.1279       1.967       6.886       6.646    1466.503       0.778      29.563       2.056        0.58     160308.    0.3887  
       65.26      0.4785      0.5668      0.1567      0.1323       2.034       7.122       6.625    1516.802       0.805      29.470       1.981        0.58     160971.    0.3740  
       71.78      0.5264      0.6002      0.1557      0.1366       2.101       7.356       6.587    1566.438       0.831      29.297       1.907        0.58     161692.    0.3590  
       78.31      0.5743      0.6297      0.1542      0.1406       2.162       7.571       6.521    1612.422       0.855      29.003       1.834        0.58     162473.    0.3435  
       84.83      0.6221      0.6559      0.1518      0.1440       2.214       7.752       6.419    1650.948       0.876      28.553       1.764        0.58     163313.    0.3277  
       91.36      0.6700      0.6793      0.1483      0.1463       2.250       7.877       6.273    1677.572       0.890      27.903       1.696        0.58     164216.    0.3116  
       97.88      0.7178      0.7005      0.1436      0.1472       2.263       7.925       6.074    1687.657       0.895      27.018       1.632        0.59     165180.    0.2951  
      104.41      0.7657      0.7200      0.1376      0.1463       2.250       7.879       5.819    1677.916       0.890      25.882       1.573        0.59     166206.    0.2783  
      110.94      0.8135      0.7378      0.1303      0.1437       2.210       7.737       5.511    1647.643       0.874      24.513       1.517        0.59     167291.    0.2612  
      117.46      0.8614      0.7539      0.1220      0.1394       2.143       7.504       5.158    1598.067       0.848      22.945       1.464        0.59     168432.    0.2439  
      123.99      0.9092      0.7679      0.1128      0.1335       2.053       7.190       4.769    1531.187       0.812      21.215       1.413        0.59     169625.    0.2263  
      130.51      0.9571      0.7794      0.1029      0.1264       1.943       6.804       4.352    1449.086       0.769      19.358       1.362        0.60     170868.    0.2084  
      137.04      1.0049      0.7876      0.0925      0.1180       1.815       6.356       3.912    1353.579       0.718      17.402       1.311        0.60     172159.    0.1902  
      143.56      1.0528      0.7913      0.0817      0.1087       1.671       5.851       3.454    1246.030       0.661      15.362       1.257        0.60     173495.    0.1714  
      150.09      1.1007      0.7888      0.0705      0.0983       1.512       5.295       2.980    1127.592       0.598      13.256       1.199        0.61     174874.    0.1518  
      156.61      1.1485      0.7775      0.0590      0.0871       1.340       4.693       2.495     999.368       0.530      11.098       1.132        0.61     176296.    0.1312  
      163.14      1.1964      0.7531      0.0473      0.0752       1.157       4.050       2.002     862.423       0.458       8.905       1.053        0.61     177758.    0.1093  
      169.67      1.2442      0.7068      0.0356      0.0626       0.962       3.370       1.504     717.687       0.381       6.688       0.950        0.61     179260.    0.0855  
      176.19      1.2921      0.6203      0.0237      0.0494       0.759       2.658       1.002     566.042       0.300       4.458       0.803        0.62     180800.    0.0590  
      182.72      1.3399      0.4448      0.0118      0.0356       0.548       1.918       0.500     408.545       0.217       2.225       0.555        0.62     182375.    0.0288  
      189.24      1.3878      0.0000      0.0000      0.0215       0.330       1.156       0.000     246.285       0.131       0.000       0.000        0.62     183973.    0.0000  
                                                                                                                                                                                    
                                                                                                                                                                                    
                                                                                                                                                                                    
         PROP RPM =      19000                                                                                                                                                      
                                                                                                                                                                                    
         V          J           Pe         Ct          Cp          PWR         Torque      Thrust      PWR         Torque      Thrust      THR/PWR      Mach      Reyn       FOM    
       (mph)     (Adv_Ratio)     -          -           -          (Hp)        (In-Lbf)     (Lbf)      (W)         (N-m)       (N)         (g/W)         -         -          -     
        0.00      0.0000      0.0000      0.1578      0.1019       1.842       6.111       7.436    1373.777       0.690      33.075       2.455        0.60     165352.    0.4910  
        6.89      0.0479      0.0730      0.1576      0.1034       1.870       6.202       7.428    1394.210       0.701      33.038       2.416        0.60     165596.    0.4830  
       13.78      0.0957      0.1434      0.1575      0.1052       1.903       6.312       7.423    1418.859       0.713      33.017       2.373        0.60     165879.    0.4742  
       20.67      0.1436      0.2107      0.1575      0.1074       1.942       6.442       7.422    1448.189       0.728      33.012       2.324        0.60     166205.    0.4645  
       27.56      0.1915      0.2744      0.1575      0.1099       1.988       6.595       7.423    1482.551       0.745      33.019       2.271        0.60     166576.    0.4538  
       34.45      0.2394      0.3342      0.1576      0.1129       2.041       6.771       7.426    1522.017       0.765      33.030       2.213        0.60     166996.    0.4423  
       41.34      0.2872      0.3898      0.1576      0.1162       2.101       6.969       7.428    1566.663       0.787      33.040       2.151        0.61     167467.    0.4299  
       48.23      0.3351      0.4408      0.1576      0.1198       2.167       7.190       7.428    1616.296       0.812      33.042       2.085        0.61     167992.    0.4167  
       55.12      0.3830      0.4873      0.1576      0.1239       2.240       7.431       7.426    1670.453       0.840      33.031       2.016        0.61     168573.    0.4030  
       62.01      0.4308      0.5293      0.1574      0.1281       2.318       7.688       7.418    1728.310       0.869      32.995       1.947        0.61     169212.    0.3889  
       68.91      0.4787      0.5668      0.1570      0.1326       2.398       7.954       7.397    1788.093       0.899      32.904       1.876        0.61     169912.    0.3743  
       75.80      0.5266      0.6003      0.1561      0.1370       2.477       8.218       7.358    1847.362       0.928      32.726       1.806        0.61     170673.    0.3594  
       82.69      0.5745      0.6298      0.1547      0.1411       2.551       8.464       7.288    1902.600       0.956      32.417       1.737        0.61     171497.    0.3440  
       89.58      0.6223      0.6560      0.1524      0.1445       2.614       8.671       7.179    1949.268       0.980      31.934       1.671        0.61     172384.    0.3283  
       96.47      0.6702      0.6795      0.1490      0.1470       2.658       8.817       7.021    1982.029       0.996      31.229       1.607        0.62     173337.    0.3122  
      103.36      0.7181      0.7007      0.1444      0.1479       2.676       8.876       6.803    1995.276       1.003      30.258       1.546        0.62     174355.    0.2958  
      110.25      0.7659      0.7201      0.1384      0.1472       2.662       8.830       6.521    1984.950       0.998      29.004       1.490        0.62     175439.    0.2791  
      117.14      0.8138      0.7380      0.1311      0.1446       2.615       8.675       6.179    1950.079       0.980      27.485       1.437        0.62     176585.    0.2620  
      124.03      0.8617      0.7542      0.1228      0.1403       2.537       8.417       5.787    1892.063       0.951      25.738       1.387        0.63     177790.    0.2447  
      130.92      0.9095      0.7684      0.1136      0.1344       2.432       8.066       5.352    1813.272       0.911      23.807       1.339        0.63     179051.    0.2272  
      137.81      0.9574      0.7801      0.1037      0.1272       2.301       7.635       4.886    1716.209       0.863      21.731       1.291        0.63     180365.    0.2093  
      144.70      1.0053      0.7885      0.0932      0.1189       2.150       7.131       4.393    1603.047       0.806      19.542       1.243        0.63     181728.    0.1911  
      151.59      1.0532      0.7926      0.0823      0.1094       1.979       6.564       3.880    1475.435       0.742      17.257       1.193        0.64     183140.    0.1723  
      158.48      1.1010      0.7906      0.0711      0.0990       1.790       5.938       3.348    1334.761       0.671      14.894       1.138        0.64     184598.    0.1527  
      165.37      1.1489      0.7799      0.0595      0.0877       1.586       5.260       2.804    1182.351       0.594      12.473       1.076        0.64     186100.    0.1321  
      172.26      1.1968      0.7562      0.0478      0.0756       1.367       4.535       2.251    1019.474       0.512      10.011       1.001        0.65     187645.    0.1102  
      179.15      1.2446      0.7109      0.0359      0.0628       1.136       3.769       1.691     847.245       0.426       7.521       0.905        0.65     189232.    0.0863  
      186.04      1.2925      0.6254      0.0239      0.0494       0.894       2.966       1.127     666.713       0.335       5.013       0.767        0.65     190859.    0.0597  
      192.93      1.3404      0.4505      0.0119      0.0355       0.643       2.132       0.563     479.148       0.241       2.503       0.533        0.66     192522.    0.0293  
      199.82      1.3883      0.0000      0.0000      0.0212       0.383       1.272       0.000     285.852       0.144       0.000       0.000        0.66     194211.    0.0000  
                                                                                                                                                                                    
                                                                                                                                                                                    
                                                                                                                                                                                    
         PROP RPM =      20000                                                                                                                                                      
                                                                                                                                                                                    
         V          J           Pe         Ct          Cp          PWR         Torque      Thrust      PWR         Torque      Thrust      THR/PWR      Mach      Reyn       FOM    
       (mph)     (Adv_Ratio)     -          -           -          (Hp)        (In-Lbf)     (Lbf)      (W)         (N-m)       (N)         (g/W)         -         -          -     
        0.00      0.0000      0.0000      0.1579      0.1023       2.157       6.798       8.243    1608.542       0.768      36.666       2.324        0.63     174053.    0.4895  
        7.26      0.0479      0.0728      0.1577      0.1038       2.189       6.898       8.234    1632.133       0.779      36.627       2.288        0.63     174309.    0.4816  
       14.51      0.0958      0.1430      0.1576      0.1056       2.227       7.018       8.230    1660.634       0.793      36.605       2.248        0.63     174607.    0.4729  
       21.77      0.1437      0.2102      0.1576      0.1077       2.272       7.162       8.229    1694.599       0.809      36.602       2.202        0.64     174950.    0.4634  
       29.02      0.1915      0.2739      0.1576      0.1103       2.326       7.330       8.231    1734.444       0.828      36.612       2.153        0.64     175341.    0.4530  
       36.28      0.2394      0.3337      0.1577      0.1132       2.387       7.524       8.235    1780.271       0.850      36.628       2.098        0.64     175783.    0.4416  
       43.53      0.2873      0.3892      0.1578      0.1165       2.457       7.743       8.238    1832.197       0.875      36.644       2.039        0.64     176279.    0.4293  
       50.79      0.3352      0.4403      0.1578      0.1202       2.535       7.988       8.240    1890.037       0.902      36.653       1.978        0.64     176831.    0.4164  
       58.04      0.3831      0.4869      0.1578      0.1242       2.619       8.255       8.240    1953.310       0.933      36.650       1.913        0.64     177442.    0.4028  
       65.30      0.4310      0.5289      0.1577      0.1285       2.710       8.541       8.233    2021.120       0.965      36.622       1.848        0.64     178116.    0.3889  
       72.55      0.4789      0.5666      0.1573      0.1330       2.805       8.839       8.214    2091.472       0.999      36.536       1.781        0.64     178852.    0.3745  
       79.81      0.5267      0.6001      0.1566      0.1374       2.899       9.135       8.174    2161.582       1.032      36.358       1.715        0.64     179653.    0.3597  
       87.07      0.5746      0.6297      0.1552      0.1416       2.987       9.413       8.102    2227.369       1.063      36.037       1.650        0.65     180520.    0.3444  
       94.32      0.6225      0.6560      0.1530      0.1452       3.062       9.650       7.987    2283.485       1.090      35.524       1.586        0.65     181454.    0.3288  
      101.58      0.6704      0.6794      0.1497      0.1477       3.116       9.820       7.816    2323.549       1.109      34.766       1.526        0.65     182457.    0.3129  
      108.83      0.7183      0.7006      0.1452      0.1488       3.139       9.893       7.579    2340.808       1.118      33.710       1.468        0.65     183529.    0.2965  
      116.09      0.7662      0.7201      0.1392      0.1481       3.125       9.848       7.270    2330.264       1.113      32.336       1.415        0.65     184670.    0.2798  
      123.34      0.8141      0.7381      0.1320      0.1456       3.072       9.680       6.893    2290.587       1.094      30.661       1.365        0.66     185877.    0.2629  
      130.60      0.8620      0.7544      0.1237      0.1413       2.982       9.396       6.459    2223.341       1.062      28.729       1.318        0.66     187147.    0.2456  
      137.85      0.9098      0.7687      0.1145      0.1355       2.858       9.007       5.977    2131.320       1.018      26.586       1.272        0.66     188476.    0.2281  
      145.11      0.9577      0.7806      0.1045      0.1283       2.706       8.526       5.458    2017.505       0.963      24.278       1.227        0.66     189860.    0.2103  
      152.37      1.0056      0.7894      0.0940      0.1198       2.527       7.964       4.910    1884.491       0.900      21.839       1.182        0.67     191298.    0.1921  
      159.62      1.0535      0.7938      0.0831      0.1102       2.326       7.329       4.337    1734.246       0.828      19.292       1.134        0.67     192785.    0.1733  
      166.88      1.1014      0.7922      0.0717      0.0997       2.103       6.628       3.745    1568.443       0.749      16.656       1.083        0.67     194321.    0.1537  
      174.13      1.1493      0.7821      0.0601      0.0883       1.862       5.869       3.137    1388.658       0.663      13.953       1.025        0.68     195904.    0.1331  
      181.39      1.1972      0.7592      0.0482      0.0761       1.604       5.056       2.518    1196.404       0.571      11.202       0.955        0.68     197532.    0.1111  
      188.64      1.2450      0.7149      0.0362      0.0631       1.332       4.197       1.892     992.993       0.474       8.418       0.864        0.68     199204.    0.0872  
      195.90      1.2929      0.6305      0.0242      0.0496       1.046       3.295       1.262     779.674       0.372       5.613       0.734        0.69     200918.    0.0605  
      203.15      1.3408      0.4563      0.0121      0.0355       0.748       2.358       0.630     557.987       0.266       2.803       0.512        0.69     202670.    0.0298  
      210.41      1.3887      0.0001      0.0000      0.0210       0.442       1.393       0.000     329.631       0.157       0.000       0.000        0.69     204448.    0.0000  
                                                                                                                                                                                    
                                                                                                                                                                                    
                                                                                                                                                                                    
         PROP RPM =      21000                                                                                                                                                      
                                                                                                                                                                                    
         V          J           Pe         Ct          Cp          PWR         Torque      Thrust      PWR         Torque      Thrust      THR/PWR      Mach      Reyn       FOM    
       (mph)     (Adv_Ratio)     -          -           -          (Hp)        (In-Lbf)     (Lbf)      (W)         (N-m)       (N)         (g/W)         -         -          -     
        0.00      0.0000      0.0000      0.1579      0.1029       2.512       7.541       9.092    1873.525       0.852      40.442       2.201        0.67     182753.    0.4868  
        7.62      0.0479      0.0724      0.1578      0.1044       2.549       7.649       9.083    1900.521       0.864      40.400       2.168        0.67     183022.    0.4792  
       15.24      0.0958      0.1423      0.1577      0.1062       2.592       7.781       9.078    1933.191       0.879      40.378       2.130        0.67     183334.    0.4707  
       22.86      0.1437      0.2092      0.1577      0.1083       2.645       7.938       9.077    1972.175       0.897      40.376       2.088        0.67     183694.    0.4613  
       30.48      0.1916      0.2727      0.1577      0.1108       2.706       8.122       9.081    2017.968       0.918      40.391       2.041        0.67     184105.    0.4511  
       38.10      0.2395      0.3324      0.1578      0.1137       2.777       8.334       9.086    2070.701       0.942      40.413       1.990        0.67     184569.    0.4400  
       45.72      0.2874      0.3879      0.1579      0.1170       2.857       8.575       9.091    2130.534       0.969      40.436       1.935        0.67     185090.    0.4280  
       53.34      0.3353      0.4390      0.1580      0.1207       2.947       8.844       9.095    2197.299       0.999      40.453       1.877        0.67     185669.    0.4152  
       60.96      0.3832      0.4856      0.1580      0.1247       3.045       9.138       9.096    2270.499       1.032      40.460       1.817        0.67     186312.    0.4020  
       68.58      0.4311      0.5278      0.1580      0.1290       3.150       9.455       9.092    2349.175       1.068      40.443       1.756        0.67     187018.    0.3883  
       76.20      0.4790      0.5656      0.1576      0.1335       3.260       9.785       9.075    2431.093       1.105      40.366       1.693        0.67     187791.    0.3741  
       83.82      0.5269      0.5993      0.1570      0.1380       3.370      10.115       9.036    2513.104       1.143      40.192       1.631        0.68     188632.    0.3596  
       91.44      0.5748      0.6291      0.1557      0.1423       3.474      10.427       8.962    2590.533       1.178      39.864       1.569        0.68     189541.    0.3446  
       99.06      0.6227      0.6555      0.1536      0.1459       3.563      10.695       8.842    2657.156       1.208      39.328       1.509        0.68     190522.    0.3292  
      106.68      0.6706      0.6790      0.1504      0.1486       3.628      10.889       8.660    2705.485       1.230      38.521       1.452        0.68     191575.    0.3134  
      114.31      0.7185      0.7004      0.1460      0.1498       3.658      10.978       8.404    2727.513       1.240      37.383       1.398        0.68     192701.    0.2972  
      121.93      0.7664      0.7199      0.1402      0.1492       3.644      10.936       8.068    2717.167       1.236      35.888       1.347        0.69     193899.    0.2806  
      129.55      0.8143      0.7379      0.1330      0.1468       3.584      10.757       7.656    2672.569       1.215      34.054       1.299        0.69     195168.    0.2637  
      137.17      0.8622      0.7543      0.1247      0.1425       3.480      10.446       7.178    2595.339       1.180      31.927       1.254        0.69     196502.    0.2465  
      144.79      0.9101      0.7688      0.1155      0.1367       3.337      10.017       6.646    2488.725       1.132      29.561       1.211        0.69     197899.    0.2290  
      152.41      0.9580      0.7809      0.1055      0.1294       3.160       9.484       6.072    2356.266       1.071      27.008       1.169        0.70     199354.    0.2112  
      160.03      1.0059      0.7900      0.0949      0.1209       2.952       8.859       5.464    2201.036       1.001      24.305       1.126        0.70     200865.    0.1931  
      167.65      1.0538      0.7948      0.0839      0.1112       2.716       8.152       4.829    2025.383       0.921      21.479       1.081        0.70     202429.    0.1743  
      175.27      1.1017      0.7937      0.0725      0.1006       2.456       7.371       4.171    1831.304       0.833      18.552       1.033        0.71     204044.    0.1547  
      182.89      1.1496      0.7843      0.0607      0.0890       2.173       6.523       3.495    1620.665       0.737      15.547       0.978        0.71     205707.    0.1341  
      190.51      1.1975      0.7622      0.0488      0.0766       1.871       5.616       2.807    1395.254       0.634      12.487       0.913        0.71     207419.    0.1121  
      198.13      1.2454      0.7189      0.0367      0.0635       1.551       4.655       2.110    1156.630       0.526       9.387       0.828        0.72     209176.    0.0882  
      205.75      1.2933      0.6355      0.0245      0.0498       1.215       3.648       1.408     906.372       0.412       6.263       0.705        0.72     210976.    0.0613  
      213.37      1.3412      0.4617      0.0122      0.0355       0.867       2.602       0.704     646.557       0.294       3.129       0.494        0.72     212818.    0.0304  
      220.99      1.3891      0.0000      0.0000      0.0208       0.509       1.528       0.000     379.548       0.173       0.000       0.000        0.73     214685.    0.0000  
                                                                                                                                                                                    
                                                                                                                                                                                    
                                                                                                                                                                                    
         PROP RPM =      22000                                                                                                                                                      
                                                                                                                                                                                    
         V          J           Pe         Ct          Cp          PWR         Torque      Thrust      PWR         Torque      Thrust      THR/PWR      Mach      Reyn       FOM    
       (mph)     (Adv_Ratio)     -          -           -          (Hp)        (In-Lbf)     (Lbf)      (W)         (N-m)       (N)         (g/W)         -         -          -     
        0.00      0.0000      0.0000      0.1580      0.1039       2.917       8.356       9.982    2174.881       0.944      44.401       2.082        0.70     191452.    0.4824  
        7.98      0.0479      0.0718      0.1578      0.1053       2.958       8.474       9.972    2205.553       0.957      44.356       2.051        0.70     191734.    0.4750  
       15.97      0.0958      0.1411      0.1578      0.1071       3.008       8.616       9.967    2242.732       0.973      44.333       2.016        0.70     192061.    0.4668  
       23.95      0.1437      0.2076      0.1578      0.1092       3.067       8.787       9.967    2287.154       0.993      44.333       1.977        0.70     192438.    0.4577  
       31.94      0.1916      0.2707      0.1578      0.1117       3.137       8.988       9.971    2339.392       1.015      44.353       1.933        0.70     192868.    0.4478  
       39.92      0.2395      0.3301      0.1579      0.1146       3.218       9.219       9.978    2399.614       1.042      44.380       1.886        0.70     193355.    0.4369  
       47.91      0.2874      0.3854      0.1580      0.1179       3.310       9.482       9.985    2468.025       1.071      44.411       1.835        0.70     193900.    0.4253  
       55.89      0.3353      0.4364      0.1581      0.1215       3.412       9.776       9.990    2544.475       1.104      44.438       1.781        0.70     194507.    0.4129  
       63.88      0.3833      0.4830      0.1582      0.1255       3.525      10.098       9.995    2628.465       1.141      44.457       1.725        0.70     195179.    0.3999  
       71.86      0.4312      0.5252      0.1582      0.1299       3.646      10.446       9.994    2718.966       1.180      44.453       1.667        0.70     195920.    0.3866  
       79.85      0.4791      0.5631      0.1580      0.1344       3.773      10.809       9.980    2813.500       1.221      44.389       1.609        0.71     196729.    0.3728  
       87.83      0.5270      0.5970      0.1574      0.1389       3.900      11.174       9.943    2908.515       1.262      44.225       1.551        0.71     197609.    0.3586  
       95.81      0.5749      0.6270      0.1562      0.1432       4.021      11.521       9.869    2998.666       1.302      43.897       1.493        0.71     198561.    0.3439  
      103.80      0.6228      0.6537      0.1542      0.1469       4.126      11.821       9.745    3076.751       1.335      43.344       1.437        0.71     199588.    0.3289  
      111.78      0.6707      0.6776      0.1512      0.1497       4.203      12.041       9.554    3134.014       1.360      42.496       1.383        0.71     200690.    0.3135  
      119.77      0.7186      0.6992      0.1469      0.1510       4.239      12.145       9.281    3161.054       1.372      41.282       1.332        0.72     201869.    0.2976  
      127.75      0.7665      0.7191      0.1412      0.1505       4.225      12.105       8.918    3150.647       1.368      39.669       1.284        0.72     203125.    0.2812  
      135.74      0.8144      0.7373      0.1341      0.1481       4.158      11.912       8.470    3100.424       1.346      37.674       1.239        0.72     204454.    0.2645  
      143.72      0.8623      0.7540      0.1258      0.1439       4.039      11.572       7.947    3012.154       1.307      35.348       1.197        0.72     205853.    0.2474  
      151.71      0.9102      0.7687      0.1165      0.1380       3.875      11.101       7.363    2889.481       1.254      32.750       1.156        0.73     207318.    0.2300  
      159.69      0.9581      0.7810      0.1065      0.1307       3.670      10.513       6.731    2736.404       1.188      29.938       1.116        0.73     208844.    0.2123  
      167.67      1.0060      0.7904      0.0959      0.1221       3.428       9.822       6.061    2556.467       1.110      26.957       1.075        0.73     210429.    0.1942  
      175.66      1.0540      0.7956      0.0848      0.1124       3.155       9.038       5.359    2352.427       1.021      23.835       1.033        0.74     212069.    0.1754  
      183.64      1.1019      0.7951      0.0733      0.1016       2.852       8.171       4.631    2126.676       0.923      20.597       0.988        0.74     213762.    0.1559  
      191.63      1.1498      0.7864      0.0615      0.0899       2.523       7.228       3.883    1881.415       0.817      17.271       0.936        0.74     215506.    0.1353  
      199.61      1.1977      0.7651      0.0494      0.0773       2.171       6.219       3.120    1618.797       0.703      13.879       0.874        0.75     217300.    0.1133  
      207.60      1.2456      0.7227      0.0372      0.0640       1.798       5.152       2.347    1340.872       0.582      10.441       0.794        0.75     219142.    0.0892  
      215.58      1.2935      0.6400      0.0248      0.0501       1.408       4.033       1.567    1049.807       0.456       6.971       0.677        0.75     221030.    0.0622  
      223.57      1.3414      0.4655      0.0124      0.0357       1.004       2.876       0.784     748.498       0.325       3.487       0.475        0.76     222960.    0.0308  
      231.55      1.3893      0.0000      0.0000      0.0210       0.590       1.692       0.000     440.324       0.191       0.000       0.000        0.76     224917.    0.0000  
                                                                                                                                                                                    
                                                                                                                                                                                    
                                                                                                                                                                                    
         PROP RPM =      23000                                                                                                                                                      
                                                                                                                                                                                    
         V          J           Pe         Ct          Cp          PWR         Torque      Thrust      PWR         Torque      Thrust      THR/PWR      Mach      Reyn       FOM    
       (mph)     (Adv_Ratio)     -          -           -          (Hp)        (In-Lbf)     (Lbf)      (W)         (N-m)       (N)         (g/W)         -         -          -     
        0.00      0.0000      0.0000      0.1580      0.1054       3.381       9.265      10.912    2521.236       1.047      48.539       1.963        0.73     200152.    0.4757  
        8.35      0.0479      0.0708      0.1579      0.1068       3.428       9.393      10.902    2555.888       1.061      48.490       1.935        0.73     200446.    0.4685  
       16.69      0.0958      0.1392      0.1578      0.1086       3.484       9.547      10.896    2597.960       1.079      48.466       1.902        0.73     200788.    0.4606  
       25.04      0.1437      0.2049      0.1578      0.1107       3.551       9.732      10.896    2648.291       1.100      48.468       1.866        0.73     201182.    0.4518  
       33.39      0.1916      0.2673      0.1579      0.1132       3.631       9.950      10.902    2707.537       1.124      48.491       1.826        0.73     201631.    0.4423  
       41.74      0.2395      0.3262      0.1580      0.1160       3.723      10.201      10.909    2775.897       1.153      48.525       1.783        0.73     202139.    0.4318  
       50.08      0.2874      0.3810      0.1581      0.1193       3.827      10.487      10.918    2853.629       1.185      48.564       1.735        0.73     202709.    0.4206  
       58.43      0.3353      0.4317      0.1582      0.1229       3.943      10.806      10.927    2940.610       1.221      48.601       1.685        0.73     203343.    0.4086  
       66.78      0.3832      0.4782      0.1583      0.1269       4.072      11.158      10.934    3036.330       1.261      48.634       1.633        0.74     204045.    0.3961  
       75.12      0.4312      0.5203      0.1584      0.1312       4.210      11.538      10.937    3139.726       1.304      48.646       1.580        0.74     204819.    0.3832  
       83.47      0.4791      0.5583      0.1582      0.1358       4.356      11.936      10.926    3248.053       1.349      48.599       1.526        0.74     205664.    0.3699  
       91.82      0.5270      0.5923      0.1577      0.1403       4.502      12.338      10.892    3357.314       1.394      48.449       1.472        0.74     206583.    0.3562  
      100.17      0.5749      0.6226      0.1567      0.1447       4.642      12.720      10.820    3461.408       1.437      48.129       1.418        0.74     207577.    0.3421  
      108.51      0.6228      0.6497      0.1549      0.1485       4.763      13.053      10.695    3552.004       1.475      47.570       1.366        0.74     208649.    0.3276  
      116.86      0.6707      0.6740      0.1520      0.1513       4.853      13.299      10.497    3618.875       1.503      46.690       1.316        0.75     209800.    0.3126  
      125.21      0.7186      0.6962      0.1478      0.1526       4.896      13.417      10.209    3650.982       1.516      45.409       1.268        0.75     211032.    0.2972  
      133.56      0.7665      0.7166      0.1422      0.1521       4.881      13.376       9.821    3639.783       1.511      43.686       1.224        0.75     212345.    0.2813  
      141.90      0.8144      0.7355      0.1352      0.1497       4.804      13.165       9.338    3582.378       1.487      41.534       1.182        0.75     213735.    0.2650  
      150.25      0.8623      0.7527      0.1270      0.1455       4.668      12.792       8.769    3480.794       1.445      39.007       1.143        0.76     215198.    0.2482  
      158.60      0.9102      0.7679      0.1178      0.1396       4.478      12.272       8.132    3339.387       1.386      36.170       1.104        0.76     216729.    0.2310  
      166.94      0.9581      0.7808      0.1077      0.1322       4.242      11.623       7.439    3162.923       1.313      33.090       1.067        0.76     218326.    0.2134  
      175.29      1.0060      0.7906      0.0971      0.1235       3.963      10.861       6.703    2955.410       1.227      29.816       1.029        0.77     219984.    0.1954  
      183.64      1.0539      0.7963      0.0859      0.1137       3.647       9.995       5.931    2719.786       1.129      26.381       0.989        0.77     221700.    0.1767  
      191.99      1.1018      0.7964      0.0743      0.1028       3.297       9.036       5.129    2458.730       1.021      22.814       0.946        0.77     223471.    0.1572  
      200.33      1.1497      0.7883      0.0623      0.0909       2.917       7.993       4.304    2174.942       0.903      19.144       0.898        0.78     225296.    0.1366  
      208.68      1.1976      0.7677      0.0501      0.0782       2.509       6.877       3.462    1871.217       0.777      15.399       0.839        0.78     227173.    0.1145  
      217.03      1.2455      0.7257      0.0378      0.0648       2.079       5.697       2.607    1550.329       0.644      11.596       0.763        0.79     229100.    0.0903  
      225.37      1.2935      0.6425      0.0252      0.0508       1.630       4.466       1.743    1215.363       0.505       7.751       0.650        0.79     231074.    0.0630  
      233.72      1.3414      0.4659      0.0126      0.0364       1.167       3.199       0.873     870.467       0.361       3.882       0.455        0.79     233092.    0.0312  
      242.07      1.3893      0.0000      0.0000      0.0218       0.698       1.913       0.000     520.518       0.216       0.000       0.000        0.80     235138.    0.0000  
                                                                                                                                                                                    
                                                                                                                                                                                    
                                                                                                                                                                                    
         PROP RPM =      24000                                                                                                                                                      
                                                                                                                                                                                    
         V          J           Pe         Ct          Cp          PWR         Torque      Thrust      PWR         Torque      Thrust      THR/PWR      Mach      Reyn       FOM    
       (mph)     (Adv_Ratio)     -          -           -          (Hp)        (In-Lbf)     (Lbf)      (W)         (N-m)       (N)         (g/W)         -         -          -     
        0.00      0.0000      0.0000      0.1580      0.1076       3.922      10.299      11.882    2924.305       1.164      52.851       1.843        0.76     208850.    0.4659  
        8.71      0.0479      0.0694      0.1579      0.1090       3.974      10.436      11.870    2963.302       1.179      52.797       1.817        0.76     209157.    0.4591  
       17.42      0.0958      0.1365      0.1578      0.1108       4.037      10.603      11.864    3010.732       1.198      52.771       1.787        0.76     209514.    0.4515  
       26.13      0.1437      0.2009      0.1578      0.1129       4.114      10.803      11.864    3067.544       1.221      52.773       1.754        0.76     209924.    0.4432  
       34.84      0.1916      0.2623      0.1579      0.1153       4.203      11.039      11.871    3134.476       1.247      52.800       1.718        0.76     210393.    0.4341  
       43.55      0.2395      0.3203      0.1580      0.1182       4.307      11.311      11.880    3211.757       1.278      52.840       1.678        0.76     210922.    0.4241  
       52.26      0.2874      0.3744      0.1581      0.1214       4.425      11.621      11.890    3299.701       1.313      52.887       1.634        0.76     211516.    0.4134  
       60.97      0.3353      0.4245      0.1583      0.1250       4.557      11.968      11.901    3398.212       1.352      52.935       1.588        0.77     212178.    0.4019  
       69.67      0.3832      0.4706      0.1584      0.1290       4.703      12.350      11.911    3506.794       1.395      52.981       1.541        0.77     212910.    0.3900  
       78.38      0.4311      0.5125      0.1585      0.1333       4.860      12.764      11.918    3624.343       1.442      53.011       1.491        0.77     213716.    0.3776  
       87.09      0.4790      0.5504      0.1584      0.1379       5.026      13.199      11.912    3747.871       1.491      52.983       1.442        0.77     214597.    0.3649  
       95.80      0.5269      0.5845      0.1580      0.1425       5.194      13.639      11.883    3872.901       1.541      52.854       1.392        0.77     215555.    0.3518  
      104.51      0.5748      0.6149      0.1571      0.1469       5.354      14.060      11.814    3992.454       1.589      52.549       1.342        0.77     216591.    0.3384  
      113.22      0.6227      0.6423      0.1555      0.1507       5.494      14.428      11.689    4096.872       1.630      51.993       1.294        0.78     217708.    0.3245  
      121.93      0.6706      0.6672      0.1528      0.1536       5.598      14.700      11.487    4174.154       1.661      51.093       1.248        0.78     218908.    0.3103  
      130.64      0.7185      0.6900      0.1488      0.1549       5.647      14.831      11.186    4211.283       1.676      49.757       1.205        0.78     220192.    0.2956  
      139.35      0.7664      0.7113      0.1433      0.1544       5.630      14.785      10.776    4198.123       1.670      47.932       1.164        0.78     221561.    0.2803  
      148.06      0.8143      0.7311      0.1364      0.1520       5.540      14.549      10.258    4131.189       1.644      45.629       1.126        0.79     223011.    0.2646  
      156.77      0.8622      0.7493      0.1283      0.1476       5.381      14.132       9.645    4012.856       1.597      42.903       1.090        0.79     224538.    0.2483  
      165.48      0.9101      0.7655      0.1191      0.1416       5.161      13.553       8.953    3848.470       1.531      39.825       1.055        0.79     226137.    0.2316  
      174.19      0.9580      0.7793      0.1090      0.1341       4.887      12.833       8.199    3643.897       1.450      36.468       1.021        0.80     227804.    0.2143  
      182.90      1.0059      0.7900      0.0983      0.1252       4.565      11.988       7.394    3404.014       1.354      32.890       0.985        0.80     229535.    0.1965  
      191.61      1.0538      0.7965      0.0871      0.1152       4.200      11.031       6.548    3132.162       1.246      29.126       0.948        0.80     231327.    0.1780  
      200.31      1.1017      0.7973      0.0754      0.1042       3.797       9.972       5.668    2831.514       1.127      25.209       0.908        0.81     233177.    0.1585  
      209.02      1.1496      0.7897      0.0633      0.0922       3.360       8.824       4.760    2505.432       0.997      21.173       0.862        0.81     235082.    0.1379  
      217.73      1.1975      0.7692      0.0510      0.0794       2.893       7.597       3.832    2157.137       0.858      17.047       0.806        0.82     237042.    0.1157  
      226.44      1.2454      0.7265      0.0384      0.0659       2.401       6.306       2.889    1790.526       0.712      12.851       0.732        0.82     239053.    0.0912  
      235.15      1.2933      0.6411      0.0257      0.0519       1.891       4.966       1.933    1410.172       0.561       8.600       0.622        0.82     241114.    0.0634  
      243.86      1.3412      0.4600      0.0129      0.0376       1.371       3.599       0.970    1022.053       0.407       4.313       0.430        0.83     243221.    0.0311  
      252.57      1.3891      0.0000      0.0000      0.0233       0.849       2.229       0.000     633.012       0.252       0.000       0.000        0.83     245357.    0.0000  
                                                                                                                                                                                    
                                                                                                                                                                                    
                                                                                                                                                                                    
         PROP RPM =      25000                                                                                                                                                      
                                                                                                                                                                                    
         V          J           Pe         Ct          Cp          PWR         Torque      Thrust      PWR         Torque      Thrust      THR/PWR      Mach      Reyn       FOM    
       (mph)     (Adv_Ratio)     -          -           -          (Hp)        (In-Lbf)     (Lbf)      (W)         (N-m)       (N)         (g/W)         -         -          -     
        0.00      0.0000                                                                                                                                                            
        9.07      0.0479                                                                                                                                                            
       18.15      0.0958      0.1328      0.1577      0.1138       4.690      11.823      12.868    3497.058       1.336      57.239       1.669        0.79     218238.    0.4391  
       27.22      0.1437      0.1956      0.1577      0.1159       4.775      12.039      12.869    3561.033       1.360      57.240       1.639        0.79     218665.    0.4313  
       36.29      0.1916      0.2555      0.1578      0.1184       4.877      12.295      12.875    3636.473       1.389      57.269       1.606        0.79     219153.    0.4226  
       45.36      0.2395                                                                                                                                                            
       54.44      0.2874      0.3652      0.1581      0.1244       5.127      12.925      12.897    3822.885       1.460      57.367       1.530        0.80     220323.    0.4031  
       63.51      0.3353      0.4144      0.1582      0.1280       5.276      13.301      12.910    3934.159       1.503      57.424       1.488        0.80     221012.    0.3923  
       72.58      0.3832      0.4598      0.1584      0.1320       5.441      13.716      12.924    4056.986       1.550      57.485       1.445        0.80     221774.    0.3810  
       81.66      0.4311      0.5012      0.1585      0.1364       5.619      14.167      12.934    4190.245       1.601      57.532       1.400        0.80     222613.    0.3693  
       90.73      0.4791      0.5388      0.1585      0.1410       5.808      14.642      12.933    4330.702       1.654      57.526       1.355        0.80     223530.    0.3573  
       99.80      0.5270      0.5727      0.1582      0.1456       5.999      15.124      12.909    4473.400       1.709      57.421       1.309        0.80     224527.    0.3449  
      108.88      0.5749      0.6032      0.1575      0.1501       6.183      15.587      12.846    4610.368       1.761      57.137       1.264        0.81     225605.    0.3322  
      117.95      0.6228      0.6308      0.1560      0.1540       6.344      15.993      12.723    4730.366       1.807      56.593       1.220        0.81     226767.    0.3192  
      127.02      0.6707      0.6561      0.1535      0.1569       6.463      16.293      12.519    4819.209       1.841      55.686       1.178        0.81     228016.    0.3058  
      136.09      0.7186      0.6796      0.1497      0.1582       6.519      16.436      12.209    4861.360       1.857      54.307       1.139        0.81     229352.    0.2919  
      145.17      0.7665      0.7018      0.1444      0.1577       6.497      16.379      11.779    4844.646       1.851      52.391       1.103        0.82     230777.    0.2776  
      154.24      0.8144      0.7227      0.1376      0.1551       6.390      16.110      11.229    4764.875       1.820      49.944       1.069        0.82     232288.    0.2627  
      163.31      0.8623      0.7423      0.1296      0.1505       6.202      15.637      10.571    4624.971       1.767      47.021       1.037        0.82     233879.    0.2472  
      172.39      0.9102      0.7599      0.1204      0.1442       5.943      14.982       9.825    4431.515       1.693      43.699       1.006        0.83     235547.    0.2312  
      181.46      0.9581      0.7752      0.1104      0.1364       5.622      14.173       9.006    4192.019       1.601      40.060       0.974        0.83     237285.    0.2145  
      190.53      1.0060      0.7873      0.0997      0.1274       5.247      13.228       8.131    3912.689       1.495      36.166       0.943        0.83     239091.    0.1971  
      199.61      1.0539      0.7952      0.0884      0.1171       4.825      12.163       7.208    3597.676       1.374      32.061       0.909        0.84     240960.    0.1789  
      208.68      1.1018      0.7971      0.0765      0.1058       4.359      10.991       6.245    3250.799       1.242      27.778       0.871        0.84     242888.    0.1597  
      217.75      1.1497      0.7898      0.0644      0.0937       3.860       9.731       5.250    2878.129       1.099      23.353       0.827        0.84     244875.    0.1391  
      226.82      1.1976      0.7686      0.0519      0.0808       3.330       8.394       4.231    2482.822       0.948      18.820       0.773        0.85     246918.    0.1166  
      235.90      1.2455      0.7237      0.0391      0.0674       2.775       6.996       3.193    2069.359       0.790      14.202       0.700        0.85     249015.    0.0917  
      244.97      1.2934      0.6335      0.0262      0.0535       2.205       5.560       2.139    1644.471       0.628       9.513       0.590        0.86     251163.    0.0633  
      254.04      1.3414      0.4456      0.0132      0.0396       1.631       4.113       1.073    1216.586       0.465       4.774       0.400        0.86     253360.    0.0304  
      263.12      1.3893      0.0000      0.0000      0.0259       1.066       2.687       0.000     794.877       0.304       0.000       0.000        0.87     255589.    0.0000  
                                                                                                                                                                                    
                                                                                                                                                                                    
                                                                                                                                                                                    
