         15x12E                   (15x12E.dat)                                                                                                                                      
         v2022-0915                                                                                                                                                                 
         Simulation Date: 11/02/2023                                                                                                                                                
                                                                                                                                                                                    
         AIRFOIL AERO DATA GENERATED USING:  POLAR DIAGRAMS                                                                                                                         
                                                                                                                                                                                    
         ====== PERFORMANCE DATA (versus advance ratio and MPH) ======                                                                                                              
                                                                                                                                                                                    
         DEFINITIONS:                                                                                                                                                               
         J=V/nD (advance ratio)                                                                                                                                                     
         Ct=T/(rho * n**2 * D**4) (thrust coef.)                                                                                                                                    
         Cp=P/(rho * n**3 * D**5) (power coef.)                                                                                                                                     
         Pe=Ct*J/Cp (efficiency)                                                                                                                                                    
         V  (model speed in MPH)                                                                                                                                                    
         Mach (at prop tip)                                                                                                                                                         
         Reyn (at 75% of span)                                                                                                                                                      
         FOM (Figure of Merit)                                                                                                                                                      
                                                                                                                                                                                    
                                                                                                                                                                                    
         PROP RPM =       1000                                                                                                                                                      
                                                                                                                                                                                    
         V          J           Pe         Ct          Cp          PWR         Torque      Thrust      PWR         Torque      Thrust      THR/PWR      Mach      Reyn       FOM    
       (mph)     (Adv_Ratio)     -          -           -          (Hp)        (In-Lbf)     (Lbf)      (W)         (N-m)       (N)         (g/W)         -         -          -     
        0.00      0.0000      0.0000      0.1046      0.0502       0.003       0.193       0.169       2.289       0.022       0.751      33.442        0.06      20931.    0.5374  
        0.46      0.0327      0.0663      0.1039      0.0511       0.003       0.197       0.168       2.330       0.022       0.745      32.609        0.06      20950.    0.5221  
        0.93      0.0653      0.1291      0.1030      0.0521       0.003       0.201       0.166       2.374       0.023       0.739      31.754        0.06      20970.    0.5064  
        1.39      0.0980      0.1884      0.1021      0.0531       0.003       0.204       0.165       2.419       0.023       0.733      30.881        0.06      20993.    0.4903  
        1.86      0.1306      0.2440      0.1010      0.0541       0.003       0.208       0.163       2.465       0.024       0.725      29.999        0.06      21019.    0.4738  
        2.32      0.1633      0.2960      0.0998      0.0551       0.003       0.212       0.161       2.510       0.024       0.716      29.112        0.06      21048.    0.4570  
        2.78      0.1959      0.3444      0.0985      0.0560       0.003       0.216       0.159       2.553       0.024       0.707      28.227        0.06      21079.    0.4401  
        3.25      0.2286      0.3893      0.0969      0.0569       0.003       0.219       0.156       2.594       0.025       0.696      27.348        0.06      21114.    0.4230  
        3.71      0.2612      0.4307      0.0952      0.0577       0.004       0.222       0.154       2.630       0.025       0.683      26.480        0.06      21151.    0.4059  
        4.17      0.2939      0.4690      0.0932      0.0584       0.004       0.225       0.150       2.661       0.025       0.669      25.625        0.06      21192.    0.3887  
        4.64      0.3265      0.5040      0.0909      0.0589       0.004       0.227       0.147       2.684       0.026       0.653      24.788        0.06      21237.    0.3714  
        5.10      0.3592      0.5361      0.0884      0.0592       0.004       0.228       0.143       2.699       0.026       0.634      23.969        0.06      21284.    0.3541  
        5.57      0.3918      0.5653      0.0856      0.0593       0.004       0.229       0.138       2.703       0.026       0.614      23.169        0.06      21335.    0.3368  
        6.03      0.4245      0.5918      0.0825      0.0592       0.004       0.228       0.133       2.696       0.026       0.592      22.386        0.06      21390.    0.3194  
        6.49      0.4571      0.6154      0.0790      0.0587       0.004       0.226       0.127       2.674       0.026       0.567      21.619        0.06      21447.    0.3019  
        6.96      0.4898      0.6364      0.0752      0.0579       0.004       0.223       0.121       2.638       0.025       0.540      20.865        0.06      21509.    0.2843  
        7.42      0.5225      0.6545      0.0711      0.0567       0.003       0.219       0.115       2.585       0.025       0.510      20.117        0.06      21573.    0.2665  
        7.89      0.5551      0.6695      0.0666      0.0552       0.003       0.213       0.107       2.516       0.024       0.478      19.369        0.06      21642.    0.2484  
        8.35      0.5878      0.6812      0.0618      0.0533       0.003       0.205       0.100       2.430       0.023       0.444      18.610        0.06      21713.    0.2299  
        8.81      0.6204      0.6888      0.0567      0.0511       0.003       0.197       0.092       2.329       0.022       0.407      17.829        0.06      21788.    0.2110  
        9.28      0.6531      0.6917      0.0514      0.0486       0.003       0.187       0.083       2.213       0.021       0.369      17.009        0.06      21866.    0.1917  
        9.74      0.6857      0.6889      0.0459      0.0457       0.003       0.176       0.074       2.084       0.020       0.330      16.133        0.06      21947.    0.1718  
       10.20      0.7184      0.6789      0.0403      0.0427       0.003       0.164       0.065       1.944       0.019       0.289      15.177        0.06      22031.    0.1514  
       10.67      0.7510      0.6598      0.0346      0.0393       0.002       0.152       0.056       1.793       0.017       0.248      14.109        0.06      22119.    0.1303  
       11.13      0.7837      0.6288      0.0288      0.0358       0.002       0.138       0.046       1.633       0.016       0.206      12.885        0.06      22209.    0.1086  
       11.60      0.8163      0.5816      0.0229      0.0321       0.002       0.124       0.037       1.464       0.014       0.164      11.440        0.06      22303.    0.0860  
       12.06      0.8490      0.5114      0.0170      0.0283       0.002       0.109       0.027       1.289       0.012       0.122       9.674        0.06      22400.    0.0627  
       12.52      0.8816      0.4072      0.0112      0.0243       0.001       0.094       0.018       1.108       0.011       0.081       7.417        0.06      22500.    0.0391  
       12.99      0.9143      0.2488      0.0055      0.0202       0.001       0.078       0.009       0.923       0.009       0.040       4.370        0.06      22603.    0.0161  
       13.45      0.9470     -0.0039     -0.0001      0.0161       0.001       0.062       0.000       0.735       0.007       0.000      -0.066        0.06      22709.    0.0000  
                                                                                                                                                                                    
                                                                                                                                                                                    
                                                                                                                                                                                    
         PROP RPM =       2000                                                                                                                                                      
                                                                                                                                                                                    
         V          J           Pe         Ct          Cp          PWR         Torque      Thrust      PWR         Torque      Thrust      THR/PWR      Mach      Reyn       FOM    
       (mph)     (Adv_Ratio)     -          -           -          (Hp)        (In-Lbf)     (Lbf)      (W)         (N-m)       (N)         (g/W)         -         -          -     
        0.00      0.0000      0.0000      0.1049      0.0464       0.023       0.714       0.677      16.899       0.081       3.012      18.174        0.12      41863.    0.5850  
        0.93      0.0328      0.0723      0.1042      0.0473       0.023       0.729       0.672      17.250       0.082       2.991      17.681        0.12      41899.    0.5672  
        1.87      0.0657      0.1405      0.1034      0.0483       0.024       0.745       0.667      17.618       0.084       2.968      17.177        0.12      41941.    0.5488  
        2.80      0.0985      0.2044      0.1025      0.0494       0.024       0.761       0.661      17.998       0.086       2.941      16.665        0.12      41987.    0.5301  
        3.73      0.1313      0.2641      0.1014      0.0504       0.025       0.777       0.655      18.383       0.088       2.911      16.150        0.12      42039.    0.5111  
        4.66      0.1641      0.3196      0.1002      0.0515       0.025       0.793       0.647      18.766       0.090       2.877      15.635        0.12      42097.    0.4919  
        5.60      0.1970      0.3710      0.0989      0.0525       0.026       0.809       0.638      19.138       0.091       2.838      15.124        0.12      42160.    0.4726  
        6.53      0.2298      0.4184      0.0973      0.0535       0.026       0.824       0.628      19.489       0.093       2.794      14.619        0.12      42230.    0.4532  
        7.46      0.2626      0.4620      0.0956      0.0543       0.027       0.837       0.617      19.808       0.095       2.744      14.124        0.12      42306.    0.4339  
        8.39      0.2955      0.5019      0.0936      0.0551       0.027       0.849       0.604      20.083       0.096       2.686      13.640        0.12      42388.    0.4146  
        9.33      0.3283      0.5384      0.0913      0.0557       0.027       0.858       0.589      20.299       0.097       2.622      13.169        0.12      42478.    0.3955  
       10.26      0.3611      0.5717      0.0888      0.0561       0.027       0.864       0.573      20.444       0.098       2.549      12.712        0.12      42574.    0.3764  
       11.19      0.3939      0.6020      0.0859      0.0562       0.027       0.867       0.555      20.504       0.098       2.467      12.270        0.12      42677.    0.3575  
       12.12      0.4268      0.6294      0.0828      0.0561       0.027       0.865       0.534      20.464       0.098       2.376      11.841        0.12      42787.    0.3386  
       13.06      0.4596      0.6540      0.0793      0.0557       0.027       0.858       0.512      20.312       0.097       2.276      11.426        0.12      42904.    0.3197  
       13.99      0.4924      0.6760      0.0754      0.0550       0.027       0.847       0.487      20.036       0.096       2.166      11.022        0.12      43028.    0.3009  
       14.92      0.5253      0.6952      0.0713      0.0538       0.026       0.829       0.460      19.626       0.094       2.046      10.628        0.12      43158.    0.2819  
       15.85      0.5581      0.7117      0.0667      0.0523       0.026       0.806       0.431      19.077       0.091       1.915      10.239        0.12      43296.    0.2628  
       16.79      0.5909      0.7250      0.0619      0.0504       0.025       0.777       0.399      18.388       0.088       1.776       9.851        0.12      43440.    0.2435  
       17.72      0.6238      0.7347      0.0568      0.0482       0.024       0.742       0.366      17.565       0.084       1.629       9.458        0.12      43591.    0.2239  
       18.65      0.6566      0.7403      0.0514      0.0456       0.022       0.702       0.332      16.621       0.079       1.476       9.053        0.12      43748.    0.2040  
       19.59      0.6894      0.7408      0.0459      0.0427       0.021       0.658       0.296      15.566       0.074       1.317       8.628        0.12      43912.    0.1837  
       20.52      0.7222      0.7349      0.0402      0.0395       0.019       0.609       0.260      14.410       0.069       1.155       8.170        0.12      44083.    0.1628  
       21.45      0.7551      0.7207      0.0345      0.0361       0.018       0.556       0.222      13.162       0.063       0.989       7.664        0.12      44260.    0.1414  
       22.38      0.7879      0.6953      0.0286      0.0325       0.016       0.500       0.185      11.831       0.056       0.822       7.086        0.12      44443.    0.1192  
       23.32      0.8207      0.6541      0.0228      0.0286       0.014       0.441       0.147      10.425       0.050       0.654       6.399        0.12      44632.    0.0960  
       24.25      0.8536      0.5892      0.0170      0.0246       0.012       0.379       0.109       8.957       0.043       0.487       5.542        0.12      44828.    0.0717  
       25.18      0.8864      0.4861      0.0112      0.0204       0.010       0.314       0.072       7.438       0.036       0.321       4.403        0.12      45030.    0.0463  
       26.11      0.9192      0.3148      0.0055      0.0161       0.008       0.249       0.036       5.883       0.028       0.159       2.749        0.12      45238.    0.0203  
       27.05      0.9520      0.0017      0.0000      0.0118       0.006       0.182       0.000       4.306       0.021       0.001       0.014        0.12      45452.    0.0000  
                                                                                                                                                                                    
                                                                                                                                                                                    
                                                                                                                                                                                    
         PROP RPM =       3000                                                                                                                                                      
                                                                                                                                                                                    
         V          J           Pe         Ct          Cp          PWR         Torque      Thrust      PWR         Torque      Thrust      THR/PWR      Mach      Reyn       FOM    
       (mph)     (Adv_Ratio)     -          -           -          (Hp)        (In-Lbf)     (Lbf)      (W)         (N-m)       (N)         (g/W)         -         -          -     
        0.00      0.0000      0.0000      0.1052      0.0447       0.074       1.550       1.527      55.007       0.175       6.792      12.591        0.18      62793.    0.6086  
        1.40      0.0329      0.0753      0.1045      0.0457       0.075       1.584       1.517      56.219       0.179       6.746      12.236        0.18      62849.    0.5894  
        2.81      0.0658      0.1460      0.1036      0.0467       0.077       1.620       1.505      57.491       0.183       6.694      11.873        0.18      62911.    0.5698  
        4.21      0.0988      0.2123      0.1027      0.0478       0.079       1.657       1.492      58.806       0.187       6.636      11.506        0.18      62981.    0.5498  
        5.61      0.1317      0.2740      0.1017      0.0489       0.081       1.694       1.477      60.142       0.191       6.569      11.138        0.18      63059.    0.5295  
        7.01      0.1646      0.3312      0.1005      0.0500       0.082       1.732       1.460      61.476       0.196       6.493      10.770        0.18      63146.    0.5090  
        8.42      0.1975      0.3840      0.0992      0.0510       0.084       1.769       1.440      62.775       0.200       6.406      10.406        0.18      63241.    0.4885  
        9.82      0.2304      0.4325      0.0976      0.0520       0.086       1.803       1.418      64.006       0.204       6.306      10.047        0.18      63346.    0.4680  
       11.22      0.2634      0.4771      0.0959      0.0529       0.087       1.835       1.392      65.128       0.207       6.193       9.697        0.18      63461.    0.4476  
       12.63      0.2963      0.5178      0.0939      0.0537       0.089       1.862       1.363      66.100       0.210       6.064       9.355        0.18      63585.    0.4273  
       14.03      0.3292      0.5550      0.0916      0.0544       0.090       1.884       1.331      66.875       0.213       5.918       9.024        0.18      63720.    0.4072  
       15.43      0.3621      0.5888      0.0891      0.0548       0.090       1.899       1.294      67.407       0.215       5.754       8.704        0.18      63865.    0.3873  
       16.83      0.3950      0.6196      0.0862      0.0550       0.091       1.906       1.252      67.647       0.215       5.570       8.396        0.18      64020.    0.3675  
       18.24      0.4280      0.6474      0.0831      0.0549       0.091       1.903       1.206      67.548       0.215       5.364       8.098        0.18      64186.    0.3479  
       19.64      0.4609      0.6725      0.0795      0.0545       0.090       1.889       1.155      67.062       0.213       5.137       7.811        0.18      64362.    0.3284  
       21.04      0.4938      0.6950      0.0757      0.0538       0.089       1.864       1.099      66.150       0.211       4.887       7.534        0.18      64549.    0.3089  
       22.45      0.5267      0.7148      0.0715      0.0526       0.087       1.825       1.038      64.777       0.206       4.615       7.265        0.18      64746.    0.2895  
       23.85      0.5596      0.7320      0.0669      0.0511       0.084       1.773       0.971      62.922       0.200       4.320       7.001        0.18      64953.    0.2699  
       25.25      0.5926      0.7462      0.0620      0.0492       0.081       1.707       0.900      60.580       0.193       4.005       6.741        0.18      65171.    0.2502  
       26.65      0.6255      0.7571      0.0568      0.0470       0.077       1.628       0.825      57.777       0.184       3.671       6.479        0.18      65398.    0.2303  
       28.06      0.6584      0.7642      0.0515      0.0443       0.073       1.537       0.747      54.551       0.174       3.324       6.213        0.18      65636.    0.2101  
       29.46      0.6913      0.7666      0.0459      0.0414       0.068       1.435       0.667      50.937       0.162       2.965       5.935        0.18      65883.    0.1896  
       30.86      0.7242      0.7630      0.0402      0.0382       0.063       1.323       0.584      46.967       0.149       2.598       5.640        0.18      66140.    0.1686  
       32.27      0.7572      0.7518      0.0344      0.0347       0.057       1.202       0.500      42.671       0.136       2.224       5.315        0.18      66406.    0.1470  
       33.67      0.7901      0.7300      0.0286      0.0310       0.051       1.073       0.415      38.080       0.121       1.847       4.946        0.18      66683.    0.1247  
       35.07      0.8230      0.6929      0.0227      0.0270       0.045       0.936       0.330      33.228       0.106       1.469       4.507        0.18      66968.    0.1013  
       36.47      0.8559      0.6323      0.0169      0.0229       0.038       0.793       0.245      28.153       0.090       1.092       3.954        0.19      67263.    0.0766  
       37.88      0.8888      0.5318      0.0111      0.0186       0.031       0.645       0.162      22.899       0.073       0.719       3.203        0.19      67568.    0.0504  
       39.28      0.9218      0.3551      0.0055      0.0142       0.023       0.494       0.080      17.517       0.056       0.354       2.062        0.19      67881.    0.0228  
       40.68      0.9547      0.0000      0.0000      0.0098       0.016       0.340       0.000      12.063       0.038       0.000       0.000        0.19      68203.    0.0000  
                                                                                                                                                                                    
                                                                                                                                                                                    
                                                                                                                                                                                    
         PROP RPM =       4000                                                                                                                                                      
                                                                                                                                                                                    
         V          J           Pe         Ct          Cp          PWR         Torque      Thrust      PWR         Torque      Thrust      THR/PWR      Mach      Reyn       FOM    
       (mph)     (Adv_Ratio)     -          -           -          (Hp)        (In-Lbf)     (Lbf)      (W)         (N-m)       (N)         (g/W)         -         -          -     
        0.00      0.0000      0.0000      0.1054      0.0438       0.171       2.699       2.721     127.744       0.305      12.102       9.660        0.24      83723.    0.6233  
        1.87      0.0330      0.0770      0.1047      0.0448       0.175       2.761       2.703     130.661       0.312      12.022       9.382        0.24      83797.    0.6033  
        3.75      0.0659      0.1494      0.1039      0.0459       0.179       2.826       2.682     133.726       0.319      11.931       9.098        0.24      83880.    0.5829  
        5.62      0.0989      0.2170      0.1030      0.0469       0.184       2.893       2.659     136.898       0.327      11.828       8.811        0.24      83974.    0.5620  
        7.49      0.1319      0.2799      0.1020      0.0480       0.188       2.961       2.633     140.129       0.335      11.712       8.522        0.24      84078.    0.5410  
        9.37      0.1648      0.3381      0.1008      0.0492       0.192       3.029       2.603     143.357       0.342      11.578       8.235        0.24      84194.    0.5197  
       11.24      0.1978      0.3918      0.0995      0.0502       0.196       3.096       2.568     146.509       0.350      11.425       7.952        0.24      84321.    0.4985  
       13.11      0.2308      0.4410      0.0980      0.0513       0.200       3.159       2.529     149.501       0.357      11.249       7.673        0.24      84462.    0.4773  
       14.98      0.2637      0.4862      0.0962      0.0522       0.204       3.217       2.484     152.239       0.363      11.049       7.400        0.24      84615.    0.4563  
       16.86      0.2967      0.5274      0.0942      0.0530       0.207       3.267       2.433     154.620       0.369      10.820       7.136        0.24      84781.    0.4354  
       18.73      0.3297      0.5649      0.0920      0.0537       0.210       3.308       2.374     156.534       0.374      10.561       6.880        0.24      84961.    0.4147  
       20.60      0.3626      0.5991      0.0894      0.0541       0.212       3.336       2.309     157.866       0.377      10.269       6.633        0.24      85155.    0.3942  
       22.48      0.3956      0.6302      0.0866      0.0543       0.213       3.349       2.235     158.500       0.378       9.941       6.395        0.24      85363.    0.3740  
       24.35      0.4286      0.6583      0.0834      0.0543       0.212       3.345       2.153     158.320       0.378       9.575       6.167        0.24      85585.    0.3539  
       26.22      0.4615      0.6837      0.0799      0.0539       0.211       3.322       2.061     157.213       0.375       9.169       5.947        0.24      85820.    0.3340  
       28.10      0.4945      0.7065      0.0760      0.0532       0.208       3.277       1.961     155.079       0.370       8.723       5.736        0.24      86070.    0.3142  
       29.97      0.5275      0.7268      0.0717      0.0521       0.204       3.208       1.852     151.837       0.362       8.237       5.532        0.24      86333.    0.2945  
       31.84      0.5604      0.7444      0.0671      0.0506       0.198       3.115       1.733     147.430       0.352       7.710       5.333        0.24      86611.    0.2746  
       33.72      0.5934      0.7593      0.0622      0.0486       0.190       2.997       1.606     141.849       0.339       7.146       5.137        0.24      86901.    0.2547  
       35.59      0.6264      0.7710      0.0570      0.0463       0.181       2.856       1.473     135.153       0.323       6.550       4.942        0.24      87206.    0.2346  
       37.46      0.6593      0.7791      0.0516      0.0437       0.171       2.693       1.333     127.430       0.304       5.929       4.744        0.24      87523.    0.2143  
       39.34      0.6923      0.7829      0.0461      0.0407       0.159       2.510       1.189     118.762       0.284       5.287       4.540        0.24      87854.    0.1936  
       41.21      0.7253      0.7811      0.0403      0.0375       0.146       2.308       1.041     109.227       0.261       4.631       4.324        0.24      88197.    0.1726  
       43.08      0.7582      0.7720      0.0345      0.0339       0.133       2.090       0.891      98.896       0.236       3.964       4.088        0.24      88554.    0.1510  
       44.95      0.7912      0.7529      0.0287      0.0301       0.118       1.856       0.740      87.844       0.210       3.291       3.820        0.25      88923.    0.1286  
       46.83      0.8242      0.7192      0.0228      0.0261       0.102       1.609       0.588      76.153       0.182       2.616       3.503        0.25      89305.    0.1051  
       48.70      0.8571      0.6623      0.0169      0.0219       0.086       1.351       0.437      63.917       0.153       1.944       3.102        0.25      89699.    0.0802  
       50.57      0.8901      0.5650      0.0112      0.0176       0.069       1.083       0.288      51.242       0.122       1.281       2.549        0.25      90106.    0.0535  
       52.45      0.9231      0.3867      0.0055      0.0131       0.051       0.808       0.142      38.256       0.091       0.631       1.682        0.25      90525.    0.0248  
       54.32      0.9560      0.0008      0.0000      0.0086       0.034       0.530       0.000      25.093       0.060       0.001       0.004        0.25      90956.    0.0000  
                                                                                                                                                                                    
                                                                                                                                                                                    
                                                                                                                                                                                    
         PROP RPM =       5000                                                                                                                                                      
                                                                                                                                                                                    
         V          J           Pe         Ct          Cp          PWR         Torque      Thrust      PWR         Torque      Thrust      THR/PWR      Mach      Reyn       FOM    
       (mph)     (Adv_Ratio)     -          -           -          (Hp)        (In-Lbf)     (Lbf)      (W)         (N-m)       (N)         (g/W)         -         -          -     
        0.00      0.0000      0.0000      0.1057      0.0433       0.330       4.166       4.262     246.447       0.471      18.957       7.844        0.30     104652.    0.6334  
        2.37      0.0334      0.0791      0.1050      0.0443       0.338       4.265       4.234     252.285       0.482      18.832       7.612        0.30     104745.    0.6127  
        4.74      0.0668      0.1533      0.1042      0.0454       0.347       4.369       4.202     258.430       0.494      18.692       7.375        0.30     104851.    0.5914  
        7.11      0.1001      0.2225      0.1033      0.0465       0.355       4.476       4.166     264.798       0.506      18.532       7.137        0.30     104970.    0.5698  
        9.48      0.1335      0.2868      0.1023      0.0476       0.364       4.586       4.125     271.290       0.518      18.349       6.897        0.30     105102.    0.5480  
       11.85      0.1669      0.3461      0.1011      0.0488       0.373       4.696       4.078     277.780       0.531      18.140       6.659        0.30     105249.    0.5260  
       14.23      0.2003      0.4006      0.0998      0.0499       0.381       4.803       4.024     284.117       0.543      17.898       6.424        0.30     105412.    0.5041  
       16.60      0.2337      0.4506      0.0982      0.0509       0.389       4.904       3.961     290.127       0.554      17.620       6.193        0.30     105591.    0.4822  
       18.97      0.2671      0.4963      0.0964      0.0519       0.396       4.997       3.890     295.615       0.565      17.302       5.968        0.30     105787.    0.4605  
       21.34      0.3004      0.5379      0.0944      0.0527       0.403       5.078       3.808     300.368       0.574      16.938       5.750        0.30     105999.    0.4389  
       23.71      0.3338      0.5758      0.0921      0.0534       0.408       5.142       3.715     304.159       0.581      16.524       5.540        0.30     106229.    0.4177  
       26.08      0.3672      0.6102      0.0895      0.0539       0.411       5.185       3.610     306.752       0.586      16.056       5.337        0.30     106477.    0.3967  
       28.45      0.4006      0.6415      0.0866      0.0541       0.413       5.205       3.491     307.904       0.588      15.529       5.143        0.30     106743.    0.3759  
       30.82      0.4340      0.6697      0.0833      0.0540       0.412       5.196       3.359     307.376       0.587      14.941       4.957        0.30     107026.    0.3553  
       33.19      0.4674      0.6953      0.0796      0.0535       0.409       5.155       3.212     304.942       0.582      14.288       4.778        0.30     107328.    0.3350  
       35.56      0.5007      0.7182      0.0756      0.0527       0.403       5.078       3.051     300.397       0.574      13.569       4.606        0.30     107647.    0.3147  
       37.93      0.5341      0.7385      0.0713      0.0515       0.394       4.963       2.874     293.578       0.561      12.785       4.441        0.30     107984.    0.2945  
       40.31      0.5675      0.7562      0.0665      0.0499       0.381       4.807       2.683     284.383       0.543      11.936       4.280        0.30     108339.    0.2742  
       42.68      0.6009      0.7712      0.0615      0.0479       0.366       4.612       2.479     272.814       0.521      11.028       4.122        0.30     108711.    0.2539  
       45.05      0.6343      0.7830      0.0561      0.0455       0.347       4.378       2.264     259.011       0.495      10.071       3.965        0.30     109100.    0.2334  
       47.42      0.6676      0.7912      0.0506      0.0427       0.326       4.110       2.040     243.151       0.464       9.075       3.806        0.30     109506.    0.2127  
       49.79      0.7010      0.7949      0.0449      0.0396       0.302       3.810       1.810     225.398       0.430       8.050       3.642        0.30     109929.    0.1916  
       52.16      0.7344      0.7929      0.0390      0.0361       0.276       3.481       1.574     205.906       0.393       7.001       3.467        0.31     110368.    0.1702  
       54.53      0.7678      0.7832      0.0331      0.0324       0.248       3.124       1.335     184.821       0.353       5.938       3.276        0.31     110824.    0.1481  
       56.90      0.8012      0.7627      0.0271      0.0285       0.218       2.744       1.094     162.303       0.310       4.867       3.058        0.31     111296.    0.1251  
       59.27      0.8346      0.7259      0.0212      0.0243       0.186       2.342       0.853     138.525       0.265       3.795       2.793        0.31     111785.    0.1009  
       61.64      0.8679      0.6619      0.0152      0.0200       0.152       1.922       0.614     113.690       0.217       2.731       2.449        0.31     112289.    0.0751  
       64.01      0.9013      0.5471      0.0094      0.0155       0.118       1.488       0.378      88.034       0.168       1.683       1.949        0.31     112809.    0.0469  
       66.39      0.9347      0.3173      0.0037      0.0109       0.083       1.045       0.149      61.828       0.118       0.661       1.090        0.31     113345.    0.0164  
       68.76      0.9681                                                                                                                                                            
                                                                                                                                                                                    
                                                                                                                                                                                    
                                                                                                                                                                                    
         PROP RPM =       6000                                                                                                                                                      
                                                                                                                                                                                    
         V          J           Pe         Ct          Cp          PWR         Torque      Thrust      PWR         Torque      Thrust      THR/PWR      Mach      Reyn       FOM    
       (mph)     (Adv_Ratio)     -          -           -          (Hp)        (In-Lbf)     (Lbf)      (W)         (N-m)       (N)         (g/W)         -         -          -     
        0.00      0.0000      0.0000      0.1060      0.0430       0.567       5.956       6.154     422.829       0.673      27.375       6.602        0.36     125579.    0.6407  
        2.81      0.0330      0.0790      0.1053      0.0440       0.581       6.098       6.116     432.911       0.689      27.203       6.408        0.36     125690.    0.6199  
        5.63      0.0660      0.1532      0.1045      0.0451       0.595       6.248       6.072     443.531       0.706      27.009       6.210        0.36     125815.    0.5986  
        8.44      0.0990      0.2224      0.1037      0.0462       0.610       6.403       6.022     454.552       0.723      26.788       6.009        0.36     125955.    0.5769  
       11.25      0.1321      0.2866      0.1027      0.0473       0.625       6.562       5.965     465.808       0.741      26.534       5.809        0.36     126112.    0.5550  
       14.07      0.1651      0.3459      0.1016      0.0485       0.640       6.721       5.900     477.087       0.759      26.243       5.609        0.36     126286.    0.5330  
       16.88      0.1981      0.4005      0.1003      0.0496       0.655       6.876       5.825     488.140       0.777      25.908       5.412        0.36     126478.    0.5109  
       19.70      0.2311      0.4506      0.0988      0.0507       0.669       7.025       5.738     498.672       0.794      25.522       5.219        0.36     126689.    0.4890  
       22.51      0.2641      0.4964      0.0971      0.0516       0.682       7.161       5.638     508.356       0.809      25.078       5.030        0.36     126919.    0.4672  
       25.32      0.2971      0.5382      0.0951      0.0525       0.693       7.281       5.524     516.833       0.823      24.570       4.848        0.36     127170.    0.4457  
       28.14      0.3301      0.5762      0.0929      0.0532       0.702       7.378       5.394     523.717       0.834      23.992       4.671        0.36     127441.    0.4244  
       30.95      0.3632      0.6108      0.0903      0.0537       0.709       7.447       5.247     528.608       0.841      23.337       4.502        0.36     127733.    0.4034  
       33.76      0.3962      0.6423      0.0875      0.0540       0.712       7.482       5.081     531.096       0.845      22.600       4.339        0.36     128045.    0.3826  
       36.58      0.4292      0.6708      0.0843      0.0539       0.712       7.477       4.895     530.773       0.845      21.775       4.183        0.36     128379.    0.3621  
       39.39      0.4622      0.6967      0.0807      0.0536       0.707       7.427       4.689     527.246       0.839      20.859       4.034        0.36     128734.    0.3417  
       42.20      0.4952      0.7199      0.0768      0.0528       0.698       7.328       4.462     520.160       0.828      19.848       3.891        0.36     129110.    0.3215  
       45.02      0.5282      0.7408      0.0726      0.0517       0.683       7.173       4.214     509.223       0.810      18.744       3.753        0.36     129506.    0.3014  
       47.83      0.5612      0.7592      0.0679      0.0502       0.663       6.962       3.945     494.235       0.787      17.547       3.620        0.36     129924.    0.2813  
       50.65      0.5942      0.7749      0.0630      0.0483       0.637       6.693       3.656     475.151       0.756      16.263       3.490        0.36     130361.    0.2611  
       53.46      0.6273      0.7879      0.0577      0.0459       0.606       6.370       3.351     452.166       0.720      14.907       3.362        0.36     130819.    0.2407  
       56.27      0.6603      0.7975      0.0522      0.0432       0.571       5.995       3.033     425.574       0.677      13.492       3.233        0.36     131297.    0.2202  
       59.09      0.6933      0.8032      0.0466      0.0402       0.531       5.574       2.705     395.657       0.630      12.031       3.101        0.37     131794.    0.1995  
       61.90      0.7263      0.8039      0.0408      0.0368       0.486       5.109       2.369     362.676       0.577      10.536       2.962        0.37     132311.    0.1784  
       64.71      0.7593      0.7980      0.0349      0.0332       0.438       4.605       2.027     326.881       0.520       9.017       2.813        0.37     132848.    0.1567  
       67.53      0.7923      0.7830      0.0290      0.0293       0.387       4.065       1.682     288.535       0.459       7.484       2.645        0.37     133403.    0.1342  
       70.34      0.8253      0.7542      0.0230      0.0252       0.332       3.493       1.337     247.926       0.395       5.947       2.446        0.37     133978.    0.1106  
       73.16      0.8584      0.7034      0.0171      0.0209       0.275       2.893       0.993     205.383       0.327       4.417       2.193        0.37     134571.    0.0855  
       75.97      0.8914      0.6122      0.0113      0.0164       0.216       2.272       0.654     161.293       0.257       2.908       1.838        0.37     135183.    0.0581  
       78.78      0.9244      0.4340      0.0055      0.0118       0.156       1.636       0.322     116.105       0.185       1.431       1.257        0.37     135813.    0.0279  
       81.60      0.9574      0.0000      0.0000      0.0071       0.094       0.990       0.000      70.299       0.112       0.000       0.000        0.37     136460.    0.0000  
                                                                                                                                                                                    
                                                                                                                                                                                    
                                                                                                                                                                                    
         PROP RPM =       7000                                                                                                                                                      
                                                                                                                                                                                    
         V          J           Pe         Ct          Cp          PWR         Torque      Thrust      PWR         Torque      Thrust      THR/PWR      Mach      Reyn       FOM    
       (mph)     (Adv_Ratio)     -          -           -          (Hp)        (In-Lbf)     (Lbf)      (W)         (N-m)       (N)         (g/W)         -         -          -     
        0.00      0.0000      0.0000      0.1063      0.0428       0.897       8.080       8.404     669.142       0.913      37.380       5.696        0.42     146505.    0.6460  
        3.28      0.0330      0.0796      0.1057      0.0438       0.919       8.275       8.353     685.335       0.935      37.154       5.528        0.42     146634.    0.6250  
        6.57      0.0661      0.1543      0.1049      0.0449       0.942       8.481       8.295     702.415       0.958      36.898       5.357        0.42     146780.    0.6035  
        9.85      0.0991      0.2239      0.1041      0.0461       0.966       8.696       8.230     720.167       0.982      36.606       5.183        0.42     146944.    0.5816  
       13.14      0.1321      0.2885      0.1031      0.0472       0.990       8.915       8.154     738.323       1.007      36.270       5.009        0.42     147127.    0.5596  
       16.42      0.1652      0.3482      0.1020      0.0484       1.015       9.135       8.067     756.550       1.032      35.882       4.836        0.42     147330.    0.5373  
       19.71      0.1982      0.4031      0.1008      0.0495       1.039       9.351       7.966     774.439       1.056      35.435       4.666        0.42     147554.    0.5151  
       22.99      0.2312      0.4534      0.0993      0.0506       1.061       9.557       7.850     791.521       1.080      34.917       4.498        0.42     147800.    0.4930  
       26.27      0.2642      0.4994      0.0976      0.0516       1.083       9.747       7.716     807.262       1.101      34.321       4.335        0.42     148070.    0.4711  
       29.56      0.2973      0.5413      0.0957      0.0525       1.101       9.914       7.562     821.081       1.120      33.636       4.177        0.42     148362.    0.4494  
       32.84      0.3303      0.5795      0.0934      0.0533       1.116      10.050       7.386     832.354       1.135      32.854       4.025        0.42     148679.    0.4279  
       36.13      0.3633      0.6143      0.0909      0.0538       1.127      10.148       7.187     840.430       1.147      31.966       3.879        0.42     149020.    0.4067  
       39.41      0.3964      0.6459      0.0881      0.0540       1.133      10.199       6.961     844.645       1.152      30.964       3.738        0.42     149385.    0.3858  
       42.70      0.4294      0.6746      0.0849      0.0540       1.132      10.195       6.709     844.336       1.152      29.841       3.604        0.42     149775.    0.3652  
       45.98      0.4624      0.7006      0.0813      0.0537       1.125      10.129       6.428     838.867       1.144      28.592       3.476        0.42     150190.    0.3447  
       49.27      0.4955      0.7241      0.0774      0.0530       1.110       9.994       6.118     827.660       1.129      27.212       3.353        0.42     150629.    0.3244  
       52.55      0.5285      0.7452      0.0731      0.0518       1.087       9.783       5.778     810.241       1.105      25.701       3.235        0.42     151092.    0.3042  
       55.83      0.5615      0.7638      0.0684      0.0503       1.054       9.494       5.410     786.282       1.073      24.063       3.121        0.42     151580.    0.2839  
       59.12      0.5946      0.7800      0.0634      0.0483       1.013       9.125       5.014     755.705       1.031      22.304       3.010        0.42     152091.    0.2636  
       62.40      0.6276      0.7934      0.0581      0.0460       0.964       8.679       4.596     718.814       0.981      20.445       2.900        0.42     152626.    0.2432  
       65.69      0.6606      0.8037      0.0526      0.0433       0.907       8.163       4.160     676.080       0.922      18.504       2.791        0.43     153185.    0.2227  
       68.97      0.6937      0.8102      0.0469      0.0402       0.842       7.582       3.710     627.954       0.857      16.500       2.679        0.43     153766.    0.2019  
       72.26      0.7267      0.8118      0.0411      0.0368       0.771       6.941       3.248     574.856       0.784      14.448       2.563        0.43     154370.    0.1807  
       75.54      0.7597      0.8072      0.0352      0.0331       0.694       6.245       2.779     517.192       0.706      12.362       2.437        0.43     154996.    0.1589  
       78.82      0.7927      0.7937      0.0292      0.0291       0.611       5.499       2.306     455.385       0.621      10.257       2.297        0.43     155645.    0.1364  
       82.11      0.8258      0.7669      0.0232      0.0249       0.523       4.708       1.832     389.903       0.532       8.147       2.131        0.43     156316.    0.1128  
       85.39      0.8588      0.7185      0.0172      0.0206       0.431       3.879       1.359     321.283       0.438       6.047       1.919        0.43     157009.    0.0875  
       88.68      0.8918      0.6298      0.0113      0.0160       0.335       3.021       0.893     250.156       0.341       3.974       1.620        0.43     157724.    0.0599  
       91.96      0.9249      0.4516      0.0055      0.0113       0.238       2.140       0.438     177.254       0.242       1.947       1.120        0.43     158460.    0.0290  
       95.25      0.9579     -0.0068      0.0000      0.0066       0.139       1.248      -0.004     103.358       0.141      -0.017      -0.016        0.44     159215.    0.0000  
                                                                                                                                                                                    
                                                                                                                                                                                    
                                                                                                                                                                                    
         PROP RPM =       8000                                                                                                                                                      
                                                                                                                                                                                    
         V          J           Pe         Ct          Cp          PWR         Torque      Thrust      PWR         Torque      Thrust      THR/PWR      Mach      Reyn       FOM    
       (mph)     (Adv_Ratio)     -          -           -          (Hp)        (In-Lbf)     (Lbf)      (W)         (N-m)       (N)         (g/W)         -         -          -     
        0.00      0.0000      0.0000      0.1067      0.0428       1.339      10.548      11.016     998.355       1.192      49.000       5.005        0.48     167429.    0.6498  
        3.75      0.0330      0.0799      0.1061      0.0438       1.372      10.806      10.952    1022.792       1.221      48.716       4.857        0.48     167576.    0.6288  
        7.51      0.0660      0.1548      0.1054      0.0449       1.406      11.079      10.880    1048.608       1.252      48.395       4.706        0.48     167743.    0.6072  
       11.26      0.0991      0.2247      0.1046      0.0461       1.442      11.363      10.798    1075.486       1.284      48.027       4.554        0.48     167930.    0.5853  
       15.01      0.1321      0.2896      0.1036      0.0473       1.479      11.654      10.702    1103.024       1.317      47.603       4.401        0.48     168138.    0.5632  
       18.76      0.1651      0.3495      0.1026      0.0485       1.516      11.946      10.592    1130.720       1.350      47.112       4.249        0.48     168370.    0.5409  
       22.52      0.1981      0.4045      0.1013      0.0496       1.553      12.234      10.464    1157.963       1.382      46.542       4.099        0.48     168627.    0.5186  
       26.27      0.2312      0.4550      0.0999      0.0507       1.588      12.510      10.315    1184.033       1.413      45.881       3.951        0.48     168908.    0.4964  
       30.02      0.2642      0.5012      0.0982      0.0518       1.620      12.764      10.143    1208.122       1.442      45.115       3.808        0.48     169216.    0.4744  
       33.77      0.2972      0.5432      0.0963      0.0527       1.649      12.988       9.945    1229.344       1.467      44.233       3.669        0.48     169550.    0.4526  
       37.53      0.3302      0.5816      0.0941      0.0534       1.672      13.172       9.717    1246.744       1.488      43.222       3.535        0.48     169912.    0.4311  
       41.28      0.3632      0.6164      0.0916      0.0540       1.689      13.305       9.458    1259.332       1.503      42.070       3.407        0.48     170302.    0.4098  
       45.03      0.3963      0.6482      0.0888      0.0543       1.698      13.377       9.165    1266.094       1.511      40.767       3.283        0.48     170720.    0.3888  
       48.78      0.4293      0.6770      0.0856      0.0543       1.698      13.376       8.836    1266.018       1.511      39.303       3.166        0.48     171165.    0.3681  
       52.54      0.4623      0.7032      0.0820      0.0539       1.687      13.293       8.469    1258.137       1.502      37.671       3.053        0.48     171639.    0.3476  
       56.29      0.4953      0.7269      0.0781      0.0532       1.665      13.118       8.063    1241.566       1.482      35.866       2.946        0.48     172141.    0.3272  
       60.04      0.5284      0.7482      0.0738      0.0521       1.630      12.843       7.618    1215.576       1.451      33.886       2.843        0.48     172671.    0.3069  
       63.79      0.5614      0.7672      0.0691      0.0506       1.582      12.464       7.135    1179.665       1.408      31.736       2.743        0.48     173229.    0.2866  
       67.55      0.5944      0.7837      0.0641      0.0486       1.520      11.978       6.616    1133.694       1.353      29.426       2.647        0.48     173813.    0.2663  
       71.30      0.6274      0.7976      0.0587      0.0462       1.446      11.391       6.066    1078.112       1.287      26.981       2.552        0.49     174425.    0.2459  
       75.05      0.6604      0.8085      0.0532      0.0434       1.359      10.709       5.492    1013.618       1.210      24.426       2.457        0.49     175063.    0.2253  
       78.80      0.6935      0.8157      0.0474      0.0403       1.262       9.941       4.898     940.900       1.123      21.787       2.361        0.49     175727.    0.2044  
       82.56      0.7265      0.8183      0.0415      0.0369       1.154       9.092       4.290     860.592       1.027      19.082       2.261        0.49     176417.    0.1832  
       86.31      0.7595      0.8149      0.0356      0.0331       1.037       8.170       3.672     773.312       0.923      16.333       2.154        0.49     177133.    0.1614  
       90.06      0.7925      0.8030      0.0295      0.0291       0.911       7.181       3.048     679.702       0.811      13.556       2.034        0.49     177875.    0.1389  
       93.81      0.8256      0.7783      0.0235      0.0249       0.778       6.133       2.422     580.474       0.693      10.773       1.892        0.49     178641.    0.1152  
       97.57      0.8586      0.7325      0.0174      0.0204       0.639       5.034       1.799     476.448       0.569       8.002       1.713        0.49     179433.    0.0899  
      101.32      0.8916      0.6472      0.0115      0.0158       0.494       3.894       1.184     368.585       0.440       5.266       1.457        0.49     180249.    0.0620  
      105.07      0.9246      0.4717      0.0056      0.0111       0.346       2.726       0.582     258.011       0.308       2.591       1.024        0.50     181091.    0.0306  
      108.82      0.9576     -0.0002      0.0000      0.0063       0.196       1.542       0.000     145.918       0.174      -0.001       0.000        0.50     181953.    0.0000  
                                                                                                                                                                                    
                                                                                                                                                                                    
                                                                                                                                                                                    
         PROP RPM =       9000                                                                                                                                                      
                                                                                                                                                                                    
         V          J           Pe         Ct          Cp          PWR         Torque      Thrust      PWR         Torque      Thrust      THR/PWR      Mach      Reyn       FOM    
       (mph)     (Adv_Ratio)     -          -           -          (Hp)        (In-Lbf)     (Lbf)      (W)         (N-m)       (N)         (g/W)         -         -          -     
        0.00      0.0000      0.0000      0.1071      0.0429       1.910      13.377      13.998    1424.368       1.511      62.264       4.458        0.54     188350.    0.6524  
        4.22      0.0330      0.0801      0.1065      0.0439       1.957      13.707      13.922    1459.573       1.549      61.924       4.326        0.54     188516.    0.6314  
        8.44      0.0660      0.1552      0.1059      0.0451       2.007      14.057      13.835    1496.834       1.588      61.537       4.192        0.54     188703.    0.6100  
       12.66      0.0991      0.2252      0.1051      0.0462       2.059      14.422      13.735    1535.702       1.629      61.093       4.057        0.54     188913.    0.5881  
       16.88      0.1321      0.2902      0.1042      0.0474       2.113      14.797      13.619    1575.611       1.672      60.578       3.921        0.54     189148.    0.5660  
       21.11      0.1651      0.3502      0.1032      0.0486       2.167      15.175      13.484    1615.836       1.714      59.979       3.785        0.54     189409.    0.5437  
       25.33      0.1981      0.4054      0.1020      0.0498       2.220      15.547      13.327    1655.493       1.757      59.280       3.651        0.54     189697.    0.5214  
       29.55      0.2311      0.4560      0.1006      0.0510       2.271      15.905      13.144    1693.542       1.797      58.464       3.520        0.54     190014.    0.4992  
       33.77      0.2641      0.5022      0.0990      0.0520       2.318      16.236      12.931    1728.801       1.834      57.516       3.393        0.54     190360.    0.4772  
       37.99      0.2972      0.5444      0.0971      0.0530       2.360      16.529      12.684    1759.974       1.867      56.419       3.269        0.54     190736.    0.4554  
       42.21      0.3302      0.5828      0.0949      0.0538       2.395      16.770      12.400    1785.669       1.895      55.155       3.150        0.54     191143.    0.4339  
       46.43      0.3632      0.6178      0.0924      0.0543       2.420      16.946      12.075    1804.438       1.915      53.710       3.035        0.54     191582.    0.4126  
       50.65      0.3962      0.6497      0.0896      0.0546       2.434      17.043      11.706    1814.794       1.926      52.069       2.926        0.54     192052.    0.3916  
       54.87      0.4292      0.6787      0.0864      0.0546       2.434      17.048      11.291    1815.266       1.926      50.220       2.821        0.54     192554.    0.3708  
       59.09      0.4623      0.7050      0.0828      0.0543       2.420      16.946      10.826    1804.438       1.915      48.154       2.721        0.54     193088.    0.3503  
       63.32      0.4953      0.7289      0.0789      0.0536       2.388      16.726      10.311    1781.018       1.890      45.864       2.626        0.54     193653.    0.3298  
       67.54      0.5283      0.7505      0.0746      0.0525       2.339      16.378       9.746    1743.942       1.850      43.348       2.535        0.54     194249.    0.3095  
       71.76      0.5613      0.7697      0.0699      0.0509       2.270      15.895       9.130    1692.465       1.796      40.611       2.447        0.54     194877.    0.2892  
       75.98      0.5943      0.7866      0.0648      0.0490       2.181      15.274       8.468    1626.372       1.726      37.666       2.362        0.54     195535.    0.2688  
       80.20      0.6273      0.8010      0.0594      0.0465       2.074      14.522       7.766    1546.283       1.641      34.545       2.278        0.55     196224.    0.2483  
       84.42      0.6604      0.8124      0.0538      0.0437       1.949      13.648       7.033    1453.206       1.542      31.282       2.195        0.55     196942.    0.2277  
       88.64      0.6934      0.8203      0.0480      0.0406       1.808      12.661       6.274    1348.135       1.430      27.907       2.111        0.55     197689.    0.2068  
       92.86      0.7264      0.8238      0.0421      0.0371       1.652      11.570       5.496    1231.996       1.307      24.447       2.023        0.55     198466.    0.1856  
       97.08      0.7594      0.8214      0.0360      0.0333       1.483      10.384       4.705    1105.681       1.173      20.927       1.930        0.55     199272.    0.1638  
      101.31      0.7924      0.8109      0.0299      0.0292       1.301       9.111       3.905     970.130       1.029      17.372       1.826        0.55     200106.    0.1412  
      105.53      0.8255      0.7881      0.0237      0.0249       1.108       7.761       3.104     826.377       0.877      13.805       1.703        0.55     200968.    0.1174  
      109.75      0.8585      0.7446      0.0176      0.0203       0.906       6.345       2.305     675.619       0.717      10.254       1.548        0.56     201859.    0.0919  
      113.97      0.8915      0.6620      0.0116      0.0156       0.696       4.877       1.517     519.261       0.551       6.747       1.325        0.56     202778.    0.0638  
      118.19      0.9245      0.4882      0.0057      0.0108       0.481       3.371       0.746     358.953       0.381       3.317       0.942        0.56     203724.    0.0318  
      122.41      0.9575     -0.0016      0.0000      0.0059       0.263       1.845      -0.001     196.444       0.208      -0.006      -0.003        0.56     204693.    0.0000  
                                                                                                                                                                                    
                                                                                                                                                                                    
                                                                                                                                                                                    
         PROP RPM =      10000                                                                                                                                                      
                                                                                                                                                                                    
         V          J           Pe         Ct          Cp          PWR         Torque      Thrust      PWR         Torque      Thrust      THR/PWR      Mach      Reyn       FOM    
       (mph)     (Adv_Ratio)     -          -           -          (Hp)        (In-Lbf)     (Lbf)      (W)         (N-m)       (N)         (g/W)         -         -          -     
        0.00      0.0000      0.0000      0.1076      0.0431       2.631      16.586      17.358    1962.299       1.874      77.209       4.012        0.59     209268.    0.6539  
        4.69      0.0330      0.0801      0.1070      0.0441       2.697      16.999      17.270    2011.192       1.921      76.815       3.895        0.60     209452.    0.6331  
        9.38      0.0660      0.1552      0.1064      0.0453       2.767      17.437      17.169    2063.058       1.970      76.366       3.775        0.60     209660.    0.6118  
       14.07      0.0990      0.2253      0.1057      0.0465       2.839      17.896      17.052    2117.291       2.022      75.848       3.653        0.60     209893.    0.5901  
       18.76      0.1320      0.2903      0.1049      0.0477       2.914      18.368      16.917    2173.111       2.075      75.245       3.531        0.60     210154.    0.5681  
       23.45      0.1651      0.3504      0.1039      0.0489       2.990      18.844      16.758    2229.522       2.129      74.539       3.409        0.60     210443.    0.5459  
       28.13      0.1981      0.4057      0.1027      0.0502       3.065      19.316      16.571    2285.288       2.182      73.710       3.289        0.60     210763.    0.5237  
       32.82      0.2311      0.4563      0.1014      0.0513       3.137      19.769      16.353    2338.950       2.234      72.737       3.171        0.60     211115.    0.5016  
       37.51      0.2641      0.5026      0.0998      0.0524       3.203      20.191      16.097    2388.848       2.281      71.598       3.056        0.60     211500.    0.4797  
       42.20      0.2971      0.5449      0.0979      0.0534       3.263      20.566      15.798    2433.146       2.323      70.271       2.945        0.60     211918.    0.4579  
       46.89      0.3301      0.5834      0.0958      0.0542       3.312      20.876      15.453    2469.876       2.359      68.736       2.838        0.60     212371.    0.4364  
       51.58      0.3631      0.6185      0.0933      0.0548       3.349      21.105      15.057    2496.978       2.384      66.972       2.735        0.60     212859.    0.4151  
       56.27      0.3961      0.6504      0.0905      0.0551       3.369      21.235      14.605    2512.358       2.399      64.961       2.637        0.60     213381.    0.3942  
       60.96      0.4291      0.6795      0.0874      0.0552       3.371      21.248      14.093    2513.936       2.401      62.687       2.543        0.60     213939.    0.3734  
       65.65      0.4622      0.7060      0.0838      0.0549       3.352      21.128      13.520    2499.710       2.387      60.138       2.453        0.60     214533.    0.3529  
       70.34      0.4952      0.7301      0.0799      0.0542       3.309      20.859      12.883    2467.860       2.357      57.304       2.368        0.60     215161.    0.3324  
       75.03      0.5282      0.7519      0.0755      0.0530       3.241      20.428      12.182    2416.877       2.308      54.184       2.286        0.60     215825.    0.3121  
       79.71      0.5612      0.7715      0.0708      0.0515       3.146      19.827      11.417    2345.710       2.240      50.783       2.208        0.60     216522.    0.2918  
       84.40      0.5942      0.7888      0.0657      0.0495       3.023      19.052      10.593    2254.019       2.152      47.118       2.132        0.61     217254.    0.2714  
       89.09      0.6272      0.8035      0.0602      0.0470       2.873      18.110       9.718    2142.639       2.046      43.228       2.057        0.61     218019.    0.2509  
       93.78      0.6602      0.8155      0.0546      0.0442       2.699      17.014       8.803    2012.973       1.922      39.155       1.984        0.61     218818.    0.2302  
       98.47      0.6932      0.8241      0.0487      0.0410       2.503      15.775       7.855    1866.412       1.782      34.939       1.909        0.61     219649.    0.2093  
      103.16      0.7262      0.8284      0.0427      0.0374       2.285      14.405       6.883    1704.255       1.627      30.613       1.832        0.61     220512.    0.1880  
      107.85      0.7593      0.8271      0.0365      0.0335       2.049      12.913       5.892    1527.763       1.459      26.209       1.749        0.61     221407.    0.1661  
      112.54      0.7923      0.8179      0.0303      0.0294       1.795      11.311       4.892    1338.252       1.278      21.758       1.658        0.61     222334.    0.1434  
      117.23      0.8253      0.7968      0.0241      0.0250       1.525       9.612       3.887    1137.179       1.086      17.290       1.550        0.62     223293.    0.1196  
      121.92      0.8583      0.7555      0.0179      0.0203       1.242       7.829       2.887     926.228       0.884      12.840       1.414        0.62     224282.    0.0939  
      126.61      0.8913      0.6756      0.0118      0.0155       0.949       5.979       1.898     707.385       0.676       8.444       1.217        0.62     225303.    0.0656  
      131.30      0.9243      0.5034      0.0058      0.0106       0.648       4.082       0.931     482.989       0.461       4.143       0.875        0.62     226354.    0.0330  
      135.98      0.9573     -0.0057      0.0000      0.0056       0.343       2.160      -0.005     255.511       0.244      -0.024      -0.009        0.62     227430.    0.0000  
                                                                                                                                                                                    
                                                                                                                                                                                    
                                                                                                                                                                                    
         PROP RPM =      11000                                                                                                                                                      
                                                                                                                                                                                    
         V          J           Pe         Ct          Cp          PWR         Torque      Thrust      PWR         Torque      Thrust      THR/PWR      Mach      Reyn       FOM    
       (mph)     (Adv_Ratio)     -          -           -          (Hp)        (In-Lbf)     (Lbf)      (W)         (N-m)       (N)         (g/W)         -         -          -     
        0.00      0.0000      0.0000      0.1081      0.0434       3.529      20.218      21.104    2631.289       2.284      93.869       3.638        0.65     230184.    0.6537  
        5.16      0.0330      0.0799      0.1076      0.0445       3.616      20.721      21.005    2696.747       2.341      93.430       3.533        0.65     230385.    0.6334  
       10.31      0.0660      0.1548      0.1070      0.0456       3.710      21.257      20.892    2766.428       2.402      92.928       3.425        0.65     230613.    0.6124  
       15.47      0.0990      0.2249      0.1064      0.0468       3.808      21.819      20.761    2839.556       2.465      92.345       3.316        0.65     230869.    0.5911  
       20.62      0.1320      0.2899      0.1056      0.0481       3.909      22.399      20.608    2915.121       2.531      91.663       3.206        0.66     231156.    0.5694  
       25.78      0.1650      0.3500      0.1046      0.0493       4.012      22.989      20.427    2991.796       2.597      90.858       3.097        0.66     231474.    0.5475  
       30.93      0.1980      0.4053      0.1035      0.0506       4.114      23.573      20.213    3067.924       2.663      89.906       2.988        0.66     231826.    0.5255  
       36.09      0.2310      0.4559      0.1022      0.0518       4.213      24.139      19.959    3141.513       2.727      88.779       2.882        0.66     232212.    0.5036  
       41.25      0.2640      0.5023      0.1007      0.0529       4.305      24.667      19.660    3210.277       2.787      87.449       2.778        0.66     232635.    0.4818  
       46.40      0.2970      0.5446      0.0989      0.0539       4.387      25.139      19.310    3271.658       2.840      85.890       2.677        0.66     233095.    0.4602  
       51.56      0.3300      0.5831      0.0968      0.0548       4.456      25.533      18.901    3322.910       2.885      84.072       2.580        0.66     233593.    0.4388  
       56.71      0.3630      0.6183      0.0944      0.0554       4.507      25.827      18.429    3361.177       2.918      81.970       2.487        0.66     234130.    0.4176  
       61.87      0.3960      0.6503      0.0916      0.0558       4.537      25.999      17.887    3383.563       2.937      79.562       2.398        0.66     234705.    0.3967  
       67.02      0.4290      0.6796      0.0885      0.0558       4.542      26.027      17.272    3387.199       2.940      76.826       2.313        0.66     235319.    0.3760  
       72.18      0.4619      0.7063      0.0849      0.0556       4.518      25.890      16.580    3369.338       2.925      73.747       2.232        0.66     235972.    0.3555  
       77.34      0.4949      0.7305      0.0810      0.0549       4.462      25.568      15.808    3327.472       2.889      70.314       2.155        0.66     236664.    0.3351  
       82.49      0.5279      0.7526      0.0766      0.0537       4.371      25.046      14.956    3259.526       2.830      66.523       2.081        0.66     237394.    0.3148  
       87.65      0.5609      0.7725      0.0718      0.0522       4.243      24.312      14.024    3164.046       2.747      62.381       2.010        0.66     238161.    0.2945  
       92.80      0.5939      0.7901      0.0667      0.0501       4.077      23.363      13.019    3040.526       2.640      57.908       1.942        0.67     238967.    0.2741  
       97.96      0.6269      0.8054      0.0612      0.0477       3.876      22.207      11.949    2890.041       2.509      53.150       1.875        0.67     239809.    0.2536  
      103.11      0.6599      0.8179      0.0555      0.0448       3.640      20.858      10.828    2714.486       2.356      48.163       1.809        0.67     240687.    0.2329  
      108.27      0.6929      0.8271      0.0495      0.0415       3.374      19.331       9.666    2515.758       2.184      42.992       1.743        0.67     241601.    0.2119  
      113.42      0.7259      0.8323      0.0434      0.0378       3.079      17.639       8.472    2295.642       1.993      37.682       1.674        0.67     242551.    0.1906  
      118.58      0.7589      0.8321      0.0372      0.0339       2.757      15.797       7.255    2055.862       1.785      32.271       1.601        0.67     243536.    0.1686  
      123.74      0.7919      0.8243      0.0309      0.0296       2.411      13.817       6.024    1798.220       1.561      26.796       1.520        0.67     244555.    0.1459  
      128.89      0.8249      0.8048      0.0245      0.0251       2.045      11.716       4.788    1524.706       1.324      21.297       1.424        0.68     245609.    0.1219  
      134.05      0.8579      0.7658      0.0182      0.0204       1.660       9.510       3.556    1237.632       1.074      15.817       1.303        0.68     246697.    0.0961  
      139.20      0.8909      0.6887      0.0120      0.0155       1.260       7.221       2.338     939.752       0.816      10.400       1.129        0.68     247819.    0.0675  
      144.36      0.9239      0.5187      0.0059      0.0105       0.851       4.874       1.146     634.373       0.551       5.099       0.820        0.68     248974.    0.0343  
      149.51      0.9569     -0.0078      0.0000      0.0054       0.436       2.498      -0.009     325.061       0.282      -0.038      -0.012        0.68     250157.    0.0000  
                                                                                                                                                                                    
                                                                                                                                                                                    
                                                                                                                                                                                    
         PROP RPM =      12000                                                                                                                                                      
                                                                                                                                                                                    
         V          J           Pe         Ct          Cp          PWR         Torque      Thrust      PWR         Torque      Thrust      THR/PWR      Mach      Reyn       FOM    
       (mph)     (Adv_Ratio)     -          -           -          (Hp)        (In-Lbf)     (Lbf)      (W)         (N-m)       (N)         (g/W)         -         -          -     
        0.00      0.0000      0.0000      0.1086      0.0442       4.672      24.538      25.239    3483.795       2.772     112.265       3.286        0.71     251096.    0.6458  
        5.62      0.0330      0.0787      0.1082      0.0453       4.784      25.125      25.134    3567.132       2.839     111.795       3.196        0.71     251315.    0.6267  
       11.24      0.0659      0.1529      0.1077      0.0464       4.903      25.752      25.012    3656.068       2.909     111.255       3.103        0.71     251563.    0.6071  
       16.86      0.0989      0.2224      0.1071      0.0476       5.028      26.411      24.871    3749.642       2.984     110.625       3.008        0.71     251841.    0.5869  
       22.48      0.1319      0.2871      0.1063      0.0489       5.158      27.094      24.704    3846.614       3.061     109.882       2.913        0.71     252153.    0.5663  
       28.10      0.1648      0.3470      0.1055      0.0501       5.291      27.789      24.505    3945.305       3.140     108.998       2.817        0.71     252499.    0.5455  
       33.72      0.1978      0.4024      0.1045      0.0514       5.423      28.481      24.267    4043.621       3.218     107.941       2.722        0.72     252882.    0.5245  
       39.34      0.2308      0.4533      0.1032      0.0526       5.551      29.153      23.983    4139.040       3.294     106.677       2.628        0.72     253303.    0.5035  
       44.96      0.2638      0.4999      0.1018      0.0537       5.671      29.785      23.645    4228.636       3.365     105.171       2.536        0.72     253764.    0.4824  
       50.58      0.2967      0.5425      0.1000      0.0547       5.779      30.351      23.243    4309.115       3.429     103.386       2.447        0.72     254265.    0.4614  
       56.20      0.3297      0.5814      0.0980      0.0556       5.870      30.829      22.772    4376.897       3.483     101.288       2.360        0.72     254808.    0.4405  
       61.82      0.3627      0.6169      0.0957      0.0562       5.938      31.190      22.222    4428.186       3.524      98.843       2.276        0.72     255393.    0.4197  
       67.44      0.3956      0.6492      0.0929      0.0566       5.980      31.408      21.587    4459.061       3.548      96.021       2.196        0.72     256020.    0.3991  
       73.06      0.4286      0.6787      0.0898      0.0567       5.988      31.453      20.862    4465.572       3.554      92.796       2.119        0.72     256690.    0.3786  
       78.68      0.4616      0.7056      0.0863      0.0564       5.959      31.301      20.042    4443.882       3.536      89.148       2.046        0.72     257403.    0.3582  
       84.30      0.4945      0.7301      0.0823      0.0558       5.888      30.924      19.124    4390.446       3.494      85.062       1.976        0.72     258157.    0.3380  
       89.92      0.5275      0.7524      0.0779      0.0546       5.769      30.303      18.106    4302.292       3.424      80.535       1.909        0.72     258954.    0.3177  
       95.54      0.5605      0.7726      0.0731      0.0531       5.602      29.424      16.990    4177.381       3.324      75.573       1.845        0.73     259791.    0.2974  
      101.16      0.5935      0.7907      0.0679      0.0510       5.384      28.280      15.783    4014.971       3.195      70.201       1.783        0.73     260670.    0.2771  
      106.78      0.6264      0.8064      0.0624      0.0485       5.118      26.881      14.495    3816.396       3.037      64.474       1.723        0.73     261589.    0.2566  
      112.40      0.6594      0.8195      0.0566      0.0455       4.806      25.245      13.143    3584.159       2.852      58.458       1.663        0.73     262547.    0.2359  
      118.02      0.6924      0.8295      0.0505      0.0422       4.453      23.390      11.738    3320.795       2.643      52.212       1.603        0.73     263544.    0.2149  
      123.64      0.7253      0.8356      0.0443      0.0385       4.062      21.333      10.294    3028.704       2.410      45.787       1.542        0.73     264579.    0.1935  
      129.26      0.7583      0.8364      0.0380      0.0344       3.635      19.090       8.820    2710.276       2.157      39.232       1.476        0.73     265653.    0.1715  
      134.88      0.7913      0.8299      0.0315      0.0301       3.176      16.679       7.328    2368.033       1.884      32.593       1.404        0.74     266764.    0.1486  
      140.50      0.8242      0.8120      0.0251      0.0255       2.689      14.121       5.827    2004.858       1.595      25.918       1.318        0.74     267912.    0.1245  
      146.12      0.8572      0.7745      0.0186      0.0206       2.178      11.440       4.330    1624.192       1.292      19.258       1.209        0.74     269098.    0.0984  
      151.74      0.8902      0.6986      0.0123      0.0156       1.650       8.665       2.848    1230.240       0.979      12.669       1.050        0.74     270320.    0.0693  
      157.36      0.9232      0.5278      0.0060      0.0105       1.111       5.833       1.397     828.103       0.659       6.214       0.765        0.74     271579.    0.0354  
      162.98      0.9561     -0.0083      0.0000      0.0054       0.568       2.982      -0.011     423.322       0.337      -0.049      -0.012        0.75     272868.    0.0000  
                                                                                                                                                                                    
                                                                                                                                                                                    
                                                                                                                                                                                    
         PROP RPM =      13000                                                                                                                                                      
                                                                                                                                                                                    
         V          J           Pe         Ct          Cp          PWR         Torque      Thrust      PWR         Torque      Thrust      THR/PWR      Mach      Reyn       FOM    
       (mph)     (Adv_Ratio)     -          -           -          (Hp)        (In-Lbf)     (Lbf)      (W)         (N-m)       (N)         (g/W)         -         -          -     
        0.00      0.0000      0.0000      0.1092      0.0464       6.233      30.221      29.762    4648.214       3.414     132.379       2.904        0.77     272003.    0.6197  
        6.08      0.0329      0.0755      0.1088      0.0474       6.370      30.883      29.653    4749.924       3.489     131.895       2.832        0.77     272240.    0.6031  
       12.16      0.0658      0.1469      0.1083      0.0485       6.515      31.588      29.528    4858.461       3.569     131.338       2.757        0.77     272507.    0.5859  
       18.24      0.0988      0.2143      0.1078      0.0497       6.668      32.330      29.381    4972.580       3.653     130.687       2.680        0.77     272808.    0.5682  
       24.32      0.1317      0.2774      0.1071      0.0508       6.827      33.098      29.207    5090.652       3.739     129.912       2.602        0.77     273144.    0.5501  
       30.40      0.1646      0.3364      0.1064      0.0520       6.987      33.877      28.997    5210.515       3.827     128.979       2.524        0.77     273517.    0.5317  
       36.48      0.1975      0.3912      0.1054      0.0532       7.147      34.651      28.744    5329.463       3.915     127.851       2.446        0.78     273931.    0.5130  
       42.56      0.2305      0.4420      0.1043      0.0544       7.301      35.397      28.436    5444.260       3.999     126.485       2.369        0.78     274386.    0.4942  
       48.64      0.2634      0.4889      0.1029      0.0554       7.444      36.092      28.066    5551.212       4.078     124.836       2.293        0.78     274884.    0.4752  
       54.72      0.2963      0.5322      0.1013      0.0564       7.572      36.710      27.621    5646.206       4.147     122.858       2.219        0.78     275426.    0.4562  
       60.80      0.3292      0.5721      0.0994      0.0572       7.677      37.221      27.092    5724.835       4.205     120.505       2.146        0.78     276012.    0.4370  
       66.87      0.3622      0.6087      0.0971      0.0578       7.754      37.596      26.469    5782.458       4.248     117.735       2.076        0.78     276645.    0.4178  
       72.95      0.3951      0.6423      0.0944      0.0581       7.797      37.803      25.744    5814.309       4.271     114.507       2.008        0.78     277324.    0.3986  
       79.03      0.4280      0.6731      0.0914      0.0581       7.799      37.811      24.907    5815.596       4.272     110.788       1.943        0.78     278049.    0.3792  
       85.11      0.4609      0.7012      0.0879      0.0578       7.753      37.591      23.955    5781.664       4.247     106.551       1.879        0.78     278820.    0.3598  
       91.19      0.4938      0.7269      0.0839      0.0570       7.655      37.113      22.881    5708.129       4.193     101.777       1.818        0.78     279637.    0.3402  
       97.27      0.5268      0.7502      0.0795      0.0558       7.498      36.352      21.686    5591.170       4.107      96.460       1.759        0.78     280499.    0.3205  
      103.35      0.5597      0.7713      0.0747      0.0542       7.279      35.291      20.370    5427.883       3.987      90.608       1.702        0.79     281406.    0.3005  
      109.43      0.5926      0.7900      0.0695      0.0521       6.996      33.918      18.941    5216.808       3.832      84.249       1.647        0.79     282357.    0.2804  
      115.51      0.6255      0.8064      0.0639      0.0495       6.650      32.243      17.412    4959.193       3.643      77.449       1.593        0.79     283351.    0.2599  
      121.59      0.6585      0.8202      0.0580      0.0465       6.246      30.285      15.802    4657.991       3.422      70.285       1.539        0.79     284388.    0.2393  
      127.67      0.6914      0.8308      0.0518      0.0431       5.788      28.063      14.126    4316.279       3.171      62.831       1.484        0.79     285467.    0.2182  
      133.75      0.7243      0.8375      0.0455      0.0393       5.280      25.600      12.399    3937.393       2.892      55.149       1.428        0.79     286587.    0.1967  
      139.83      0.7572      0.8387      0.0390      0.0352       4.727      22.918      10.633    3524.924       2.589      47.297       1.368        0.80     287748.    0.1745  
      145.91      0.7901      0.8322      0.0324      0.0308       4.134      20.044       8.842    3082.879       2.265      39.331       1.301        0.80     288950.    0.1513  
      151.99      0.8231      0.8132      0.0258      0.0261       3.508      17.008       7.039    2615.982       1.922      31.308       1.220        0.80     290192.    0.1267  
      158.07      0.8560      0.7726      0.0192      0.0213       2.856      13.848       5.236    2129.905       1.565      23.288       1.115        0.80     291474.    0.0998  
      164.15      0.8889      0.6899      0.0126      0.0163       2.188      10.607       3.448    1631.422       1.198      15.337       0.959        0.80     292795.    0.0696  
      170.23      0.9218      0.5078      0.0062      0.0113       1.513       7.337       1.693    1128.494       0.829       7.531       0.681        0.81     294156.    0.0346  
      176.31      0.9548     -0.0070      0.0000      0.0063       0.844       4.093      -0.013     629.520       0.462      -0.056      -0.009        0.81     295549.    0.0000  
                                                                                                                                                                                    
                                                                                                                                                                                    
                                                                                                                                                                                    
         PROP RPM =      14000                                                                                                                                                      
                                                                                                                                                                                    
         V          J           Pe         Ct          Cp          PWR         Torque      Thrust      PWR         Torque      Thrust      THR/PWR      Mach      Reyn       FOM    
       (mph)     (Adv_Ratio)     -          -           -          (Hp)        (In-Lbf)     (Lbf)      (W)         (N-m)       (N)         (g/W)         -         -          -     
        0.00      0.0000      0.0000      0.1096      0.0509       8.534      38.420      34.649    6363.802       4.341     154.121       2.470        0.83     292907.    0.5687  
        6.55      0.0329      0.0693      0.1092      0.0519       8.697      39.154      34.541    6485.279       4.424     153.638       2.416        0.83     293160.    0.5554  
       13.09      0.0658      0.1355      0.1088      0.0529       8.870      39.935      34.417    6614.717       4.512     153.087       2.360        0.83     293447.    0.5416  
       19.64      0.0988      0.1983      0.1084      0.0540       9.052      40.754      34.272    6750.358       4.604     152.440       2.303        0.83     293770.    0.5273  
       26.19      0.1317      0.2577      0.1078      0.0551       9.240      41.597      34.097    6889.910       4.700     151.665       2.245        0.83     294130.    0.5127  
       32.74      0.1646      0.3138      0.1072      0.0562       9.428      42.444      33.886    7030.310       4.795     150.723       2.186        0.83     294532.    0.4978  
       39.28      0.1975      0.3665      0.1063      0.0573       9.612      43.274      33.626    7167.778       4.889     149.567       2.128        0.83     294976.    0.4827  
       45.83      0.2305      0.4159      0.1053      0.0584       9.787      44.059      33.306    7297.847       4.978     148.145       2.070        0.84     295466.    0.4673  
       52.38      0.2634      0.4623      0.1041      0.0593       9.944      44.770      32.914    7415.481       5.058     146.401       2.013        0.84     296001.    0.4518  
       58.93      0.2963      0.5057      0.1026      0.0601      10.078      45.372      32.436    7515.271       5.126     144.274       1.958        0.84     296585.    0.4361  
       65.47      0.3292      0.5464      0.1008      0.0607      10.181      45.833      31.859    7591.615       5.178     141.707       1.903        0.84     297217.    0.4203  
       72.02      0.3622      0.5844      0.0986      0.0611      10.244      46.119      31.170    7638.918       5.210     138.642       1.851        0.84     297899.    0.4042  
       78.57      0.3951      0.6198      0.0960      0.0612      10.261      46.195      30.357    7651.589       5.219     135.028       1.799        0.84     298631.    0.3878  
       85.12      0.4280      0.6529      0.0930      0.0610      10.224      46.031      29.411    7624.409       5.201     130.820       1.750        0.84     299413.    0.3712  
       91.66      0.4609      0.6836      0.0896      0.0604      10.128      45.595      28.323    7552.247       5.151     125.981       1.701        0.84     300245.    0.3541  
       98.21      0.4939      0.7119      0.0857      0.0594       9.964      44.860      27.088    7430.384       5.068     120.486       1.654        0.84     301126.    0.3366  
      104.76      0.5268      0.7380      0.0813      0.0580       9.729      43.800      25.703    7254.809       4.948     114.325       1.607        0.84     302057.    0.3187  
      111.31      0.5597      0.7617      0.0764      0.0562       9.417      42.398      24.169    7022.609       4.790     107.506       1.561        0.85     303036.    0.3002  
      117.85      0.5926      0.7830      0.0711      0.0538       9.028      40.645      22.495    6732.357       4.592     100.059       1.516        0.85     304062.    0.2812  
      124.40      0.6256      0.8018      0.0655      0.0511       8.564      38.554      20.698    6386.019       4.356      92.065       1.470        0.85     305135.    0.2616  
      130.95      0.6585      0.8172      0.0594      0.0479       8.033      36.163      18.799    5989.923       4.086      83.616       1.423        0.85     306254.    0.2414  
      137.50      0.6914      0.8287      0.0532      0.0444       7.440      33.495      16.816    5547.914       3.784      74.799       1.375        0.85     307418.    0.2205  
      144.04      0.7243      0.8350      0.0467      0.0405       6.794      30.586      14.769    5066.106       3.456      65.690       1.322        0.85     308627.    0.1988  
      150.59      0.7573      0.8341      0.0401      0.0364       6.100      27.463      12.671    4548.947       3.103      56.361       1.263        0.86     309879.    0.1759  
      157.14      0.7902      0.8234      0.0333      0.0320       5.364      24.147      10.540    3999.685       2.728      46.881       1.195        0.86     311174.    0.1518  
      163.69      0.8231      0.7970      0.0265      0.0274       4.595      20.687       8.390    3426.479       2.337      37.319       1.111        0.86     312513.    0.1258  
      170.23      0.8560      0.7439      0.0197      0.0227       3.807      17.138       6.239    2838.752       1.936      27.749       0.997        0.86     313894.    0.0974  
      176.78      0.8890      0.6420      0.0130      0.0180       3.013      13.565       4.104    2246.832       1.533      18.253       0.828        0.87     315318.    0.0656  
      183.33      0.9219      0.4401      0.0063      0.0133       2.229      10.037       2.007    1662.503       1.134       8.928       0.548        0.87     316784.    0.0303  
      189.88      0.9548     -0.0101     -0.0001      0.0088       1.470       6.620      -0.029    1096.505       0.748      -0.130      -0.012        0.87     318286.    0.0000  
                                                                                                                                                                                    
                                                                                                                                                                                    
                                                                                                                                                                                    
         PROP RPM =      15000                                                                                                                                                      
                                                                                                                                                                                    
         V          J           Pe         Ct          Cp          PWR         Torque      Thrust      PWR         Torque      Thrust      THR/PWR      Mach      Reyn       FOM    
       (mph)     (Adv_Ratio)     -          -           -          (Hp)        (In-Lbf)     (Lbf)      (W)         (N-m)       (N)         (g/W)         -         -          -     
        0.00      0.0000      0.0000      0.1092      0.0568      11.722      49.253      39.635    8740.765       5.565     176.295       2.057        0.89     313841.    0.5065  
        7.04      0.0330      0.0622      0.1089      0.0578      11.929      50.126      39.535    8895.802       5.663     175.853       2.016        0.89     314110.    0.4958  
       14.07      0.0660      0.1217      0.1086      0.0589      12.152      51.061      39.423    9061.686       5.769     175.353       1.973        0.89     314415.    0.4847  
       21.11      0.0991      0.1785      0.1082      0.0601      12.386      52.043      39.291    9235.958       5.880     174.767       1.930        0.89     314758.    0.4731  
       28.14      0.1321      0.2326      0.1078      0.0612      12.626      53.053      39.132    9415.254       5.994     174.060       1.885        0.89     315143.    0.4613  
       35.18      0.1651      0.2839      0.1073      0.0624      12.867      54.066      38.936    9594.979       6.108     173.187       1.841        0.89     315571.    0.4493  
       42.21      0.1981      0.3324      0.1066      0.0635      13.101      55.048      38.690    9769.271       6.219     172.093       1.796        0.89     316045.    0.4371  
       49.25      0.2311      0.3785      0.1057      0.0646      13.316      55.953      38.379    9929.765       6.321     170.709       1.753        0.89     316568.    0.4248  
       56.29      0.2642      0.4222      0.1046      0.0655      13.503      56.740      37.988   10069.529       6.410     168.969       1.711        0.90     317141.    0.4125  
       63.32      0.2972      0.4638      0.1033      0.0662      13.652      57.365      37.499   10180.415       6.481     166.797       1.671        0.90     317766.    0.4002  
       70.36      0.3302      0.5034      0.1016      0.0667      13.751      57.779      36.897   10253.966       6.528     164.116       1.632        0.90     318445.    0.3878  
       77.39      0.3632      0.5412      0.0996      0.0669      13.789      57.939      36.163   10282.283       6.546     160.851       1.595        0.90     319177.    0.3752  
       84.43      0.3963      0.5774      0.0972      0.0667      13.757      57.804      35.281   10258.395       6.531     156.931       1.560        0.90     319965.    0.3625  
       91.47      0.4293      0.6119      0.0943      0.0662      13.647      57.343      34.239   10176.441       6.479     152.297       1.526        0.90     320807.    0.3493  
       98.50      0.4623      0.6448      0.0910      0.0652      13.453      56.526      33.026   10031.566       6.386     146.899       1.493        0.90     321703.    0.3357  
      105.54      0.4953      0.6760      0.0871      0.0639      13.169      55.334      31.633    9819.914       6.252     140.702       1.461        0.90     322654.    0.3214  
      112.57      0.5283      0.7053      0.0828      0.0620      12.792      53.749      30.056    9538.632       6.072     133.689       1.429        0.91     323658.    0.3065  
      119.61      0.5614      0.7327      0.0780      0.0597      12.318      51.760      28.297    9185.707       5.848     125.865       1.397        0.91     324714.    0.2907  
      126.64      0.5944      0.7578      0.0726      0.0570      11.749      49.370      26.364    8761.583       5.578     117.269       1.365        0.91     325822.    0.2741  
      133.68      0.6274      0.7804      0.0669      0.0538      11.090      46.601      24.279    8270.101       5.265     107.994       1.332        0.91     326980.    0.2567  
      140.72      0.6604      0.7996      0.0608      0.0502      10.355      43.509      22.066    7721.440       4.916      98.151       1.296        0.91     328187.    0.2382  
      147.75      0.6934      0.8139      0.0544      0.0464       9.561      40.173      19.749    7129.360       4.539      87.845       1.256        0.91     329443.    0.2184  
      154.79      0.7265      0.8213      0.0478      0.0423       8.719      36.637      17.349    6501.824       4.139      77.170       1.210        0.92     330747.    0.1972  
      161.82      0.7595      0.8154      0.0410      0.0382       7.875      33.091      14.881    5872.535       3.739      66.189       1.149        0.92     332097.    0.1734  
      168.86      0.7925      0.7944      0.0341      0.0340       7.010      29.454      12.367    5227.112       3.328      55.010       1.073        0.92     333494.    0.1476  
      175.90      0.8255      0.7530      0.0271      0.0297       6.125      25.736       9.834    4567.387       2.908      43.741       0.977        0.92     334937.    0.1198  
      182.93      0.8586      0.6797      0.0201      0.0254       5.240      22.018       7.302    3907.506       2.488      32.480       0.848        0.93     336426.    0.0896  
      189.97      0.8916      0.5557      0.0132      0.0212       4.374      18.379       4.799    3261.661       2.076      21.345       0.667        0.93     337960.    0.0572  
      197.00      0.9246      0.3489      0.0065      0.0172       3.545      14.895       2.354    2643.372       1.683      10.472       0.404        0.93     339539.    0.0242  
      204.04      0.9576     -0.0004      0.0000      0.0134       2.765      11.617      -0.002    2061.652       1.312      -0.010       0.000        0.93     341165.    0.0000  
                                                                                                                                                                                    
                                                                                                                                                                                    
                                                                                                                                                                                    
