station_idx,r_over_R,X,Y,Z
0,0.0,5.204177777777777e-05,0.0,0.0127
0,0.0,0.00025782085470085466,0.0,0.012445999999999999
0,0.0,0.000463148376068376,0.0,0.012191999999999998
0,0.0,0.0006675033162393162,0.0,0.011937999999999997
0,0.0,0.0008703907008547006,0.0,0.011684
0,0.0,0.0012699044786324786,0.0,0.011175999999999998
0,0.0,0.001659952957264957,0.0,0.010668
0,0.0,0.0020409008547008544,0.0,0.010159999999999999
0,0.0,0.0024131389401709402,0.0,0.009652
0,0.0,0.002776545641025641,0.0,0.009144
0,0.0,0.0031308083418803414,0.0,0.008635999999999998
0,0.0,0.003475631794871794,0.0,0.008128
0,0.0,0.003810746803418803,0.0,0.007620000000000002
0,0.0,0.004135910222222222,0.0,0.007112
0,0.0,0.004450991794871795,0.0,0.006603999999999999
0,0.0,0.004755878632478632,0.0,0.006096000000000001
0,0.0,0.00505046652991453,0.0,0.005587999999999999
0,0.0,0.005334686017094016,0.0,0.005079999999999998
0,0.0,0.005608346051282051,0.0,0.004572
0,0.0,0.005870621675213675,0.0,0.004064000000000002
0,0.0,0.006120505572649572,0.0,0.003556
0,0.0,0.006356990427350427,0.0,0.0030479999999999986
0,0.0,0.006579103658119658,0.0,0.002539999999999999
0,0.0,0.006785933470085469,0.0,0.002031999999999999
0,0.0,0.006977228034188034,0.0,0.001524000000000001
0,0.0,0.00715291788034188,0.0,0.0010160000000000013
0,0.0,0.00731298564102564,0.0,0.0005079999999999998
0,0.0,0.007457370529914529,0.0,0.0
0,0.0,0.007585890188034188,0.0,-0.0005079999999999998
0,0.0,0.0076975199316239315,0.0,-0.0010159999999999995
0,0.0,0.007790852991452992,0.0,-0.0015239999999999993
0,0.0,0.00786450864957265,0.0,-0.002032000000000001
0,0.0,0.007917088820512818,0.0,-0.002539999999999999
0,0.0,0.007947481982905982,0.0,-0.0030480000000000004
0,0.0,0.007956634666666667,0.0,-0.003556
0,0.0,0.007946327042735042,0.0,-0.004064
0,0.0,0.007918347965811964,0.0,-0.004572
0,0.0,0.007874468923076923,0.0,-0.00508
0,0.0,0.007815523555555556,0.0,-0.005587999999999999
0,0.0,0.007735841367521367,0.0,-0.006096
0,0.0,0.007627016478632479,0.0,-0.006604
0,0.0,0.007480478017094018,0.0,-0.007111999999999999
0,0.0,0.007287429333333332,0.0,-0.007619999999999999
0,0.0,0.007039811897435896,0.0,-0.008128
0,0.0,0.006736053948717949,0.0,-0.008636
0,0.0,0.006377006495726495,0.0,-0.009144
0,0.0,0.0059588313162393155,0.0,-0.009651999999999999
0,0.0,0.005470604239316239,0.0,-0.010159999999999999
0,0.0,0.004900315623931624,0.0,-0.010668
0,0.0,0.00423394988034188,0.0,-0.011176
0,0.0,0.0038447610940170935,0.0,-0.01143
0,0.0,0.003397807931623931,0.0,-0.011684
0,0.0,0.0028675080341880343,0.0,-0.011937999999999999
0,0.0,0.002203374017094017,0.0,-0.012192
0,0.0,0.0015507546666666664,0.0,-0.0123952
0,0.0,0.00119271452991453,0.0,-0.012496799999999999
0,0.0,0.0007749214358974359,0.0,-0.0125984
0,0.0,0.0005038752136752137,0.0,-0.0126492
0,0.0,0.0003236524444444444,0.0,-0.0126746
0,0.0,0.00020311316239316239,0.0,-0.0126873
0,0.0,0.0,0.0,-0.0127
0,0.0,-0.0004055316239316239,0.0,-0.0126873
0,0.0,-0.0005159716923076922,0.0,-0.0126746
0,0.0,-0.0006783145982905983,0.0,-0.0126492
0,0.0,-0.0009128890256410255,0.0,-0.0125984
0,0.0,-0.0012405794188034187,0.0,-0.012496799999999999
0,0.0,-0.001473920752136752,0.0,-0.0123952
0,0.0,-0.0017603980170940168,0.0,-0.012192
0,0.0,-0.001963016205128205,0.0,-0.011937999999999999
0,0.0,-0.002129353641025641,0.0,-0.011684
0,0.0,-0.0022617028376068376,0.0,-0.01143
0,0.0,-0.0023557045470085467,0.0,-0.011176
0,0.0,-0.0024713548717948714,0.0,-0.010668
0,0.0,-0.002551167316239316,0.0,-0.010159999999999999
0,0.0,-0.0026019412649572644,0.0,-0.009651999999999999
0,0.0,-0.0026260039658119656,0.0,-0.009144
0,0.0,-0.0026272370598290594,0.0,-0.008636
0,0.0,-0.0026093832478632476,0.0,-0.008128
0,0.0,-0.0025760897094017094,0.0,-0.007619999999999999
0,0.0,-0.0025308386324786325,0.0,-0.007111999999999999
0,0.0,-0.0024764435555555556,0.0,-0.006604
0,0.0,-0.002415509606837607,0.0,-0.006096
0,0.0,-0.002350659282051282,0.0,-0.005587999999999999
0,0.0,-0.0022845150769230764,0.0,-0.00508
0,0.0,-0.002219265299145299,0.0,-0.004572
0,0.0,-0.002155100991452991,0.0,-0.004064
0,0.0,-0.002091657435897436,0.0,-0.003556
0,0.0,-0.002028578598290598,0.0,-0.0030480000000000004
0,0.0,-0.0019654910769230766,0.0,-0.002539999999999999
0,0.0,-0.0019021083076923074,0.0,-0.002032000000000001
0,0.0,-0.0018384216068376067,0.0,-0.0015239999999999993
0,0.0,-0.001774552547008547,0.0,-0.0010159999999999995
0,0.0,-0.0017105792820512821,0.0,-0.0005079999999999998
0,0.0,-0.0016466060170940169,0.0,0.0
0,0.0,-0.0015827195897435897,0.0,0.0005079999999999998
0,0.0,-0.0015189113162393162,0.0,0.0010160000000000013
0,0.0,-0.0014551551452991452,0.0,0.001524000000000001
0,0.0,-0.0013914163418803419,0.0,0.002031999999999999
0,0.0,-0.0013276862222222222,0.0,0.002539999999999999
0,0.0,-0.001263930051282051,0.0,0.0030479999999999986
0,0.0,-0.0012001565128205128,0.0,0.003556
0,0.0,-0.0011363742905982903,0.0,0.004064000000000002
0,0.0,-0.0010725747008547006,0.0,0.004572
0,0.0,-0.0010087837948717948,0.0,0.005079999999999998
0,0.0,-0.0009449928888888888,0.0,0.005587999999999999
0,0.0,-0.0008812106666666666,0.0,0.006096000000000001
0,0.0,-0.0008174284444444443,0.0,0.006603999999999999
0,0.0,-0.0007536462222222221,0.0,0.007112
0,0.0,-0.0006898639999999999,0.0,0.007620000000000002
0,0.0,-0.0006260817777777777,0.0,0.008128
0,0.0,-0.0005622995555555555,0.0,0.008635999999999998
0,0.0,-0.0004985173333333332,0.0,0.009144
0,0.0,-0.00043473511111111104,0.0,0.009652
0,0.0,-0.00037095288888888884,0.0,0.010159999999999999
0,0.0,-0.00030717066666666664,0.0,0.010668
0,0.0,-0.00024338844444444442,0.0,0.011175999999999998
0,0.0,-0.0001796062222222222,0.0,0.011684
0,0.0,-0.00014771945299145298,0.0,0.011937999999999997
0,0.0,-0.00011583268376068375,0.0,0.012191999999999998
0,0.0,-8.393723076923076e-05,0.0,0.012445999999999999
0,0.0,-5.204177777777777e-05,0.0,0.0127
1,0.025,-9.631847209152684e-05,0.0038099999999999996,0.01177602513286138
1,0.025,0.00010367577092329605,0.0038099999999999996,0.011535949349435318
1,0.025,0.0003032390934853802,0.0038099999999999996,0.011295867148634158
1,0.025,0.0005018742796877192,0.0038099999999999996,0.011055771125794332
1,0.025,0.0006991089744186572,0.0038099999999999996,0.010815654246485448
1,0.025,0.0010876034860646748,0.0038099999999999996,0.010335331508493747
1,0.025,0.001467065242066745,0.0038099999999999996,0.00985487425244716
1,0.025,0.0018378422935597723,0.0038099999999999996,0.009374287661610178
1,0.025,0.0022003075524740117,0.0038099999999999996,0.008893577289480491
1,0.025,0.002554345001764495,0.0038099999999999996,0.008412741408303254
1,0.025,0.002899656311887018,0.0038099999999999996,0.007931775575280329
1,0.025,0.003235959727160944,0.0038099999999999996,0.007450675594435692
1,0.025,0.0035629983527009864,0.0038099999999999996,0.006969437640026499
1,0.025,0.003880540154417209,0.0038099999999999996,0.00648805825654308
1,0.025,0.004188460828332862,0.0038099999999999996,0.006006535592819544
1,0.025,0.004486652644334756,0.0038099999999999996,0.005524868044512115
1,0.025,0.004775016159241495,0.0038099999999999996,0.005043054130688077
1,0.025,0.0050534850775988075,0.0038099999999999996,0.004561092864058959
1,0.025,0.00532187708690746,0.0038099999999999996,0.0040789815295814505
1,0.025,0.005579404928648026,0.0038099999999999996,0.003596708403204897
1,0.025,0.005825107318733627,0.0038099999999999996,0.0031142591692463854
1,0.025,0.006058022973077383,0.0038099999999999996,0.002631619512023016
1,0.025,0.006277223755319549,0.0038099999999999996,0.002148775609496117
1,0.025,0.006481839537622863,0.0038099999999999996,0.0016657145035044417
1,0.025,0.006671629998965611,0.0038099999999999996,0.001182432615127264
1,0.025,0.006846528843893519,0.0038099999999999996,0.0006989289570761038
1,0.025,0.0070065194985430195,0.0038099999999999996,0.00021520328252884122
1,0.025,0.007151543954391634,0.0038099999999999996,-0.00026874527239193445
1,0.025,0.007281428185871907,0.0038099999999999996,-0.0007529192993184775
1,0.025,0.007395194335033395,0.0038099999999999996,-0.0012373333607558143
1,0.025,0.007491499918927178,0.0038099999999999996,-0.0017220074492955845
1,0.025,0.007569027315399691,0.0038099999999999996,-0.0022069611872962587
1,0.025,0.007626442328433798,0.0038099999999999996,-0.0026922144439384173
1,0.025,0.007662684230761226,0.0038099999999999996,-0.0031777830158376853
1,0.025,0.007678656297946362,0.0038099999999999996,-0.0036636534511885702
1,0.025,0.007676057351004816,0.0038099999999999996,-0.004149800450723867
1,0.025,0.007656594497883972,0.0038099999999999996,-0.004636198591765315
1,0.025,0.007621958272667655,0.0038099999999999996,-0.005122822698456766
1,0.025,0.007572944220807071,0.0038099999999999996,-0.005609660923336508
1,0.025,0.007504140975847639,0.0038099999999999996,-0.0060967938538264155
1,0.025,0.00740752678782299,0.0038099999999999996,-0.006584340951832114
1,0.025,0.007274922455062871,0.0038099999999999996,-0.007072424024069365
1,0.025,0.007097933315670657,0.0038099999999999996,-0.007561168085941475
1,0.025,0.006868869096951321,0.0038099999999999996,-0.008050687662911692
1,0.025,0.00658622986425206,0.0038099999999999996,-0.008541005092381787
1,0.025,0.006250827736887649,0.0038099999999999996,-0.00903210828006793
1,0.025,0.0058589998910098095,0.0038099999999999996,-0.009524051773658431
1,0.025,0.005400321366434979,0.0038099999999999996,-0.010016990824266186
1,0.025,0.0048633313365066605,0.0038099999999999996,-0.010511096109386529
1,0.025,0.004234654693326384,0.0038099999999999996,-0.011006566814469545
1,0.025,0.0038668698051989646,0.0038099999999999996,-0.01125509810663951
1,0.025,0.0034439602468481164,0.0038099999999999996,-0.011504450329177488
1,0.025,0.0029415127172398325,0.0038099999999999996,-0.011754987051064866
1,0.025,0.002311346994985204,0.0038099999999999996,-0.012007425784201765
1,0.025,0.0016914459801668743,0.0038099999999999996,-0.012211100823212959
1,0.025,0.0013512150240210282,0.0038099999999999996,-0.01231338928673009
1,0.025,0.0009539616902733462,0.0038099999999999996,-0.012416526941747868
1,0.025,0.0006960254526254407,0.0038099999999999996,-0.012468979022209834
1,0.025,0.0005244003524462416,0.0038099999999999996,-0.012495840320869764
1,0.025,0.0004095503933874759,0.0038099999999999996,-0.012509703402552332
1,0.025,0.00021590000000000002,0.0038099999999999996,-0.01252474
1,0.025,-0.00017128065531368128,0.0038099999999999996,-0.012518353283714999
1,0.025,-0.00027685479476257844,0.0038099999999999996,-0.012507772812804949
1,0.025,-0.0004321408665082184,0.0038099999999999996,-0.012485779957032537
1,0.025,-0.0006567195188827637,0.0038099999999999996,-0.012440513608922938
1,0.025,-0.0009708827048796522,0.0038099999999999996,-0.012347970546543949
1,0.025,-0.001195008377049489,0.0038099999999999996,-0.012254086623003133
1,0.025,-0.00147128931301926,0.0038099999999999996,-0.012063757749614074
1,0.025,-0.0016682671128649118,0.0038099999999999996,-0.011823637044562341
1,0.025,-0.0018306221117193597,0.0038099999999999996,-0.011583000728103879
1,0.025,-0.001960542059573432,0.0038099999999999996,-0.011341881380758406
1,0.025,-0.002053866916671844,0.0038099999999999996,-0.011100217050174034
1,0.025,-0.002171469915249062,0.0038099999999999996,-0.010615860128057262
1,0.025,-0.0022548727463560327,0.0038099999999999996,-0.010130993888497798
1,0.025,-0.0023105640775791868,0.0038099999999999996,-0.009645714962355256
1,0.025,-0.0023407648066364867,0.0038099999999999996,-0.00916005642379359
1,0.025,-0.0023491791920351277,0.0038099999999999996,-0.008674073437556412
1,0.025,-0.002339378901373773,0.0038099999999999996,-0.00818781919381038
1,0.025,-0.0023148444460014657,0.0038099999999999996,-0.007701345525200498
1,0.025,-0.0022788988855633645,0.0038099999999999996,-0.00721470191956164
1,0.025,-0.002234227185957304,0.0038099999999999996,-0.0067279283620770925
1,0.025,-0.0021833154267183134,0.0038099999999999996,-0.006241061876064719
1,0.025,-0.0021286662612449935,0.0038099999999999996,-0.005754139731664494
1,0.025,-0.002072782342935941,0.0038099999999999996,-0.0052671991990164
1,0.025,-0.0020177519786005824,0.0038099999999999996,-0.0047802713777074365
1,0.025,-0.0019637574807381537,0.0038099999999999996,-0.0042933589827809145
1,0.025,-0.0019104507982137507,0.0038099999999999996,-0.003806456830972336
1,0.025,-0.0018574921668242513,0.0038099999999999996,-0.0033195598624282553
1,0.025,-0.0018045252485029688,0.0038099999999999996,-0.0028326627704731155
1,0.025,-0.0017512765745010498,0.0038099999999999996,-0.0023457614825419526
1,0.025,-0.0016977378578867102,0.0038099999999999996,-0.0018588558752237055
1,0.025,-0.0016440251157049184,0.0038099999999999996,-0.0013719476762732094
1,0.025,-0.001590212930341725,0.0038099999999999996,-0.0008850379963899965
1,0.025,-0.0015364007449785323,0.0038099999999999996,-0.0003981283165067854
1,0.025,-0.0014826714289331738,0.0038099999999999996,8.878012926582905e-05
1,0.025,-0.0014290166952738658,0.0038099999999999996,0.0005756874643389129
1,0.025,-0.0013754116832052586,0.0038099999999999996,0.0010625940589456349
1,0.025,-0.0013218232450002184,0.0038099999999999996,0.0015495004067302368
1,0.025,-0.0012682430937269616,0.0038099999999999996,0.0020364066311037814
1,0.025,-0.0012146380816583546,0.0038099999999999996,0.002523313225710507
1,0.025,-0.0011610164957261805,0.0038099999999999996,0.003010220067139347
1,0.025,-0.001107386622862223,0.0038099999999999996,0.0034971270319792518
1,0.025,-0.001053740176134699,0.0038099999999999996,0.003984034243641271
1,0.025,-0.0010001020163389576,0.0038099999999999996,0.004470941331892228
1,0.025,-0.0009464638565432168,0.0038099999999999996,0.004957848420143192
1,0.025,-0.0008928339836792596,0.0038099999999999996,0.0054447553849830965
1,0.025,-0.0008392041108153019,0.0038099999999999996,0.005931662349822998
1,0.025,-0.0007855742379513444,0.0038099999999999996,0.006418569314662899
1,0.025,-0.000731944365087387,0.0038099999999999996,0.0069054762795028035
1,0.025,-0.0006783144922234296,0.0038099999999999996,0.007392383244342701
1,0.025,-0.000624684619359472,0.0038099999999999996,0.007879290209182602
1,0.025,-0.0005710547464955148,0.0038099999999999996,0.008366197174022507
1,0.025,-0.0005174248736315573,0.0038099999999999996,0.008853104138862408
1,0.025,-0.0004637950007675999,0.0038099999999999996,0.00934001110370231
1,0.025,-0.0004101651279036424,0.0038099999999999996,0.00982691806854221
1,0.025,-0.00035653525503968496,0.0038099999999999996,0.010313825033382112
1,0.025,-0.0003029053821757275,0.0038099999999999996,0.010800731998222016
1,0.025,-0.00027609458920964055,0.0038099999999999996,0.011044185418936436
1,0.025,-0.0002492837962435535,0.0038099999999999996,0.011287638839650855
1,0.025,-0.00022246471634568307,0.0038099999999999996,0.011531092383776337
1,0.025,-0.00019564563644781265,0.0038099999999999996,0.011774545927901819
2,0.05,-0.0004907774792231243,0.007619999999999999,0.010916795425312946
2,0.05,-0.00029054538978891893,0.007619999999999999,0.010694562134441614
2,0.05,-9.0723320183091e-05,0.007619999999999999,0.010472305292442427
2,0.05,0.0001082156297923843,0.007619999999999999,0.010249997724937095
2,0.05,0.0003058220153256321,0.007619999999999999,0.010027613616266235
2,0.05,0.0006953497037717358,0.007619999999999999,0.009582518853478687
2,0.05,0.0010762827458153054,0.007619999999999999,0.009136930422818821
2,0.05,0.0014489523113177232,0.007619999999999999,0.008690867346351423
2,0.05,0.00181371322513047,0.007619999999999999,0.008244350004860226
2,0.05,0.0021704550972997515,0.007619999999999999,0.007797372057656951
2,0.05,0.0025188940679443834,0.007619999999999999,0.007349917200114632
2,0.05,0.0028587620471765786,0.007619999999999999,0.006901970033418898
2,0.05,0.003189814600098654,0.007619999999999999,0.006453516517474301
2,0.05,0.0035118309468030176,0.007619999999999999,0.006004543970904301
2,0.05,0.0038246928123391788,0.007619999999999999,0.005555045600114323
2,0.05,0.004128297691750041,0.007619999999999999,0.00510501551732241
2,0.05,0.004422550965075211,0.007619999999999999,0.004654448287652895
2,0.05,0.004707389552341091,0.007619999999999999,0.004203340287855345
2,0.05,0.004982639983620291,0.007619999999999999,0.0037516815539910525
2,0.05,0.0052475531842263515,0.007619999999999999,0.003299429059961048
2,0.05,0.005501214494542122,0.007619999999999999,0.002846530268633969
2,0.05,0.0057427092549504535,0.007619999999999999,0.0023929326428784453
2,0.05,0.005971154345820991,0.007619999999999999,0.001938585457188332
2,0.05,0.00618572184250028,0.007619999999999999,0.0014834411564016142
2,0.05,0.006386183080084035,0.007619999999999999,0.0010274866062354518
2,0.05,0.00657247497859866,0.007619999999999999,0.0005707181834394039
2,0.05,0.006744581768050752,0.007619999999999999,0.00011313498220085969
2,0.05,0.006902448253463417,0.007619999999999999,-0.00034526616782431206
2,0.05,0.007045908849905962,0.007619999999999999,-0.0008044947776685157
2,0.05,0.00717403312776784,0.007619999999999999,-0.001264604290275726
2,0.05,0.007285543717583718,0.007619999999999999,-0.0017256680764673373
2,0.05,0.007379186904878364,0.007619999999999999,-0.00218775814834583
2,0.05,0.007453693205183148,0.007619999999999999,-0.002650947423826284
2,0.05,0.007508053338920526,0.007619999999999999,-0.00311529387491573
2,0.05,0.007543126770730749,0.007619999999999999,-0.003580748134826931
2,0.05,0.00756052992493723,0.007619999999999999,-0.004047217357767387
2,0.05,0.00756188711086008,0.007619999999999999,-0.004514608245038295
2,0.05,0.007548806867826012,0.007619999999999999,-0.004982828403753452
2,0.05,0.007522046155518189,0.007619999999999999,-0.00545183435490759
2,0.05,0.007476456071091785,0.007619999999999999,-0.005921921846317803
2,0.05,0.0074044039377416165,0.007619999999999999,-0.006393529291287222
2,0.05,0.007298107263725205,0.007619999999999999,-0.0068671037083387725
2,0.05,0.007149578547385882,0.007619999999999999,-0.007343103891559307
2,0.05,0.006951500511786445,0.007619999999999999,-0.007821950137999762
2,0.05,0.006702445972524274,0.007619999999999999,-0.008303724423701319
2,0.05,0.006403187659275924,0.007619999999999999,-0.008788382363846105
2,0.05,0.006050240403500186,0.007619999999999999,-0.009276124143020877
2,0.05,0.005633684879348997,0.007619999999999999,-0.009767519517357184
2,0.05,0.005142616136386848,0.007619999999999999,-0.01026319485627469
2,0.05,0.004564307789940628,0.007619999999999999,-0.010763881150549484
2,0.05,0.004224299330503626,0.007619999999999999,-0.011017145316900259
2,0.05,0.003831839873021067,0.007619999999999999,-0.011273422215991154
2,0.05,0.0033637002172160124,0.007619999999999999,-0.011534046109796369
2,0.05,0.0027740369922771473,0.007619999999999999,-0.011801650195572529
2,0.05,0.0021921530084330265,0.007619999999999999,-0.012022060565272752
2,0.05,0.0018723992385707292,0.007619999999999999,-0.012133920669760925
2,0.05,0.0014983888064186734,0.007619999999999999,-0.012248897222533037
2,0.05,0.0012549506689638053,0.007619999999999999,-0.012309626949343181
2,0.05,0.0010926435797253217,0.007619999999999999,-0.012342323147952668
2,0.05,0.0009838610066707782,0.007619999999999999,-0.012360258230949741
2,0.05,0.0008001,0.007619999999999999,-0.0123825
2,0.05,0.0004312015879977439,0.007619999999999999,-0.012392002433859385
2,0.05,0.0003302511338403594,0.007619999999999999,-0.012386114205666043
2,0.05,0.00018150298827740842,0.007619999999999999,-0.012371284707878108
2,0.05,-3.4170692097029894e-05,0.007619999999999999,-0.01233692590357641
2,0.05,-0.000337071456609871,0.007619999999999999,-0.012260830451266375
2,0.05,-0.0005543017319818578,0.007619999999999999,-0.012179814171953728
2,0.05,-0.0008251328312163027,0.007619999999999999,-0.012008382901689381
2,0.05,-0.0010224947818518635,0.007619999999999999,-0.01178598475292307
2,0.05,-0.001186913216276611,0.007619999999999999,-0.011561694361614933
2,0.05,-0.0013204697736192317,0.007619999999999999,-0.011335631295029465
2,0.05,-0.0014192061855365405,0.007619999999999999,-0.011107568194201606
2,0.05,-0.0015509812168703196,0.007619999999999999,-0.010647668377213558
2,0.05,-0.0016502148668249633,0.007619999999999999,-0.010185899415905234
2,0.05,-0.0017230810878162363,0.007619999999999999,-0.009722615935913363
2,0.05,-0.0017716930589596251,0.007619999999999999,-0.009257939316127655
2,0.05,-0.001799575373779838,0.007619999999999999,-0.008792072005666392
2,0.05,-0.00181012646585439,0.007619999999999999,-0.008325209207146987
2,0.05,-0.001806658033797103,0.007619999999999999,-0.00785754114121749
2,0.05,-0.0017923319612845035,0.007619999999999999,-0.00738924942330616
2,0.05,-0.0017697029872472548,0.007619999999999999,-0.006920480795055783
2,0.05,-0.001741136610695228,0.007619999999999999,-0.006451371128357824
2,0.05,-0.0017090141006316942,0.007619999999999999,-0.005982057200916361
2,0.05,-0.0016757167260599236,0.007619999999999999,-0.0055126757904354695
2,0.05,-0.0016432315061482097,0.007619999999999999,-0.005043341029303982
2,0.05,-0.0016117319108239416,0.007619999999999999,-0.004574062881460604
2,0.05,-0.0015808867702257385,0.007619999999999999,-0.004104822324840534
2,0.05,-0.0015503727994889175,0.007619999999999999,-0.0036356007902852688
2,0.05,-0.001519850943755397,0.007619999999999999,-0.0031663788028236974
2,0.05,-0.0014890609981340903,0.007619999999999999,-0.00269714141654776
2,0.05,-0.0014579950776282995,0.007619999999999999,-0.0022278881785511503
2,0.05,-0.0014267635721918173,0.007619999999999999,-0.0017586254295221398
2,0.05,-0.00139543744679494,0.007619999999999999,-0.0012893572456174705
2,0.05,-0.0013641113213980628,0.007619999999999999,-0.0008200890617128011
2,0.05,-0.0013328640459681817,0.007619999999999999,-0.00035082540687118163
2,0.05,-0.0013016877355085962,0.007619999999999999,0.00011843417181369581
2,0.05,-0.0012705587350292085,0.007619999999999999,0.0005876910330607429
2,0.05,-0.00123944550454322,0.007619999999999999,0.0010569469884951794
2,0.05,-0.0012083401590539309,0.007619999999999999,0.0015262024910233114
2,0.05,-0.001177211158574543,0.007619999999999999,0.0019954593522703602
2,0.05,-0.0011460663881017556,0.007619999999999999,0.0024647171193300163
2,0.05,-0.0011149137326322692,0.007619999999999999,0.0029339753392959786
2,0.05,-0.0010837453071693836,0.007619999999999999,0.0034032344650745516
2,0.05,-0.0010525847667031973,0.007619999999999999,0.0038724931379468166
2,0.05,-0.001021424226237011,0.007619999999999999,0.004341751810819082
2,0.05,-0.0009902715707675246,0.007619999999999999,0.004811010030785044
2,0.05,-0.0009591189152980382,0.007619999999999999,0.005280268250751006
2,0.05,-0.0009279662598285518,0.007619999999999999,0.0057495264707169685
2,0.05,-0.0008968136043590654,0.007619999999999999,0.006218784690682931
2,0.05,-0.0008656609488895785,0.007619999999999999,0.00668804291064889
2,0.05,-0.0008345082934200921,0.007619999999999999,0.007157301130614855
2,0.05,-0.0008033556379506057,0.007619999999999999,0.007626559350580814
2,0.05,-0.0007722029824811193,0.007619999999999999,0.00809581757054678
2,0.05,-0.0007410503270116327,0.007619999999999999,0.008565075790512742
2,0.05,-0.0007098976715421462,0.007619999999999999,0.009034334010478704
2,0.05,-0.0006787450160726594,0.007619999999999999,0.009503592230444663
2,0.05,-0.0006475923606031728,0.007619999999999999,0.009972850450410626
2,0.05,-0.0006320199753667795,0.007619999999999999,0.010207479333940455
2,0.05,-0.0006164475901303857,0.007619999999999999,0.010442108217470282
2,0.05,-0.0006008673198972928,0.007619999999999999,0.010676737553906418
2,0.05,-0.0005852870496641997,0.007619999999999999,0.01091136689034255
3,0.07500000000000001,-0.001063975454221526,0.01143,0.010130761189459879
3,0.07500000000000001,-0.0008589975879947323,0.01143,0.009928631884766283
3,0.07500000000000001,-0.0006544089581637022,0.01143,0.009726454620274246
3,0.07500000000000001,-0.0004506586836466222,0.01143,0.009524174057754785
3,0.07500000000000001,-0.00024817342741577375,0.01143,0.009321737625890386
3,0.07500000000000001,0.00015140017271236144,0.01143,0.00891619978111008
3,0.07500000000000001,0.0005428147791600756,0.01143,0.008509656625170081
3,0.07500000000000001,0.0009263847751701017,0.01143,0.00810214689483067
3,0.07500000000000001,0.001302446999931081,0.01143,0.00769371209376357
3,0.07500000000000001,0.0016708966590287682,0.01143,0.007284339309715367
3,0.07500000000000001,0.002031464281112251,0.01143,0.006873995339748662
3,0.07500000000000001,0.0023838953654612225,0.01143,0.006462648825533717
3,0.07500000000000001,0.002727957867301286,0.01143,0.006050271175652216
3,0.07500000000000001,0.003063442197803954,0.01143,0.0056368365655973165
3,0.07500000000000001,0.003390236077239678,0.01143,0.005222331160811765
3,0.07500000000000001,0.0037082421965095183,0.01143,0.0048067429713459595
3,0.07500000000000001,0.0040173707318298365,0.01143,0.0043900609295541
3,0.07500000000000001,0.004317561800678208,0.01143,0.003972277657005653
3,0.07500000000000001,0.004608650726117964,0.01143,0.003553372863016673
3,0.07500000000000001,0.004889926403195306,0.01143,0.003133258928724604
3,0.07500000000000001,0.00516052053533507,0.01143,0.00271182886688677
3,0.07500000000000001,0.005419564825962092,0.01143,0.0022889756902604863
3,0.07500000000000001,0.005666220919762422,0.01143,0.001864596100818336
3,0.07500000000000001,0.005899702858629226,0.01143,0.0014385932566596139
3,0.07500000000000001,0.0061197935684187185,0.01143,0.0010109404109736493
3,0.07500000000000001,0.006326433166608472,0.01143,0.0005816301853299143
3,0.07500000000000001,0.006519606682567878,0.01143,0.0001506607351207702
3,0.07500000000000001,0.0066992617190898196,0.01143,-0.0002819743957804908
3,0.07500000000000001,0.0068652410845529265,0.01143,-0.0007162945757540114
3,0.07500000000000001,0.007016661511751432,0.01143,-0.0011524086366501065
3,0.07500000000000001,0.007152310379606223,0.01143,-0.0015904659916870078
3,0.07500000000000001,0.0072709975229841035,0.01143,-0.0020306132871714937
3,0.07500000000000001,0.007371517806121269,0.01143,-0.0024729990140179813
3,0.07500000000000001,0.007452913108658916,0.01143,-0.0029177412271149464
3,0.07500000000000001,0.007515999329965089,0.01143,-0.003364739395346419
3,0.07500000000000001,0.007562310959676929,0.01143,-0.0038138044464300722
3,0.07500000000000001,0.007593389972746882,0.01143,-0.004264746385779762
3,0.07500000000000001,0.00761076337349679,0.01143,-0.0047173770634169766
3,0.07500000000000001,0.007615149752195754,0.01143,-0.005171607938175356
3,0.07500000000000001,0.007601661197950825,0.01143,-0.005628041274446904
3,0.07500000000000001,0.007563051925548564,0.01143,-0.006087569862325733
3,0.07500000000000001,0.007491933928784776,0.01143,-0.006551104015678464
3,0.07500000000000001,0.007380724583257379,0.01143,-0.007019578028270947
3,0.07500000000000001,0.0072224775163650615,0.01143,-0.007493847798044643
3,0.07500000000000001,0.0070158378860379605,0.01143,-0.007974080261990292
3,0.07500000000000001,0.006761539253175777,0.01143,-0.008460185034333904
3,0.07500000000000001,0.006456273108414528,0.01143,-0.008952569773362253
3,0.07500000000000001,0.0060906229251028645,0.01143,-0.009452394737276161
3,0.07500000000000001,0.005654236512176545,0.01143,-0.009960935472253482
3,0.07500000000000001,0.005135032570736308,0.01143,-0.010479680576653615
3,0.07500000000000001,0.004827154058968601,0.01143,-0.010745001527316483
3,0.07500000000000001,0.004469483229804421,0.01143,-0.011016457642964939
3,0.07500000000000001,0.004039968344360721,0.01143,-0.011296766030641609
3,0.07500000000000001,0.0034950897794650583,0.01143,-0.011591288964734079
3,0.07500000000000001,0.00295461707276369,0.01143,-0.011839791896320843
3,0.07500000000000001,0.00265702937729534,0.01143,-0.011967413460258744
3,0.07500000000000001,0.002307935227226097,0.01143,-0.012101381396756152
3,0.07500000000000001,0.0020798157505669164,0.01143,-0.012174966293417643
3,0.07500000000000001,0.0019272253517144235,0.01143,-0.012216506300642452
3,0.07500000000000001,0.0018247016074659814,0.01143,-0.012240508056826941
3,0.07500000000000001,0.001651,0.01143,-0.01227328
3,0.07500000000000001,0.0013000558578690382,0.01143,-0.012305152331306784
3,0.07500000000000001,0.0012034777003693123,0.01143,-0.012305682934330302
3,0.07500000000000001,0.0010607798958283138,0.01143,-0.012300526890352109
3,0.07500000000000001,0.0008530594036469805,0.01143,-0.01228064405569466
3,0.07500000000000001,0.0005595542055724313,0.01143,-0.01222585405721331
3,0.07500000000000001,0.00034737695826647717,0.01143,-0.012161043227768576
3,0.07500000000000001,7.835772682528814e-05,0.01143,-0.012012281920084623
3,0.07500000000000001,-0.00012389548463116306,0.01143,-0.01180981689680192
3,0.07500000000000001,-0.00029487504875110406,0.01143,-0.01160349848817499
3,0.07500000000000001,-0.0004365570887745632,0.01143,-0.01139357018241132
3,0.07500000000000001,-0.0005451839764193638,0.01143,-0.011179568982995162
3,0.07500000000000001,-0.0007000701046032201,0.01143,-0.010743881948765983
3,0.07500000000000001,-0.000824064336531027,0.01143,-0.010304388566687205
3,0.07500000000000001,-0.0009230276740851394,0.01143,-0.009861811000646942
3,0.07500000000000001,-0.0009989661817667997,0.01143,-0.009416396428067943
3,0.07500000000000001,-0.00105522579551651,0.01143,-0.008968557118756064
3,0.07500000000000001,-0.0010950326862299226,0.01143,-0.008518690585656104
3,0.07500000000000001,-0.0011215306863343562,0.01143,-0.00806718419637088
3,0.07500000000000001,-0.0011377214072663688,0.01143,-0.0076144077947307
3,0.07500000000000001,-0.0011460300911841773,0.01143,-0.007160660207172026
3,0.07500000000000001,-0.0011487023326787226,0.01143,-0.006706218124839729
3,0.07500000000000001,-0.0011479986969715513,0.01143,-0.006251360083486308
3,0.07500000000000001,-0.0011461797492842145,0.01143,-0.005796364618864271
3,0.07500000000000001,-0.0011451317890730998,0.01143,-0.005341464151535304
3,0.07500000000000001,-0.001145019493274878,0.01143,-0.004886678972183367
3,0.07500000000000001,-0.0011455284786468162,0.01143,-0.0044319703440481775
3,0.07500000000000001,-0.0011463518472614863,0.01143,-0.003977300452673272
3,0.07500000000000001,-0.0011471677305608535,0.01143,-0.0035226296389945476
3,0.07500000000000001,-0.0011477291131399131,0.01143,-0.003067927466986071
3,0.07500000000000001,-0.001148028509683364,0.01143,-0.0026131930143440275
3,0.07500000000000001,-0.0011481707146054488,0.01143,-0.002158439193321841
3,0.07500000000000001,-0.0011482230957438955,0.01143,-0.0017036743046538634
3,0.07500000000000001,-0.0011482754768823427,0.01143,-0.001248909415985884
3,0.07500000000000001,-0.0011484027111738212,0.01143,-0.000794153750356066
3,0.07500000000000001,-0.0011485973133030277,0.01143,-0.0003394063854605927
3,0.07500000000000001,-0.001148836827324053,0.01143,0.00011533544561198074
3,0.07500000000000001,-0.0011490913119756843,0.01143,0.0005700754320769209
3,0.07500000000000001,-0.0011493532819426193,0.01143,0.001024814496238046
3,0.07500000000000001,-0.0011495927959636447,0.01143,0.0014795563273106195
3,0.07500000000000001,-0.0011498173393540638,0.01143,0.0019343000029908262
3,0.07500000000000001,-0.0011500343974291795,0.01143,0.0023890446009748496
3,0.07500000000000001,-0.0011502364848736894,0.01143,0.0028437910435665046
3,0.07500000000000001,-0.0011504460576335018,0.01143,0.003298536563854341
3,0.07500000000000001,-0.001150655630393315,0.01143,0.003753282084142181
3,0.07500000000000001,-0.0011508726884684308,0.01143,0.004208026682126205
3,0.07500000000000001,-0.001151089746543547,0.01143,0.0046627712801102245
3,0.07500000000000001,-0.0011513068046186627,0.01143,0.005117515878094248
3,0.07500000000000001,-0.0011515238626937788,0.01143,0.005572260476078271
3,0.07500000000000001,-0.0011517409207688941,0.01143,0.006027005074062295
3,0.07500000000000001,-0.0011519579788440103,0.01143,0.006481749672046315
3,0.07500000000000001,-0.0011521750369191265,0.01143,0.0069364942700303415
3,0.07500000000000001,-0.0011523920949942426,0.01143,0.007391238868014361
3,0.07500000000000001,-0.0011526091530693588,0.01143,0.007845983465998388
3,0.07500000000000001,-0.0011528262111444745,0.01143,0.008300728063982408
3,0.07500000000000001,-0.0011530432692195903,0.01143,0.008755472661966428
3,0.07500000000000001,-0.0011532603272947064,0.01143,0.009210217259950451
3,0.07500000000000001,-0.0011533725989899158,0.01143,0.009437589097790551
3,0.07500000000000001,-0.001153484870685126,0.01143,0.009664960935630658
3,0.07500000000000001,-0.001153589657065032,0.01143,0.009892333695774578
3,0.07500000000000001,-0.0011536944434449384,0.01143,0.010119706455918495
4,0.1,-0.0017464621095802258,0.015239999999999998,0.009422719142749739
4,0.1,-0.0015336622331572512,0.015239999999999998,0.009241268133366176
4,0.1,-0.0013212313147636613,0.015239999999999998,0.00905974090178277
4,0.1,-0.0011095950752025904,0.015239999999999998,0.008878049499307376
4,0.1,-0.0008991579492370182,0.015239999999999998,0.008696110374682469
4,0.1,-0.00048339944229021554,0.015239999999999998,0.008331175275315506
4,0.1,-7.537486326703903e-05,0.015239999999999998,0.007964642441374757
4,0.1,0.0003252137923947067,0.015239999999999998,0.007596573436944722
4,0.1,0.000718685815297374,0.015239999999999998,0.007227034223544506
4,0.1,0.0011049418705868963,0.015239999999999998,0.0068560042798126025
4,0.1,0.0014837265257813936,0.015239999999999998,0.0064834308365337365
4,0.1,0.0018547985390924221,0.015239999999999998,0.0061092640561156986
4,0.1,0.002217937954771694,0.015239999999999998,0.005733458498400883
4,0.1,0.002572946103111082,0.015239999999999998,0.0053559731206662894
4,0.1,0.0029197165539098014,0.015239999999999998,0.00497678593573889
4,0.1,0.0032581570676605055,0.015239999999999998,0.004595877888068721
4,0.1,0.0035881825002025674,0.015239999999999998,0.004213231387917356
4,0.1,0.003909736088762235,0.015239999999999998,0.003828834708792514
4,0.1,0.004222661735711693,0.015239999999999998,0.0034426556028404054
4,0.1,0.004526285383112645,0.015239999999999998,0.0030545548179651515
4,0.1,0.0048197839707456915,0.015239999999999998,0.002664362320028627
4,0.1,0.005102334438391445,0.015239999999999998,0.0022719080748927045
4,0.1,0.005373142107217378,0.015239999999999998,0.0018770279116653975
4,0.1,0.00563146196581801,0.015239999999999998,0.001479567920135474
4,0.1,0.0058770882491384875,0.015239999999999998,0.0010794855917684015
4,0.1,0.006109964194405064,0.015239999999999998,0.000676769200071892
4,0.1,0.006330075610924295,0.015239999999999998,0.00027141581342287474
4,0.1,0.006537372831269154,0.015239999999999998,-0.0001365848288593964
4,0.1,0.006731706853158541,0.015239999999999998,-0.0005472635088171682
4,0.1,0.006912240425679626,0.015239999999999998,-0.0009607931922116439
4,0.1,0.00707782410266394,0.015239999999999998,-0.0013774113405115827
4,0.1,0.007227329723983176,0.015239999999999998,-0.0017973510177511434
4,0.1,0.007359614938815585,0.015239999999999998,-0.0022208482195875522
4,0.1,0.007473771542781148,0.015239999999999998,-0.0026480905698973677
4,0.1,0.007570572928672228,0.015239999999999998,-0.0030789182952232087
4,0.1,0.007651473642566201,0.015239999999999998,-0.003513030904200279
4,0.1,0.007717935325887167,0.015239999999999998,-0.0039501264396522556
4,0.1,0.0077714054293657854,0.015239999999999998,-0.004389905876025876
4,0.1,0.007812565106287073,0.015239999999999998,-0.004832228495413725
4,0.1,0.007836781095243576,0.015239999999999998,-0.005278051472748537
4,0.1,0.007837185100611373,0.015239999999999998,-0.0057287937135967505
4,0.1,0.007806774015178892,0.015239999999999998,-0.006185901973943984
4,0.1,0.007738360252719859,0.015239999999999998,-0.006650861120875776
4,0.1,0.0076253593314791175,0.015239999999999998,-0.0071250314274971475
4,0.1,0.007466486993700543,0.015239999999999998,-0.007608678205696035
4,0.1,0.00726243858336259,0.015239999999999998,-0.008101657805941952
4,0.1,0.007010077957215492,0.015239999999999998,-0.008604618116933627
4,0.1,0.006700479169086846,0.015239999999999998,-0.009119403129582815
4,0.1,0.006323829354464383,0.015239999999999998,-0.009648040061243222
4,0.1,0.005868676623743761,0.015239999999999998,-0.010192894731733276
4,0.1,0.005595338819719759,0.015239999999999998,-0.010474775818477017
4,0.1,0.005274802769321485,0.015239999999999998,-0.01076640748355543
4,0.1,0.004886165581114994,0.015239999999999998,-0.011072108007752327
4,0.1,0.004388174909276467,0.015239999999999998,-0.011400399619335566
4,0.1,0.003890660378142299,0.015239999999999998,-0.011683510295754193
4,0.1,0.003615976715664272,0.015239999999999998,-0.01183042170931451
4,0.1,0.003292469972413339,0.015239999999999998,-0.011987419372051148
4,0.1,0.0030799352043205446,0.015239999999999998,-0.012076409016579604
4,0.1,0.0029371445230384936,0.015239999999999998,-0.012128449103723224
4,0.1,0.0028408870874943636,0.015239999999999998,-0.012159605350915701
4,0.1,0.0026771599999999996,0.015239999999999998,-0.012204699999999999
4,0.1,0.0023435742359650853,0.015239999999999998,-0.012262344081444422
4,0.1,0.0022511025441325954,0.015239999999999998,-0.012270176955286805
4,0.1,0.0021139888926998726,0.015239999999999998,-0.012275961667410233
4,0.1,0.001913390002736685,0.015239999999999998,-0.01227232036535239
4,0.1,0.0016277754208615586,0.015239999999999998,-0.012241159691322124
4,0.1,0.0014192517810875252,0.015239999999999998,-0.012194072974957795
4,0.1,0.0011494471366505377,0.015239999999999998,-0.012069481021242804
4,0.1,0.0009392299664332518,0.015239999999999998,-0.011887496456460296
4,0.1,0.0007586571548076238,0.015239999999999998,-0.011699387731082138
4,0.1,0.0006058555302398587,0.015239999999999998,-0.011505541819353723
4,0.1,0.0004843869567828555,0.015239999999999998,-0.011305222883884195
4,0.1,0.00030056823873091066,0.015239999999999998,-0.010892371871230693
4,0.1,0.00014603201658795924,0.015239999999999998,-0.010473471454369858
4,0.1,1.5222633873085162e-05,0.015239999999999998,-0.010049669363734047
4,0.1,-9.376146233438382e-05,0.015239999999999998,-0.009621358436814796
4,0.1,-0.00018409189201780548,0.015239999999999998,-0.009189193891368507
4,0.1,-0.00025882674961303503,0.015239999999999998,-0.008753807492167018
4,0.1,-0.00032094608074202105,0.015239999999999998,-0.008315814880055266
4,0.1,-0.00037329511943904985,0.015239999999999998,-0.007875803845459026
4,0.1,-0.00041817275804105405,0.015239999999999998,-0.00743424931131582
4,0.1,-0.00045770760056370935,0.015239999999999998,-0.006991591021086324
4,0.1,-0.0004940424417161308,0.015239999999999998,-0.00654827164985428
4,0.1,-0.0005293200762074325,0.015239999999999998,-0.0061047338727034375
4,0.1,-0.0005653285314107834,0.015239999999999998,-0.005661347074140757
4,0.1,-0.0006022239049539996,0.015239999999999998,-0.005218143502020023
4,0.1,-0.0006397081922748862,0.015239999999999998,-0.004775061592256747
4,0.1,-0.0006774904841579678,0.015239999999999998,-0.004332041246577961
4,0.1,-0.0007152656806943304,0.015239999999999998,-0.0038890194350876383
4,0.1,-0.0007527996354422493,0.015239999999999998,-0.0034459477860051112
4,0.1,-0.000790085253055006,0.015239999999999998,-0.003002824833518835
4,0.1,-0.0008272218683866659,0.015239999999999998,-0.0025596710989903137
4,0.1,-0.0008642733395576984,0.015239999999999998,-0.0021164997747233627
4,0.1,-0.0009013248107287309,0.015239999999999998,-0.0016733284504564135
4,0.1,-0.0009384472353669527,0.015239999999999998,-0.0012301717843048211
4,0.1,-0.0009756335181256449,0.015239999999999998,-0.0007870283104570459
4,0.1,-0.0010128623729646503,0.015239999999999998,-0.00034389363147848545
4,0.1,-0.0010501054184970933,0.015239999999999998,9.923811587700046e-05
4,0.1,-0.0010873555593762557,0.015239999999999998,0.0005423683974209535
4,0.1,-0.0011245844142152607,0.015239999999999998,0.0009855030763995156
4,0.1,-0.001161799078360829,0.015239999999999998,0.001428640687001147
4,0.1,-0.0011990066471596781,0.015239999999999998,0.0018717797634143132
4,0.1,-0.0012362000252650884,0.015239999999999998,0.0023149217714505538
4,0.1,-0.0012734004987172177,0.015239999999999998,0.002758062313675253
4,0.1,-0.001310600972169347,0.015239999999999998,0.0032012028558999536
4,0.1,-0.0013478085409681963,0.015239999999999998,0.0036443419323131214
4,0.1,-0.0013850161097670455,0.015239999999999998,0.004087481008726291
4,0.1,-0.0014222236785658947,0.015239999999999998,0.004530620085139457
4,0.1,-0.0014594312473647439,0.015239999999999998,0.004973759161552627
4,0.1,-0.0014966388161635914,0.015239999999999998,0.005416898237965789
4,0.1,-0.0015338463849624406,0.015239999999999998,0.005860037314378955
4,0.1,-0.001571053953761289,0.015239999999999998,0.0063031763907921215
4,0.1,-0.0016082615225601372,0.015239999999999998,0.006746315467205288
4,0.1,-0.0016454690913589873,0.015239999999999998,0.007189454543618454
4,0.1,-0.0016826766601578357,0.015239999999999998,0.00763259362003162
4,0.1,-0.001719884228956684,0.015239999999999998,0.00807573269644479
4,0.1,-0.0017570917977555332,0.015239999999999998,0.008518871772857955
4,0.1,-0.001775699129828316,0.015239999999999998,0.00874044057815877
4,0.1,-0.0017943064619011006,0.015239999999999998,0.008962009383459587
4,0.1,-0.001812906698627166,0.015239999999999998,0.009183579654571936
4,0.1,-0.0018315069353532307,0.015239999999999998,0.009405149925684288
5,0.125,-0.0024688431746084003,0.019049999999999997,0.00880707937449144
5,0.125,-0.0022465900496923415,0.019049999999999997,0.008645227979030602
5,0.125,-0.002024686411450059,0.019049999999999997,0.008483271603544534
5,0.125,-0.0018035355137359112,0.019049999999999997,0.008321089117234896
5,0.125,-0.0015835204477115364,0.019049999999999997,0.008158565445843261
5,0.125,-0.0011483360828126476,0.019049999999999997,0.007832062514633253
5,0.125,-0.0007204774962679167,0.019049999999999997,0.007503359040586712
5,0.125,-0.00029966241037929697,0.019049999999999997,0.007172539815262471
5,0.125,0.00011441161524398426,0.019049999999999997,0.006839695686759281
5,0.125,0.0005216504880359066,0.019049999999999997,0.006504798391224205
5,0.125,0.0009218122556838562,0.019049999999999997,0.006167775250178233
5,0.125,0.0013146684076703664,0.019049999999999997,0.005828557622835642
5,0.125,0.001700010596170682,0.019049999999999997,0.005487082924950624
5,0.125,0.002077650636052772,0.019049999999999997,0.005143294628817279
5,0.125,0.0024474877138530486,0.019049999999999997,0.004797162451736021
5,0.125,0.0028094344579030644,0.019049999999999997,0.004448660148700545
5,0.125,0.0031634102174319507,0.019049999999999997,0.004097763493551187
5,0.125,0.0035093612252591225,0.019049999999999997,0.003744456335514835
5,0.125,0.0038471396216379866,0.019049999999999997,0.003388694259965427
5,0.125,0.004176106921299142,0.019049999999999997,0.0030302854764722546
5,0.125,0.004495483500124164,0.019049999999999997,0.0026689957988251904
5,0.125,0.004804489733994629,0.019049999999999997,0.002304591040814109
5,0.125,0.005102372882382403,0.019049999999999997,0.0019368450916154405
5,0.125,0.00538842725104236,0.019049999999999997,0.001565545972332088
5,0.125,0.005662457933944895,0.019049999999999997,0.0011906351364115181
5,0.125,0.005924411163909425,0.019049999999999997,0.0008120964330806182
5,0.125,0.006174273499140809,0.019049999999999997,0.00042992582464610775
5,0.125,0.006411997893356033,0.019049999999999997,4.410917918151909e-05
5,0.125,0.006637443207706076,0.019049999999999997,-0.00034539589909257304
5,0.125,0.0068498163762773685,0.019049999999999997,-0.0007388276340795676
5,0.125,0.0070480286136631425,0.019049999999999997,-0.0011365130789349927
5,0.125,0.007231011297149353,0.019049999999999997,-0.001538773230274449
5,0.125,0.007397682362226807,0.019049999999999997,-0.0019459331224068212
5,0.125,0.00754718153400621,0.019049999999999997,-0.002358251167701905
5,0.125,0.007680241390322978,0.019049999999999997,-0.0027755073118760475
5,0.125,0.007798239715179497,0.019049999999999997,-0.0031972876913682457
5,0.125,0.007902561013475726,0.019049999999999997,-0.0036231764237708627
5,0.125,0.007994576348316487,0.019049999999999997,-0.004052761664369537
5,0.125,0.008074930925868744,0.019049999999999997,-0.00448584960388692
5,0.125,0.008139236000017579,0.019049999999999997,-0.004923758549178298
5,0.125,0.00818098574191269,0.019049999999999997,-0.0053684427437902475
5,0.125,0.0081935466256499,0.019049999999999997,-0.0058218947893554866
5,0.125,0.008170110381988139,0.019049999999999997,-0.006286159777519348
5,0.125,0.008104440017980018,0.019049999999999997,-0.006763111197962851
5,0.125,0.007995319051164887,0.019049999999999997,-0.007253114461927654
5,0.125,0.007843406129504868,0.019049999999999997,-0.007755971722443138
5,0.125,0.0076457306162728556,0.019049999999999997,-0.00827257530972375
5,0.125,0.007393837622322496,0.019049999999999997,-0.008805464932841383
5,0.125,0.007078432146310848,0.019049999999999997,-0.009357432656697813
5,0.125,0.0066886666595557,0.019049999999999997,-0.009931736899768426
5,0.125,0.006450437487283493,0.019049999999999997,-0.010231909572702131
5,0.125,0.006167500904358199,0.019049999999999997,-0.010545511613478638
5,0.125,0.005820057146530869,0.019049999999999997,-0.010878490544296515
5,0.125,0.0053690309153142735,0.019049999999999997,-0.011242583939515062
5,0.125,0.004914318991251453,0.019049999999999997,-0.011562061943237091
5,0.125,0.00466240486948968,0.019049999999999997,-0.011729177810717108
5,0.125,0.004364244251530687,0.019049999999999997,-0.011910185361920261
5,0.125,0.004167062478623927,0.019049999999999997,-0.012015138022917348
5,0.125,0.00403387577191547,0.019049999999999997,-0.012078006366490278
5,0.125,0.0039437323934667715,0.019049999999999997,-0.012116514576899889
5,0.125,0.0037896799999999997,0.019049999999999997,-0.01217422
5,0.125,0.0034726646826016253,0.019049999999999997,-0.012258015537829223
5,0.125,0.003384038906516125,0.019049999999999997,-0.012273206629171063
5,0.125,0.003252092924882177,0.019049999999999997,-0.012289979766661071
5,0.125,0.0030579437157253896,0.019049999999999997,-0.012302576470067913
5,0.125,0.002779128718869844,0.019049999999999997,-0.012294882865131862
5,0.125,0.002573336274140847,0.019049999999999997,-0.012265254491462796
5,0.125,0.0023012234511099253,0.019049999999999997,-0.012164102638671593
5,0.125,0.002081416732910301,0.019049999999999997,-0.012001516383034148
5,0.125,0.0018896899247690963,0.019049999999999997,-0.011830495386138853
5,0.125,0.001724268709727138,0.019049999999999997,-0.011651572623498412
5,0.125,0.001588526978365883,0.019049999999999997,-0.011463734634100031
5,0.125,0.0013730420342184667,0.019049999999999997,-0.011071237625106905
5,0.125,0.0011852942343532663,0.019049999999999997,-0.010670408836034517
5,0.125,0.0010200211159709176,0.019049999999999997,-0.010262829023801226
5,0.125,0.0008754214785219559,0.019049999999999997,-0.009849039239306292
5,0.125,0.0007484910807914213,0.019049999999999997,-0.00942994190699736
5,0.125,0.0006363332159255116,0.019049999999999997,-0.009006407149775847
5,0.125,0.0005361251069437257,0.019049999999999997,-0.008579282883230146
5,0.125,0.0004451716739194418,0.019049999999999997,-0.008149378664862508
5,0.125,0.0003612953460391294,0.019049999999999997,-0.007717348600983972
5,0.125,0.00028247985403100214,0.019049999999999997,-0.007283798345586252
5,0.125,0.0002066954868281284,0.019049999999999997,-0.006849337590354329
5,0.125,0.00013191253336357562,0.019049999999999997,-0.0064145760269731945
5,0.125,5.643732744904173e-05,0.019049999999999997,-0.005980022404795877
5,0.125,-1.9877990662069914e-05,0.019049999999999997,-0.0055457211384484385
5,0.125,-9.675114327170825e-05,0.019049999999999997,-0.005111587436372041
5,0.125,-0.00017390657357939767,0.019049999999999997,-0.00467753852585448
5,0.125,-0.00025105528298951423,0.019049999999999997,-0.00424348759649028
5,0.125,-0.00032797548188216166,0.019049999999999997,-0.0038093680263403557
5,0.125,-0.00040466044935976624,0.019049999999999997,-0.0033751777965580643
5,0.125,-0.000481204277988347,0.019049999999999997,-0.002940945170996353
5,0.125,-0.0005576674558460562,0.019049999999999997,-0.0025066883192749728
5,0.125,-0.0006341306337037654,0.019049999999999997,-0.0020724314675535926
5,0.125,-0.0007106610205372004,0.019049999999999997,-0.0016381948042986025
5,0.125,-0.0007872518954487894,0.019049999999999997,-0.0012039763106633638
5,0.125,-0.0008638830957458138,0.019049999999999997,-0.0007697699301079594
5,0.125,-0.0009405277378379839,0.019049999999999997,-0.00033556758724583545
5,0.125,-0.001017179100827726,0.019049999999999997,9.863273676965004e-05
5,0.125,-0.0010938103011247503,0.019049999999999997,0.0005328391173250544
5,0.125,-0.0011704280596266299,0.019049999999999997,0.0009670495355737392
5,0.125,-0.0012470390972309365,0.019049999999999997,0.0014012619726690607
5,0.125,-0.0013236366930400984,0.019049999999999997,0.001835478447457661
5,0.125,-0.0014002410097468322,0.019049999999999997,0.0022696929033996192
5,0.125,-0.0014768453264535652,0.019049999999999997,0.0027039073593415775
5,0.125,-0.0015534563640578728,0.019049999999999997,0.003138119796436899
5,0.125,-0.0016300674016621794,0.019049999999999997,0.0035723322335322223
5,0.125,-0.001706678439266487,0.019049999999999997,0.004006544670627544
5,0.125,-0.0017832894768707937,0.019049999999999997,0.004440757107722865
5,0.125,-0.0018599005144750986,0.019049999999999997,0.0048749695448181835
5,0.125,-0.0019365115520794062,0.019049999999999997,0.005309181981913505
5,0.125,-0.002013122589683713,0.019049999999999997,0.0057433944190088265
5,0.125,-0.0020897336272880187,0.019049999999999997,0.006177606856104148
5,0.125,-0.0021663446648923263,0.019049999999999997,0.00661181929319947
5,0.125,-0.002242955702496632,0.019049999999999997,0.007046031730294791
5,0.125,-0.0023195667401009396,0.019049999999999997,0.007480244167390109
5,0.125,-0.0023961777777052463,0.019049999999999997,0.007914456604485434
5,0.125,-0.0024344866569561857,0.019049999999999997,0.008131561813609776
5,0.125,-0.002472795536207125,0.019049999999999997,0.008348667022734114
5,0.125,-0.0025110976945604923,0.019049999999999997,0.008565774250705094
5,0.125,-0.0025493998529138597,0.019049999999999997,0.008782881478676077
6,0.15000000000000002,-0.003163464417619362,0.02286,0.008290129938833804
6,0.15000000000000002,-0.002931683668312488,0.02286,0.008145226400130741
6,0.15000000000000002,-0.0027002338159298703,0.02286,0.008000191878124887
6,0.15000000000000002,-0.002469496664614884,0.02286,0.007854875238236093
6,0.15000000000000002,-0.002239834928303734,0.02286,0.007709132902613219
6,0.15000000000000002,-0.0017850994688043097,0.02286,0.007415832097496045
6,0.15000000000000002,-0.001337300117909509,0.02286,0.00711978568083955
6,0.15000000000000002,-0.0008961696127189698,0.02286,0.006821099446849827
6,0.15000000000000002,-0.0004614216001251623,0.02286,0.006519886746461994
6,0.15000000000000002,-3.3145167761542554e-05,0.02286,0.006216112314940679
6,0.15000000000000002,0.00038843060188586964,0.02286,0.005909685471537798
6,0.15000000000000002,0.0008030893531358278,0.02286,0.005600520573324596
6,0.15000000000000002,0.001210633820514252,0.02286,0.005288539534101336
6,0.15000000000000002,0.0016108858287542387,0.02286,0.004973671824397273
6,0.15000000000000002,0.0020037499268199433,0.02286,0.004655879660567382
6,0.15000000000000002,0.0023891433904803,0.02286,0.004335130296785958
6,0.15000000000000002,0.0027669898589066356,0.02286,0.00401139350613698
6,0.15000000000000002,0.0031372384248798315,0.02286,0.0036846491373430847
6,0.15000000000000002,0.00349974909354732,0.02286,0.0033548417743915586
6,0.15000000000000002,0.00385391734168209,0.02286,0.0030217321208638338
6,0.15000000000000002,0.004199005014606955,0.02286,0.002685027983238294
6,0.15000000000000002,0.004534273957644726,0.02286,0.0023444371679933237
6,0.15000000000000002,0.004859011469727768,0.02286,0.001999677557245982
6,0.15000000000000002,0.005172549393605178,0.02286,0.001650484665481013
6,0.15000000000000002,0.005474703190607662,0.02286,0.0012967854443180164
6,0.15000000000000002,0.005765421953516101,0.02286,0.0009385597424796336
6,0.15000000000000002,0.006044692955525714,0.02286,0.0005758025221465294
6,0.15000000000000002,0.00631247165281978,0.02286,0.00020849615095101977
6,0.15000000000000002,0.006568624413948112,0.02286,-0.00016341226820994897
6,0.15000000000000002,0.006812400357428744,0.02286,-0.0005402199666773248
6,0.15000000000000002,0.007042768612074568,0.02286,-0.0009223350078175103
6,0.15000000000000002,0.007258717396905641,0.02286,-0.0013101578982678882
6,0.15000000000000002,0.007459222204137245,0.02286,-0.0017040941824851864
6,0.15000000000000002,0.007643468518263516,0.02286,-0.002104466280907054
6,0.15000000000000002,0.007812149950144915,0.02286,-0.002510999632379553
6,0.15000000000000002,0.007966570997271305,0.02286,-0.002923177860420517
6,0.15000000000000002,0.008108042520534932,0.02286,-0.0033404820696381152
6,0.15000000000000002,0.008237862654023272,0.02286,-0.003762398402459847
6,0.15000000000000002,0.008356642284365718,0.02286,-0.004188685043557475
6,0.15000000000000002,0.008460226109801888,0.02286,-0.00462098684094493
6,0.15000000000000002,0.008542454356818685,0.02286,-0.005061742099181905
6,0.15000000000000002,0.00859704634725761,0.02286,-0.005513436982111809
6,0.15000000000000002,0.008617555954498035,0.02286,-0.005978623145229442
6,0.15000000000000002,0.008598077941122446,0.02286,-0.006459638136707741
6,0.15000000000000002,0.008537460531298334,0.02286,-0.006956937879196809
6,0.15000000000000002,0.008436327338459873,0.02286,-0.007470275519549077
6,0.15000000000000002,0.008291865738750879,0.02286,-0.008000764415838288
6,0.15000000000000002,0.00809607057196528,0.02286,-0.008551573356428177
6,0.15000000000000002,0.007840141252598309,0.02286,-0.00912618599339112
6,0.15000000000000002,0.007513807249193215,0.02286,-0.009728667846933053
6,0.15000000000000002,0.00730959948377918,0.02286,-0.01004615448161492
6,0.15000000000000002,0.007063062365669773,0.02286,-0.01038039690341568
6,0.15000000000000002,0.0067554493114253406,0.02286,-0.010738815820220519
6,0.15000000000000002,0.0063497634995529646,0.02286,-0.011136056172845623
6,0.15000000000000002,0.005936318118672868,0.02286,-0.01148903762302312
6,0.15000000000000002,0.005706343555901356,0.02286,-0.01167473244404278
6,0.15000000000000002,0.005432582421287261,0.02286,-0.011877759882495561
6,0.15000000000000002,0.0052501589830781115,0.02286,-0.011997301438223744
6,0.15000000000000002,0.005126191650173262,0.02286,-0.01207003830360956
6,0.15000000000000002,0.005041910621747808,0.02286,-0.012115232995783015
6,0.15000000000000002,0.00489712,0.02286,-0.01218438
6,0.15000000000000002,0.004595899748263338,0.02286,-0.012291783374490661
6,0.15000000000000002,0.004510920636528806,0.02286,-0.01231358916060576
6,0.15000000000000002,0.004383858108567786,0.02286,-0.012340220762756511
6,0.15000000000000002,0.004195766079242241,0.02286,-0.012367345241421702
6,0.15000000000000002,0.003923241845517132,0.02286,-0.012380561160242342
6,0.15000000000000002,0.003719855978754625,0.02286,-0.012366409125508146
6,0.15000000000000002,0.0034451375716178217,0.02286,-0.012285832642586461
6,0.15000000000000002,0.0032156731007807484,0.02286,-0.012140012220763845
6,0.15000000000000002,0.003012794925127269,0.02286,-0.011983667794343705
6,0.15000000000000002,0.0028348231064265397,0.02286,-0.011817464355478683
6,0.15000000000000002,0.0026849520726781205,0.02286,-0.011640137411514888
6,0.15000000000000002,0.00243822987389112,0.02286,-0.011264495968224306
6,0.15000000000000002,0.0022177694367658462,0.02286,-0.010878458984729323
6,0.15000000000000002,0.0020185882172312716,0.02286,-0.01048399876730085
6,0.15000000000000002,0.001838980823446992,0.02286,-0.010081790383730204
6,0.15000000000000002,0.0016761028145448739,0.02286,-0.009672959786639481
6,0.15000000000000002,0.0015272115640950152,0.02286,-0.009258592626096062
6,0.15000000000000002,0.0013896344430937993,0.02286,-0.008839746844160971
6,0.15000000000000002,0.0012608197271830124,0.02286,-0.008417432523611525
6,0.15000000000000002,0.0011387056739884348,0.02286,-0.007992465791180507
6,0.15000000000000002,0.0010213832627931972,0.02286,-0.00756560231976865
6,0.15000000000000002,0.0009069307460756538,0.02286,-0.007137602820096029
6,0.15000000000000002,0.000793426376314155,0.02286,-0.006709228002882712
6,0.15000000000000002,0.0006792665761065301,0.02286,-0.00628111263336531
6,0.15000000000000002,0.0005643113506002117,0.02286,-0.005853312127556548
6,0.15000000000000002,0.0004488279626955584,0.02286,-0.005425720691250323
6,0.15000000000000002,0.00033307731189054397,0.02286,-0.004998235049150199
6,0.15000000000000002,0.00021733302448791875,0.02286,-0.004570746888140404
6,0.15000000000000002,0.00010180509276653833,0.02286,-0.0041431730842018625
6,0.15000000000000002,-1.3500119871206334e-05,0.02286,-0.003715511118424903
6,0.15000000000000002,-0.00012867170105877127,0.02286,-0.00328779625554489
6,0.15000000000000002,-0.00024376692141766035,0.02286,-0.0028600511657488493
6,0.15000000000000002,-0.0003588621417765503,0.02286,-0.002432306075952807
6,0.15000000000000002,-0.0004740209961593359,0.02286,-0.002004586175253455
6,0.15000000000000002,-0.0005892371211636271,0.02286,-0.0015768889447411259
6,0.15000000000000002,-0.0007044914265822563,0.02286,-0.0011492068276868113
6,0.15000000000000002,-0.0008197584588056648,0.02286,-0.0007215297484518355
6,0.15000000000000002,-0.0009350318544314616,0.02286,-0.00029385518812653083
6,0.15000000000000002,-0.0010502861598500907,0.02286,0.00013382692892778547
6,0.15000000000000002,-0.0011655277384639406,0.02286,0.0005615140838014388
6,0.15000000000000002,-0.0012807629536754012,0.02286,0.0009892037575847598
6,0.15000000000000002,-0.0013959854420820816,0.02286,0.0014168984691874196
6,0.15000000000000002,-0.0015112142938911513,0.02286,0.0018445906618804082
6,0.15000000000000002,-0.0016264431457002218,0.02286,0.0022722828545733986
6,0.15000000000000002,-0.0017416783609116825,0.02286,0.0026999725283567196
6,0.15000000000000002,-0.0018569135761231422,0.02286,0.0031276622021400424
6,0.15000000000000002,-0.001972148791334603,0.02286,0.003555351875923365
6,0.15000000000000002,-0.0020873840065460635,0.02286,0.003983041549706688
6,0.15000000000000002,-0.002202619221757523,0.02286,0.004410731223490007
6,0.15000000000000002,-0.002317854436968983,0.02286,0.00483842089727333
6,0.15000000000000002,-0.0024330896521804436,0.02286,0.005266110571056649
6,0.15000000000000002,-0.0025483248673919025,0.02286,0.005693800244839968
6,0.15000000000000002,-0.002663560082603363,0.02286,0.006121489918623291
6,0.15000000000000002,-0.0027787952978148237,0.02286,0.006549179592406614
6,0.15000000000000002,-0.0028940305130262826,0.02286,0.00697686926618993
6,0.15000000000000002,-0.0030092657282377432,0.02286,0.007404558939973252
6,0.15000000000000002,-0.003066886517544668,0.02286,0.007618402517410082
6,0.15000000000000002,-0.003124507306851593,0.02286,0.007832246094846907
6,0.15000000000000002,-0.003182121732756128,0.02286,0.008046092191193401
6,0.15000000000000002,-0.0032397361586606627,0.02286,0.008259938287539898
7,0.17500000000000002,-0.003762783480823555,0.02667,0.00787756885805108
7,0.17500000000000002,-0.0035228590516590934,0.02667,0.007745553070777567
7,0.17500000000000002,-0.0032832480991141517,0.02667,0.0076133858982001465
7,0.17500000000000002,-0.003044312326980476,0.02667,0.007480892664968153
7,0.17500000000000002,-0.0028063953538602342,0.02667,0.007347907429498462
7,0.17500000000000002,-0.0023349078815172973,0.02667,0.007079837943095281
7,0.17500000000000002,-0.0018699913613911823,0.02667,0.006808595187821731
7,0.17500000000000002,-0.0014113926008276559,0.02667,0.006534301436423265
7,0.17500000000000002,-0.0009588403219829072,0.02667,0.0062570876954128885
7,0.17500000000000002,-0.0005124189224083473,0.02667,0.005976913207208782
7,0.17500000000000002,-7.234542437902555e-05,0.02667,0.005693673166600546
7,0.17500000000000002,0.0003611752066230694,0.02667,0.005407268590889466
7,0.17500000000000002,0.0007879560903055246,0.02667,0.005117609231144377
7,0.17500000000000002,0.00120782843156553,0.02667,0.004824613572201625
7,0.17500000000000002,0.001620701804455147,0.02667,0.004528237945223546
7,0.17500000000000002,0.00202649783981949,0.02667,0.004228444503884168
7,0.17500000000000002,0.002425144196900215,0.02667,0.003925198313113359
7,0.17500000000000002,0.0028165926485250858,0.02667,0.0036184760828643636
7,0.17500000000000002,0.003200710569970461,0.02667,0.0033082137655086018
7,0.17500000000000002,0.0035769252635660656,0.02667,0.0029941347917408594
7,0.17500000000000002,0.003944537435314518,0.02667,0.0026759014558831867
7,0.17500000000000002,0.004302847791218428,0.02667,0.0023531760522576394
7,0.17500000000000002,0.0046511811508665275,0.02667,0.0020256325202096456
7,0.17500000000000002,0.004988904532623251,0.02667,0.0016929651778755436
7,0.17500000000000002,0.005315843112989251,0.02667,0.001355089598835851
7,0.17500000000000002,0.005631948664792298,0.02667,0.001011982493043807
7,0.17500000000000002,0.005937209131239328,0.02667,0.0006636380379877252
7,0.17500000000000002,0.006231582313554644,0.02667,0.00031003585487669565
7,0.17500000000000002,0.0065149416154111255,0.02667,-4.888519266201333e-05
7,0.17500000000000002,0.006786575686018331,0.02667,-0.000413468632818036
7,0.17500000000000002,0.007045507925138534,0.02667,-0.0007841860890381702
7,0.17500000000000002,0.0072907798177235875,0.02667,-0.0011615004510016624
7,0.17500000000000002,0.007521420791932297,0.02667,-0.0015458804308994632
7,0.17500000000000002,0.007736659213008925,0.02667,-0.0019376986694796539
7,0.17500000000000002,0.007937152176175152,0.02667,-0.0023366378398551914
7,0.17500000000000002,0.008124135502719461,0.02667,-0.0027421011345779827
7,0.17500000000000002,0.008298851042326869,0.02667,-0.0031534888349440873
7,0.17500000000000002,0.00846252858788933,0.02667,-0.0035702070447612474
7,0.17500000000000002,0.008615746865473641,0.02667,-0.003991976283468403
7,0.17500000000000002,0.008754569332146248,0.02667,-0.004420697601131937
7,0.17500000000000002,0.008873160500066892,0.02667,-0.004859189093409207
7,0.17500000000000002,0.008965570341861259,0.02667,-0.005310324169818613
7,0.17500000000000002,0.00902569209184528,0.02667,-0.005777051932530511
7,0.17500000000000002,0.009047931398039867,0.02667,-0.006262074026968487
7,0.17500000000000002,0.009031197120673237,0.02667,-0.00676591739044037
7,0.17500000000000002,0.00897608004260525,0.02667,-0.007288296719873412
7,0.17500000000000002,0.008879915612570004,0.02667,-0.007830498790350832
7,0.17500000000000002,0.008735120107733776,0.02667,-0.008396185961724853
7,0.17500000000000002,0.008533356255696695,0.02667,-0.008989384500828253
7,0.17500000000000002,0.00826489422446065,0.02667,-0.00961479317459386
7,0.17500000000000002,0.008091783065427613,0.02667,-0.009946273656044984
7,0.17500000000000002,0.007878571012682398,0.02667,-0.010297119811372917
7,0.17500000000000002,0.007607498410050012,0.02667,-0.010675908200295195
7,0.17500000000000002,0.007243516160109737,0.02667,-0.01109956486429104
7,0.17500000000000002,0.006868113660644725,0.02667,-0.011479160439633687
7,0.17500000000000002,0.006658384649994556,0.02667,-0.01167959595616037
7,0.17500000000000002,0.006407174242827026,0.02667,-0.011900063824152225
7,0.17500000000000002,0.006238423805283843,0.02667,-0.01203113361622637
7,0.17500000000000002,0.006123017415378243,0.02667,-0.012111654201722383
7,0.17500000000000002,0.0060441907189871585,0.02667,-0.012162115534949093
7,0.17500000000000002,0.00590804,0.02667,-0.01224026
7,0.17500000000000002,0.005621660406256184,0.02667,-0.0123661654570816
7,0.17500000000000002,0.005540137783367325,0.02667,-0.01239314061805952
7,0.17500000000000002,0.005417729958592882,0.02667,-0.012427466164368406
7,0.17500000000000002,0.005235470979827408,0.02667,-0.012465907155089058
7,0.17500000000000002,0.004969155601756977,0.02667,-0.012495364778825431
7,0.17500000000000002,0.004768338751976201,0.02667,-0.01249319160781263
7,0.17500000000000002,0.004491806337188417,0.02667,-0.01242843088450448
7,0.17500000000000002,0.004254076244360581,0.02667,-0.012295355400103613
7,0.17500000000000002,0.0040415327922317034,0.02667,-0.012150116688784931
7,0.17500000000000002,0.003852584484118078,0.02667,-0.01199348332209135
7,0.17500000000000002,0.003690257575077359,0.02667,-0.011823993849588993
7,0.17500000000000002,0.003415832356877138,0.02667,-0.011460758320888914
7,0.17500000000000002,0.0031662863311528863,0.02667,-0.011085508039319085
7,0.17500000000000002,0.0029368992634222486,0.02667,-0.010700522518205654
7,0.17500000000000002,0.002726055543415401,0.02667,-0.010306581974114912
7,0.17500000000000002,0.0025310604778837967,0.02667,-0.0099049877384093
7,0.17500000000000002,0.0023493158279233525,0.02667,-0.009496994562357744
7,0.17500000000000002,0.002178289666991809,0.02667,-0.00908382517341488
7,0.17500000000000002,0.0020155646080809624,0.02667,-0.008666646985174309
7,0.17500000000000002,0.001859187450715353,0.02667,-0.008246403244529606
7,0.17500000000000002,0.001707349675936224,0.02667,-0.007823967328234085
7,0.17500000000000002,0.0015582307079917597,0.02667,-0.00740021843555275
7,0.17500000000000002,0.0014100099711301453,0.02667,-0.006976035765750604
7,0.17500000000000002,0.0012611683094260247,0.02667,-0.006552152955300427
7,0.17500000000000002,0.0011115730981557537,0.02667,-0.0061286340518307975
7,0.17500000000000002,0.0009614775299735621,0.02667,-0.0057053567825962525
7,0.17500000000000002,0.0008111287691371432,0.02667,-0.005282201786107172
7,0.17500000000000002,0.0006607860366972529,0.02667,-0.004859043878362244
7,0.17500000000000002,0.0005106482697393557,0.02667,-0.004435786987918609
7,0.17500000000000002,0.000360721496659981,0.02667,-0.004012428203520423
7,0.17500000000000002,0.0002109213199077177,0.02667,-0.0035890082827495003
7,0.17500000000000002,6.119348391380678e-05,0.02667,-0.0031655534269084493
7,0.17500000000000002,-8.853435208010588e-05,0.02667,-0.0027420985710673966
7,0.17500000000000002,-0.00023832247203931043,0.02667,-0.002318672827784786
7,0.17500000000000002,-0.0003881648475672775,0.02667,-0.0018952732858047768
7,0.17500000000000002,-0.000538043393474419,0.02667,-0.0014718912113598336
7,0.17500000000000002,-0.0006879339961746193,0.02667,-0.0010485149594265802
7,0.17500000000000002,-0.0008378306272713481,0.02667,-0.0006251416187491692
7,0.17500000000000002,-0.0009877091731784905,0.02667,-0.00020175954430422596
7,0.17500000000000002,-0.0011375756622925741,0.02667,0.0002216283526524053
7,0.17500000000000002,-0.0012874361230101293,0.02667,0.0006450191608648841
7,0.17500000000000002,-0.0014372845269346249,0.02667,0.0010684157915890492
7,0.17500000000000002,-0.001587138959255649,0.02667,0.0014918095110573685
7,0.17500000000000002,-0.0017369933915766748,0.02667,0.0019152032305256878
7,0.17500000000000002,-0.001886853852294229,0.02667,0.002338594038738165
7,0.17500000000000002,-0.0020367143130117817,0.02667,0.00276198484695064
7,0.17500000000000002,-0.0021865747737293377,0.02667,0.003185375655163119
7,0.17500000000000002,-0.002336435234446892,0.02667,0.0036087664633755977
7,0.17500000000000002,-0.0024862956951644446,0.02667,0.0040321572715880695
7,0.17500000000000002,-0.0026361561558820024,0.02667,0.004455548079800548
7,0.17500000000000002,-0.002786016616599555,0.02667,0.00487893888801302
7,0.17500000000000002,-0.0029358770773171092,0.02667,0.005302329696225499
7,0.17500000000000002,-0.0030857375380346636,0.02667,0.005725720504437974
7,0.17500000000000002,-0.0032355979987522196,0.02667,0.006149111312650453
7,0.17500000000000002,-0.0033854584594697704,0.02667,0.006572502120862928
7,0.17500000000000002,-0.0035353189201873265,0.02667,0.0069958929290754035
7,0.17500000000000002,-0.0036102521647443687,0.02667,0.007207586877553719
7,0.17500000000000002,-0.003685185409301411,0.02667,0.007419280826032035
7,0.17500000000000002,-0.0037601126254619213,0.02667,0.007630977685766198
7,0.17500000000000002,-0.003835039841622435,0.02667,0.007842674545500358
8,0.2,-0.004196338917411282,0.030479999999999997,0.00758151511856427
8,0.2,-0.00395123926659074,0.030479999999999997,0.007457053838682223
8,0.2,-0.003706436805853498,0.030479999999999997,0.007332428838601149
8,0.2,-0.0034622744468341274,0.030479999999999997,0.0072074512103991045
8,0.2,-0.003219077955585477,0.030479999999999997,0.007081941491550236
8,0.2,-0.002736805627896987,0.030479999999999997,0.0068286520103237255
8,0.2,-0.002260762861569946,0.030479999999999997,0.006571930701848458
8,0.2,-0.0017907096184601482,0.030479999999999997,0.0063119098016697905
8,0.2,-0.0013263887148416654,0.030479999999999997,0.006048730990729188
8,0.2,-0.0008678801634292273,0.030479999999999997,0.005782350190511532
8,0.2,-0.0004153897112035834,0.030479999999999997,0.005512654056263649
8,0.2,3.088832524234149e-05,0.030479999999999997,0.005239535540163105
8,0.2,0.000470776774897352,0.030479999999999997,0.004962897039783559
8,0.2,0.0009041156123319764,0.030479999999999997,0.0046826503980947586
8,0.2,0.0013308191096375764,0.030479999999999997,0.004398748388116224
8,0.2,0.001750812969293321,0.030479999999999997,0.004111150079798197
8,0.2,0.0021640286089723007,0.030479999999999997,0.0038198176915562876
8,0.2,0.0025704203071232343,0.030479999999999997,0.003524726035667572
8,0.2,0.002969862329480112,0.030479999999999997,0.003225805845893999
8,0.2,0.003361811732621527,0.030479999999999997,0.0029227580180258145
8,0.2,0.0037456055540539624,0.030479999999999997,0.002615217330080582
8,0.2,0.00412058083128391,0.030479999999999997,0.0023028185600758623
8,0.2,0.004486097462593495,0.030479999999999997,0.0019852090798906843
8,0.2,0.004841555352622211,0.030479999999999997,0.0016620583006616355
8,0.2,0.0051867887607466795,0.030479999999999997,0.001333274916893109
8,0.2,0.005521751965415625,0.030479999999999997,0.0009988337408621695
8,0.2,0.005846433536241227,0.030479999999999997,0.0006587284756380922
8,0.2,0.00616079346686612,0.030479999999999997,0.0003129370819633173
8,0.2,0.006464711738218201,0.030479999999999997,-3.8606557934844216e-05
8,0.2,0.00675751395741614,0.030479999999999997,-0.0003962739629695556
8,0.2,0.007038274263046584,0.030479999999999997,-0.0007605751845300834
8,0.2,0.00730608393927791,0.030479999999999997,-0.0011320108286095986
8,0.2,0.007560022839890672,0.030479999999999997,-0.0015110877981319958
8,0.2,0.007799359420064448,0.030479999999999997,-0.0018982090966641052
8,0.2,0.00802471663593538,0.030479999999999997,-0.00229303154148105
8,0.2,0.00823726610225493,0.030479999999999997,-0.0026949096971828346
8,0.2,0.008438185148968476,0.030479999999999997,-0.0031031949799040937
8,0.2,0.008628639675633574,0.030479999999999997,-0.003517245102710202
8,0.2,0.008809178340865541,0.030479999999999997,-0.003936757812926033
8,0.2,0.00897606912304142,0.030479999999999997,-0.004363789058435482
8,0.2,0.009123779714456735,0.030479999999999997,-0.004801386553712679
8,0.2,0.009246669218722723,0.030479999999999997,-0.005252657834073701
8,0.2,0.009338948144408974,0.030479999999999997,-0.005720792294934142
8,0.2,0.009395312791567396,0.030479999999999997,-0.0062087117121535
8,0.2,0.009414728710100354,0.030479999999999997,-0.006716985957962985
8,0.2,0.009397755989010985,0.030479999999999997,-0.007245306482756753
8,0.2,0.009341868512591257,0.030479999999999997,-0.007795064908226498
8,0.2,0.009239876566902908,0.030479999999999997,-0.008370222003802445
8,0.2,0.009083876038768982,0.030479999999999997,-0.008975132097085543
8,0.2,0.008864642605219412,0.030479999999999997,-0.009614876811176254
8,0.2,0.008718165745324762,0.030479999999999997,-0.00995505519559857
8,0.2,0.008533671415543554,0.030479999999999997,-0.010316177171634428
8,0.2,0.008294322654618153,0.030479999999999997,-0.010707518118251585
8,0.2,0.007966891325158234,0.030479999999999997,-0.011147383213087007
8,0.2,0.007625105002673399,0.030479999999999997,-0.011543259350116077
8,0.2,0.00743332852288536,0.030479999999999997,-0.011752701911077378
8,0.2,0.007202225793805469,0.030479999999999997,-0.011983809062220997
8,0.2,0.007045770786454626,0.030479999999999997,-0.012121896204416097
8,0.2,0.006938124322129618,0.030479999999999997,-0.012207146500984289
8,0.2,0.006864275050507929,0.030479999999999997,-0.012260803871910276
8,0.2,0.006736079999999999,0.030479999999999997,-0.012344399999999998
8,0.2,0.006463697109385141,0.030479999999999997,-0.012481479809401737
8,0.2,0.006385527938205787,0.030479999999999997,-0.012511568468741628
8,0.2,0.006267715717991591,0.030479999999999997,-0.01255052198239031
8,0.2,0.006091397844762958,0.030479999999999997,-0.01259575738458639
8,0.2,0.005831862607092825,0.030479999999999997,-0.012634939688169079
8,0.2,0.00563442295125033,0.030479999999999997,-0.012639913915551958
8,0.2,0.005358145343577042,0.030479999999999997,-0.01258452541704588
8,0.2,0.005115126023339588,0.030479999999999997,-0.012458918095770669
8,0.2,0.00489598478325638,0.030479999999999997,-0.012320156486196993
8,0.2,0.004699212812135286,0.030479999999999997,-0.012169071783181435
8,0.2,0.004527679137318918,0.030479999999999997,-0.012004083457110345
8,0.2,0.004232230783340841,0.030479999999999997,-0.011647873791540015
8,0.2,0.00396036903462762,0.030479999999999997,-0.011278670409404879
8,0.2,0.0037076188943480502,0.030479999999999997,-0.010898938559086389
8,0.2,0.0034724486905343627,0.030479999999999997,-0.010509522029302583
8,0.2,0.003252303731508973,0.030479999999999997,-0.010111828184071997
8,0.2,0.003044720768696851,0.030479999999999997,-0.009707214011967301
8,0.2,0.0028472994206559694,0.030479999999999997,-0.009297001868442147
8,0.2,0.0026577478946285867,0.030479999999999997,-0.00888245428810824
8,0.2,0.0024742144677879973,0.030479999999999997,-0.008464591373744106
8,0.2,0.0022949845819613237,0.030479999999999997,-0.008044357664959496
8,0.2,0.002118332248587874,0.030479999999999997,-0.0076227039982948944
8,0.2,0.001942531479106952,0.030479999999999997,-0.007200581210290785
8,0.2,0.0017661420446533418,0.030479999999999997,-0.006778782714219354
8,0.2,0.0015890382109610343,0.030479999999999997,-0.006357377776318654
8,0.2,0.0014114600161742319,0.030479999999999997,-0.0059362341610433205
8,0.2,0.001233641783243226,0.030479999999999997,-0.005515222781313348
8,0.2,0.0010558292655061304,0.030479999999999997,-0.005094208253118011
8,0.2,0.0008782110643619605,0.030479999999999997,-0.004673086677100238
8,0.2,0.0007007928950046255,0.030479999999999997,-0.004251854904794659
8,0.2,0.0005234947447193914,0.030479999999999997,-0.0038305570147163966
8,0.2,0.0003462651767610738,0.030479999999999997,-0.0034092213430537456
8,0.2,0.00016903560880275528,0.030479999999999997,-0.002987885671391093
8,0.2,-8.251111094659432e-06,0.030479999999999997,-0.0025665814843821005
8,0.2,-0.00018558926773725934,0.030479999999999997,-0.0021453056335613997
8,0.2,-0.0003629617155433175,0.030479999999999997,-0.0017240486735328915
8,0.2,-0.0005403455937371933,0.030479999999999997,-0.0013027980104351206
8,0.2,-0.0007177351871249802,0.030479999999999997,-0.0008815504958027132
8,0.2,-0.0008951076349310392,0.030479999999999997,-0.000460293535774205
8,0.2,-0.001072468652349278,0.030479999999999997,-3.903027881496657e-05
8,0.2,-0.0012498239545736074,0.030479999999999997,0.00038223612660963704
8,0.2,-0.0014271678264101183,0.030479999999999997,0.000803508828964971
8,0.2,-0.001604517413440536,0.030479999999999997,0.001224778382854938
8,0.2,-0.0017818670004709552,0.030479999999999997,0.0016460479367449068
8,0.2,-0.0019592223026952847,0.030479999999999997,0.002067314342169512
8,0.2,-0.002136577604919614,0.030479999999999997,0.0024885807475941157
8,0.2,-0.0023139329071439453,0.030479999999999997,0.0029098471530187194
8,0.2,-0.002491288209368273,0.030479999999999997,0.003331113558443323
8,0.2,-0.0026686435115926025,0.030479999999999997,0.0037523799638679266
8,0.2,-0.002845998813816932,0.030479999999999997,0.004173646369292527
8,0.2,-0.0030233541160412615,0.030479999999999997,0.00459491277471713
8,0.2,-0.003200709418265589,0.030479999999999997,0.005016179180141737
8,0.2,-0.0033780647204899187,0.030479999999999997,0.005437445585566341
8,0.2,-0.003555420022714248,0.030479999999999997,0.005858711990990941
8,0.2,-0.003732775324938576,0.030479999999999997,0.006279978396415541
8,0.2,-0.003910130627162905,0.030479999999999997,0.006701244801840148
8,0.2,-0.003998811135872024,0.030479999999999997,0.006911876430319767
8,0.2,-0.004087491644581147,0.030479999999999997,0.007122508058799385
8,0.2,-0.004176166438096354,0.030479999999999997,0.00733314283574437
8,0.2,-0.004264841231611564,0.030479999999999997,0.007543777612689356
9,0.22500000000000003,-0.004398465416606423,0.03429,0.0074103378645573
9,0.22500000000000003,-0.004152868035215046,0.03429,0.0072871214037723425
9,0.22500000000000003,-0.003907552444720714,0.03429,0.007163738909087853
9,0.22500000000000003,-0.003662843788466167,0.03429,0.007039998802927449
9,0.22500000000000003,-0.0034190509526270145,0.03429,0.006915719086593573
9,0.22500000000000003,-0.002935372420117343,0.03429,0.006664857530049664
9,0.22500000000000003,-0.0024576006583341735,0.03429,0.00641051564753484
9,0.22500000000000003,-0.0019855080669375887,0.03429,0.006152827543352571
9,0.22500000000000003,-0.0015188507884205298,0.03429,0.005891936900685152
9,0.22500000000000003,-0.001057704689562968,0.03429,0.005627799018098078
9,0.22500000000000003,-0.0006022648563705517,0.03429,0.005360298949045536
9,0.22500000000000003,-0.00015271553673750372,0.03429,0.005089328132900899
9,0.22500000000000003,0.00029077527860909506,0.03429,0.00481478758791638
9,0.22500000000000003,0.0007280558561092972,0.03429,0.004536587911222998
9,0.22500000000000003,0.001159044909927417,0.03429,0.004254681208426651
9,0.22500000000000003,0.0015836719923391926,0.03429,0.003969025971052465
9,0.22500000000000003,0.0020018720746760735,0.03429,0.0036795838835851635
9,0.22500000000000003,0.0024136018044923655,0.03429,0.003386329402347888
9,0.22500000000000003,0.002818741962562388,0.03429,0.0030891922822293156
9,0.22500000000000003,0.0032167777385934742,0.03429,0.002787869192066826
9,0.22500000000000003,0.003607080522122981,0.03429,0.002481989748546092
9,0.22500000000000003,0.003989021702688271,0.03429,0.002171183568352778
9,0.22500000000000003,0.004361994346049559,0.03429,0.0018550930400109723
9,0.22500000000000003,0.0047254294513570435,0.03429,0.0015333829027620125
9,0.22500000000000003,0.0050791698659950636,0.03429,0.001205960560777316
9,0.22500000000000003,0.005423172237517924,0.03429,0.0008728004703800266
9,0.22500000000000003,0.005757425727814195,0.03429,0.0005338962456509326
9,0.22500000000000003,0.006081892403493895,0.03429,0.00018922553587279352
9,0.22500000000000003,0.00639645846438706,0.03429,-0.00016127871110612792
9,0.22500000000000003,0.00670048446191963,0.03429,-0.0005179932645193765
9,0.22500000000000003,0.006993092509066195,0.03429,-0.0008814353838231797
9,0.22500000000000003,0.00727342097596849,0.03429,-0.0012521127495949465
9,0.22500000000000003,0.007540597394656817,0.03429,-0.0016305394283312978
9,0.22500000000000003,0.007793928125999992,0.03429,-0.0020171241188618426
9,0.22500000000000003,0.008034003847070665,0.03429,-0.002411518788589492
9,0.22500000000000003,0.008261935464289875,0.03429,-0.002813068880794946
9,0.22500000000000003,0.008478839303134374,0.03429,-0.003221116645799299
9,0.22500000000000003,0.008685820850969491,0.03429,-0.00363501071984286
9,0.22500000000000003,0.008883400337143613,0.03429,-0.004054444578803414
9,0.22500000000000003,0.009068039118276552,0.03429,-0.004481503225303907
9,0.22500000000000003,0.009234491548438716,0.03429,-0.004919277444243272
9,0.22500000000000003,0.009377409019641975,0.03429,-0.005370918686752964
9,0.22500000000000003,0.009491302028449682,0.03429,-0.005839661420914206
9,0.22500000000000003,0.009571141691160738,0.03429,-0.0063284687132416795
9,0.22500000000000003,0.009615947158691207,0.03429,-0.00683791848942413
9,0.22500000000000003,0.009626249498500895,0.03429,-0.007367697839420139
9,0.22500000000000003,0.009599653487964932,0.03429,-0.007919218051375708
9,0.22500000000000003,0.009529341954997128,0.03429,-0.008496495868475607
9,0.22500000000000003,0.009407820345547255,0.03429,-0.009103947153855405
9,0.22500000000000003,0.009226342303695517,0.03429,-0.009746725344319734
9,0.22500000000000003,0.009100653082952596,0.03429,-0.010088707432532979
9,0.22500000000000003,0.008938916303610869,0.03429,-0.010451929088047587
9,0.22500000000000003,0.008725167427541638,0.03429,-0.010845796769863832
9,0.22500000000000003,0.008427900064833075,0.03429,-0.011288874345132966
9,0.22500000000000003,0.008114381966364157,0.03429,-0.011687942051048823
9,0.22500000000000003,0.00793782168755663,0.03429,-0.011899142978408312
9,0.22500000000000003,0.007723972886392159,0.03429,-0.012132314660819018
9,0.22500000000000003,0.007578264304076359,0.03429,-0.012271752513926934
9,0.22500000000000003,0.00747751542363894,0.03429,-0.01235790720005452
9,0.22500000000000003,0.00740815261220402,0.03429,-0.012412172673578923
9,0.22500000000000003,0.007287259999999999,0.03429,-0.012496799999999999
9,0.22500000000000003,0.007028330997322712,0.03429,-0.012635967212387189
9,0.22500000000000003,0.00695355234586381,0.03429,-0.012666631271431784
9,0.22500000000000003,0.0068405248975032164,0.03429,-0.012706435648814646
9,0.22500000000000003,0.006670703541909485,0.03429,-0.012752911061745396
9,0.22500000000000003,0.00641933724827683,0.03429,-0.012793848575619639
9,0.22500000000000003,0.0062268489949592765,0.03429,-0.012800094583371014
9,0.22500000000000003,0.005954328732467654,0.03429,-0.01274632630112303
9,0.22500000000000003,0.005710703887355587,0.03429,-0.012621947603041361
9,0.22500000000000003,0.005489719857009878,0.03429,-0.01248422871972441
9,0.22500000000000003,0.005289946010722457,0.03429,-0.012334012592508251
9,0.22500000000000003,0.005114102714460944,0.03429,-0.0121696963556705
9,0.22500000000000003,0.004807567694133539,0.03429,-0.011814460142554986
9,0.22500000000000003,0.004523397116731161,0.03429,-0.011446046585144113
9,0.22500000000000003,0.00425734786163101,0.03429,-0.011066955770809643
9,0.22500000000000003,0.004007967621902166,0.03429,-0.010678043412726077
9,0.22500000000000003,0.003772834079641192,0.03429,-0.010280736763837447
9,0.22500000000000003,0.0035496116218360473,0.03429,-0.009876411989734084
9,0.22500000000000003,0.003336024245087529,0.03429,-0.009466410133450653
9,0.22500000000000003,0.0031298989080549705,0.03429,-0.009052011571789292
9,0.22500000000000003,0.0029294798366875565,0.03429,-0.008634250823662459
9,0.22500000000000003,0.002733141314271571,0.03429,-0.00821408577695205
9,0.22500000000000003,0.0025392467859818727,0.03429,-0.007792480705459183
9,0.22500000000000003,0.0023461596969933203,0.03429,-0.007370399882984973
9,0.22500000000000003,0.0021525144452663927,0.03429,-0.0069486479353502145
9,0.22500000000000003,0.0019581918115754143,0.03429,-0.006527295107666249
9,0.22500000000000003,0.0017634193962603106,0.03429,-0.00610620729562961
9,0.22500000000000003,0.0015684193806052849,0.03429,-0.005685253587896438
9,0.22500000000000003,0.001373424784005972,0.03429,-0.005264296687203658
9,0.22500000000000003,0.001178614435300881,0.03429,-0.004843231225884262
9,0.22500000000000003,0.0009839937535457213,0.03429,-0.004422054010978645
9,0.22500000000000003,0.0007894868719605245,0.03429,-0.004000809743921295
9,0.22500000000000003,0.0005950450190438739,0.03429,-0.0035795271613486713
9,0.22500000000000003,0.00040060316612722507,0.03429,-0.0031582445787760437
9,0.22500000000000003,0.0002061071226534504,0.03429,-0.0027369939257994805
9,0.22500000000000003,1.1562307678267096e-05,0.03429,-0.002315772009459375
9,0.22500000000000003,-0.00018301502163119328,0.03429,-0.0018945692508769065
9,0.22500000000000003,-0.00037760318905207587,0.03429,-0.0014733728782136534
9,0.22500000000000003,-0.0005721967755286739,0.03429,-0.0010521796985100036
9,0.22500000000000003,-0.0007667741048381317,0.03429,-0.0006309769399275352
9,0.22500000000000003,-0.0009613405960361655,0.03429,-0.00020976779542585498
9,0.22500000000000003,-0.0011559016681784882,0.03429,0.00021144454203543203
9,0.22500000000000003,-0.001350451902209387,0.03429,0.0006326632654159326
9,0.22500000000000003,-0.0015450075552959934,0.03429,0.0010538787958368212
9,0.22500000000000003,-0.001739563208382605,0.03429,0.0014750943262577167
9,0.22500000000000003,-0.001934124280524926,0.03429,0.001896306663719002
9,0.22500000000000003,-0.0021286853526672487,0.03429,0.002317519001180289
9,0.22500000000000003,-0.0023232464248095714,0.03429,0.0027387313386415778
9,0.22500000000000003,-0.0025178074969518923,0.03429,0.003159943676102863
9,0.22500000000000003,-0.0027123685690942133,0.03429,0.0035811560135641483
9,0.22500000000000003,-0.002906929641236536,0.03429,0.004002368351025437
9,0.22500000000000003,-0.0031014907133788587,0.03429,0.004423580688486719
9,0.22500000000000003,-0.0032960517855211815,0.03429,0.004844793025948011
9,0.22500000000000003,-0.0034906128576635024,0.03429,0.005266005363409296
9,0.22500000000000003,-0.0036851739298058234,0.03429,0.005687217700870582
9,0.22500000000000003,-0.003879735001948146,0.03429,0.00610843003833187
9,0.22500000000000003,-0.004074296074090467,0.03429,0.006529642375793152
9,0.22500000000000003,-0.004171579319689486,0.03429,0.006740246948043996
9,0.22500000000000003,-0.004268862565288503,0.03429,0.006950851520294839
9,0.22500000000000003,-0.004366140391831807,0.03429,0.007161459285505285
9,0.22500000000000003,-0.0044634182183751125,0.03429,0.00737206705071573
10,0.25,-0.0042988947982940265,0.038099999999999995,0.007371743173589379
10,0.25,-0.004059022092928727,0.038099999999999995,0.007242920245730006
10,0.25,-0.0038194167689878716,0.038099999999999995,0.007113939952663864
10,0.25,-0.0035803873434996697,0.038099999999999995,0.006984620719152384
10,0.25,-0.003342226907640922,0.038099999999999995,0.00685479004871891
10,0.25,-0.002869613382212391,0.038099999999999995,0.006592946778735072
10,0.25,-0.0024026045827963026,0.038099999999999995,0.006327804891917099
10,0.25,-0.0019409845474729097,0.038099999999999995,0.006059491490931993
10,0.25,-0.0014845218884710588,0.038099999999999995,0.005788142757208684
10,0.25,-0.0010332885930973293,0.038099999999999995,0.005513716323191503
10,0.25,-0.0005874697715686503,0.038099999999999995,0.005236103243737317
10,0.25,-0.00014724025020100128,0.038099999999999995,0.004955200626210916
10,0.25,0.00028724057054104173,0.038099999999999995,0.004670914656739047
10,0.25,0.0007158287160443149,0.038099999999999995,0.004383160600210368
10,0.25,0.0011384470570517677,0.038099999999999995,0.004091893062815231
10,0.25,0.0015550287482072852,0.038099999999999995,0.0037970727032519587
10,0.25,0.001965512086105227,0.038099999999999995,0.003498663206472824
10,0.25,0.002369855935141835,0.038099999999999995,0.0031966403624460182
10,0.25,0.0027679471724067614,0.038099999999999995,0.002890937593584072
10,0.25,0.003159297312605349,0.038099999999999995,0.00258126740575923
10,0.25,0.003543309889483059,0.038099999999999995,0.002267278753510245
10,0.25,0.003919388436785358,0.038099999999999995,0.0019486205913758735
10,0.25,0.004286957056059591,0.038099999999999995,0.001624953978910772
10,0.25,0.004645475842506393,0.038099999999999995,0.0012959611594474292
10,0.25,0.004994795679562132,0.038099999999999995,0.0009615543716205398
10,0.25,0.0053348754316230465,0.038099999999999995,0.0006217094053982877
10,0.25,0.005665704814788194,0.038099999999999995,0.00027642020827272143
10,0.25,0.005987247835404288,0.038099999999999995,-7.433440353399323e-05
10,0.25,0.006299396512511452,0.038099999999999995,-0.0004306179813553558
10,0.25,0.0066015440959542124,0.038099999999999995,-0.0007927876231605679
10,0.25,0.0068928575897564065,0.038099999999999995,-0.0011613335820937869
10,0.25,0.007172519423793285,0.038099999999999995,-0.0015367370325372384
10,0.25,0.007439701744039157,0.038099999999999995,-0.0019194852013811013
10,0.25,0.007693746380833845,0.038099999999999995,-0.0023099654491343415
10,0.25,0.007935213806778592,0.038099999999999995,-0.002707847914113541
10,0.25,0.008165158121719779,0.038099999999999995,-0.0031125122142535676
10,0.25,0.008384638567454248,0.038099999999999995,-0.003523334941235308
10,0.25,0.008594704101877907,0.038099999999999995,-0.0039396987392476025
10,0.25,0.00879584835223589,0.038099999999999995,-0.004361313087908731
10,0.25,0.008984713624871202,0.038099999999999995,-0.004790154131065195
10,0.25,0.009156322511728756,0.038099999999999995,-0.005229151282566031
10,0.25,0.009305599907694532,0.038099999999999995,-0.005681291455085814
10,0.25,0.009427337016942285,0.038099999999999995,-0.006149640243902514
10,0.25,0.009516762109435742,0.038099999999999995,-0.006637006012706106
10,0.25,0.009572944492139801,0.038099999999999995,-0.007143936513466299
10,0.25,0.00959638807620054,0.038099999999999995,-0.007670135173293417
10,0.25,0.009584820119510158,0.038099999999999995,-0.008216939596444973
10,0.25,0.009531772048377232,0.038099999999999995,-0.008788156810423114
10,0.25,0.009430132545301572,0.038099999999999995,-0.009387972124477029
10,0.25,0.009271602502224386,0.038099999999999995,-0.01002126991252442
10,0.25,0.009159174471128684,0.038099999999999995,-0.010357436631568082
10,0.25,0.009012542185505673,0.038099999999999995,-0.010713733992061908
10,0.25,0.00881655745927035,0.038099999999999995,-0.011099077338219993
10,0.25,0.008541324992389373,0.038099999999999995,-0.011531061310660385
10,0.25,0.008249305970816865,0.038099999999999995,-0.011918925256661222
10,0.25,0.008084507773012754,0.038099999999999995,-0.012123915161690937
10,0.25,0.007884327814023673,0.038099999999999995,-0.012349728720331384
10,0.25,0.007747436895014408,0.038099999999999995,-0.012484294399359787
10,0.25,0.007652523245464778,0.038099999999999995,-0.01256715488121685
10,0.25,0.0075870490262426255,0.038099999999999995,-0.012619189116078238
10,0.25,0.00747268,0.038099999999999995,-0.0127
10,0.25,0.007226649717791168,0.038099999999999995,-0.012831299257275155
10,0.25,0.007155353196458315,0.038099999999999995,-0.01285976035192863
10,0.25,0.007047422041911761,0.038099999999999995,-0.01289628256318153
10,0.25,0.006884917752847198,0.038099999999999995,-0.01293792354817555
10,0.25,0.006643671547876501,0.038099999999999995,-0.01297190784089012
10,0.25,0.006458292634763774,0.038099999999999995,-0.01297301188415249
10,0.25,0.006194240564694472,0.038099999999999995,-0.012912419148161634
10,0.25,0.0059562395293002975,0.038099999999999995,-0.012782494663854897
10,0.25,0.00573972156297033,0.038099999999999995,-0.012639926490435296
10,0.25,0.005543329190780453,0.038099999999999995,-0.012485513558952563
10,0.25,0.005369643671866674,0.038099999999999995,-0.012317736689910614
10,0.25,0.005065115365356242,0.038099999999999995,-0.011956968203696416
10,0.25,0.004781807888436041,0.038099999999999995,-0.011583710367322142
10,0.25,0.004515695093887957,0.038099999999999995,-0.011200332737651213
10,0.25,0.004265398938985994,0.038099999999999995,-0.010807646350749272
10,0.25,0.004028620971870006,0.038099999999999995,-0.010407003942143712
10,0.25,0.0038031450118873635,0.038099999999999995,-0.009999709827298304
10,0.25,0.003586811439840614,0.038099999999999995,-0.009587035032883084
10,0.25,0.0033775583335912346,0.038099999999999995,-0.009170193086742539
10,0.25,0.003173719701186903,0.038099999999999995,-0.008750164495164978
10,0.25,0.0029737529574865793,0.038099999999999995,-0.008327857134343284
10,0.25,0.002776105233448284,0.038099999999999995,-0.007904184932978292
10,0.25,0.0025792236600300405,0.038099999999999995,-0.007480061819770835
10,0.25,0.0023818124657133703,0.038099999999999995,-0.007056250410722935
10,0.25,0.002183758527587935,0.038099999999999995,-0.006632817283422067
10,0.25,0.00198527780757348,0.038099999999999995,-0.006209635335201231
10,0.25,0.00178658112563928,0.038099999999999995,-0.0057865804896474
10,0.25,0.0015878895856555478,0.038099999999999995,-0.005363522617839589
10,0.25,0.0013893728719878004,0.038099999999999995,-0.004940361853396588
10,0.25,0.001191036126586509,0.038099999999999995,-0.004517095170064416
10,0.25,0.0009928073621450892,0.038099999999999995,-0.004093764935398743
10,0.25,0.0007946403011093129,0.038099999999999995,-0.0036703983856853535
10,0.25,0.0005964732400735341,0.038099999999999995,-0.003247031835971966
10,0.25,0.00039825475953305343,0.038099999999999995,-0.0028236955487983377
10,0.25,0.00019999000143834482,0.038099999999999995,-0.0024003864979104984
10,0.25,1.6943916408126633e-06,0.038099999999999995,-0.001977095604546517
10,0.25,-0.00019661150205765778,0.038099999999999995,-0.0015538107636904885
10,0.25,-0.00039492253770659954,0.038099999999999995,-0.001130528949088435
10,0.25,-0.0005932181475041308,0.038099999999999995,-0.0007072380557244535
10,0.25,-0.0007915034734007212,0.038099999999999995,-0.0002839411098525188
10,0.25,-0.000989783657346842,0.038099999999999995,0.0001393588622733942
10,0.25,-0.0011880535573920237,0.038099999999999995,0.0005626648869072569
10,0.25,-0.0013863285993876732,0.038099999999999995,0.0009859678852871395
10,0.25,-0.0015846036413833245,0.038099999999999995,0.0014092708836670308
10,0.25,-0.0017828838253294435,0.038099999999999995,0.0018325708557929404
10,0.25,-0.0019811640092755644,0.038099999999999995,0.00225587082791885
10,0.25,-0.002179444193221687,0.038099999999999995,0.0026791708000447646
10,0.25,-0.0023777243771678077,0.038099999999999995,0.003102470772170674
10,0.25,-0.0025760045611139286,0.038099999999999995,0.0035257707442965837
10,0.25,-0.0027742847450600476,0.038099999999999995,0.003949070716422497
10,0.25,-0.0029725649290061667,0.038099999999999995,0.004372370688548403
10,0.25,-0.0031708451129522893,0.038099999999999995,0.004795670660674316
10,0.25,-0.00336912529689841,0.038099999999999995,0.005218970632800229
10,0.25,-0.003567405480844531,0.038099999999999995,0.005642270604926138
10,0.25,-0.0037656856647906517,0.038099999999999995,0.006065570577052048
10,0.25,-0.003963965848736771,0.038099999999999995,0.006488870549177961
10,0.25,-0.004063108511685066,0.038099999999999995,0.006700519022113927
10,0.25,-0.004162251174633363,0.038099999999999995,0.006912167495049894
10,0.25,-0.004261388695631189,0.038099999999999995,0.007123818994239837
10,0.25,-0.004360526216629014,0.038099999999999995,0.00733547049342978
11,0.2749166666666667,-0.0040147402352537645,0.0418973,0.007426594428510416
11,0.2749166666666667,-0.0037842396822493985,0.0418973,0.007288309232766483
11,0.2749166666666667,-0.003553994050930368,0.0418973,0.007149880845300213
11,0.2749166666666667,-0.0033242974817028178,0.0418973,0.007011144044893527
11,0.2749166666666667,-0.0030954294079525947,0.0418973,0.0068719418713892415
11,0.2749166666666667,-0.002641227847666066,0.0418973,0.006591552116076729
11,0.2749166666666667,-0.0021923698380912912,0.0418973,0.006308160841969078
11,0.2749166666666667,-0.0017486494809439554,0.0418973,0.006021883703918939
11,0.2749166666666667,-0.0013098461709194495,0.0418973,0.005732844617839874
11,0.2749166666666667,-0.0008760285407792131,0.0418973,0.005441005032114338
11,0.2749166666666667,-0.00044737307476693054,0.0418973,0.00514626581401147
11,0.2749166666666667,-2.4046452446091666e-05,0.0418973,0.004848533338174369
11,0.2749166666666667,0.00039379935364012696,0.0418973,0.004547722240307021
11,0.2749166666666667,0.0008060270779688562,0.0418973,0.004243755417174318
11,0.2749166666666667,0.001212563185438555,0.0418973,0.003936591563471748
11,0.2749166666666667,0.0016133439456278926,0.0418973,0.003626194881268717
11,0.2749166666666667,0.002008310530455638,0.0418973,0.003312532326321619
11,0.2749166666666667,0.0023974237212009723,0.0418973,0.002995581869134699
11,0.2749166666666667,0.002780575666381637,0.0418973,0.002675282928594671
11,0.2749166666666667,0.0031573006436878956,0.0418973,0.002351373904439567
11,0.2749166666666667,0.0035270299816678534,0.0418973,0.002023535368981099
11,0.2749166666666667,0.0038891950088696206,0.0418973,0.0016914478945309758
11,0.2749166666666667,0.0042432466632017106,0.0418973,0.0013548030681487782
11,0.2749166666666667,0.00458867019895336,0.0418973,0.001013311752702863
11,0.2749166666666667,0.004925323448261598,0.0418973,0.0006668940912711637
11,0.2749166666666667,0.005253167192405602,0.0418973,0.00031552805435792856
11,0.2749166666666667,0.005572191626705168,0.0418973,-4.079186541077438e-05
11,0.2749166666666667,0.005882362434779577,0.0418973,-0.0004020849438437224
11,0.2749166666666667,0.006183576667486677,0.0418973,-0.0007684090083672438
11,0.2749166666666667,0.00647525584869437,0.0418973,-0.001140088994043562
11,0.2749166666666667,0.00675660579930605,0.0418973,-0.0015175709981615024
11,0.2749166666666667,0.007026847047245411,0.0418973,-0.001901292856948976
11,0.2749166666666667,0.007285190315755949,0.0418973,-0.0022916979140078335
11,0.2749166666666667,0.0075310081053045425,0.0418973,-0.0026891386412699857
11,0.2749166666666667,0.007764834770962366,0.0418973,-0.003093314886855913
11,0.2749166666666667,0.007987675292450435,0.0418973,-0.0035036621449371745
11,0.2749166666666667,0.00820053955182987,0.0418973,-0.003919613155998357
11,0.2749166666666667,0.008404427626481586,0.0418973,-0.004340606167897986
11,0.2749166666666667,0.008599810141055425,0.0418973,-0.004766376826687128
11,0.2749166666666667,0.00878348586746444,0.0418973,-0.0051987232899559045
11,0.2749166666666667,0.00895070934048939,0.0418973,-0.005640311126689357
11,0.2749166666666667,0.009096641950449081,0.0418973,-0.006093858225924922
11,0.2749166666666667,0.009216317626819662,0.0418973,-0.006562154072561201
11,0.2749166666666667,0.009305186997985989,0.0418973,-0.0070477540881045235
11,0.2749166666666667,0.009362362740389507,0.0418973,-0.007551156689896095
11,0.2749166666666667,0.009388325283360262,0.0418973,-0.008072092016613052
11,0.2749166666666667,0.009380907792572939,0.0418973,-0.00861177719789526
11,0.2749166666666667,0.009333943124178568,0.0418973,-0.009173676371948488
11,0.2749166666666667,0.009240651341815355,0.0418973,-0.009761597887849508
11,0.2749166666666667,0.00909312006855783,0.0418973,-0.010379986196364703
11,0.2749166666666667,0.008987736789437846,0.0418973,-0.010706940254722548
11,0.2749166666666667,0.008849743143955882,0.0418973,-0.011052211838791666
11,0.2749166666666667,0.008664696838169905,0.0418973,-0.01142391331037984
11,0.2749166666666667,0.008404095666723847,0.0418973,-0.011838054605519146
11,0.2749166666666667,0.008127129038334758,0.0418973,-0.012207836648573833
11,0.2749166666666667,0.007970732573405595,0.0418973,-0.012402789642282322
11,0.2749166666666667,0.0077806031062309725,0.0418973,-0.01261669075601776
11,0.2749166666666667,0.007650452324529906,0.0418973,-0.0127433494505156
11,0.2749166666666667,0.007560142138001637,0.0418973,-0.012820853401432405
11,0.2749166666666667,0.007497809245018263,0.0418973,-0.01286925429602675
11,0.2749166666666667,0.00738886,0.0418973,-0.012943840000000002
11,0.2749166666666667,0.007154204227232443,0.0418973,-0.013062260215615296
11,0.2749166666666667,0.007086139775828814,0.0418973,-0.013087104640683321
11,0.2749166666666667,0.006983057547652664,0.0418973,-0.01311823088696795
11,0.2749166666666667,0.00682776467454424,0.0418973,-0.01315190836987006
11,0.2749166666666667,0.006597038048597488,0.0418973,-0.013174405774965231
11,0.2749166666666667,0.006419575347864647,0.0418973,-0.013166984371152862
11,0.2749166666666667,0.006166383308206516,0.0418973,-0.013094997051567763
11,0.2749166666666667,0.005937667206999471,0.0418973,-0.01295570951376747
11,0.2749166666666667,0.005729433082740766,0.0418973,-0.01280491707181479
11,0.2749166666666667,0.005540386717643335,0.0418973,-0.012643346699069274
11,0.2749166666666667,0.005372989086438644,0.0418973,-0.012469616044672985
11,0.2749166666666667,0.005079040121763483,0.0418973,-0.012099211016062858
11,0.2749166666666667,0.004805323114691432,0.0418973,-0.011717441521335711
11,0.2749166666666667,0.004547999532922218,0.0418973,-0.011326463697387504
11,0.2749166666666667,0.004305755549308364,0.0418973,-0.010927015532325668
11,0.2749166666666667,0.0040763998178240425,0.0418973,-0.010520327924224904
11,0.2749166666666667,0.0038578194298850652,0.0418973,-0.010107587712168433
11,0.2749166666666667,0.0036479554026483734,0.0418973,-0.00968995144468282
11,0.2749166666666667,0.0034448418977328565,0.0418973,-0.009268523350242247
11,0.2749166666666667,0.003246890556945295,0.0418973,-0.008844195623424346
11,0.2749166666666667,0.003052630678254933,0.0418973,-0.008417794370319526
11,0.2749166666666667,0.0028605817549508094,0.0418973,-0.007990151204392129
11,0.2749166666666667,0.0026692632803219617,0.0418973,-0.007562097739106497
11,0.2749166666666667,0.002477439864662554,0.0418973,-0.007134327903578571
11,0.2749166666666667,0.0022850036564903307,0.0418973,-0.006706902278921648
11,0.2749166666666667,0.002092160554089599,0.0418973,-0.00627970521028307
11,0.2749166666666667,0.0018991115534045602,0.0418973,-0.005852623796497148
11,0.2749166666666667,0.001706067455059624,0.0418973,-0.005425539629024258
11,0.2749166666666667,0.001513190036278175,0.0418973,-0.004998361836194457
11,0.2749166666666667,0.0013204841994003133,0.0418973,-0.004571087664320775
11,0.2749166666666667,0.0011278813116646028,0.0418973,-0.004143755665020763
11,0.2749166666666667,0.0009353372520101251,0.0418973,-0.003716390621477137
11,0.2749166666666667,0.0007427931923556464,0.0418973,-0.0032890255779335093
11,0.2749166666666667,0.0005502001093001425,0.0418973,-0.002861688071259562
11,0.2749166666666667,0.0003575629051837158,0.0418973,-0.002434375347768327
11,0.2749166666666667,0.00016489628702667444,0.0418973,-0.0020070791463989
11,0.2749166666666667,-2.778013581057181e-05,0.0418973,-0.001579788452403412
11,0.2749166666666667,-0.0002204614609879205,0.0418973,-0.001152500512094888
11,0.2749166666666667,-0.00041312807914496274,0.0418973,-0.0007252043107254628
11,0.2749166666666667,-0.0006057848926217984,0.0418973,-0.0002979026019820988
11,0.2749166666666667,-0.0007984368037585324,0.0418973,0.0001294018604482295
11,0.2749166666666667,-0.0009910789102150616,0.0418973,0.0005567118302524966
11,0.2749166666666667,-0.0011837259190116923,0.0418973,0.000984019046369796
11,0.2749166666666667,-0.0013763729278083248,0.0418973,0.0014113262624870955
11,0.2749166666666667,-0.0015690248389450588,0.0418973,0.0018386307249174238
11,0.2749166666666667,-0.0017616767500817946,0.0418973,0.0022659351873477573
11,0.2749166666666667,-0.001954328661218527,0.0418973,0.002693239649778089
11,0.2749166666666667,-0.0021469805723552627,0.0418973,0.003120544112208419
11,0.2749166666666667,-0.002339632483491995,0.0418973,0.003547848574638749
11,0.2749166666666667,-0.002532284394628729,0.0418973,0.003975153037069079
11,0.2749166666666667,-0.002724936305765463,0.0418973,0.0044024574994994126
11,0.2749166666666667,-0.002917588216902197,0.0418973,0.004829761961929739
11,0.2749166666666667,-0.0031102401280389312,0.0418973,0.005257066424360073
11,0.2749166666666667,-0.003302892039175667,0.0418973,0.005684370886790406
11,0.2749166666666667,-0.0034955439503123993,0.0418973,0.006111675349220733
11,0.2749166666666667,-0.0036881958614491334,0.0418973,0.006538979811651063
11,0.2749166666666667,-0.003784524268187552,0.0418973,0.006752630666022746
11,0.2749166666666667,-0.003880852674925969,0.0418973,0.006966281520394423
11,0.2749166666666667,-0.003977176179324284,0.0418973,0.0071799351284530764
11,0.2749166666666667,-0.0040734996837226015,0.0418973,0.007393588736511726
12,0.29828333333333334,-0.003786636865941227,0.04545838,0.007496655545689998
12,0.29828333333333334,-0.0035643394243604276,0.04545838,0.007349700646789643
12,0.29828333333333334,-0.003342286277063099,0.04545838,0.00720261460634275
12,0.29828333333333334,-0.0031207593020686425,0.04545838,0.007055246107180266
12,0.29828333333333334,-0.002900026283495478,0.04545838,0.006907451397991565
12,0.29828333333333334,-0.002461947480548868,0.04545838,0.006610043651632511
12,0.29828333333333334,-0.002028989461621251,0.04545838,0.0063098869767020185
12,0.29828333333333334,-0.0016009549120990481,0.04545838,0.006007087295218434
12,0.29828333333333334,-0.0011776324234677197,0.04545838,0.005701758095058573
12,0.29828333333333334,-0.0007590877672651172,0.04545838,0.0053938640688829705
12,0.29828333333333334,-0.0003454900703028811,0.04545838,0.005083314426390196
12,0.29828333333333334,6.300093654133289e-05,0.04545838,0.004770023421184429
12,0.29828333333333334,0.0004662396162908363,0.04545838,0.004453912872728335
12,0.29828333333333334,0.0008640944258699124,0.04545838,0.004134912166343003
12,0.29828333333333334,0.001256494895773716,0.04545838,0.0038129834727361617
12,0.29828333333333334,0.0016433799524313746,0.04545838,0.0034880940065211904
12,0.29828333333333334,0.002024693220239013,0.04545838,0.0031602135042642712
12,0.29828333333333334,0.0024003971154607047,0.04545838,0.0028293217903428633
12,0.29828333333333334,0.002770388282822679,0.04545838,0.002495363381794964
12,0.29828333333333334,0.003134220415460894,0.04545838,0.0021580986931028917
12,0.29828333333333334,0.0034913485492045174,0.04545838,0.0018172351777397747
12,0.29828333333333334,0.0038412277198827277,0.04545838,0.00147248028917874
12,0.29828333333333334,0.00418333175519265,0.04545838,0.0011235515687041918
12,0.29828333333333334,0.0045171673686003454,0.04545838,0.0007701842112702584
12,0.29828333333333334,0.0048425983190631084,0.04545838,0.00041230508024523056
12,0.29828333333333334,0.005159587022845021,0.04545838,4.989400000655203e-05
12,0.29828333333333334,0.005468124084012099,0.04545838,-0.000317054073351402
12,0.29828333333333334,0.0057681766167954176,0.04545838,-0.0006885567934983659
12,0.29828333333333334,0.006059645963888186,0.04545838,-0.0010646671214435063
12,0.29828333333333334,0.006341977765185598,0.04545838,-0.00144568264761933
12,0.29828333333333334,0.006614410950035288,0.04545838,-0.0018320119283823239
12,0.29828333333333334,0.006876198541685863,0.04545838,-0.002224055954230527
12,0.29828333333333334,0.007126584167451947,0.04545838,-0.00262222075956761
12,0.29828333333333334,0.007364966487558835,0.04545838,-0.0030268291543542533
12,0.29828333333333334,0.007591857580408426,0.04545838,-0.0034376062457333115
12,0.29828333333333334,0.007808220529233647,0.04545838,-0.003854035033377133
12,0.29828333333333334,0.008015023115234419,0.04545838,-0.0042755959950052415
12,0.29828333333333334,0.008213223723676683,0.04545838,-0.004701774652242802
12,0.29828333333333334,0.008403273359391469,0.04545838,-0.0051323288976193
12,0.29828333333333334,0.008582104249934372,0.04545838,-0.005568905566324781
12,0.29828333333333334,0.008745168763259167,0.04545838,-0.006013945908686908
12,0.29828333333333334,0.008887830005946822,0.04545838,-0.006469939092136878
12,0.29828333333333334,0.009005328937436566,0.04545838,-0.006939439854879157
12,0.29828333333333334,0.009093305844361774,0.04545838,-0.007424788569128694
12,0.29828333333333334,0.00915091039469727,0.04545838,-0.007926441708345514
12,0.29828333333333334,0.009178602989208067,0.04545838,-0.008444152121153469
12,0.29828333333333334,0.009174307126484628,0.04545838,-0.008979034510698045
12,0.29828333333333334,0.009132112764053658,0.04545838,-0.009534261493624071
12,0.29828333333333334,0.009045522613568124,0.04545838,-0.010113320930678609
12,0.29828333333333334,0.008906954156306324,0.04545838,-0.010720283253709644
12,0.29828333333333334,0.008807370389574055,0.04545838,-0.011040029749923767
12,0.29828333333333334,0.008676535746424968,0.04545838,-0.01137655227628211
12,0.29828333333333334,0.00850061001610681,0.04545838,-0.011737280505786006
12,0.29828333333333334,0.008252279218540298,0.04545838,-0.012136877072118328
12,0.29828333333333334,0.007987983981638172,0.04545838,-0.012491786006049301
12,0.29828333333333334,0.00783866999180601,0.04545838,-0.012678455688611145
12,0.29828333333333334,0.0076570292911163395,0.04545838,-0.012882478928512492
12,0.29828333333333334,0.0075325855910247826,0.04545838,-0.013002540164780389
12,0.29828333333333334,0.007446180955898489,0.04545838,-0.013075552535044128
12,0.29828333333333334,0.0073865169620027284,0.04545838,-0.01312089564284968
12,0.29828333333333334,0.00728218,0.04545838,-0.013190219999999999
12,0.29828333333333334,0.007057236455680567,0.04545838,-0.013297659315851529
12,0.29828333333333334,0.00699193922561195,0.04545838,-0.01331939763104749
12,0.29828333333333334,0.006893013760953639,0.04545838,-0.013345873777494409
12,0.29828333333333334,0.00674391363509122,0.04545838,-0.013372655765997601
12,0.29828333333333334,0.0065222432656318685,0.04545838,-0.0133851371316015
12,0.29828333333333334,0.006351616307517792,0.04545838,-0.013370217479839654
12,0.29828333333333334,0.0061078546022640635,0.04545838,-0.013288042611440311
12,0.29828333333333334,0.0058872672206675865,0.04545838,-0.01314016972171426
12,0.29828333333333334,0.005686307945154915,0.04545838,-0.012981760113115305
12,0.29828333333333334,0.005503736512440717,0.04545838,-0.012813479581187356
12,0.29828333333333334,0.0053419113019539215,0.04545838,-0.012634062105615861
12,0.29828333333333334,0.005057404341940186,0.04545838,-0.012254214243594694
12,0.29828333333333334,0.004792285891693772,0.04545838,-0.011863958282294333
12,0.29828333333333334,0.004542877443061586,0.04545838,-0.011465268910771143
12,0.29828333333333334,0.0043079199408903365,0.04545838,-0.011058822012380301
12,0.29828333333333334,0.004085313393935536,0.04545838,-0.010645744900031378
12,0.29828333333333334,0.0038730329784245395,0.04545838,-0.010227124535388862
12,0.29828333333333334,0.003669105548221585,0.04545838,-0.009804020138636238
12,0.29828333333333334,0.003471647218563725,0.04545838,-0.00937744301285346
12,0.29828333333333334,0.003279135848146231,0.04545838,-0.008948210270753506
12,0.29828333333333334,0.0030901620468721325,0.04545838,-0.008517078498181722
12,0.29828333333333334,0.0029033070287104784,0.04545838,-0.0080848093248891
12,0.29828333333333334,0.0027171520076303213,0.04545838,-0.007652164380626618
12,0.29828333333333334,0.0025305130959502025,0.04545838,-0.007219779197504373
12,0.29828333333333334,0.0023432869383963476,0.04545838,-0.006787709258484358
12,0.29828333333333334,0.002155670849582331,0.04545838,-0.006355848641548223
12,0.29828333333333334,0.0019678574461547372,0.04545838,-0.0059240939466304356
12,0.29828333333333334,0.0017800487406941339,0.04545838,-0.005492336729759831
12,0.29828333333333334,0.001592399766111187,0.04545838,-0.00506049376649342
12,0.29828333333333334,0.0014049152203728862,0.04545838,-0.004628562534878384
12,0.29828333333333334,0.0012175293319413747,0.04545838,-0.004196578342254176
12,0.29828333333333334,0.001030199819113742,0.04545838,-0.003764563886196153
12,0.29828333333333334,0.0008428703062861084,0.04545838,-0.003332549430138129
12,0.29828333333333334,0.0006554938137885756,0.04545838,-0.002900560193608282
12,0.29828333333333334,0.00046807503958813494,0.04545838,-0.0024685936546537997
12,0.29828333333333334,0.0002806280775857527,0.04545838,-0.002036642247416221
12,0.29828333333333334,9.31717196493943e-05,0.04545838,-0.0016046958840842812
12,0.29828333333333334,-9.428933625395697e-05,0.04545838,-0.0011727520427051562
12,0.29828333333333334,-0.00028173629825633834,0.04545838,-0.0007408006354675777
12,0.29828333333333334,-0.00046917386432474006,0.04545838,-0.0003088441843243639
12,0.29828333333333334,-0.0006566067324261507,0.04545838,0.0001231147887716666
12,0.29828333333333334,-0.0008440302045935816,0.04545838,0.0005550788057733323
12,0.29828333333333334,-0.0010314583747280037,0.04545838,0.000987040300822183
12,0.29828333333333334,-0.0012188865448624223,0.04545838,0.0014190017958710284
12,0.29828333333333334,-0.0014063194129638355,0.04545838,0.0018509607689670606
12,0.29828333333333334,-0.001593752281065247,0.04545838,0.002282919742063093
12,0.29828333333333334,-0.0017811851491666584,0.04545838,0.002714878715159127
12,0.29828333333333334,-0.00196861801726807,0.04545838,0.003146837688255154
12,0.29828333333333334,-0.0021560508853694796,0.04545838,0.0035787966613511843
12,0.29828333333333334,-0.002343483753470891,0.04545838,0.004010755634447218
12,0.29828333333333334,-0.0025309166215723043,0.04545838,0.004442714607543249
12,0.29828333333333334,-0.0027183494896737158,0.04545838,0.004874673580639283
12,0.29828333333333334,-0.0029057823577751237,0.04545838,0.00530663255373531
12,0.29828333333333334,-0.003093215225876537,0.04545838,0.00573859152683134
12,0.29828333333333334,-0.0032806480939779467,0.04545838,0.006170550499927371
12,0.29828333333333334,-0.003468080962079358,0.04545838,0.006602509473023401
12,0.29828333333333334,-0.0035617997451135594,0.04545838,0.00681848769859501
12,0.29828333333333334,-0.003655518528147759,0.04545838,0.007034465924166615
12,0.29828333333333334,-0.003749232613214971,0.04545838,0.007250446671691044
12,0.29828333333333334,-0.003842946698282181,0.04545838,0.007466427419215466
13,0.32155000000000006,-0.003595751488755671,0.04900422,0.0075851465049750315
13,0.32155000000000006,-0.003381155668685229,0.04900422,0.007429741148158007
13,0.32155000000000006,-0.0031667944100951407,0.04900422,0.007274215594294135
13,0.32155000000000006,-0.0029529383608473576,0.04900422,0.007118431154483219
13,0.32155000000000006,-0.002739844636410733,0.04900422,0.006962256074270052
13,0.32155000000000006,-0.0023169094726785706,0.04900422,0.006648239335559584
13,0.32155000000000006,-0.0018988910784384846,0.04900422,0.0063317030818287115
13,0.32155000000000006,-0.0014856000001871057,0.04900422,0.006012744395307582
13,0.32155000000000006,-0.0010768332520279741,0.04900422,0.005691467292671344
13,0.32155000000000006,-0.00067265398512888,0.04900422,0.005367839413176617
13,0.32155000000000006,-0.0002732245882069899,0.04900422,0.0050417775434832834
13,0.32155000000000006,0.0001213015716159194,0.04900422,0.00471320309321456
13,0.32155000000000006,0.0005107846596111802,0.04900422,0.004382044406438669
13,0.32155000000000006,0.0008950983734432143,0.04900422,0.004048236761668843
13,0.32155000000000006,0.0012741750511465338,0.04900422,0.0037117454866800424
13,0.32155000000000006,0.0016479560523510522,0.04900422,0.00337254053221055
13,0.32155000000000006,0.0020163872474843764,0.04900422,0.0030305941604803245
13,0.32155000000000006,0.0023794325501649144,0.04900422,0.002685887879636001
13,0.32155000000000006,0.002736992722843284,0.04900422,0.002338370837080852
13,0.32155000000000006,0.0030886392397380686,0.04900422,0.001987823442056204
13,0.32155000000000006,0.0034338488483161645,0.04900422,0.00163397756268833
13,0.32155000000000006,0.0037720982960444717,0.04900422,0.0012765650671035002
13,0.32155000000000006,0.004102882373580684,0.04900422,0.0009153270693546614
13,0.32155000000000006,0.00442572744716639,0.04900422,0.0005500208638664576
13,0.32155000000000006,0.004740502703668315,0.04900422,0.00018057941767045567
13,0.32155000000000006,0.005047172056704868,0.04900422,-0.0001930157610867088
13,0.32155000000000006,0.005345726484680646,0.04900422,-0.0005707692953683743
13,0.32155000000000006,0.005636134412011761,0.04900422,-0.0009526973655462293
13,0.32155000000000006,0.005918301111946526,0.04900422,-0.001338848512735349
13,0.32155000000000006,0.006191694310356442,0.04900422,-0.0017294954917728023
13,0.32155000000000006,0.006455583258014249,0.04900422,-0.0021250127626891453
13,0.32155000000000006,0.006709250738085779,0.04900422,-0.0025257678510699245
13,0.32155000000000006,0.00695197051214147,0.04900422,-0.002932132905464022
13,0.32155000000000006,0.007183165198075831,0.04900422,-0.0033444037955252144
13,0.32155000000000006,0.007403326472838071,0.04900422,-0.0037623285697514584
13,0.32155000000000006,0.007613379049956512,0.04900422,-0.004185433374400383
13,0.32155000000000006,0.007814252153757181,0.04900422,-0.0046132420442479526
13,0.32155000000000006,0.008006865986970705,0.04900422,-0.005045283037033464
13,0.32155000000000006,0.008191653586176203,0.04900422,-0.00548133445051659
13,0.32155000000000006,0.00836566940047613,0.04900422,-0.0059229056822279035
13,0.32155000000000006,0.008524546977697707,0.04900422,-0.006372234246424056
13,0.32155000000000006,0.008663834160511872,0.04900422,-0.006831601575513429
13,0.32155000000000006,0.008778961510849384,0.04900422,-0.00730334920042783
13,0.32155000000000006,0.008865743008445434,0.04900422,-0.007789622176157109
13,0.32155000000000006,0.008923362198916474,0.04900422,-0.008290838880883548
13,0.32155000000000006,0.00895226114043702,0.04900422,-0.008806772789403484
13,0.32155000000000006,0.00895044606042405,0.04900422,-0.009338445576615095
13,0.32155000000000006,0.00891224237537203,0.04900422,-0.009888765086459361
13,0.32155000000000006,0.008831411652063035,0.04900422,-0.010460928098086023
13,0.32155000000000006,0.008700673463010636,0.04900422,-0.011058665342910614
13,0.32155000000000006,0.008606211978723764,0.04900422,-0.011372441866354187
13,0.32155000000000006,0.00848174466814214,0.04900422,-0.01170159436586723
13,0.32155000000000006,0.008313982721244069,0.04900422,-0.012052932466449843
13,0.32155000000000006,0.008076700360206685,0.04900422,-0.01243989512253196
13,0.32155000000000006,0.007823858627519642,0.04900422,-0.012781756646328876
13,0.32155000000000006,0.007680955306383424,0.04900422,-0.012961133562249863
13,0.32155000000000006,0.007507013186279349,0.04900422,-0.01315641578354277
13,0.32155000000000006,0.007387758347094489,0.04900422,-0.013270600168502093
13,0.32155000000000006,0.00730491159634568,0.04900422,-0.013339590712878567
13,0.32155000000000006,0.007247682385833452,0.04900422,-0.013382185416838817
13,0.32155000000000006,0.007147559999999999,0.04900422,-0.013446759999999999
13,0.32155000000000006,0.006931520575099975,0.04900422,-0.013544197167095765
13,0.32155000000000006,0.006868767077612492,0.04900422,-0.013563085564078368
13,0.32155000000000006,0.0067736673699275015,0.04900422,-0.013585280660105465
13,0.32155000000000006,0.006630276502281609,0.04900422,-0.013605684606869084
13,0.32155000000000006,0.006416975661508988,0.04900422,-0.01360883846399048
13,0.32155000000000006,0.006252684637737642,0.04900422,-0.013586878072766293
13,0.32155000000000006,0.006017710664047725,0.04900422,-0.013494989422700113
13,0.32155000000000006,0.005804756774339773,0.04900422,-0.013338742686555174
13,0.32155000000000006,0.005610648997418873,0.04900422,-0.013172838579992581
13,0.32155000000000006,0.005434196482692449,0.04900422,-0.012997887334173234
13,0.32155000000000006,0.005277663650605476,0.04900422,-0.01281272858529875
13,0.32155000000000006,0.005002181952860852,0.04900422,-0.01242315182227455
13,0.32155000000000006,0.004745316317220624,0.04900422,-0.012024035574397868
13,0.32155000000000006,0.004503534789086356,0.04900422,-0.01161718973181639
13,0.32155000000000006,0.0042756284746746755,0.04900422,-0.0112032337716177
13,0.32155000000000006,0.004059581047414063,0.04900422,-0.01078320092610833
13,0.32155000000000006,0.003853448353496183,0.04900422,-0.010358087443888093
13,0.32155000000000006,0.003655335857887393,0.04900422,-0.009928864147258425
13,0.32155000000000006,0.0034634347307103343,0.04900422,-0.00949645794036904
13,0.32155000000000006,0.0032762834735104813,0.04900422,-0.009061617743281042
13,0.32155000000000006,0.003092528846978088,0.04900422,-0.008625037000495463
13,0.32155000000000006,0.0029108085902080126,0.04900422,-0.008187413779476672
13,0.32155000000000006,0.0027297604422951115,0.04900422,-0.0077494461476890365
13,0.32155000000000006,0.002548247682219196,0.04900422,-0.00731171659851342
13,0.32155000000000006,0.002366171072430888,0.04900422,-0.006874275984546567
13,0.32155000000000006,0.0021837200664335497,0.04900422,-0.006437027223558331
13,0.32155000000000006,0.0020010796069328462,0.04900422,-0.005999875544800238
13,0.32155000000000006,0.0018184436582298433,0.04900422,-0.005562721554560475
13,0.32155000000000006,0.001635961076648612,0.04900422,-0.005125488973943932
13,0.32155000000000006,0.0014536363729868492,0.04900422,-0.0046881754914689325
13,0.32155000000000006,0.0012714063960767687,0.04900422,-0.0042508134678788615
13,0.32155000000000006,0.0010892305487390803,0.04900422,-0.0038134237065087506
13,0.32155000000000006,0.0009070547014013892,0.04900422,-0.003376033945138638
13,0.32155000000000006,0.0007248337460867074,0.04900422,-0.0029386672985852267
13,0.32155000000000006,0.0005425721935927346,0.04900422,-0.0025013214553668475
13,0.32155000000000006,0.0003602835763125657,0.04900422,-0.0020639894810384873
13,0.32155000000000006,0.00017798593743699985,0.04900422,-0.001626662129673469
13,0.32155000000000006,-4.316212236265757e-06,0.04900422,-0.001189337089790122
13,0.32155000000000006,-0.0001866048295164355,0.04900422,-0.00075200511546176
13,0.32155000000000006,-0.0003688844252012066,0.04900422,-0.00031466851817005953
13,0.32155000000000006,-0.0005511595100882779,0.04900422,0.00012267039060330845
13,0.32155000000000006,-0.0007334255733799505,0.04900422,0.0005600139223400184
13,0.32155000000000006,-0.000915696147469322,0.04900422,0.0009973551425950557
13,0.32155000000000006,-0.0010979667215586936,0.04900422,0.0014346963628500981
13,0.32155000000000006,-0.0012802418064457657,0.04900422,0.0018720352716234678
13,0.32155000000000006,-0.001462516891332838,0.04900422,0.0023093741803968393
13,0.32155000000000006,-0.0016447919762199083,0.04900422,0.0027467130891702073
13,0.32155000000000006,-0.0018270670611069805,0.04900422,0.0031840519979435787
13,0.32155000000000006,-0.002009342145994051,0.04900422,0.0036213909067169467
13,0.32155000000000006,-0.0021916172308811196,0.04900422,0.004058729815490315
13,0.32155000000000006,-0.0023738923157681936,0.04900422,0.004496068724263686
13,0.32155000000000006,-0.002556167400655264,0.04900422,0.0049334076330370576
13,0.32155000000000006,-0.002738442485542336,0.04900422,0.005370746541810429
13,0.32155000000000006,-0.0029207175704294083,0.04900422,0.005808085450583797
13,0.32155000000000006,-0.003102992655316477,0.04900422,0.006245424359357165
13,0.32155000000000006,-0.0032852677402035475,0.04900422,0.006682763268130533
13,0.32155000000000006,-0.003376407538045934,0.04900422,0.006901431566776386
13,0.32155000000000006,-0.0034675473358883185,0.04900422,0.007120099865422232
13,0.32155000000000006,-0.003558682622933006,0.04900422,0.007338770475549754
13,0.32155000000000006,-0.003649817909977692,0.04900422,0.007557441085677272
14,0.3448333333333334,-0.0034284286448944355,0.0525526,0.007694304291695653
14,0.3448333333333334,-0.0032211093994759295,0.0525526,0.007530636695628156
14,0.3448333333333334,-0.003014015842118401,0.0525526,0.0073668588714783205
14,0.3448333333333334,-0.0028074083821229695,0.0525526,0.0072028436329972904
14,0.3448333333333334,-0.002601534408325709,0.0525526,0.007038470153248658
14,0.3448333333333334,-0.0021929157124997035,0.0525526,0.006708194838994343
14,0.3448333333333334,-0.0017890277856441351,0.0525526,0.00637560897455253
14,0.3448333333333334,-0.0013896883412482155,0.0525526,0.0060408015902974135
14,0.3448333333333334,-0.0009947020723361007,0.0525526,0.005703868075915632
14,0.3448333333333334,-0.0006041297410780523,0.0525526,0.005364778754615794
14,0.3448333333333334,-0.0002181275930547462,0.0525526,0.0050234573146485766
14,0.3448333333333334,0.0001631568064631786,0.0525526,0.004679831683806306
14,0.3448333333333334,0.0005395889126701432,0.0525526,0.004333836149193738
14,0.3448333333333334,0.0009110472012256211,0.0525526,0.003985411357228075
14,0.3448333333333334,0.0012774665698043336,0.0525526,0.003634525511347103
14,0.3448333333333334,0.0016387905963910349,0.0525526,0.003281151054530234
14,0.3448333333333334,0.0019949671991255,0.0525526,0.002925262549527699
14,0.3448333333333334,0.0023459616567675784,0.0525526,0.0025668430381729918
14,0.3448333333333334,0.0026916784859068593,0.0525526,0.002205845885508189
14,0.3448333333333334,0.0030317053718165593,0.0525526,0.0018420697133059473
14,0.3448333333333334,0.003365538856514507,0.0525526,0.0014752686281518101
14,0.3448333333333334,0.003692675482018526,0.0525526,0.001105196736631335
14,0.3448333333333334,0.004012629150966514,0.0525526,0.000731616624413324
14,0.3448333333333334,0.004324944147081505,0.0525526,0.00035430571556228745
14,0.3448333333333334,0.0046294946058679535,0.0525526,-2.6797463275385347e-05
14,0.3448333333333334,0.004926245806085713,0.0525526,-0.00041170987026621295
14,0.3448333333333334,0.005215189067424741,0.0525526,-0.0008004357449518228
14,0.3448333333333334,0.005496294008799911,0.0525526,-0.001192989925727913
14,0.3448333333333334,0.005769469486955828,0.0525526,-0.001589416927781584
14,0.3448333333333334,0.0060342033636002785,0.0525526,-0.0019899668840689094
14,0.3448333333333334,0.006289792533620223,0.0525526,-0.0023949831974617967
14,0.3448333333333334,0.006535546912367686,0.0525526,-0.0028048029115197073
14,0.3448333333333334,0.006770767734884644,0.0525526,-0.003219767309343726
14,0.3448333333333334,0.0069948994613287,0.0525526,-0.003640147721598078
14,0.3448333333333334,0.007208415168596898,0.0525526,-0.004065713093264011
14,0.3448333333333334,0.007412204588468079,0.0525526,-0.0044960288713246106
14,0.3448333333333334,0.007607161792876106,0.0525526,-0.004930658382992148
14,0.3448333333333334,0.007794172173444806,0.0525526,-0.005369169195020521
14,0.3448333333333334,0.007973652385055974,0.0525526,-0.0058113578094115634
14,0.3448333333333334,0.008142768306482374,0.0525526,-0.006258608436506965
14,0.3448333333333334,0.008297318667665853,0.0525526,-0.006712973014454887
14,0.3448333333333334,0.008433019735602905,0.0525526,-0.007176543757048964
14,0.3448333333333334,0.00854547493325954,0.0525526,-0.007651467992124003
14,0.3448333333333334,0.008630656596778358,0.0525526,-0.008139712866995597
14,0.3448333333333334,0.008687779158100966,0.0525526,-0.008641662060181122
14,0.3448333333333334,0.008717267952419202,0.0525526,-0.009157107834140785
14,0.3448333333333334,0.008717204631214778,0.0525526,-0.00968698712757447
14,0.3448333333333334,0.008682129279474109,0.0525526,-0.010233966612166464
14,0.3448333333333334,0.008606039462806265,0.0525526,-0.010800977930952834
14,0.3448333333333334,0.008481930171010987,0.0525526,-0.01139144239402773
14,0.3448333333333334,0.008391883695319928,0.0525526,-0.01170034608743149
14,0.3448333333333334,0.008272966508444153,0.0525526,-0.012023350496291437
14,0.3448333333333334,0.008112392513698429,0.0525526,-0.012366700465426265
14,0.3448333333333334,0.00788492804980375,0.0525526,-0.012742720342349845
14,0.3448333333333334,0.007642324513076089,0.0525526,-0.01307314944216336
14,0.3448333333333334,0.007505163818273751,0.0525526,-0.013246109634625277
14,0.3448333333333334,0.007338138516787404,0.0525526,-0.013433655970059839
14,0.3448333333333334,0.007223563376575046,0.0525526,-0.013542600337494489
14,0.3448333333333334,0.007143934858509859,0.0525526,-0.013607984041478012
14,0.3448333333333334,0.00708891269629157,0.0525526,-0.013648103570402798
14,0.3448333333333334,0.00699262,0.0525526,-0.01370838
14,0.3448333333333334,0.006784711231027477,0.0525526,-0.013796678306771455
14,0.3448333333333334,0.006724289609902071,0.0525526,-0.013812942561734098
14,0.3448333333333334,0.006632703352632644,0.0525526,-0.01383118169660073
14,0.3448333333333334,0.0064945686267233425,0.0525526,-0.013845663104594834
14,0.3448333333333334,0.006289000300160157,0.0525526,-0.013840094854019405
14,0.3448333333333334,0.006130587757875675,0.0525526,-0.013811495293547476
14,0.3448333333333334,0.005903829570255783,0.0525526,-0.013710306688666936
14,0.3448333333333334,0.005698090141264102,0.0525526,-0.013545867496023064
14,0.3448333333333334,0.005510483879940754,0.0525526,-0.013372571900917382
14,0.3448333333333334,0.005339864985360788,0.0525526,-0.013190979522844844
14,0.3448333333333334,0.005188412215343616,0.0525526,-0.013000026236856711
14,0.3448333333333334,0.004921668846925486,0.0525526,-0.012600457734456368
14,0.3448333333333334,0.004672837298269731,0.0525526,-0.012192140937905742
14,0.3448333333333334,0.004438519227996672,0.0525526,-0.011776735627752362
14,0.3448333333333334,0.0042175514745612834,0.0525526,-0.011354809902574444
14,0.3448333333333334,0.004007993988670185,0.0525526,-0.010927311299925944
14,0.3448333333333334,0.0038079761635102976,0.0525526,-0.010495153441027787
14,0.3448333333333334,0.003615675133973743,0.0525526,-0.010059226629621948
14,0.3448333333333334,0.003429350497898007,0.0525526,-0.009620380893804929
14,0.3448333333333334,0.0032475960450570125,0.0525526,-0.009179303039320536
14,0.3448333333333334,0.0030691097289451356,0.0525526,-0.008736628997413036
14,0.3448333333333334,0.002892580822746714,0.0525526,-0.008292998938868323
14,0.3448333333333334,0.002716698599646088,0.0525526,-0.007849053034472291
14,0.3448333333333334,0.0025403693405785287,0.0525526,-0.007405325466470123
14,0.3448333333333334,0.002363497562133627,0.0525526,-0.006961862869819733
14,0.3448333333333334,0.002186265550822168,0.0525526,-0.006518576214146923
14,0.3448333333333334,0.002008851252999922,0.0525526,-0.00607537858884831
14,0.3448333333333334,0.0018314412953326954,0.0525526,-0.005632178843778883
14,0.3448333333333334,0.001654178902936107,0.0525526,-0.005188907026501774
14,0.3448333333333334,0.0014770684159651727,0.0525526,-0.004745561017246167
14,0.3448333333333334,0.0013000490722496327,0.0525526,-0.004302170492803459
14,0.3448333333333334,0.001123081810394319,0.0525526,-0.003858754531110984
14,0.3448333333333334,0.0009461145485390029,0.0525526,-0.003415338569418506
14,0.3448333333333334,0.0007691038851335014,0.0525526,-0.00297194380543417
14,0.3448333333333334,0.0005920541603328302,0.0525526,-0.0025285681193871618
14,0.3448333333333334,0.0004149783946020462,0.0525526,-0.002085205151965041
14,0.3448333333333334,0.0002378939485612264,0.0525526,-0.0016418464240845494
14,0.3448333333333334,6.080516236538734e-05,0.0525526,-0.0011984898159748698
14,0.3448333333333334,-0.00011627060336539576,0.0525526,-0.000755126848552749
14,0.3448333333333334,-0.0002933376887861421,0.0525526,-0.0003117596415889972
14,0.3448333333333334,-0.0004704004340518701,0.0525526,0.00013160968514556656
14,0.3448333333333334,-0.0006474544990075588,0.0525526,0.0005749832514217595
14,0.3448333333333334,-0.0008245129041182676,0.0525526,0.0010183546979271388
14,0.3448333333333334,-0.0010015713092289755,0.0525526,0.0014617261444325146
14,0.3448333333333334,-0.0011786340544947017,0.0525526,0.00190509547116708
14,0.3448333333333334,-0.0013556967997604315,0.0525526,0.0023484647979016456
14,0.3448333333333334,-0.0015327595450261577,0.0525526,0.002791834124636211
14,0.3448333333333334,-0.001709822290291884,0.0525526,0.003235203451370773
14,0.3448333333333334,-0.001886885035557612,0.0525526,0.003678572778105335
14,0.3448333333333334,-0.0020639477808233365,0.0525526,0.004121942104839901
14,0.3448333333333334,-0.0022410105260890663,0.0525526,0.004565311431574466
14,0.3448333333333334,-0.0024180732713547926,0.0525526,0.005008680758309028
14,0.3448333333333334,-0.002595136016620519,0.0525526,0.005452050085043597
14,0.3448333333333334,-0.002772198761886247,0.0525526,0.005895419411778159
14,0.3448333333333334,-0.002949261507151973,0.0525526,0.006338788738512721
14,0.3448333333333334,-0.003126324252417701,0.0525526,0.006782158065247287
14,0.3448333333333334,-0.0032148577951280743,0.0525526,0.007003841668729159
14,0.3448333333333334,-0.0033033913378384475,0.0525526,0.0072255252722110384
14,0.3448333333333334,-0.0033919205403938005,0.0525526,0.007447210995463725
14,0.3448333333333334,-0.0034804497429491554,0.0525526,0.007668896718716414
15,0.36810000000000004,-0.0032789021340870975,0.05609844,0.007813405255057184
15,0.36810000000000004,-0.0030785744208593653,0.05609844,0.0076417338440577295
15,0.36810000000000004,-0.0028784642570194585,0.05609844,0.00746996133505611
15,0.36810000000000004,-0.0026788226610917915,0.05609844,0.007297971076511351
15,0.36810000000000004,-0.0024798881006745602,0.05609844,0.007125652249459552
15,0.36810000000000004,-0.0020850353857751382,0.05609844,0.006779612832672035
15,0.36810000000000004,-0.0016947428407359088,0.05609844,0.006431454246223675
15,0.36810000000000004,-0.0013088347525897805,0.05609844,0.006081258146193152
15,0.36810000000000004,-0.0009271228574434407,0.05609844,0.005729112021236179
15,0.36810000000000004,-0.0005496657262859233,0.05609844,0.0053749886526598765
15,0.36810000000000004,-0.00017661397023187655,0.05609844,0.005018818049539664
15,0.36810000000000004,0.00019189016688820042,0.05609844,0.004660534109335651
15,0.36810000000000004,0.0005557169921700262,0.05609844,0.0043000765620850225
15,0.36810000000000004,0.0009147493636355395,0.05609844,0.003937390970401978
15,0.36810000000000004,0.0012689245266536394,0.05609844,0.003572448171401293
15,0.36810000000000004,0.0016181880938773673,0.05609844,0.0032052228905824157
15,0.36810000000000004,0.0019624898616018415,0.05609844,0.0028356917976371503
15,0.36810000000000004,0.0023017963606904715,0.05609844,0.002463839339026717
15,0.36810000000000004,0.0026360155510176415,0.05609844,0.0020896227425194116
15,0.36810000000000004,0.00296474998658636,0.05609844,0.0017128573098420547
15,0.36810000000000004,0.0032875143649160952,0.05609844,0.0013333175146821048
15,0.36810000000000004,0.003603823383526311,0.05609844,0.0009507778307270408
15,0.36810000000000004,0.003913208474504768,0.05609844,0.0005650205084337251
15,0.36810000000000004,0.004215230355433743,0.05609844,0.00017584140760547838
15,0.36810000000000004,0.004509767700693099,0.05609844,-0.00021681585333583817
15,0.36810000000000004,0.00479678704114625,0.05609844,-0.0006129668279290183
15,0.36810000000000004,0.005076280009509049,0.05609844,-0.0010126154045587612
15,0.36810000000000004,0.00534821732028698,0.05609844,-0.0014157751925715136
15,0.36810000000000004,0.005612511116996498,0.05609844,-0.0018224870200066103
15,0.36810000000000004,0.005868667729872922,0.05609844,-0.0022329803015612767
15,0.36810000000000004,0.006116009408900334,0.05609844,-0.0026475699963961243
15,0.36810000000000004,0.006353870954989037,0.05609844,-0.0030665652310946975
15,0.36810000000000004,0.006581578801765183,0.05609844,-0.003490279020625254
15,0.36810000000000004,0.006798597443043359,0.05609844,-0.003918960221608517
15,0.36810000000000004,0.007005382895809583,0.05609844,-0.004352396917078399
15,0.36810000000000004,0.007202792806688934,0.05609844,-0.004790190547603275
15,0.36810000000000004,0.007391689005948571,0.05609844,-0.005231940609559173
15,0.36810000000000004,0.007572924956571501,0.05609844,-0.0056772504877068124
15,0.36810000000000004,0.007746902288196788,0.05609844,-0.006125933539580651
15,0.36810000000000004,0.007910889082550387,0.05609844,-0.006579259322784848
15,0.36810000000000004,0.008060835574105087,0.05609844,-0.007039109815513615
15,0.36810000000000004,0.008192612508134271,0.05609844,-0.007507403935615805
15,0.36810000000000004,0.008301981855217412,0.05609844,-0.007986111149941355
15,0.36810000000000004,0.00838506119551024,0.05609844,-0.008477035668990506
15,0.36810000000000004,0.008441093289797436,0.05609844,-0.008980529391578496
15,0.36810000000000004,0.00847048813500221,0.05609844,-0.009496401786855088
15,0.36810000000000004,0.008471396561328047,0.05609844,-0.01002551218783871
15,0.36810000000000004,0.008438555547046393,0.05609844,-0.010570306388504905
15,0.36810000000000004,0.0083661791151695,0.05609844,-0.011133473206872885
15,0.36810000000000004,0.008247514867390629,0.05609844,-0.011718150569394573
15,0.36810000000000004,0.008161200343947702,0.05609844,-0.012023028319212842
15,0.36810000000000004,0.008047056233431386,0.05609844,-0.012340838836539287
15,0.36810000000000004,0.007892757526292945,0.05609844,-0.01267730971203523
15,0.36810000000000004,0.00767398052751664,0.05609844,-0.013043744480020051
15,0.36810000000000004,0.0074405134487278216,0.05609844,-0.01336405266152896
15,0.36810000000000004,0.007308492881196587,0.05609844,-0.013531310831128105
15,0.36810000000000004,0.0071476846725571155,0.05609844,-0.013711946988283439
15,0.36810000000000004,0.007037338241916839,0.05609844,-0.013816179651505726
15,0.36810000000000004,0.0069606297290229985,0.05609844,-0.013878303713235382
15,0.36810000000000004,0.006907615990750288,0.05609844,-0.013916178194092492
15,0.36810000000000004,0.006814819999999999,0.05609844,-0.01397254
15,0.36810000000000004,0.006614384517813756,0.05609844,-0.014052446635861604
15,0.36810000000000004,0.006556117560571575,0.05609844,-0.01406628572730606
15,0.36810000000000004,0.006467785577305147,0.05609844,-0.014080858109567697
15,0.36810000000000004,0.006334535264569728,0.05609844,-0.014089827990081296
15,0.36810000000000004,0.0061361861684773485,0.05609844,-0.014076096857736847
15,0.36810000000000004,0.005983292343514309,0.05609844,-0.014041242075516217
15,0.36810000000000004,0.0057643236338989585,0.05609844,-0.013931186631440308
15,0.36810000000000004,0.005565518766386006,0.05609844,-0.013758807534425675
15,0.36810000000000004,0.00538419315545643,0.05609844,-0.013578305601775269
15,0.36810000000000004,0.005219242319602807,0.05609844,-0.013390194100269329
15,0.36810000000000004,0.00507276644714607,0.05609844,-0.01319349704534846
15,0.36810000000000004,0.004814672807989583,0.05609844,-0.012783903924851561
15,0.36810000000000004,0.00457384505967072,0.05609844,-0.012366287122528708
15,0.36810000000000004,0.004347007410445875,0.05609844,-0.011942168940989477
15,0.36810000000000004,0.004133038644239332,0.05609844,-0.011512070423783506
15,0.36810000000000004,0.0039300686730442055,0.05609844,-0.011076860624890975
15,0.36810000000000004,0.003736294347126786,0.05609844,-0.010637377491214474
15,0.36810000000000004,0.0035499585368161733,0.05609844,-0.010194437583540746
15,0.36810000000000004,0.0033693836016408674,0.05609844,-0.009748820523001904
15,0.36810000000000004,0.0031932140415690305,0.05609844,-0.009301156227919147
15,0.36810000000000004,0.003020194763978592,0.05609844,-0.008852027955997294
15,0.36810000000000004,0.0028490623089633344,0.05609844,-0.008402022853325863
15,0.36810000000000004,0.0026785532166170387,0.05609844,-0.007951728065994377
15,0.36810000000000004,0.002507613209137164,0.05609844,-0.007501633530474875
15,0.36810000000000004,0.0023361502463980933,0.05609844,-0.007051782018999048
15,0.36810000000000004,0.0021643400413669175,0.05609844,-0.006602091875488223
15,0.36810000000000004,0.0019923541233686504,0.05609844,-0.00615248338805607
15,0.36810000000000004,0.0018203723890124575,0.05609844,-0.005702872956431567
15,0.36810000000000004,0.0016485328984867662,0.05609844,-0.005253196422267186
15,0.36810000000000004,0.00147683983543365,0.05609844,-0.004803451841370578
15,0.36810000000000004,0.0013052346288640777,0.05609844,-0.004353666432434629
15,0.36810000000000004,0.001133679625999389,0.05609844,-0.0039038576931904913
15,0.36810000000000004,0.0009621246231347001,0.05609844,-0.0034540489539463502
15,0.36810000000000004,0.0007905277838492755,0.05609844,-0.003004259656625702
15,0.36810000000000004,0.0006188932917851886,0.05609844,-0.0025544878570362
15,0.36810000000000004,0.0004472336978686613,0.05609844,-0.002104727722600796
15,0.36810000000000004,0.00027556573666798635,0.05609844,-0.001654971476550091
15,0.36810000000000004,0.00010389359182523799,0.05609844,-0.0012052171746917348
15,0.36810000000000004,-6.776600209129104e-05,0.05609844,-0.0007554570402563288
15,0.36810000000000004,-0.00023941722872367153,0.05609844,-0.0003056930174362236
15,0.36810000000000004,-0.0004110642717139795,0.05609844,0.00014407294957623044
15,0.36810000000000004,-0.0005827029474201398,0.05609844,0.000593842804973382
15,0.36810000000000004,-0.0007543458067683726,0.05609844,0.001043610716178183
15,0.36810000000000004,-0.0009259886661166054,0.05609844,0.0014933786273829842
15,0.36810000000000004,-0.0010976357091069151,0.05609844,0.0019431445943954382
15,0.36810000000000004,-0.0012692827520972214,0.05609844,0.0023929105614078922
15,0.36810000000000004,-0.0014409297950875293,0.05609844,0.0028426765284203428
15,0.36810000000000004,-0.0016125768380778355,0.05609844,0.0032924424954328003
15,0.36810000000000004,-0.0017842238810681435,0.05609844,0.003742208462445251
15,0.36810000000000004,-0.0019558709240584497,0.05609844,0.004191974429457705
15,0.36810000000000004,-0.0021275179670487577,0.05609844,0.004641740396470159
15,0.36810000000000004,-0.002299165010039064,0.05609844,0.0050915063634826094
15,0.36810000000000004,-0.0024708120530293736,0.05609844,0.005541272330495067
15,0.36810000000000004,-0.00264245909601968,0.05609844,0.0059910382975075175
15,0.36810000000000004,-0.002814106139009988,0.05609844,0.0064408042645199715
15,0.36810000000000004,-0.002985753182000294,0.05609844,0.006890570231532422
15,0.36810000000000004,-0.0030715787953164847,0.05609844,0.007115452242942475
15,0.36810000000000004,-0.0031574044086326754,0.05609844,0.007340334254352531
15,0.36810000000000004,-0.0032432258383067927,0.05609844,0.007565218209954932
15,0.36810000000000004,-0.003329047267980908,0.05609844,0.00779010216555733
16,0.39138333333333336,-0.0031426962120576062,0.059646819999999996,0.007947769645498204
16,0.39138333333333336,-0.0029490880328286746,0.059646819999999996,0.007768349290033755
16,0.39138333333333336,-0.002755690012879149,0.059646819999999996,0.007588836185879494
16,0.39138333333333336,-0.0025627446436852566,0.059646819999999996,0.007409123315316398
16,0.39138333333333336,-0.0023704822921494263,0.059646819999999996,0.007229109011511411
16,0.39138333333333336,-0.0019888715283171883,0.059646819999999996,0.006867794407644585
16,0.39138333333333336,-0.0016116660263032108,0.059646819999999996,0.00650453564854896
16,0.39138333333333336,-0.0012386960420741264,0.059646819999999996,0.006139407646627848
16,0.39138333333333336,-0.0008697797070227687,0.059646819999999996,0.0057724906651705175
16,0.39138333333333336,-0.0005049736024935825,0.059646819999999996,0.005403759733375854
16,0.39138333333333336,-0.0001444232233723166,0.059646819999999996,0.005033150640612459
16,0.39138333333333336,0.00021173401850450337,0.059646819999999996,0.004660602743506211
16,0.39138333333333336,0.0005633728358741489,0.059646819999999996,0.00428606074956896
16,0.39138333333333336,0.0009103800660477165,0.059646819999999996,0.003909474717198495
16,0.39138333333333336,0.0012526950861561437,0.059646819999999996,0.0035308178919650664
16,0.39138333333333336,0.0015902653563795825,0.059646819999999996,0.003150067086696212
16,0.39138333333333336,0.0019230423784227842,0.059646819999999996,0.002767200897848137
16,0.39138333333333336,0.0022509938200889184,0.059646819999999996,0.0023822050563916328
16,0.39138333333333336,0.0025740307678366967,0.059646819999999996,0.001995040322496401
16,0.39138333333333336,0.002891769276828752,0.059646819999999996,0.0016055372514406571
16,0.39138333333333336,0.003203740530211028,0.059646819999999996,0.0012134889423009755
16,0.39138333333333336,0.003509475711129472,0.059646819999999996,0.0008186884941539206
16,0.39138333333333336,0.003808522168828445,0.059646819999999996,0.00042093614059066607
16,0.39138333333333336,0.004100455543224538,0.059646819999999996,2.004460060292708e-05
16,0.39138333333333336,0.004385158630104235,0.059646819999999996,-0.0003840378510401449
16,0.39138333333333336,0.004662599097270709,0.059646819999999996,-0.0007913254833677597
16,0.39138333333333336,0.004932768861674748,0.059646819999999996,-0.0012018218636372195
16,0.39138333333333336,0.005195639632644129,0.059646819999999996,-0.0016155394772490693
16,0.39138333333333336,0.005451126538162166,0.059646819999999996,-0.0020325157804049684
16,0.39138333333333336,0.0056987526783255985,0.059646819999999996,-0.0024529612412856495
16,0.39138333333333336,0.005937863326148594,0.059646819999999996,-0.002877164807732457
16,0.39138333333333336,0.006167815879219131,0.059646819999999996,-0.003305410076700783
16,0.39138333333333336,0.006387959652075979,0.059646819999999996,-0.0037379842124033204
16,0.39138333333333336,0.006597777329569839,0.059646819999999996,-0.004175115519307306
16,0.39138333333333336,0.0067977094378825365,0.059646819999999996,-0.00461660958188986
16,0.39138333333333336,0.0069885844895578725,0.059646819999999996,-0.005062100756277676
16,0.39138333333333336,0.007171235038664253,0.059646819999999996,-0.0055112216149688
16,0.39138333333333336,0.007346485556220875,0.059646819999999996,-0.0059636082977185725
16,0.39138333333333336,0.007514724028589714,0.059646819999999996,-0.006419089576176569
16,0.39138333333333336,0.007673311340204417,0.059646819999999996,-0.006878830159851418
16,0.39138333333333336,0.007818335295248401,0.059646819999999996,-0.0073445566012765836
16,0.39138333333333336,0.007945806908937605,0.059646819999999996,-0.007818029341929884
16,0.39138333333333336,0.00805163211684827,0.059646819999999996,-0.00830105519763405
16,0.39138333333333336,0.008132060384147969,0.059646819999999996,-0.008795289375776531
16,0.39138333333333336,0.008186360194883393,0.059646819999999996,-0.009301054713143029
16,0.39138333333333336,0.008214927618465723,0.059646819999999996,-0.009818176414125815
16,0.39138333333333336,0.008215976301020035,0.059646819999999996,-0.01034744284258831
16,0.39138333333333336,0.00818442200459461,0.059646819999999996,-0.01089109780337256
16,0.39138333333333336,0.00811467530066224,0.059646819999999996,-0.01145160805490189
16,0.39138333333333336,0.008000213168512215,0.059646819999999996,-0.012031852373817844
16,0.39138333333333336,0.007916916289504288,0.059646819999999996,-0.012333478046255758
16,0.39138333333333336,0.007806735188831157,0.059646819999999996,-0.012646968416475286
16,0.39138333333333336,0.007657763535009701,0.059646819999999996,-0.01297757805448014
16,0.39138333333333336,0.007446503903992793,0.059646819999999996,-0.013335676977243001
16,0.39138333333333336,0.007221036100462651,0.059646819999999996,-0.013647073407697606
16,0.39138333333333336,0.007093534467794895,0.059646819999999996,-0.013809289002013007
16,0.39138333333333336,0.006938223104327638,0.059646819999999996,-0.013983777745070937
16,0.39138333333333336,0.0068316422310038295,0.059646819999999996,-0.014083787546849906
16,0.39138333333333336,0.006757548046443301,0.059646819999999996,-0.014142973676216673
16,0.39138333333333336,0.006706339451950938,0.059646819999999996,-0.014178816575690614
16,0.39138333333333336,0.0066167,0.059646819999999996,-0.01423162
16,0.39138333333333336,0.006423068992462923,0.059646819999999996,-0.014303831107788259
16,0.39138333333333336,0.006366777074015898,0.059646819999999996,-0.014315430946782934
16,0.39138333333333336,0.006281437154476801,0.059646819999999996,-0.014326607184040793
16,0.39138333333333336,0.006152696216213377,0.059646819999999996,-0.014330450944052628
16,0.39138333333333336,0.005961050775484214,0.059646819999999996,-0.014309083153363347
16,0.39138333333333336,0.005813316499576527,0.059646819999999996,-0.014268336237388848
16,0.39138333333333336,0.005601717666341483,0.059646819999999996,-0.014149828543689381
16,0.39138333333333336,0.005409580602068375,0.059646819999999996,-0.013969758947396233
16,0.39138333333333336,0.0052343290275904,0.059646819999999996,-0.013782237350602244
16,0.39138333333333336,0.005074895980412128,0.059646819999999996,-0.013587734631271086
16,0.39138333333333336,0.004933310305884719,0.059646819999999996,-0.013385355407820322
16,0.39138333333333336,0.004683812939829677,0.059646819999999996,-0.012965735767004717
16,0.39138333333333336,0.004450994945814968,0.059646819999999996,-0.012538755090749436
16,0.39138333333333336,0.004231691810075732,0.059646819999999996,-0.012105809960287641
16,0.39138333333333336,0.004024820404018122,0.059646819999999996,-0.011667378388097605
16,0.39138333333333336,0.0038285741661441904,0.059646819999999996,-0.011224257656186003
16,0.39138333333333336,0.0036412111993496515,0.059646819999999996,-0.010777216508501098
16,0.39138333333333336,0.0034610340633008637,0.059646819999999996,-0.010327004069076008
16,0.39138333333333336,0.003286422106631659,0.059646819999999996,-0.009874335572999493
16,0.39138333333333336,0.003116065875370372,0.059646819999999996,-0.00941978891595424
16,0.39138333333333336,0.002948752912135827,0.059646819999999996,-0.00896389918653533
16,0.39138333333333336,0.0027832626764976464,0.059646819999999996,-0.008507205040595147
16,0.39138333333333336,0.002618374628025449,0.059646819999999996,-0.008050245133986075
16,0.39138333333333336,0.002453070302519048,0.059646819999999996,-0.007593468941127981
16,0.39138333333333336,0.0022872607864371577,0.059646819999999996,-0.007136915701851168
16,0.39138333333333336,0.0021211158238131442,0.059646819999999996,-0.006680510503752331
16,0.39138333333333336,0.001954801117155765,0.059646819999999996,-0.0062241802180568045
16,0.39138333333333336,0.0017884904520229913,0.059646819999999996,-0.005767848148732628
16,0.39138333333333336,0.0016223171987267493,0.059646819999999996,-0.005311455436034342
16,0.39138333333333336,0.0014562853987916445,0.059646819999999996,-0.004855000296333296
16,0.39138333333333336,0.0012903384708732226,0.059646819999999996,-0.004398507700430595
16,0.39138333333333336,0.0011244400412500476,0.059646819999999996,-0.0039419937009840915
16,0.39138333333333336,0.0009585416116268718,0.059646819999999996,-0.0034854797015375864
16,0.39138333333333336,0.0007926027667576564,0.059646819999999996,-0.0030289835383775846
16,0.39138333333333336,0.000626627548167006,0.059646819999999996,-0.0025725034278754333
16,0.39138333333333336,0.0004606280804287325,0.059646819999999996,-0.0021160340191451864
16,0.39138333333333336,0.0002946205296412534,0.059646819999999996,-0.0016595681776722417
16,0.39138333333333336,0.00012860893732916708,0.059646819999999996,-0.0012031041198279427
16,0.39138333333333336,-3.7390530409106386e-05,0.059646819999999996,-0.0007466347110976958
16,0.39138333333333336,-0.0002033819150981716,0.059646819999999996,-0.00029016173511014695
16,0.39138333333333336,-0.0003693692582626331,0.059646819999999996,0.00016631302450605297
16,0.39138333333333336,-0.0005353485183778881,0.059646819999999996,0.0006227913513795532
16,0.39138333333333336,-0.0007013318200177442,0.059646819999999996,0.0010792678946243972
16,0.39138333333333336,-0.0008673151216576028,0.059646819999999996,0.0015357444378692499
16,0.39138333333333336,-0.0010333024648220635,0.059646819999999996,0.0019922191974854446
16,0.39138333333333336,-0.0011992898079865259,0.059646819999999996,0.0024486939571016463
16,0.39138333333333336,-0.0013652771511509874,0.059646819999999996,0.0029051687167178444
16,0.39138333333333336,-0.0015312644943154489,0.059646819999999996,0.0033616434763340426
16,0.39138333333333336,-0.0016972518374799087,0.059646819999999996,0.003818118235950241
16,0.39138333333333336,-0.0018632391806443736,0.059646819999999996,0.004274592995566439
16,0.39138333333333336,-0.0020292265238088334,0.059646819999999996,0.004731067755182637
16,0.39138333333333336,-0.0021952138669732967,0.059646819999999996,0.005187542514798839
16,0.39138333333333336,-0.0023612012101377564,0.059646819999999996,0.0056440172744150335
16,0.39138333333333336,-0.0025271885533022197,0.059646819999999996,0.006100492034031235
16,0.39138333333333336,-0.002693175896466681,0.059646819999999996,0.006556966793647433
16,0.39138333333333336,-0.002859163239631141,0.059646819999999996,0.0070134415532636316
16,0.39138333333333336,-0.0029421589319756757,0.059646819999999996,0.007241678041257405
16,0.39138333333333336,-0.0030251546243202088,0.059646819999999996,0.007469914529251182
16,0.39138333333333336,-0.0031081462751401372,0.059646819999999996,0.007698152800873607
16,0.39138333333333336,-0.003191137925960064,0.059646819999999996,0.007926391072496028
17,0.41465,-0.0030143039606168017,0.06319266,0.008088078128179037
17,0.41465,-0.0028272736375465615,0.06319266,0.007901222749720065
17,0.41465,-0.0026404466674996357,0.06319266,0.007714282321444192
17,0.41465,-0.002454057688579846,0.06319266,0.007527158708947284
17,0.41465,-0.0022683296069858213,0.06319266,0.007339758684545427
17,0.41465,-0.0018996930116787067,0.06319266,0.006963779387318821
17,0.41465,-0.0015353190085910353,0.06319266,0.00658601731508396
17,0.41465,-0.0011750433510501297,0.06319266,0.006206541161923726
17,0.41465,-0.0008186900604781246,0.06319266,0.0058254245286412185
17,0.41465,-0.0004663138857659106,0.06319266,0.005442644517208809
17,0.41465,-0.00011805560977578341,0.06319266,0.00505814224698402
17,0.41465,0.0002259518059000952,0.06319266,0.0046718621084711805
17,0.41465,0.0005655871315747444,0.06319266,0.00428375339889483
17,0.41465,0.0009007408694663866,0.06319266,0.003893770322199704
17,0.41465,0.0012313543600490622,0.06319266,0.003501888344784777
17,0.41465,0.001557376765066944,0.06319266,0.003108086204195821
17,0.41465,0.0018787611568992666,0.06319266,0.0027123442735520076
17,0.41465,0.0021954762504655225,0.06319266,0.0023146494682661275
17,0.41465,0.0025074360117943056,0.06319266,0.0019149658057233346
17,0.41465,0.0028142689305545687,0.06319266,0.0015131379064504246
17,0.41465,0.0031155213730789206,0.06319266,0.0011089760439327596
17,0.41465,0.0034107397056999697,0.06319266,0.000702290491655707
17,0.41465,0.0036994859372905817,0.06319266,0.00029289806539822306
17,0.41465,0.003981349451169065,0.06319266,-0.00011937297004689824
17,0.41465,0.004256216838918573,0.06319266,-0.0005345700463083199
17,0.41465,0.0045240568154585985,0.06319266,-0.0009527062479732628
17,0.41465,0.004784861559519011,0.06319266,-0.0013737848461885301
17,0.41465,0.005038603696654365,0.06319266,-0.0017978172899679335
17,0.41465,0.0052852011035283255,0.06319266,-0.0022248379263529166
17,0.41465,0.005524192325203372,0.06319266,-0.0026550397530049237
17,0.41465,0.005754943838799185,0.06319266,-0.003088687732815093
17,0.41465,0.0059768338533406325,0.06319266,-0.0035260419219543485
17,0.41465,0.006189232756582459,0.06319266,-0.003967365647740426
17,0.41465,0.006391639987236512,0.06319266,-0.004412868263568794
17,0.41465,0.006584481804524735,0.06319266,-0.0048623714919386225
17,0.41465,0.006768559888635183,0.06319266,-0.005315540040302486
17,0.41465,0.006944679830390987,0.06319266,-0.005772036980539564
17,0.41465,0.007113639399345139,0.06319266,-0.006231528655675828
17,0.41465,0.007275814016463758,0.06319266,-0.006693858050664681
17,0.41465,0.007428650037050239,0.06319266,-0.00716009319493768
17,0.41465,0.007568361966362916,0.06319266,-0.00763181732354802
17,0.41465,0.007691090007593905,0.06319266,-0.008110644747443548
17,0.41465,0.007792872687423671,0.06319266,-0.008598232302480559
17,0.41465,0.00787008093651309,0.06319266,-0.009096097800776175
17,0.41465,0.007922006929915638,0.06319266,-0.009604537281116167
17,0.41465,0.007949033909867549,0.06319266,-0.010123390457307133
17,0.41465,0.00794943337567067,0.06319266,-0.01065338025279279
17,0.41465,0.007918285748414852,0.06319266,-0.011196564218912942
17,0.41465,0.00785018261980699,0.06319266,-0.011755204353682647
17,0.41465,0.0077388122248542544,0.06319266,-0.012331940472572848
17,0.41465,0.0076579053865344976,0.06319266,-0.012630857162674593
17,0.41465,0.007550985003770952,0.06319266,-0.012940653687046905
17,0.41465,0.0074065303456659305,0.06319266,-0.013266148444932277
17,0.41465,0.0072018049799590315,0.06319266,-0.01361685066009034
17,0.41465,0.006983393115553504,0.06319266,-0.013920261392643699
17,0.41465,0.006859897722827949,0.06319266,-0.014077943144131539
17,0.41465,0.006709493250229015,0.06319266,-0.014246879276199019
17,0.41465,0.006606302598778585,0.06319266,-0.01434305314107137
17,0.41465,0.0065345772790629305,0.06319266,-0.014399559187594696
17,0.41465,0.006485011753941868,0.06319266,-0.01443354326005721
17,0.41465,0.00639826,0.06319266,-0.01448308
17,0.41465,0.006210915342326532,0.06319266,-0.014548180599808246
17,0.41465,0.006156461885388009,0.06319266,-0.014557701144267373
17,0.41465,0.0060739165624754225,0.06319266,-0.014565716832882278
17,0.41465,0.0059494065767063545,0.06319266,-0.014564775864918816
17,0.41465,0.005764090850356032,0.06319266,-0.01453625043827218
17,0.41465,0.005621264173972904,0.06319266,-0.014489954506612062
17,0.41465,0.005416764320048728,0.06319266,-0.014363421224052085
17,0.41465,0.005231157468141678,0.06319266,-0.014175970496874763
17,0.41465,0.005061889249530804,0.06319266,-0.013981686344023596
17,0.41465,0.004907927256559285,0.06319266,-0.01378100055687673
17,0.41465,0.004771234628029104,0.06319266,-0.013573092077586326
17,0.41465,0.004530432782319561,0.06319266,-0.013143647521419477
17,0.41465,0.004305770127517942,0.06319266,-0.012707452953822286
17,0.41465,0.004094184636369366,0.06319266,-0.012265789028768577
17,0.41465,0.003894628258676757,0.06319266,-0.011819094079930101
17,0.41465,0.0037053529405666388,0.06319266,-0.011368099208617588
17,0.41465,0.0035246731983265512,0.06319266,-0.010913509346967325
17,0.41465,0.003350946565229737,0.06319266,-0.01045601143580818
17,0.41465,0.003182604876615651,0.06319266,-0.00999626134007439
17,0.41465,0.0030183810867236496,0.06319266,-0.009534788985548218
17,0.41465,0.0028571020050346205,0.06319266,-0.00907208504425029
17,0.41465,0.0026975866197593242,0.06319266,-0.008608643459348028
17,0.41465,0.002538653919108521,0.06319266,-0.008144958174008858
17,0.41465,0.0023793184230461555,0.06319266,-0.0076814413527301
17,0.41465,0.0022194940976008257,0.06319266,-0.0072181289781266
17,0.41465,0.0020593451894452093,0.06319266,-0.0067549523561154755
17,0.41465,0.0018990320346169163,0.06319266,-0.0062918444281872335
17,0.41465,0.0017387227904236864,0.06319266,-0.005828734864685591
17,0.41465,0.0015785465078226235,0.06319266,-0.00536556969168828
17,0.41465,0.0014185070974487915,0.06319266,-0.004902347273621896
17,0.41465,0.0012585498104112957,0.06319266,-0.004439090508514066
17,0.41465,0.0010986394509945648,0.06319266,-0.003975814116525412
17,0.41465,0.000938729091577834,0.06319266,-0.00351253772453676
17,0.41465,0.0007787796258104654,0.06319266,-0.003049277688282127
17,0.41465,0.0006187949643275247,0.06319266,-0.002586032372188112
17,0.41465,0.0004587868390342007,0.06319266,-0.00212279686953451
17,0.41465,0.00029877089247075123,0.06319266,-0.0016595646380277163
17,0.41465,0.00013875103527223598,0.06319266,-0.0011963340420943214
17,0.41465,-2.1257090021088026e-05,0.06319266,-0.0007330985394407175
17,0.41465,-0.00018125739404428395,0.06319266,-0.00026985976564031407
17,0.41465,-0.0003412537874324176,0.06319266,0.000193380643733497
17,0.41465,-0.0005012423595504223,0.06319266,0.0006566243242541094
17,0.41465,-0.0006612348423034892,0.06319266,0.0011198663692013142
17,0.41465,-0.0008212273250565588,0.06319266,0.0015831084141485225
17,0.41465,-0.0009812237184446907,0.06319266,0.0020463488235223353
17,0.41465,-0.0011412201118328235,0.06319266,0.002509589232896141
17,0.41465,-0.0013012165052209562,0.06319266,0.0029728296422699505
17,0.41465,-0.001461212898609089,0.06319266,0.00343607005164376
17,0.41465,-0.0016212092919972209,0.06319266,0.0038993104610175657
17,0.41465,-0.0017812056853853545,0.06319266,0.004362550870391372
17,0.41465,-0.0019412020787734846,0.06319266,0.0048257912797651775
17,0.41465,-0.0021011984721616183,0.06319266,0.005289031689138987
17,0.41465,-0.00226119486554975,0.06319266,0.005752272098512793
17,0.41465,-0.002421191258937882,0.06319266,0.0062155125078866055
17,0.41465,-0.0025811876523260157,0.06319266,0.006678752917260411
17,0.41465,-0.0027411840457141476,0.06319266,0.007141993326634217
17,0.41465,-0.0028211841977257455,0.06319266,0.007373612713534419
17,0.41465,-0.0029011843497373435,0.06319266,0.007605232100434624
17,0.41465,-0.0029811805911138774,0.06319266,0.007836853122908228
17,0.41465,-0.003061176832490413,0.06319266,0.008068474145381832
18,0.4379333333333334,-0.0029095292017905774,0.06674104,0.008229844182887665
18,0.4379333333333334,-0.0027287064227243104,0.06674104,0.008036074570305406
18,0.4379333333333334,-0.0025480809288008005,0.06674104,0.00784222676853284
18,0.4379333333333334,-0.0023678803567232275,0.06674104,0.007648210559273469
18,0.4379333333333334,-0.002188320961359615,0.06674104,0.007453940235145602
18,0.4379333333333334,-0.0018319376050156136,0.06674104,0.007064315463693531
18,0.4379333333333334,-0.001479689648779401,0.06674104,0.006673051726521618
18,0.4379333333333334,-0.0011314177469587492,0.06674104,0.006280212176437412
18,0.4379333333333334,-0.0007869511720262744,0.06674104,0.005885864477163287
18,0.4379333333333334,-0.0004463430392127139,0.06674104,0.005489987577763393
18,0.4379333333333334,-0.00010972993053998299,0.06674104,0.005092527347259837
18,0.4379333333333334,0.00022275915986011852,0.06674104,0.004693432661951253
18,0.4379333333333334,0.0005510066196909476,0.06674104,0.004292656909051127
18,0.4379333333333334,0.0008749062184910221,0.06674104,0.0038901579866877384
18,0.4379333333333334,0.0011944010470845423,0.06674104,0.0034859133402869776
18,0.4379333333333334,0.0015094417841858207,0.06674104,0.0030799034225512615
18,0.4379333333333334,0.0018199829024542228,0.06674104,0.0026721101898212907
18,0.4379333333333334,0.002125994050329324,0.06674104,0.0022625216129908577
18,0.4379333333333334,0.0024273917610199533,0.06674104,0.0018511046120179234
18,0.4379333333333334,0.0027238156097460805,0.06674104,0.001437716341266342
18,0.4379333333333334,0.003014825498881552,0.06674104,0.0010221823786962115
18,0.4379333333333334,0.00329998133080022,0.06674104,0.0006043283022676166
18,0.4379333333333334,0.0035788581836561457,0.06674104,0.00018398570449374742
18,0.4379333333333334,0.0038510576932187604,0.06674104,-0.00023900329664427664
18,0.4379333333333334,0.004116469835081529,0.06674104,-0.0006646823066564344
18,0.4379333333333334,0.004375064257684027,0.06674104,-0.00109306335464893
18,0.4379333333333334,0.004626833373136149,0.06674104,-0.0015241494478983111
18,0.4379333333333334,0.0048717506238225225,0.06674104,-0.001957951111872502
18,0.4379333333333334,0.005109736336897033,0.06674104,-0.0023944999229752826
18,0.4379333333333334,0.0053403428268434285,0.06674104,-0.002833973310523109
18,0.4379333333333334,0.005562955474563116,0.06674104,-0.0032766148639165518
18,0.4379333333333334,0.00577697104279267,0.06674104,-0.003722663661641345
18,0.4379333333333334,0.00598177870637855,0.06674104,-0.004172361789459782
18,0.4379333333333334,0.0061768928403539754,0.06674104,-0.004625901713071071
18,0.4379333333333334,0.006362726984729722,0.06674104,-0.005083119535903227
18,0.4379333333333334,0.006540058898241656,0.06674104,-0.005543707012109858
18,0.4379333333333334,0.006709670133570702,0.06674104,-0.006007354392206298
18,0.4379333333333334,0.006872334655507677,0.06674104,-0.006473754933984426
18,0.4379333333333334,0.007028416682777667,0.06674104,-0.0069427642881698315
18,0.4379333333333334,0.007175438769261052,0.06674104,-0.0074153643305561534
18,0.4379333333333334,0.007309728376146514,0.06674104,-0.007893010582993673
18,0.4379333333333334,0.007427540879666725,0.06674104,-0.008377187136459904
18,0.4379333333333334,0.007525033013482979,0.06674104,-0.008869417176527516
18,0.4379333333333334,0.007598683996586076,0.06674104,-0.009371096079515789
18,0.4379333333333334,0.007647807124921422,0.06674104,-0.009882496003952513
18,0.4379333333333334,0.00767277420510421,0.06674104,-0.010403469593286729
18,0.4379333333333334,0.0076719083134210095,0.06674104,-0.01093468145563603
18,0.4379333333333334,0.007640436666995122,0.06674104,-0.011478023167950475
18,0.4379333333333334,0.007573112239818229,0.06674104,-0.012035574261964515
18,0.4379333333333334,0.00746381160457476,0.06674104,-0.012609761609854142
18,0.4379333333333334,0.007384692238333594,0.06674104,-0.012906552998854143
18,0.4379333333333334,0.007280335549599763,0.06674104,-0.01321334658966004
18,0.4379333333333334,0.007139564576247078,0.06674104,-0.013534572100630242
18,0.4379333333333334,0.006940321321737301,0.06674104,-0.01387897168469612
18,0.4379333333333334,0.006727925305738838,0.06674104,-0.014175497178651821
18,0.4379333333333334,0.006607864222515883,0.06674104,-0.014329254219886846
18,0.4379333333333334,0.006461697003383122,0.06674104,-0.014493357796092763
18,0.4379333333333334,0.006361460129072301,0.06674104,-0.014586171123330533
18,0.4379333333333334,0.0062918123597564875,0.06674104,-0.014640317764970441
18,0.4379333333333334,0.006243694491632811,0.06674104,-0.01467265983430631
18,0.4379333333333334,0.006159499999999999,0.06674104,-0.0147193
18,0.4379333333333334,0.0059777768828668774,0.06674104,-0.014778049841007316
18,0.4379333333333334,0.005924979606525365,0.06674104,-0.01478570304615055
18,0.4379333333333334,0.005844960037444727,0.06674104,-0.014790873430824638
18,0.4379333333333334,0.005724290667098602,0.06674104,-0.014785610945792215
18,0.4379333333333334,0.005544755291319994,0.06674104,-0.014750591708226164
18,0.4379333333333334,0.0054064411285424125,0.06674104,-0.014699235440801267
18,0.4379333333333334,0.005208544750727448,0.06674104,-0.014565319404466821
18,0.4379333333333334,0.005029102967660478,0.06674104,-0.01437100246755243
18,0.4379333333333334,0.004865512287025012,0.06674104,-0.014170403329924714
18,0.4379333333333334,0.004716771107327053,0.06674104,-0.0139639189520883
18,0.4379333333333334,0.004584783988983215,0.06674104,-0.01375079450762909
18,0.4379333333333334,0.004352420902477274,0.06674104,-0.013312017304602627
18,0.4379333333333334,0.004135715427205132,0.06674104,-0.012867034586414873
18,0.4379333333333334,0.003931696904190278,0.06674104,-0.012417023701835218
18,0.4379333333333334,0.003739348556158503,0.06674104,-0.011962387625921389
18,0.4379333333333334,0.0035569744896711084,0.06674104,-0.01150379848498235
18,0.4379333333333334,0.003382939514410244,0.06674104,-0.011041904347114667
18,0.4379333333333334,0.0032156501734536434,0.06674104,-0.010577336740393873
18,0.4379333333333334,0.003053585094835047,0.06674104,-0.010110698623768281
18,0.4379333333333334,0.002895515040357277,0.06674104,-0.00964247717603902
18,0.4379333333333334,0.002740301826504429,0.06674104,-0.009173123488688619
18,0.4379333333333334,0.0025867996818704905,0.06674104,-0.008703091660476149
18,0.4379333333333334,0.002433862835049452,0.06674104,-0.008232835790160695
18,0.4379333333333334,0.0022805352118879523,0.06674104,-0.007762734794587572
18,0.4379333333333334,0.0021267333455948258,0.06674104,-0.007292821753798836
18,0.4379333333333334,0.0019726165818622987,0.06674104,-0.006823033514986934
18,0.4379333333333334,0.0018183404724375456,0.06674104,-0.006353308428982584
18,0.4379333333333334,0.0016640681569578446,0.06674104,-0.005883581839339959
18,0.4379333333333334,0.0015099248356099477,0.06674104,-0.0054138041259959805
18,0.4379333333333334,0.0013559143023389045,0.06674104,-0.004943973785312375
18,0.4379333333333334,0.0012019834419139752,0.06674104,-0.004474111868224991
18,0.4379333333333334,0.001048098108829683,0.06674104,-0.004004231907478308
18,0.4379333333333334,0.0008942127757453908,0.06674104,-0.003534351946731625
18,0.4379333333333334,0.0007402895032105668,0.06674104,-0.003064487022367694
18,0.4379333333333334,0.0005863320851702668,0.06674104,-0.0025946356307482345
18,0.4379333333333334,0.00043235190345964833,0.06674104,-0.0021247932609584266
18,0.4379333333333334,0.0002783641338589245,0.06674104,-0.001654953898445173
18,0.4379333333333334,0.0001243725703131476,0.06674104,-0.0011851160395701926
18,0.4379333333333334,-2.9607611397470916e-05,0.06674104,-0.0007152736697803846
18,0.4379333333333334,-0.00018358020521798326,0.06674104,-0.0002454282927140273
18,0.4379333333333334,-0.0003375490050934425,0.06674104,0.00022441858799060466
18,0.4379333333333334,-0.0004915102170787956,0.06674104,0.0006942684759717876
18,0.4379333333333334,-0.0006454752230092,0.06674104,0.0011641168603146925
18,0.4379333333333334,-0.0007994402289396079,0.06674104,0.0016339652446575991
18,0.4379333333333334,-0.0009534090288150672,0.06674104,0.002103812125362233
18,0.4379333333333334,-0.0011073778286905256,0.06674104,0.002573659006066863
18,0.4379333333333334,-0.0012613466285659848,0.06674104,0.003043505886771493
18,0.4379333333333334,-0.001415315428441445,0.06674104,0.0035133527674761304
18,0.4379333333333334,-0.0015692842283169034,0.06674104,0.003983199648180757
18,0.4379333333333334,-0.0017232530281923618,0.06674104,0.004453046528885391
18,0.4379333333333334,-0.0018772218280678201,0.06674104,0.0049228934095900245
18,0.4379333333333334,-0.002031190627943282,0.06674104,0.005392740290294658
18,0.4379333333333334,-0.0021851594278187404,0.06674104,0.005862587170999288
18,0.4379333333333334,-0.0023391282276942005,0.06674104,0.006332434051703922
18,0.4379333333333334,-0.002493097027569657,0.06674104,0.006802280932408549
18,0.4379333333333334,-0.0026470658274451173,0.06674104,0.0072721278131131824
18,0.4379333333333334,-0.0027240521243553735,0.06674104,0.007507050501646363
18,0.4379333333333334,-0.0028010384212656296,0.06674104,0.00774197319017954
18,0.4379333333333334,-0.002878020924230832,0.06674104,0.007976897382350993
18,0.4379333333333334,-0.002955003427196036,0.06674104,0.008211821574522446
19,0.46120000000000005,-0.002837069179957747,0.07028688,0.00835825730781703
19,0.46120000000000005,-0.0026619816940640076,0.07028688,0.008158319175728478
19,0.46120000000000005,-0.0024870859741809815,0.07028688,0.007958308819874839
19,0.46120000000000005,-0.002312603288782568,0.07028688,0.007758142905142561
19,0.46120000000000005,-0.002138743842918972,0.07028688,0.007557742263173749
19,0.46120000000000005,-0.0017936838606864812,0.07028688,0.0071559395689548624
19,0.46120000000000005,-0.0014526435890631767,0.07028688,0.006752622953506308
19,0.46120000000000005,-0.001115468140117322,0.07028688,0.006347850751407581
19,0.46120000000000005,-0.0007819915624934989,0.07028688,0.0059416854639938455
19,0.46120000000000005,-0.0004522654855022802,0.07028688,0.00553410764640528
19,0.46120000000000005,-0.00012642267022800694,0.07028688,0.005125067297573737
19,0.46120000000000005,0.00019541149786077815,0.07028688,0.0047145171942682106
19,0.46120000000000005,0.0005131226967192244,0.07028688,0.004302414280013357
19,0.46120000000000005,0.0008266076677261808,0.07028688,0.003888719665089517
19,0.46120000000000005,0.001135811093763174,0.07028688,0.003473412515718293
19,0.46120000000000005,0.0014406850333275201,0.07028688,0.003056474775958426
19,0.46120000000000005,0.001741185232724444,0.07028688,0.002637889778787199
19,0.46120000000000005,0.002037282189490757,0.07028688,0.0022176464128561314
19,0.46120000000000005,0.0023288947718526965,0.07028688,0.0017957141219569275
19,0.46120000000000005,0.00261567263805992,0.07028688,0.0013719609588264403
19,0.46120000000000005,0.002897188002396221,0.07028688,0.0009462258089118006
19,0.46120000000000005,0.003173013079145395,0.07028688,0.0005183475576601149
19,0.46120000000000005,0.003442734833822825,0.07028688,8.817064619274714e-05
19,0.46120000000000005,0.003705966046599187,0.07028688,-0.0003444507619390358
19,0.46120000000000005,0.0039625997710454304,0.07028688,-0.0007795569453734521
19,0.46120000000000005,0.004212606504698369,0.07028688,-0.0012171590154589802
19,0.46120000000000005,0.0044559788719422035,0.07028688,-0.0016572597500327368
19,0.46120000000000005,0.004692691058121649,0.07028688,-0.0020998688715246367
19,0.46120000000000005,0.004922665619270838,0.07028688,-0.0025450155472244267
19,0.46120000000000005,0.005145467394057766,0.07028688,-0.002992863669522103
19,0.46120000000000005,0.005360498957602908,0.07028688,-0.0034436382432242833
19,0.46120000000000005,0.005567173948450424,0.07028688,-0.0038975601063818976
19,0.46120000000000005,0.005764898629528684,0.07028688,-0.004354852874882995
19,0.46120000000000005,0.005953200961426703,0.07028688,-0.0048156943303031725
19,0.46120000000000005,0.006132482915205395,0.07028688,-0.005279933080519461
19,0.46120000000000005,0.006303500491483921,0.07028688,-0.005747284397227201
19,0.46120000000000005,0.006467013378689339,0.07028688,-0.0062174621632031715
19,0.46120000000000005,0.0066237738896329085,0.07028688,-0.006690183039061267
19,0.46120000000000005,0.006774136053872868,0.07028688,-0.0071653136886197935
19,0.46120000000000005,0.006915691732851606,0.07028688,-0.007643761075697994
19,0.46120000000000005,0.007044871128523537,0.07028688,-0.008126869673461292
19,0.46120000000000005,0.007158034374493004,0.07028688,-0.008616010344527747
19,0.46120000000000005,0.007251445721358996,0.07028688,-0.00911259006339795
19,0.46120000000000005,0.007321682883391857,0.07028688,-0.009617897746494963
19,0.46120000000000005,0.007368078367361992,0.07028688,-0.010132184788078022
19,0.46120000000000005,0.007390993578443436,0.07028688,-0.01065531507412831
19,0.46120000000000005,0.007388798505545123,0.07028688,-0.011187902506649054
19,0.46120000000000005,0.007356853886330954,0.07028688,-0.011731694345187883
19,0.46120000000000005,0.00729005948247753,0.07028688,-0.012288611464112347
19,0.46120000000000005,0.007182463172036942,0.07028688,-0.012860895577977198
19,0.46120000000000005,0.007104880499776344,0.07028688,-0.013155995465157999
19,0.46120000000000005,0.00700276652937603,0.07028688,-0.01346033443859544
19,0.46120000000000005,0.006865256978767508,0.07028688,-0.013778004252365295
19,0.46120000000000005,0.0066709109328298676,0.07028688,-0.01411708007897149
19,0.46120000000000005,0.0064639154197400316,0.07028688,-0.014407743932530236
19,0.46120000000000005,0.0063469424131346016,0.07028688,-0.014558150967725387
19,0.46120000000000005,0.006204593600380738,0.07028688,-0.014718115151527263
19,0.46120000000000005,0.006107025552875431,0.07028688,-0.014808037733557301
19,0.46120000000000005,0.006039258537966104,0.07028688,-0.014860148482856453
19,0.46120000000000005,0.00599245295163568,0.07028688,-0.014891070628137909
19,0.46120000000000005,0.0059105799999999995,0.07028688,-0.0149352
19,0.46120000000000005,0.005733974496041467,0.07028688,-0.014988419929961097
19,0.46120000000000005,0.005682688080084112,0.07028688,-0.014994441629439165
19,0.46120000000000005,0.0056049747612120695,0.07028688,-0.014997122328386882
19,0.46120000000000005,0.005487816506028994,0.07028688,-0.014988070918392184
19,0.46120000000000005,0.005313574386326702,0.07028688,-0.014947342615071363
19,0.46120000000000005,0.005179400299439806,0.07028688,-0.014891523711603459
19,0.46120000000000005,0.004987581515172235,0.07028688,-0.01475106306672451
19,0.46120000000000005,0.004813836391353489,0.07028688,-0.014550619368280364
19,0.46120000000000005,0.004655498928933981,0.07028688,-0.01434437276809535
19,0.46120000000000005,0.004511595546628552,0.07028688,-0.014132689940669135
19,0.46120000000000005,0.004383977524002164,0.07028688,-0.013914873648884933
19,0.46120000000000005,0.004159468294158307,0.07028688,-0.013467668595880222
19,0.46120000000000005,0.003950178647510872,0.07028688,-0.013014731475981173
19,0.46120000000000005,0.0037532210304754648,0.07028688,-0.012557149812419736
19,0.46120000000000005,0.003567607110535332,0.07028688,-0.012095295835369807
19,0.46120000000000005,0.0033916884375599196,0.07028688,-0.011629790391427412
19,0.46120000000000005,0.003223875566345045,0.07028688,-0.011161232104491617
19,0.46120000000000005,0.0030626196175734073,0.07028688,-0.010690204320357341
19,0.46120000000000005,0.0029064417802777756,0.07028688,-0.010217263995366871
19,0.46120000000000005,0.0027541472046990895,0.07028688,-0.009742861139133432
19,0.46120000000000005,0.0026046295484678473,0.07028688,-0.009267412427224817
19,0.46120000000000005,0.002456775093598755,0.07028688,-0.008791337313045947
19,0.46120000000000005,0.0023094701221065142,0.07028688,-0.00831505525000174
19,0.46120000000000005,0.0021617853064007445,0.07028688,-0.00783891624556914
19,0.46120000000000005,0.0020136395147076834,0.07028688,-0.007362950855956457
19,0.46120000000000005,0.001865187634959061,0.07028688,-0.006887100746584199
19,0.46120000000000005,0.0017165808672787077,0.07028688,-0.006411308971791435
19,0.46120000000000005,0.0015679777874062538,0.07028688,-0.005935515808080107
19,0.46120000000000005,0.0014195000930023426,0.07028688,-0.005459675421137764
19,0.46120000000000005,0.0012711514718748733,0.07028688,-0.004983786422045845
19,0.46120000000000005,0.0011228802947132683,0.07028688,-0.004507868255664177
19,0.46120000000000005,0.0009746533712464448,0.07028688,-0.0040319334222598015
19,0.46120000000000005,0.0008264264477796197,0.07028688,-0.003555998588855424
19,0.46120000000000005,0.0006781626462338116,0.07028688,-0.003080077644636638
19,0.46120000000000005,0.0005298656544169191,0.07028688,-0.002604169200684887
19,0.46120000000000005,0.0003815465357526358,0.07028688,-0.0021282690902444928
19,0.46120000000000005,0.00023322004147255642,0.07028688,-0.0016523717576412186
19,0.46120000000000005,8.488985938457944e-05,0.07028688,-0.0011764758139565026
19,0.46120000000000005,-6.3429259279703e-05,0.07028688,-0.0007005757035161084
19,0.46120000000000005,-0.00021174100232819026,0.07028688,-0.00022467281523859406
19,0.46120000000000005,-0.0003600490575687773,0.07028688,0.0002512314619574768
19,0.46120000000000005,-0.0005083497371935683,0.07028688,0.0007271385169906712
19,0.46120000000000005,-0.0006566541046262577,0.07028688,0.0012030441831052986
19,0.46120000000000005,-0.0008049584720589472,0.07028688,0.001678949849219933
19,0.46120000000000005,-0.0009532665272995343,0.07028688,0.002154854126416004
19,0.46120000000000005,-0.0011015745825401222,0.07028688,0.0026307584036120713
19,0.46120000000000005,-0.001249882637780711,0.07028688,0.003106662680808149
19,0.46120000000000005,-0.001398190693021298,0.07028688,0.00358256695800422
19,0.46120000000000005,-0.001546498748261885,0.07028688,0.004058471235200291
19,0.46120000000000005,-0.0016948068035024738,0.07028688,0.004534375512396365
19,0.46120000000000005,-0.001843114858743061,0.07028688,0.005010279789592436
19,0.46120000000000005,-0.0019914229139836497,0.07028688,0.005486184066788507
19,0.46120000000000005,-0.002139730969224236,0.07028688,0.005962088343984581
19,0.46120000000000005,-0.0022880390244648255,0.07028688,0.0064379926211806555
19,0.46120000000000005,-0.00243634707970541,0.07028688,0.006913896898376726
19,0.46120000000000005,-0.002584655134945998,0.07028688,0.007389801175572794
19,0.46120000000000005,-0.0026588110064702424,0.07028688,0.0076277526197115544
19,0.46120000000000005,-0.002732966877994487,0.07028688,0.007865704063850312
19,0.46120000000000005,-0.0028071190617108303,0.07028688,0.008103656896907625
19,0.46120000000000005,-0.0028812712454271755,0.07028688,0.008341609729964942
20,0.4844833333333333,-0.0027980870888703073,0.07383525999999999,0.008471145842297223
20,0.4844833333333333,-0.002628278830452981,0.07383525999999999,0.008265785195247155
20,0.4844833333333333,-0.0024586574179686687,0.07383525999999999,0.008060357497151711
20,0.4844833333333333,-0.002289438442878552,0.07383525999999999,0.007854785381420077
20,0.4844833333333333,-0.0021208267170707406,0.07383525999999999,0.007648995349790974
20,0.4844833333333333,-0.0017861939561802332,0.07383525999999999,0.007236485597999795
20,0.4844833333333333,-0.001455477773501061,0.07383525999999999,0.006822570353142104
20,0.4844833333333333,-0.0011285272550103998,0.07383525999999999,0.006407303771831475
20,0.4844833333333333,-0.0008051807071123695,0.07383525999999999,0.005990743879011029
20,0.4844833333333333,-0.0004854884344812453,0.07383525999999999,0.005572872622476235
20,0.4844833333333333,-0.00016957979199373405,0.07383525999999999,0.00515364358227261
20,0.4844833333333333,0.00014242305185550343,0.07383525999999999,0.004733012917332019
20,0.4844833333333333,0.0004504087081448581,0.07383525999999999,0.0043109406549158725
20,0.4844833333333333,0.0007542765675257815,0.07383525999999999,0.003887390690615127
20,0.4844833333333333,0.001053972732132982,0.07383525999999999,0.003462343682782072
20,0.4844833333333333,0.001349450490483202,0.07383525999999999,0.003035782868655369
20,0.4844833333333333,0.0016406667242842106,0.07383525999999999,0.0026076927749168494
20,0.4844833333333333,0.0019275926880078474,0.07383525999999999,0.0021780630860210783
20,0.4844833333333333,0.0022101493314516827,0.07383525999999999,0.0017468654342180905
20,0.4844833333333333,0.002487995301468859,0.07383525999999999,0.001313977322405747
20,0.4844833333333333,0.0027607137879011043,0.07383525999999999,0.000879249175175149
20,0.4844833333333333,0.0030278879805901485,0.07383525999999999,0.00044253141711737484
20,0.4844833333333333,0.0032891154421417997,0.07383525999999999,3.6796305962361747e-06
20,0.4844833333333333,0.003544018887499002,0.07383525999999999,-0.00043744157592219557
20,0.4844833333333333,0.0037924941141221874,0.07383525999999999,-0.0008808695962901469
20,0.4844833333333333,0.004034512376483202,0.07383525999999999,-0.0013266147460530685
20,0.4844833333333333,0.0042700664882000024,0.07383525999999999,-0.0017746796040973099
20,0.4844833333333333,0.004499131296935455,0.07383525999999999,-0.002225073196525141
20,0.4844833333333333,0.00472163134567815,0.07383525999999999,-0.0026778226016433444
20,0.4844833333333333,0.004937142637887772,0.07383525999999999,-0.003133079973747191
20,0.4844833333333333,0.005145083076619155,0.07383525999999999,-0.003591054202631892
20,0.4844833333333333,0.0053448813445001854,0.07383525999999999,-0.004051950309763108
20,0.4844833333333333,0.005535958937776712,0.07383525999999999,-0.004515975895492864
20,0.4844833333333333,0.0057178559279982295,0.07383525999999999,-0.004983296008548238
20,0.4844833333333333,0.005890963972985872,0.07383525999999999,-0.005453770099622579
20,0.4844833333333333,0.006056019676898651,0.07383525999999999,-0.0059271338328639265
20,0.4844833333333333,0.006213763237086599,0.07383525999999999,-0.006403121582977147
20,0.4844833333333333,0.006364927664517709,0.07383525999999999,-0.0068814703035534625
20,0.4844833333333333,0.0065098579055298585,0.07383525999999999,-0.0073620562080475615
20,0.4844833333333333,0.00664620760638727,0.07383525999999999,-0.007845721302856174
20,0.4844833333333333,0.006770498558182993,0.07383525999999999,-0.008333713768977808
20,0.4844833333333333,0.00687918428138071,0.07383525999999999,-0.008827306286831399
20,0.4844833333333333,0.006968624873477595,0.07383525999999999,-0.009327805062358573
20,0.4844833333333333,0.007035485853207481,0.07383525999999999,-0.009836406698830631
20,0.4844833333333333,0.00707911685299583,0.07383525999999999,-0.010353344585463203
20,0.4844833333333333,0.007099870005562557,0.07383525999999999,-0.010878492356824622
20,0.4844833333333333,0.007096157120477011,0.07383525999999999,-0.011412419946800574
20,0.4844833333333333,0.007063457963436569,0.07383525999999999,-0.011956749474911847
20,0.4844833333333333,0.006996803151261163,0.07383525999999999,-0.012513264241076773
20,0.4844833333333333,0.0068903932736452,0.07383525999999999,-0.013084045406588325
20,0.4844833333333333,0.006814014049356482,0.07383525999999999,-0.01337775225313532
20,0.4844833333333333,0.006713732918405565,0.07383525999999999,-0.013680036475717541
20,0.4844833333333333,0.0065789643400487865,0.07383525999999999,-0.013994696773944097
20,0.4844833333333333,0.0063888175016983476,0.07383525999999999,-0.014329229970465138
20,0.4844833333333333,0.006186503152474562,0.07383525999999999,-0.01461487004891049
20,0.4844833333333333,0.0060722164578771495,0.07383525999999999,-0.014762401713513913
20,0.4844833333333333,0.005933205015874055,0.07383525999999999,-0.014918806036640845
20,0.4844833333333333,0.005837982826745423,0.07383525999999999,-0.01500623674304558
20,0.4844833333333333,0.005771875781407855,0.07383525999999999,-0.015056589505018442
20,0.4844833333333333,0.0057262317174064875,0.07383525999999999,-0.015086284094908576
20,0.4844833333333333,0.00564642,0.07383525999999999,-0.01512824
20,0.4844833333333333,0.0054743849588446145,0.07383525999999999,-0.015176661167414446
20,0.4844833333333333,0.00542445373491636,0.07383525999999999,-0.015181264476676596
20,0.4844833333333333,0.005348812987722792,0.07383525999999999,-0.015181778958722626
20,0.4844833333333333,0.005234818036545764,0.07383525999999999,-0.01516942737093291
20,0.4844833333333333,0.005065361215900554,0.07383525999999999,-0.015123719165946709
20,0.4844833333333333,0.0049349444156830055,0.07383525999999999,-0.015064001160806759
20,0.4844833333333333,0.004748676715286087,0.07383525999999999,-0.014917806625649673
20,0.4844833333333333,0.0045801763783998835,0.07383525999999999,-0.014711976621281984
20,0.4844833333333333,0.004426688393593456,0.07383525999999999,-0.014500759323307081
20,0.4844833333333333,0.004287264158437638,0.07383525999999999,-0.01428449514472456
20,0.4844833333333333,0.004163707454824254,0.07383525999999999,-0.01406253678505792
20,0.4844833333333333,0.003946532515172569,0.07383525999999999,-0.013607876425146541
20,0.4844833333333333,0.0037441866748586603,0.07383525999999999,-0.013147894533230144
20,0.4844833333333333,0.003553856465314205,0.07383525999999999,-0.012683600743318889
20,0.4844833333333333,0.0033745789113459553,0.07383525999999999,-0.012215340626185092
20,0.4844833333333333,0.0032047478565681645,0.07383525999999999,-0.011743690562930335
20,0.4844833333333333,0.003042814635651394,0.07383525999999999,-0.011269206303565323
20,0.4844833333333333,0.002887270108367425,0.07383525999999999,-0.010792429414225771
20,0.4844833333333333,0.0027366734051174077,0.07383525999999999,-0.010313876961626972
20,0.4844833333333333,0.002589860332011001,0.07383525999999999,-0.009833966725359338
20,0.4844833333333333,0.0024457529317423324,0.07383525999999999,-0.009353085538376951
20,0.4844833333333333,0.0023032660606234915,0.07383525999999999,-0.008871622812520259
20,0.4844833333333333,0.0021613145749665675,0.07383525999999999,-0.008389967959629707
20,0.4844833333333333,0.0020189929906346267,0.07383525999999999,-0.007908445919386721
20,0.4844833333333333,0.0018762222574252394,0.07383525999999999,-0.007427085059541273
20,0.4844833333333333,0.001733153289361228,0.07383525999999999,-0.006945831223479788
20,0.4844833333333333,0.0015899334072743939,0.07383525999999999,-0.006464631544031872
20,0.4844833333333333,0.0014467171183785797,0.07383525999999999,-0.005983430575140777
20,0.4844833333333333,0.0013036229979774315,0.07383525999999999,-0.005502185765181553
20,0.4844833333333333,0.0011606546392619677,0.07383525999999999,-0.005020895824711019
20,0.4844833333333333,0.0010177617375579148,0.07383525999999999,-0.004539578805933697
20,0.4844833333333333,0.0008749119541460971,0.07383525999999999,-0.0040582463138382156
20,0.4844833333333333,0.0007320621707342795,0.07383525999999999,-0.003576913821742732
20,0.4844833333333333,0.0005891764554122655,0.07383525999999999,-0.0030955942240790506
20,0.4844833333333333,0.00044625840137107586,0.07383525999999999,-0.0026142862314039936
20,0.4844833333333333,0.0003033187881837686,0.07383525999999999,-0.002132985975388014
20,0.4844833333333333,0.00016037198861442326,0.07383525999999999,-0.0016516882982584007
20,0.4844833333333333,1.742159585405717e-05,0.07383525999999999,-0.0011703919105719666
20,0.4844833333333333,-0.0001255180173332501,0.07383525999999999,-0.0006890916545559886
20,0.4844833333333333,-0.00026845044413851844,0.07383525999999999,-0.0002077888196536492
20,0.4844833333333333,-0.000411379277752766,0.07383525999999999,0.00027351530469186397
20,0.4844833333333333,-0.0005543009249849755,0.07383525999999999,0.000754822007923742
20,0.4844833333333333,-0.0006972261654082032,0.07383525999999999,0.0012361274217124376
20,0.4844833333333333,-0.0008401514058314326,0.07383525999999999,0.0017174328355011367
20,0.4844833333333333,-0.000983080239445682,0.07383525999999999,0.002198736959846655
20,0.4844833333333333,-0.0011260090730599295,0.07383525999999999,0.0026800410841921734
20,0.4844833333333333,-0.0012689379066741788,0.07383525999999999,0.0031613452085376918
20,0.4844833333333333,-0.0014118667402884264,0.07383525999999999,0.00364264933288321
20,0.4844833333333333,-0.0015547955739026748,0.07383525999999999,0.004123953457228725
20,0.4844833333333333,-0.0016977244075169233,0.07383525999999999,0.004605257581574243
20,0.4844833333333333,-0.0018406532411311708,0.07383525999999999,0.005086561705919755
20,0.4844833333333333,-0.0019835820747454193,0.07383525999999999,0.005567865830265273
20,0.4844833333333333,-0.0021265109083596686,0.07383525999999999,0.0060491699546107915
20,0.4844833333333333,-0.002269439741973917,0.07383525999999999,0.006530474078956313
20,0.4844833333333333,-0.0024123685755881646,0.07383525999999999,0.007011778203301828
20,0.4844833333333333,-0.002555297409202412,0.07383525999999999,0.007493082327647343
20,0.4844833333333333,-0.0026267636226050472,0.07383525999999999,0.007733733745098512
20,0.4844833333333333,-0.0026982298360076805,0.07383525999999999,0.00797438516254968
20,0.4844833333333333,-0.0027696924562192965,0.07383525999999999,0.00821503786944403
20,0.4844833333333333,-0.002841155076430911,0.07383525999999999,0.00845569057633838
21,0.5077666666666668,-0.0027889594942335375,0.07738364,0.00857096091042457
21,0.5077666666666668,-0.0026240399111533237,0.07738364,0.008360917874681304
21,0.5077666666666668,-0.0024593027888954117,0.07738364,0.008150812293911612
21,0.5077666666666668,-0.0022949586591778422,0.07738364,0.007940572000777293
21,0.5077666666666668,-0.0021312075271327554,0.07738364,0.007730128436307078
21,0.5077666666666668,-0.0018062351525210338,0.07738364,0.007308374096519398
21,0.5077666666666668,-0.0014850874374537212,0.07738364,0.0068853087167546085
21,0.5077666666666668,-0.0011676170097281863,0.07738364,0.006460982814149438
21,0.5077666666666668,-0.0008536659705558969,0.07738364,0.006035450514207527
21,0.5077666666666668,-0.0005432834440043961,0.07738364,0.005608694977883301
21,0.5077666666666668,-0.0002365957491045111,0.07738364,0.005180672904773845
21,0.5077666666666668,6.6277812836869e-05,0.07738364,0.004751343400054188
21,0.5077666666666668,0.0003652284670987568,0.07738364,0.004320669177266265
21,0.5077666666666668,0.0006601579655460691,0.07738364,0.003888616558318918
21,0.5077666666666668,0.0009510136752492945,0.07738364,0.003455167501377596
21,0.5077666666666668,0.0012377499810028543,0.07738364,0.0030203063701856967
21,0.5077666666666668,0.001520324776463145,0.07738364,0.002584018731275584
21,0.5077666666666668,0.0017987099907344245,0.07738364,0.0021462949623354943
21,0.5077666666666668,0.0020728284288534125,0.07738364,0.0017071086020080933
21,0.5077666666666668,0.0023423467489332114,0.07738364,0.0012663453853412523
21,0.5077666666666668,0.0026068579229856083,0.07738364,0.0008238657888144599
21,0.5077666666666668,0.0028659549230223933,0.07738364,0.0003795302889072257
21,0.5077666666666668,0.0031192447565032214,0.07738364,-6.679582674507488e-05
21,0.5077666666666668,0.0033663589929215226,0.07738364,-0.0005152388509842738
21,0.5077666666666668,0.003607195875280243,0.07738364,-0.0009658336646904929
21,0.5077666666666668,0.0038417273326836433,0.07738364,-0.0014185898901754954
21,0.5077666666666668,0.004069946347407792,0.07738364,-0.0018735099330172197
21,0.5077666666666668,0.004291828357418915,0.07738364,-0.002330602212738453
21,0.5077666666666668,0.004507299676615698,0.07738364,-0.0027898919879075623
21,0.5077666666666668,0.004715946259285996,0.07738364,-0.0032515211876229886
21,0.5077666666666668,0.004917199669791096,0.07738364,-0.003715684663697842
21,0.5077666666666668,0.005110501999078194,0.07738364,-0.004182573659578328
21,0.5077666666666668,0.005295288320370545,0.07738364,-0.004652381824288584
21,0.5077666666666668,0.005471109499336329,0.07738364,-0.005125263114816755
21,0.5077666666666668,0.005638348001929987,0.07738364,-0.005601086427165123
21,0.5077666666666668,0.0057977231448548255,0.07738364,-0.006079605189594876
21,0.5077666666666668,0.005949957753676116,0.07738364,-0.00656057162757823
21,0.5077666666666668,0.006095767636235198,0.07738364,-0.00704374037216534
21,0.5077666666666668,0.0062354896432809375,0.07738364,-0.007528995955615101
21,0.5077666666666668,0.0063668324879486565,0.07738364,-0.008017123799124814
21,0.5077666666666668,0.006486399591853965,0.07738364,-0.008509288202417269
21,0.5077666666666668,0.006590727708235094,0.07738364,-0.00900667631820569
21,0.5077666666666668,0.006676262359919123,0.07738364,-0.00951050657171651
21,0.5077666666666668,0.006739747323000356,0.07738364,-0.010021895151113729
21,0.5077666666666668,0.0067805474934627035,0.07738364,-0.010541059761200889
21,0.5077666666666668,0.0067990067397789644,0.07738364,-0.011067882528658946
21,0.5077666666666668,0.006793574144959574,0.07738364,-0.011602895086212563
21,0.5077666666666668,0.006759835560649611,0.07738364,-0.012147610542385785
21,0.5077666666666668,0.006692938230748236,0.07738364,-0.012703692354323884
21,0.5077666666666668,0.006587218852040157,0.07738364,-0.013273081823424163
21,0.5077666666666668,0.006511728757427725,0.07738364,-0.013565533945435209
21,0.5077666666666668,0.006412897713008514,0.07738364,-0.013865987019673554
21,0.5077666666666668,0.0062803886114267266,0.07738364,-0.01417798446244431
21,0.5077666666666668,0.006093800929204216,0.07738364,-0.014508519288818057
21,0.5077666666666668,0.005895511981742397,0.07738364,-0.014789750111825558
21,0.5077666666666668,0.005783546126382809,0.07738364,-0.01493476051422506
21,0.5077666666666668,0.00564743579182592,0.07738364,-0.015088047307525951
21,0.5077666666666668,0.0055542676994471876,0.07738364,-0.015173299064833458
21,0.5077666666666668,0.005489621786280912,0.07738364,-0.0152221162997094
21,0.5077666666666668,0.005445003777364198,0.07738364,-0.015250739489697651
21,0.5077666666666668,0.005367019999999999,0.07738364,-0.015290799999999998
21,0.5077666666666668,0.005199067642072984,0.07738364,-0.015335042968592914
21,0.5077666666666668,0.005150353431520288,0.07738364,-0.015338412762413125
21,0.5077666666666668,0.005076578248936769,0.07738364,-0.015337044349607936
21,0.5077666666666668,0.0049654393444048695,0.07738364,-0.01532182618285765
21,0.5077666666666668,0.0048003208967891215,0.07738364,-0.015271796417038576
21,0.5077666666666668,0.004673326234448578,0.07738364,-0.015208698349062317
21,0.5077666666666668,0.004492152813313834,0.07738364,-0.015057541936407924
21,0.5077666666666668,0.0043285104559897345,0.07738364,-0.014847061085479642
21,0.5077666666666668,0.004179528123965201,0.07738364,-0.01463155498223542
21,0.5077666666666668,0.004044279477680857,0.07738364,-0.014411341162963288
21,0.5077666666666668,0.003924525965844309,0.07738364,-0.014185815827600395
21,0.5077666666666668,0.003714254780083131,0.07738364,-0.013724743519178
21,0.5077666666666668,0.0035184646676611857,0.07738364,-0.013258707300677124
21,0.5077666666666668,0.0033344081896580433,0.07738364,-0.012788648955861142
21,0.5077666666666668,0.0031611449710664532,0.07738364,-0.012314890832173967
21,0.5077666666666668,0.0029971065505870133,0.07738364,-0.011837970576285117
21,0.5077666666666668,0.002840780608711798,0.07738364,-0.011358406590240582
21,0.5077666666666668,0.0026906934234145223,0.07738364,-0.010876704045407692
21,0.5077666666666668,0.00254543794104628,0.07738364,-0.01039334526016335
21,0.5077666666666668,0.002403877290329653,0.07738364,-0.009908719938133777
21,0.5077666666666668,0.0022649588126744365,0.07738364,-0.009423188916009925
21,0.5077666666666668,0.0021276228317664925,0.07738364,-0.00893711543606068
21,0.5077666666666668,0.0019908096712916833,0.07738364,-0.00845086274055493
21,0.5077666666666668,0.0018536350980342367,0.07738364,-0.007964733932313072
21,0.5077666666666668,0.001716021917030873,0.07738364,-0.007478755472692444
21,0.5077666666666668,0.0015781175004842187,0.07738364,-0.006992876844556312
21,0.5077666666666668,0.0014400657117349365,0.07738364,-0.006507048733556911
21,0.5077666666666668,0.001302017431847621,0.07738364,-0.006021219419768541
21,0.5077666666666668,0.001164088453267197,0.07738364,-0.005535349211155198
21,0.5077666666666668,0.0010262822848556277,0.07738364,-0.005049436904927908
21,0.5077666666666668,0.0008885498025453737,0.07738364,-0.004563499340132254
21,0.5077666666666668,0.0007508594265787285,0.07738364,-0.004077547341868961
21,0.5077666666666668,0.0006131690506120824,0.07738364,-0.0035915953436056695
21,0.5077666666666668,0.0004754435860257634,0.07738364,-0.0031056553732320743
21,0.5077666666666668,0.00033768654168173703,0.07738364,-0.002619726227959208
21,0.5077666666666668,0.00019990844416590842,0.07738364,-0.00213380429942016
21,0.5077666666666668,6.212332892614487e-05,0.07738364,-0.0016478847764590555
21,0.5077666666666668,-7.566529517558703e-05,0.07738364,-0.0011619664562869184
21,0.5077666666666668,-0.00021344339269141737,0.07738364,-0.0006760445277478704
21,0.5077666666666668,-0.0003512144724833119,0.07738364,-0.00019012019363088412
21,0.5077666666666668,-0.0004889820434132389,0.07738364,0.000295805343275073
21,0.5077666666666668,-0.0006267425966192319,0.07738364,0.0007817332857589666
21,0.5077666666666668,-0.0007645066586871915,0.07738364,0.0012676600254538945
21,0.5077666666666668,-0.0009022707207551519,0.07738364,0.001753586765148819
21,0.5077666666666668,-0.001040038291685079,0.07738364,0.002239512302054778
21,0.5077666666666668,-0.001177805862615006,0.07738364,0.0027254378389607297
21,0.5077666666666668,-0.0013155734335449348,0.07738364,0.003211363375866692
21,0.5077666666666668,-0.0014533410044748627,0.07738364,0.0036972889127726474
21,0.5077666666666668,-0.001591108575404788,0.07738364,0.004183214449678603
21,0.5077666666666668,-0.001728876146334715,0.07738364,0.004669139986584555
21,0.5077666666666668,-0.001866643717264643,0.07738364,0.005155065523490513
21,0.5077666666666668,-0.0020044112881945717,0.07738364,0.005640991060396472
21,0.5077666666666668,-0.0021421788591244988,0.07738364,0.006126916597302428
21,0.5077666666666668,-0.002279946430054426,0.07738364,0.006612842134208383
21,0.5077666666666668,-0.002417714000984352,0.07738364,0.007098767671114338
21,0.5077666666666668,-0.0025554815719142808,0.07738364,0.007584693208020297
21,0.5077666666666668,-0.0026243671118102276,0.07738364,0.007827655375078785
21,0.5077666666666668,-0.002693252651706176,0.07738364,0.008070617542137283
21,0.5077666666666668,-0.0027621346827401546,0.07738364,0.008313580911984744
21,0.5077666666666668,-0.0028310167137741366,0.07738364,0.008556544281832208
22,0.5310333333333334,-0.0028057971334591106,0.08092948,0.00865473533957559
22,0.5310333333333334,-0.002645311892283897,0.08092948,0.00844082642985889
22,0.5310333333333334,-0.002485005486523517,0.08092948,0.008226858823371559
22,0.5310333333333334,-0.002325084264733545,0.08092948,0.008012764793070538
22,0.5310333333333334,-0.0021657442580417813,0.08092948,0.0077984799982649365
22,0.5310333333333334,-0.0018495438664677677,0.08092948,0.007369096555353144
22,0.5310333333333334,-0.001537092140320065,0.08092948,0.006938482737826015
22,0.5310333333333334,-0.0012282446356097678,0.08092948,0.006506685954613688
22,0.5310333333333334,-0.0009228465909201962,0.08092948,0.006073757000998454
22,0.5310333333333334,-0.0006209461542476483,0.08092948,0.005639680074003586
22,0.5310333333333334,-0.00032266713472547514,0.08092948,0.005204414537403272
22,0.5310333333333334,-2.8126463201830904e-05,0.08092948,0.004767922012539776
22,0.5310333333333334,0.0002625692469028981,0.08092948,0.004330167507107536
22,0.5310333333333334,0.0005493236995961128,0.08092948,0.003891119415153115
22,0.5310333333333334,0.0008320853077389183,0.08092948,0.0034507608049157666
22,0.5310333333333334,0.001110809362477606,0.08092948,0.003009077002202813
22,0.5310333333333334,0.0013854545941010595,0.08092948,0.0025660544616056685
22,0.5310333333333334,0.0016559934894685375,0.08092948,0.0021216841528519034
22,0.5310333333333334,0.0019223503874429902,0.08092948,0.0016759412426924254
22,0.5310333333333334,0.0021841985694780954,0.08092948,0.0012287184966423906
22,0.5310333333333334,0.002441139095033065,0.08092948,0.0007798849757519218
22,0.5310333333333334,0.002692773023567122,0.08092948,0.000329309741071121
22,0.5310333333333334,0.002938715171109854,0.08092948,-0.00012313363121368645
22,0.5310333333333334,0.0031786044276890003,0.08092948,-0.0005775636634278315
22,0.5310333333333334,0.0034123410581693675,0.08092948,-0.0010340130903087885
22,0.5310333333333334,0.003639897549410213,0.08092948,-0.0014924909421289677
22,0.5310333333333334,0.0038612670231263483,0.08092948,-0.0019529994764564667
22,0.5310333333333334,0.004076425405319627,0.08092948,-0.00241554659477964
22,0.5310333333333334,0.004285300473995591,0.08092948,-0.0028801560015635566
22,0.5310333333333334,0.004487486410328277,0.08092948,-0.0033469608933262025
22,0.5310333333333334,0.004682426073217628,0.08092948,-0.0038161441330838014
22,0.5310333333333334,0.004869572638991363,0.08092948,-0.004287885197500431
22,0.5310333333333334,0.00504837240569202,0.08092948,-0.004762365820808256
22,0.5310333333333334,0.0052183851630677024,0.08092948,-0.005239730487365776
22,0.5310333333333334,0.005379985777661039,0.08092948,-0.005719856159711462
22,0.5310333333333334,0.005533879273703585,0.08092948,-0.006202511437114902
22,0.5310333333333334,0.005680774114569487,0.08092948,-0.006687463790061644
22,0.5310333333333334,0.005821371885347707,0.08092948,-0.007174482946605332
22,0.5310333333333334,0.005956002743727166,0.08092948,-0.007663460543477088
22,0.5310333333333334,0.006082420929594672,0.08092948,-0.008155133676662065
22,0.5310333333333334,0.006197297352920252,0.08092948,-0.008650595009121399
22,0.5310333333333334,0.006297237579964671,0.08092948,-0.009150958650713187
22,0.5310333333333334,0.006378757759281273,0.08092948,-0.009657368059680857
22,0.5310333333333334,0.006438666366543807,0.08092948,-0.010170870747623512
22,0.5310333333333334,0.0064763409169429475,0.08092948,-0.010691671024454341
22,0.5310333333333334,0.006492118446452805,0.08092948,-0.01121965826933637
22,0.5310333333333334,0.006484478854047297,0.08092948,-0.011755331404820036
22,0.5310333333333334,0.006449095698344499,0.08092948,-0.012300110441241194
22,0.5310333333333334,0.006381212645138365,0.08092948,-0.01285555648694205
22,0.5310333333333334,0.006275278918283883,0.08092948,-0.013423491399380535
22,0.5310333333333334,0.006200131304703441,0.08092948,-0.013714738948335163
22,0.5310333333333334,0.006102106514594726,0.08092948,-0.014013495168795458
22,0.5310333333333334,0.00597107283387892,0.08092948,-0.014323085458574964
22,0.5310333333333334,0.005787035087520639,0.08092948,-0.014650072568144807
22,0.5310333333333334,0.005591760068410566,0.08092948,-0.014927431368989823
22,0.5310333333333334,0.005481555931820907,0.08092948,-0.015070235346333814
22,0.5310333333333334,0.00534768705504919,0.08092948,-0.015220806486731095
22,0.5310333333333334,0.005256138673125622,0.08092948,-0.015304170764381037
22,0.5310333333333334,0.00519266149566665,0.08092948,-0.015351663319107303
22,0.5310333333333334,0.005148872151291484,0.08092948,-0.015379364855784304
22,0.5310333333333334,0.00507238,0.08092948,-0.015417799999999999
22,0.5310333333333334,0.004907822646951938,0.08092948,-0.015458481329902187
22,0.5310333333333334,0.0048601342374973485,0.08092948,-0.015460804320191394
22,0.5310333333333334,0.004787940678807215,0.08092948,-0.015457841167483624
22,0.5310333333333334,0.004679241544113943,0.08092948,-0.01544020146997333
22,0.5310333333333334,0.004517866907566479,0.08092948,-0.015386534182765832
22,0.5310333333333334,0.004393858555291367,0.08092948,-0.015320602656846812
22,0.5310333333333334,0.004217210937829948,0.08092948,-0.015165315078387363
22,0.5310333333333334,0.004057977544558566,0.08092948,-0.01495099529127619
22,0.5310333333333334,0.0039131128890405095,0.08092948,-0.014731959444400936
22,0.5310333333333334,0.0037817090376312417,0.08092948,-0.014508505536751
22,0.5310333333333334,0.003665492439912421,0.08092948,-0.014280066918732902
22,0.5310333333333334,0.003461714180559201,0.08092948,-0.013813784653985757
22,0.5310333333333334,0.0032721292626870665,0.08092948,-0.01334284389746112
22,0.5310333333333334,0.003094044837645742,0.08092948,-0.012868128487070736
22,0.5310333333333334,0.0029265392152203174,0.08092948,-0.012389940936940208
22,0.5310333333333334,0.0027680750986717466,0.08092948,-0.01190878581354023
22,0.5310333333333334,0.00261717021754247,0.08092948,-0.011425149622796676
22,0.5310333333333334,0.00247238013194345,0.08092948,-0.010939506454010869
22,0.5310333333333334,0.002332325745694916,0.08092948,-0.010452308949587163
22,0.5310333333333334,0.0021958927765967536,0.08092948,-0.009963922835558005
22,0.5310333333333334,0.002062049481871079,0.08092948,-0.009474686747138621
22,0.5310333333333334,0.0019297572404548225,0.08092948,-0.008984941577112346
22,0.5310333333333334,0.0017979774312849158,0.08092948,-0.008495028218262509
22,0.5310333333333334,0.001665843390427935,0.08092948,-0.008005231124169896
22,0.5310333333333334,0.001533279456746836,0.08092948,-0.0075155751280836305
22,0.5310333333333334,0.001400430074230523,0.08092948,-0.0070260128210735805
22,0.5310333333333334,0.0012674362477253058,0.08092948,-0.006536497922993659
22,0.5310333333333334,0.0011344458603626817,0.08092948,-0.0060469818961296894
22,0.5310333333333334,0.001001572403848218,0.08092948,-0.005557427490607994
22,0.5310333333333334,0.0008688193173245077,0.08092948,-0.005067833577644518
22,0.5310333333333334,0.0007361384527952482,0.08092948,-0.00457821596021598
22,0.5310333333333334,0.0006034988579771052,0.08092948,-0.004088584797378832
22,0.5310333333333334,0.0004708592631589613,0.08092948,-0.0035989536345416833
22,0.5310333333333334,0.0003381852769148881,0.08092948,-0.0031093337595450438
22,0.5310333333333334,0.0002054803383874787,0.08092948,-0.002619724043604858
22,0.5310333333333334,7.275476500451065e-05,0.08092948,-0.0021301211003689775
22,0.5310333333333334,-5.9977686663641866e-05,0.08092948,-0.0016405204147012017
22,0.5310333333333334,-0.0001927135774743875,0.08092948,-0.0011509208578174765
22,0.5310333333333334,-0.00032543915085735554,0.08092948,-0.000661317914581596
22,0.5310333333333334,-0.0004581578459551374,0.08092948,-0.00017171271377761262
22,0.5310333333333334,-0.0005908731019103252,0.08092948,0.00031789361581041967
22,0.5310333333333334,-0.0007235814795803286,0.08092948,0.0008075022029665549
22,0.5310333333333334,-0.0008562932963929216,0.08092948,0.0012971096613386308
22,0.5310333333333334,-0.0009890051132055181,0.08092948,0.0017867171197107172
22,0.5310333333333334,-0.001121720369160706,0.08092948,0.0022763234492987443
22,0.5310333333333334,-0.0012544356251158956,0.08092948,0.0027659297788867818
22,0.5310333333333334,-0.0013871508810710835,0.08092948,0.0032555361084748123
22,0.5310333333333334,-0.0015198661370262722,0.08092948,0.003745142438062843
22,0.5310333333333334,-0.00165258139298146,0.08092948,0.004234748767650873
22,0.5310333333333334,-0.0017852966489366488,0.08092948,0.004724355097238904
22,0.5310333333333334,-0.0019180119048918367,0.08092948,0.0052139614268269345
22,0.5310333333333334,-0.0020507271608470254,0.08092948,0.005703567756414972
22,0.5310333333333334,-0.0021834424168022133,0.08092948,0.006193174086002999
22,0.5310333333333334,-0.002316157672757403,0.08092948,0.006682780415591033
22,0.5310333333333334,-0.0024488729287125907,0.08092948,0.007172386745179067
22,0.5310333333333334,-0.0025815881846677786,0.08092948,0.007661993074767094
22,0.5310333333333334,-0.0026479475322166704,0.08092948,0.007906795675169088
22,0.5310333333333334,-0.0027143068797655613,0.08092948,0.008151598275571076
22,0.5310333333333334,-0.0027806627881718574,0.08092948,0.008396402004757116
22,0.5310333333333334,-0.002847018696578156,0.08092948,0.008641205733943159
23,0.5543166666666667,-0.0028460299384070577,0.08447785999999999,0.008718982350861723
23,0.5543166666666667,-0.002689637852306766,0.08447785999999999,0.008502021198659322
23,0.5543166666666667,-0.002533421544512392,0.08447785999999999,0.008285004678406085
23,0.5543166666666667,-0.002377583836146153,0.08447785999999999,0.008067868903889512
23,0.5543166666666667,-0.0022223174072741507,0.08447785999999999,0.007850553183207725
23,0.5543166666666667,-0.001914221783348759,0.08447785999999999,0.00741515404252392
23,0.5543166666666667,-0.0016098107431436002,0.08447785999999999,0.0069785943023130004
23,0.5543166666666667,-0.0013089423118731224,0.08447785999999999,0.006540918682923712
23,0.5543166666666667,-0.001011464373695664,0.08447785999999999,0.006102175099015434
23,0.5543166666666667,-0.0007174242535397442,0.08447785999999999,0.005662348643805248
23,0.5543166666666667,-0.00042694364407868876,0.08447785999999999,0.005221400985565649
23,0.5543166666666667,-0.0001401374772817543,0.08447785999999999,0.00477929592210956
23,0.5543166666666667,0.0001428894559379135,0.08447785999999999,0.004336000445560524
23,0.5543166666666667,0.00042204250572328277,0.08447785999999999,0.0038914847423526955
23,0.5543166666666667,0.0006972709667938011,0.08447785999999999,0.003445732840932957
23,0.5543166666666667,0.0009685308945729882,0.08447785999999999,0.0029987308992885948
23,0.5543166666666667,0.0012357817248363988,0.08447785999999999,0.0025504661401771125
23,0.5543166666666667,0.0014989964147677395,0.08447785999999999,0.0021009300454368444
23,0.5543166666666667,0.0017581005966221968,0.08447785999999999,0.0016500991901232092
23,0.5543166666666667,0.002012773136956267,0.08447785999999999,0.0011978724210664014
23,0.5543166666666667,0.002262621914933667,0.08447785999999999,0.0007441262249222539
23,0.5543166666666667,0.0025072548097181155,0.08447785999999999,0.0002887370883466033
23,0.5543166666666667,0.0027462932218814775,0.08447785999999999,-0.00016841424292389322
23,0.5543166666666667,0.0029793822144598787,0.08447785999999999,-0.000627439569761112
23,0.5543166666666667,0.003206423757244248,0.08447785999999999,-0.001088369770501094
23,0.5543166666666667,0.003427390807418291,0.08447785999999999,-0.0015512133633055099
23,0.5543166666666667,0.003642276604277933,0.08447785999999999,-0.002015972477714777
23,0.5543166666666667,0.003851057485358917,0.08447785999999999,-0.0024826545671203498
23,0.5543166666666667,0.004053662463268466,0.08447785999999999,-0.002951281991696605
23,0.5543166666666667,0.004249692656466225,0.08447785999999999,-0.0034219803943281307
23,0.5543166666666667,0.004438600447922217,0.08447785999999999,-0.0038949222677886804
23,0.5543166666666667,0.004619848361662571,0.08447785999999999,-0.00437027691054139
23,0.5543166666666667,0.004792892161009343,0.08447785999999999,-0.004848215750589796
23,0.5543166666666667,0.004957299160901813,0.08447785999999999,-0.005328875078520579
23,0.5543166666666667,0.005113437819712002,0.08447785999999999,-0.005812138834381024
23,0.5543166666666667,0.005262001109607473,0.08447785999999999,-0.006297788740278412
23,0.5543166666666667,0.0054036853831078355,0.08447785999999999,-0.0067856054535498245
23,0.5543166666666667,0.005539180232028616,0.08447785999999999,-0.007275371761072753
23,0.5543166666666667,0.005668810170165358,0.08447785999999999,-0.007766985444907195
23,0.5543166666666667,0.005790367827637959,0.08447785999999999,-0.008261141799999214
23,0.5543166666666667,0.005900581023674692,0.08447785999999999,-0.008758871523910507
23,0.5543166666666667,0.005996113350815125,0.08447785999999999,-0.009261225544836726
23,0.5543166666666667,0.00607354051244587,0.08447785999999999,-0.009769282474998952
23,0.5543166666666667,0.0061297255418766745,0.08447785999999999,-0.010284030421150545
23,0.5543166666666667,0.006164056595388857,0.08447785999999999,-0.010805662106699218
23,0.5543166666666667,0.006176864947482035,0.08447785999999999,-0.011334073184164552
23,0.5543166666666667,0.006166656482555895,0.08447785999999999,-0.011869734281978643
23,0.5543166666666667,0.006129178717748004,0.08447785999999999,-0.012413984881063617
23,0.5543166666666667,0.006059756626191317,0.08447785999999999,-0.012968297558617642
23,0.5543166666666667,0.005952934319698259,0.08447785999999999,-0.013534390853757017
23,0.5543166666666667,0.005877721585989681,0.08447785999999999,-0.013824304736785555
23,0.5543166666666667,0.005780022750531581,0.08447785999999999,-0.01412130147124014
23,0.5543166666666667,0.00564987929622322,0.08447785999999999,-0.014428517870154613
23,0.5543166666666667,0.0054676378563220055,0.08447785999999999,-0.01475214450752041
23,0.5543166666666667,0.005274621186445405,0.08447785999999999,-0.015025920657223907
23,0.5543166666666667,0.005165761045164237,0.08447785999999999,-0.015166699402417022
23,0.5543166666666667,0.005033640701517093,0.08447785999999999,-0.015314804831413899
23,0.5543166666666667,0.004943387350165358,0.08447785999999999,-0.015396478106293606
23,0.5543166666666667,0.004880860312379498,0.08447785999999999,-0.01544279564838102
23,0.5543166666666667,0.004837752039949236,0.08447785999999999,-0.015469685374234838
23,0.5543166666666667,0.004762499999999999,0.08447785999999999,-0.0155067
23,0.5543166666666667,0.004600823165682233,0.08447785999999999,-0.01554431511813915
23,0.5543166666666667,0.004554017454282733,0.08447785999999999,-0.015545747215057637
23,0.5543166666666667,0.0044831929845645406,0.08447785999999999,-0.015541433792920022
23,0.5543166666666667,0.004376621958215169,0.08447785999999999,-0.015521757828192583
23,0.5543166666666667,0.004218545840197687,0.08447785999999999,-0.015465060792043437
23,0.5543166666666667,0.004097197247061229,0.08447785999999999,-0.015396795027580406
23,0.5543166666666667,0.003924649126258262,0.08447785999999999,-0.015238167387290348
23,0.5543166666666667,0.003769487488299405,0.08447785999999999,-0.015020818658732102
23,0.5543166666666667,0.0036284489611507565,0.08447785999999999,-0.014799021320243307
23,0.5543166666666667,0.0035006411318745725,0.08447785999999999,-0.01457305647115897
23,0.5543166666666667,0.003387760937193382,0.08447785999999999,-0.014342389596834492
23,0.5543166666666667,0.003190165641002533,0.08447785999999999,-0.01387218418280944
23,0.5543166666666667,0.003006521057668011,0.08447785999999999,-0.013397584462134463
23,0.5543166666666667,0.0028341803715449146,0.08447785999999999,-0.012919424149882716
23,0.5543166666666667,0.0026722376482873522,0.08447785999999999,-0.012437988604470035
23,0.5543166666666667,0.002519181870534826,0.08447785999999999,-0.011953753778179563
23,0.5543166666666667,0.0023735561065594273,0.08447785999999999,-0.011467178586971105
23,0.5543166666666667,0.002233940608505654,0.08447785999999999,-0.010978710234332173
23,0.5543166666666667,0.0020989798552067057,0.08447785999999999,-0.010488775693116322
23,0.5543166666666667,0.001967578612602623,0.08447785999999999,-0.009997719948871064
23,0.5543166666666667,0.0018387227750823335,0.08447785999999999,-0.009505862432658906
23,0.5543166666666667,0.0017113914763306902,0.08447785999999999,-0.009013524705082774
23,0.5543166666666667,0.0015845638500325467,0.08447785999999999,-0.008521028326745598
23,0.5543166666666667,0.001457388047474601,0.08447785999999999,-0.008028641619739882
23,0.5543166666666667,0.0013297897009120416,0.08447785999999999,-0.007536388009010211
23,0.5543166666666667,0.0012019107851304195,0.08447785999999999,-0.007044222774207838
23,0.5543166666666667,0.0010738898945632461,0.08447785999999999,-0.006552102259754212
23,0.5543166666666667,0.0009458723843481106,0.08447785999999999,-0.006059980680530378
23,0.5543166666666667,0.0008179698061022301,0.08447785999999999,-0.005567822899119463
23,0.5543166666666667,0.0006901855401776399,0.08447785999999999,-0.005075627850751252
23,0.5543166666666667,0.0005624722616458262,0.08447785999999999,-0.004583410442208667
23,0.5543166666666667,0.0004347995473384554,0.08447785999999999,-0.004091180256423582
23,0.5543166666666667,0.0003071268330310838,0.08447785999999999,-0.003598950070638497
23,0.5543166666666667,0.0001794203152033439,0.08447785999999999,-0.003106730532555493
23,0.5543166666666667,5.168337420727049e-05,0.08447785999999999,-0.0026145205774043643
23,0.5543166666666667,-7.607384890102268e-05,0.08447785999999999,-0.002122317010874489
23,0.5543166666666667,-0.00020383783271338968,0.08447785999999999,-0.0016301155738850295
23,0.5543166666666667,-0.0003316051968777949,0.08447785999999999,-0.0011379152016657776
23,0.5543166666666667,-0.00045936241998608806,0.08447785999999999,-0.0006457116351359007
23,0.5543166666666667,-0.0005871128823903091,0.08447785999999999,-0.00015350593906560822
23,0.5543166666666667,-0.000714859964442492,0.08447785999999999,0.0003387008217748972
23,0.5543166666666667,-0.0008426002857906019,0.08447785999999999,0.000830909712155813
23,0.5543166666666667,-0.0009703439874907465,0.08447785999999999,0.0013231175377665227
23,0.5543166666666667,-0.001098087689190893,0.08447785999999999,0.0018153253633772324
23,0.5543166666666667,-0.0012258347712430758,0.08447785999999999,0.0023075321242177326
23,0.5543166666666667,-0.0013535818532952604,0.08447785999999999,0.0027997388850582398
23,0.5543166666666667,-0.001481328935347444,0.08447785999999999,0.00329194564589874
23,0.5543166666666667,-0.001609076017399627,0.08447785999999999,0.0037841524067392437
23,0.5543166666666667,-0.001736823099451808,0.08447785999999999,0.00427635916757974
23,0.5543166666666667,-0.0018645701815039918,0.08447785999999999,0.004768565928420244
23,0.5543166666666667,-0.0019923172635561764,0.08447785999999999,0.005260772689260748
23,0.5543166666666667,-0.0021200643456083593,0.08447785999999999,0.005752979450101248
23,0.5543166666666667,-0.002247811427660542,0.08447785999999999,0.006245186210941752
23,0.5543166666666667,-0.002375558509712725,0.08447785999999999,0.006737392971782252
23,0.5543166666666667,-0.002503305591764908,0.08447785999999999,0.007229599732622752
23,0.5543166666666667,-0.0026310526738170916,0.08447785999999999,0.007721806493463252
23,0.5543166666666667,-0.0026949279050192017,0.08447785999999999,0.007967909341498403
23,0.5543166666666667,-0.002758803136221312,0.08447785999999999,0.008214012189533547
23,0.5543166666666667,-0.0028226749870713854,0.08447785999999999,0.008460116102338903
23,0.5543166666666667,-0.0028865468379214573,0.08447785999999999,0.008706220015144256
24,0.5775833333333333,-0.002906561800315533,0.0880237,0.008762625614313246
24,0.5775833333333333,-0.002753908544326662,0.0880237,0.008543499319271595
24,0.5775833333333333,-0.0026014286743592735,0.0880237,0.008324320494901567
24,0.5775833333333333,-0.0024493222512073764,0.0880237,0.008105028530439644
24,0.5775833333333333,-0.0022977793326252882,0.0880237,0.007885565845660483
24,0.5775833333333333,-0.0019970975593358474,0.0880237,0.0074459121367605845
24,0.5775833333333333,-0.001700050223804336,0.0880237,0.007005157332323486
24,0.5775833333333333,-0.0014064972834749402,0.0880237,0.006563343859883643
24,0.5775833333333333,-0.0011162886927521508,0.0880237,0.006120517177513697
24,0.5775833333333333,-0.0008294711324879026,0.0880237,0.005676663142702158
24,0.5775833333333333,-0.000546164639158608,0.0880237,0.005231745388990919
24,0.5775833333333333,-0.00026648258054753904,0.0880237,0.004785729570280655
24,0.5775833333333333,9.471678601729108e-06,0.0880237,0.004338584371010219
24,0.5775833333333333,0.00028160477658532336,0.0880237,0.0038902815061566294
24,0.5775833333333333,0.0005498666982047436,0.0880237,0.0034408058230290077
24,0.5775833333333333,0.0008142140969546133,0.0880237,0.0029901441892952636
24,0.5775833333333333,0.0010746069606761346,0.0880237,0.002538284482802692
24,0.5775833333333333,0.0013310186145967704,0.0880237,0.0020852186221161605
24,0.5775833333333333,0.0015833757030920491,0.0880237,0.0016309243832890452
24,0.5775833333333333,0.0018313614632381146,0.0880237,0.0011753057992791097
24,0.5775833333333333,0.002074589110833206,0.0880237,0.0007182456892768918
24,0.5775833333333333,0.002312671861675563,0.0880237,0.0002596268724729296
24,0.5775833333333333,0.0025452362689496913,0.0880237,-0.00020066379122467629
24,0.5775833333333333,0.0027719322262660653,0.0880237,-0.0006627323706520742
24,0.5775833333333333,0.002992663037574245,0.0880237,-0.0011266081610116305
24,0.5775833333333333,0.0032074020281016957,0.0880237,-0.0015922992437384827
24,0.5775833333333333,0.003416142529155285,0.0880237,-0.002059807639191417
24,0.5775833333333333,0.0036188612003090416,0.0880237,-0.002529140418626171
24,0.5775833333333333,0.003815488020285063,0.0880237,-0.0030003187958099805
24,0.5775833333333333,0.004005629536188453,0.0880237,-0.0034734619719110887
24,0.5775833333333333,0.004188745583875372,0.0880237,-0.003948733595990992
24,0.5775833333333333,0.004364306002241684,0.0880237,-0.004426294286573004
24,0.5775833333333333,0.004531773961490116,0.0880237,-0.004906306682539226
24,0.5775833333333333,0.004690722665260106,0.0880237,-0.005388900086851825
24,0.5775833333333333,0.004841515557327444,0.0880237,-0.005873964389957081
24,0.5775833333333333,0.004984836178738348,0.0880237,-0.0063612925050796475
24,0.5775833333333333,0.005121371404885599,0.0880237,-0.006850676335264788
24,0.5775833333333333,0.005251801442468845,0.0880237,-0.007341909803916552
24,0.5775833333333333,0.00537644638875851,0.0880237,-0.00783489593381331
24,0.5775833333333333,0.005493128915446406,0.0880237,-0.008330294372097993
24,0.5775833333333333,0.005598621375055767,0.0880237,-0.008829082972421987
24,0.5775833333333333,0.0056896327675250566,0.0880237,-0.009332258781845126
24,0.5775833333333333,0.005762785399782,0.0880237,-0.009840845112091434
24,0.5775833333333333,0.005814984998212511,0.0880237,-0.010355779409636622
24,0.5775833333333333,0.005845628046087978,0.0880237,-0.010877244516950624
24,0.5775833333333333,0.005855041309371958,0.0880237,-0.011405141436453034
24,0.5775833333333333,0.005841751006881878,0.0880237,-0.011939916667435086
24,0.5775833333333333,0.005801562530636573,0.0880237,-0.012482841015571823
24,0.5775833333333333,0.005729864479334009,0.0880237,-0.013035311558962285
24,0.5775833333333333,0.005621275217615205,0.0880237,-0.013598958727145042
24,0.5775833333333333,0.0055454757185725454,0.0880237,-0.013887297463224662
24,0.5775833333333333,0.005447496146166831,0.0880237,-0.01418235591261939
24,0.5775833333333333,0.005317513515411958,0.0880237,-0.014487110063817846
24,0.5775833333333333,0.005136141935367938,0.0880237,-0.014807433099804703
24,0.5775833333333333,0.004944463849793052,0.0880237,-0.015077803734699427
24,0.5775833333333333,0.004836441104650137,0.0880237,-0.015216680247644896
24,0.5775833333333333,0.004705474720780345,0.0880237,-0.015362507804986224
24,0.5775833333333333,0.004616127610466107,0.0880237,-0.01544265143756492
24,0.5775833333333333,0.004554290506355842,0.0880237,-0.015487923152274218
24,0.5775833333333333,0.004511688403930273,0.0880237,-0.015514098678218185
24,0.5775833333333333,0.0044373799999999994,0.0880237,-0.015549879999999999
24,0.5775833333333333,0.004277984053055869,0.0880237,-0.015584902151798445
24,0.5775833333333333,0.0042318958711483196,0.0880237,-0.015585596387500381
24,0.5775833333333333,0.0041621963375407306,0.0880237,-0.015580175239623266
24,0.5775833333333333,0.004057397784650332,0.0880237,-0.015558850312318993
24,0.5775833333333333,0.003902117184444423,0.0880237,-0.015499744635415931
24,0.5775833333333333,0.003783064259687942,0.0880237,-0.01542966335941957
24,0.5775833333333333,0.003614152770131403,0.0880237,-0.015268537564685547
24,0.5775833333333333,0.0034627132162928873,0.0880237,-0.015049043564345239
24,0.5775833333333333,0.0033252045624109034,0.0880237,-0.014825329034505452
24,0.5775833333333333,0.003200746540991787,0.0880237,-0.014597660662525658
24,0.5775833333333333,0.003091012994012126,0.0880237,-0.014365531338351108
24,0.5775833333333333,0.002899327675648259,0.0880237,-0.013892855875308464
24,0.5775833333333333,0.0027214032055660107,0.0880237,-0.013416011401915328
24,0.5775833333333333,0.0025546287904034946,0.0880237,-0.012935788888635585
24,0.5775833333333333,0.0023981108252807797,0.0880237,-0.01245245906354627
24,0.5775833333333333,0.002250358857282459,0.0880237,-0.011966473476835576
24,0.5775833333333333,0.0021099357830381966,0.0880237,-0.011478267515821424
24,0.5775833333333333,0.001975441176989892,0.0880237,-0.010988265455848422
24,0.5775833333333333,0.0018455379661642167,0.0880237,-0.010496872378852735
24,0.5775833333333333,0.0017191458222734928,0.0880237,-0.010004415582957346
24,0.5775833333333333,0.0015952644413476484,0.0880237,-0.009511198121979838
24,0.5775833333333333,0.0014728868507234783,0.0880237,-0.009017525070096566
24,0.5775833333333333,0.001351006077737778,0.0880237,-0.008523701501483901
24,0.5775833333333333,0.001228781867055685,0.0880237,-0.008029981981348602
24,0.5775833333333333,0.0011061408630527298,0.0880237,-0.007536388733637295
24,0.5775833333333333,0.0009832231082847216,0.0880237,-0.007042879330815519
24,0.5775833333333333,0.0008601653109609033,0.0880237,-0.006549412355528202
24,0.5775833333333333,0.0007371108479836503,0.0880237,-0.006055944370061494
24,0.5775833333333333,0.0006141697527896743,0.0880237,-0.005562442038495461
24,0.5775833333333333,0.0004913453597255391,0.0880237,-0.005068904350650709
24,0.5775833333333333,0.0003685909879393087,0.0880237,-0.004575345449038728
24,0.5775833333333333,0.0002458766283118816,0.0880237,-0.004081774425274043
24,0.5775833333333333,0.0001231622686844536,0.0880237,-0.0035882034015093586
24,0.5775833333333333,4.1456559135739923e-07,0.0880237,-0.0030946424795385945
24,0.5775833333333333,-0.00012236314662084167,0.0880237,-0.002601090649182354
24,0.5775833333333333,-0.0002451608649124415,0.0880237,-0.002107544879902468
24,0.5775833333333333,-0.0003679652518971746,0.0880237,-0.0016140011309813667
24,0.5775833333333333,-0.0004907729732284748,0.0880237,-0.001120458392239657
24,0.5775833333333333,-0.0006135706915200755,0.0880237,-0.0006269126229597691
24,0.5775833333333333,-0.000736361741118542,0.0880237,-0.0001333648333210983
24,0.5775833333333333,-0.0008591494563704406,0.0880237,0.0003601839664969658
24,0.5775833333333333,-0.0009819305029292059,0.0880237,0.0008537347866738113
24,0.5775833333333333,-0.0011047148838345382,0.0880237,0.0013472845966712617
24,0.5775833333333333,-0.0012274992647398706,0.0880237,0.0018408344066687156
24,0.5775833333333333,-0.00135028697999177,0.0880237,0.0023343832064867814
24,0.5775833333333333,-0.0014730746952436695,0.0880237,0.0028279320063048403
24,0.5775833333333333,-0.0015958624104955698,0.0880237,0.003321480806122906
24,0.5775833333333333,-0.0017186501257474692,0.0880237,0.0038150296059409686
24,0.5775833333333333,-0.001841437840999367,0.0880237,0.0043085784057590275
24,0.5775833333333333,-0.0019642255562512664,0.0880237,0.00480212720557709
24,0.5775833333333333,-0.002087013271503166,0.0880237,0.005295676005395152
24,0.5775833333333333,-0.0022098009867550653,0.0880237,0.005789224805213215
24,0.5775833333333333,-0.0023325887020069647,0.0880237,0.006282773605031277
24,0.5775833333333333,-0.002455376417258864,0.0880237,0.006776322404849343
24,0.5775833333333333,-0.002578164132510762,0.0880237,0.007269871204667398
24,0.5775833333333333,-0.002700951847762662,0.0880237,0.007763420004485464
24,0.5775833333333333,-0.0027623473725618946,0.0880237,0.0080101938993048
24,0.5775833333333333,-0.0028237428973611287,0.0880237,0.008256967794124135
24,0.5775833333333333,-0.002885135087813794,0.0880237,0.008503742699122862
24,0.5775833333333333,-0.002946527278266461,0.0880237,0.008750517604121589
25,0.6008666666666668,-0.0029815770319140886,0.09157208,0.00878460074507309
25,0.6008666666666668,-0.002832491781959723,0.09157208,0.00856418528701167
25,0.6008666666666668,-0.0026835778606130985,0.09157208,0.00834371980717689
25,0.6008666666666668,-0.0025350329547292917,0.09157208,0.008123146588137946
25,0.6008666666666668,-0.0023870448668206357,0.09157208,0.007902410798335577
25,0.6008666666666668,-0.00209344422804523,0.09157208,0.00746024564760402
25,0.6008666666666668,-0.0018034349004704886,0.09157208,0.007017031963546215
25,0.6008666666666668,-0.0015168785032978523,0.09157208,0.006572810148363726
25,0.6008666666666668,-0.0012336267713860113,0.09157208,0.006127623490129647
25,0.6008666666666668,-0.0009537258316678178,0.09157208,0.005681458521443465
25,0.6008666666666668,-0.0006772942962563209,0.09157208,0.005234280611846696
25,0.6008666666666668,-0.00040444418770273303,0.09157208,0.00478605705479522
25,0.6008666666666668,-0.00013527764421551562,0.09157208,0.004336758029616455
25,0.6008666666666668,0.00013011308033962846,0.09157208,0.0038863566015093567
25,0.6008666666666668,0.00039167856424892743,0.09157208,0.003434838341116228
25,0.6008666666666668,0.0006493759753604467,0.09157208,0.002982190742993728
25,0.6008666666666668,0.0009031657763031694,0.09157208,0.00252840226365569
25,0.6008666666666668,0.0011530216088297524,0.09157208,0.0020734652074446865
25,0.6008666666666668,0.0013988709877599966,0.09157208,0.001617358411302748
25,0.6008666666666668,0.0016404009089066914,0.09157208,0.001159990489297772
25,0.6008666666666668,0.0018772291776833418,0.09157208,0.0007012498543968668
25,0.6008666666666668,0.0021089735995034574,0.09157208,0.00024102491956715447
25,0.6008666666666668,0.0023352651589042144,0.09157208,-0.00022079205439553065
25,0.6008666666666668,0.00255575790388922,0.09157208,-0.0006843020729950938
25,0.6008666666666668,0.002770356285811851,0.09157208,-0.0011495330329897545
25,0.6008666666666668,0.002979033946424765,0.09157208,-0.0016164926300369555
25,0.6008666666666668,0.003181784296166123,0.09157208,-0.00208518278805106
25,0.6008666666666668,0.0033785842715695004,0.09157208,-0.002555610240732321
25,0.6008666666666668,0.003569364682235617,0.09157208,-0.003027795189181526
25,0.6008666666666668,0.0037537367440161453,0.09157208,-0.0035018511443459157
25,0.6008666666666668,0.003931166702402363,0.09157208,-0.0039779339432886585
25,0.6008666666666668,0.0041011306872283,0.09157208,-0.004456196537201385
25,0.6008666666666668,0.004263098238766153,0.09157208,-0.004936793801190076
25,0.6008666666666668,0.004416647625058413,0.09157208,-0.005419848865773784
25,0.6008666666666668,0.004562137977225145,0.09157208,-0.005905256877619879
25,0.6008666666666668,0.00470024472535455,0.09157208,-0.006392820635506452
25,0.6008666666666668,0.004831646594315741,0.09157208,-0.006882341976254416
25,0.6008666666666668,0.004957015719416001,0.09157208,-0.007373624660599043
25,0.6008666666666668,0.0050766683996234605,0.09157208,-0.007866576340651046
25,0.6008666666666668,0.005188453142998639,0.09157208,-0.008361825174448997
25,0.6008666666666668,0.005289180601612874,0.09157208,-0.008860302336543176
25,0.6008666666666668,0.00537559882670006,0.09157208,-0.009362957278670286
25,0.6008666666666668,0.0054443702051902194,0.09157208,-0.009870764463453717
25,0.6008666666666668,0.005492437180391413,0.09157208,-0.010384616587156547
25,0.6008666666666668,0.005519203396957476,0.09157208,-0.010904687764028361
25,0.6008666666666668,0.005524991743418374,0.09157208,-0.011430883722265521
25,0.6008666666666668,0.005508345926608336,0.09157208,-0.011963629646941604
25,0.6008666666666668,0.005465121112132465,0.09157208,-0.012504135680189106
25,0.6008666666666668,0.00539076061798111,0.09157208,-0.013053732208788027
25,0.6008666666666668,0.005279946667752557,0.09157208,-0.013613971831626959
25,0.6008666666666668,0.005203290003107378,0.09157208,-0.013900295785879122
25,0.6008666666666668,0.005104716455795393,0.09157208,-0.014193018679292941
25,0.6008666666666668,0.004974519601232057,0.09157208,-0.014494974437720827
25,0.6008666666666668,0.0047935435831598806,0.09157208,-0.014811755880207557
25,0.6008666666666668,0.004602734679277114,0.09157208,-0.015078619576002164
25,0.6008666666666668,0.0044952910978612115,0.09157208,-0.015215566415435349
25,0.6008666666666668,0.0043651761289482715,0.09157208,-0.01535913248222442
25,0.6008666666666668,0.004276537897461386,0.09157208,-0.015437800243156533
25,0.6008666666666668,0.00421525889694233,0.09157208,-0.015482085798206868
25,0.6008666666666668,0.004173074484345988,0.09157208,-0.015507599273690912
25,0.6008666666666668,0.0040995599999999995,0.09157208,-0.015542259999999999
25,0.6008666666666668,0.003942143289800531,0.09157208,-0.015575022852440229
25,0.6008666666666668,0.003896689824757915,0.09157208,-0.015575096475988186
25,0.6008666666666668,0.003827993012841192,0.09157208,-0.015568759169733425
25,0.6008666666666668,0.003724789330594253,0.09157208,-0.015546102327566579
25,0.6008666666666668,0.0035720539472552542,0.09157208,-0.015485118360769965
25,0.6008666666666668,0.003455116358590765,0.09157208,-0.015413682729212168
25,0.6008666666666668,0.0032896144748729627,0.09157208,-0.015250848930696288
25,0.6008666666666668,0.0031417285251727654,0.09157208,-0.015030083320221335
25,0.6008666666666668,0.003007608170148141,0.09157208,-0.014805298652648156
25,0.6008666666666668,0.0028863835876367268,0.09157208,-0.014576748884672282
25,0.6008666666666668,0.00277970875765938,0.09157208,-0.014343951113789333
25,0.6008666666666668,0.0025938112123137986,0.09157208,-0.013870340544799303
25,0.6008666666666668,0.0024215112278169705,0.09157208,-0.01339275997852723
25,0.6008666666666668,0.00226022899071007,0.09157208,-0.012911962627445088
25,0.6008666666666668,0.002109081499707062,0.09157208,-0.01242820629607713
25,0.6008666666666668,0.0019665959877375816,0.09157208,-0.011941920979282834
25,0.6008666666666668,0.0018313524042259553,0.09157208,-0.011453521280606803
25,0.6008666666666668,0.0017019669411866044,0.09157208,-0.010963411222064649
25,0.6008666666666668,0.001577118391471395,0.09157208,-0.010471976548485576
25,0.6008666666666668,0.0014557392460628825,0.09157208,-0.009979528933995917
25,0.6008666666666668,0.0013368410706856544,0.09157208,-0.009486356965749683
25,0.6008666666666668,0.0012194288415024622,0.09157208,-0.008992751154815248
25,0.6008666666666668,0.0011025075346760586,0.09157208,-0.00849900201226099
25,0.6008666666666668,0.0009852468654150963,0.09157208,-0.008005351951296272
25,0.6008666666666668,0.0008675743485393795,0.09157208,-0.007511822134979062
25,0.6008666666666668,0.0007496283648474652,0.09157208,-0.007018372161107797
25,0.6008666666666668,0.0006315440003569935,0.09157208,-0.0065249625894380926
25,0.6008666666666668,0.0005134629306474386,0.09157208,-0.006031552055811207
25,0.6008666666666668,0.0003954938834890985,0.09157208,-0.005538108815640201
25,0.6008666666666668,0.00027764015366288884,0.09157208,-0.005044631906967892
25,0.6008666666666668,0.00015985561423595852,0.09157208,-0.004551134797194805
25,0.6008666666666668,4.211061218004509e-05,0.09157208,-0.004057626143935556
25,0.6008666666666668,-7.563438987586921e-05,0.09157208,-0.0035641174906763055
25,0.6008666666666668,-0.00019341233974096324,0.09157208,-0.003070618456988859
25,0.6008666666666668,-0.00031121994263432016,0.09157208,-0.002577128080916029
25,0.6008666666666668,-0.00042904731421318596,0.09157208,-0.0020836434765862805
25,0.6008666666666668,-0.0005468812753538863,0.09157208,-0.0015901607961708933
25,0.6008666666666668,-0.0006647185312755053,0.09157208,-0.0010966790777126867
25,0.6008666666666668,-0.0007825459028543702,0.09157208,-0.0006031944733829384
25,0.6008666666666668,-0.0009003666848713997,0.09157208,-0.00010970794513882887
25,0.6008666666666668,-0.0010181841721075106,0.09157208,0.0003837795450624612
25,0.6008666666666668,-0.0011359950697817853,0.09157208,0.000877268959178109
25,0.6008666666666668,-0.0012538092622369768,0.09157208,0.0013707574113365727
25,0.6008666666666668,-0.00137162345469217,0.09157208,0.0018642458634950398
25,0.6008666666666668,-0.001489440941928281,0.09157208,0.00235773335369633
25,0.6008666666666668,-0.001607258429164391,0.09157208,0.00285122084389762
25,0.6008666666666668,-0.0017250759164005027,0.09157208,0.0033447083340989066
25,0.6008666666666668,-0.0018428934036366137,0.09157208,0.0038381958243001967
25,0.6008666666666668,-0.0019607108908727246,0.09157208,0.004331683314501483
25,0.6008666666666668,-0.0020785283781088355,0.09157208,0.004825170804702773
25,0.6008666666666668,-0.0021963458653449456,0.09157208,0.00531865829490406
25,0.6008666666666668,-0.0023141633525810565,0.09157208,0.00581214578510535
25,0.6008666666666668,-0.0024319808398171675,0.09157208,0.006305633275306637
25,0.6008666666666668,-0.0025497983270532792,0.09157208,0.006799120765507927
25,0.6008666666666668,-0.0026676158142893893,0.09157208,0.007292608255709213
25,0.6008666666666668,-0.0027854333015255002,0.09157208,0.0077860957459105
25,0.6008666666666668,-0.0028443436925340137,0.09157208,0.008032839010032555
25,0.6008666666666668,-0.002903254083542529,0.09157208,0.00827958227415461
25,0.6008666666666668,-0.0029621611797701246,0.09157208,0.008526326500233841
25,0.6008666666666668,-0.0030210682759977212,0.09157208,0.00877307072631308
26,0.6241333333333334,-0.00304852017367121,0.09511792,0.008781558498441543
26,0.6241333333333334,-0.002903233805405297,0.09511792,0.00856066302438812
26,0.6241333333333334,-0.0027581162684765775,0.09511792,0.008339719980140714
26,0.6241333333333334,-0.0026133623682741214,0.09511792,0.008118674477013976
26,0.6241333333333334,-0.002469157169917545,0.09511792,0.007897474370756812
26,0.6241333333333334,-0.0021830876846297143,0.09511792,0.0074544145792067515
26,0.6241333333333334,-0.0019005571639099817,0.09511792,0.007010357643206008
26,0.6241333333333334,-0.0016214292439860022,0.09511792,0.006565341984834331
26,0.6241333333333334,-0.0013455578208159706,0.09511792,0.006119408770605742
26,0.6241333333333334,-0.0010729883489906701,0.09511792,0.005672545193160326
26,0.6241333333333334,-0.0008038377117435443,0.09511792,0.0052247183192868606
26,0.6241333333333334,-0.0005382162987950636,0.09511792,0.0047758970453969755
26,0.6241333333333334,-0.0002762247595962499,0.09511792,0.0043260530123365795
26,0.6241333333333334,-1.7954003328667784e-05,0.09511792,0.0038751606053858308
26,0.6241333333333334,0.00023654726866041698,0.09511792,0.003423206102373389
26,0.6241333333333334,0.00048723684853670167,0.09511792,0.00297017761075076
26,0.6241333333333334,0.0007340757752223766,0.09511792,0.0025160641527808766
26,0.6241333333333334,0.0009770380746655645,0.09511792,0.00206085840997235
26,0.6241333333333334,0.001216052318223605,0.09511792,0.0016045402564738923
26,0.6241333333333334,0.0014508100640304718,0.09511792,0.0011470227852003433
26,0.6241333333333334,0.0016809346883339647,0.09511792,0.0006881998780266796
26,0.6241333333333334,0.0019060495673818819,0.09511792,0.00022796541682787094
26,0.6241333333333334,0.002125791064447959,0.09511792,-0.00023378305727541314
26,0.6241333333333334,0.0023398182701013233,0.09511792,-0.000697141599482554
26,0.6241333333333334,0.0025480370284039263,0.09511792,-0.0011621367393248073
26,0.6241333333333334,0.002750421365303891,0.09511792,-0.001628775795293554
26,0.6241333333333334,0.0029469647872882488,0.09511792,-0.002097060597011643
26,0.6241333333333334,0.003137644567061608,0.09511792,-0.0025669975481590283
26,0.6241333333333334,0.0033223925227377944,0.09511792,-0.0030386058597755873
26,0.6241333333333334,0.003500825537051638,0.09511792,-0.0035119934796091924
26,0.6241333333333334,0.0036724176354526487,0.09511792,-0.00398730860711031
26,0.6241333333333334,0.003836652583659794,0.09511792,-0.004464696697295142
26,0.6241333333333334,0.003993007653879069,0.09511792,-0.004944305034802737
26,0.6241333333333334,0.004141067261280458,0.09511792,-0.00542625071549519
26,0.6241333333333334,0.0042811853023207724,0.09511792,-0.005910434024927434
26,0.6241333333333334,0.004414027362079333,0.09511792,-0.006396667426757825
26,0.6241333333333334,0.004540262272391944,0.09511792,-0.006884762469833302
26,0.6241333333333334,0.0046605523715814445,0.09511792,-0.007374532532623643
26,0.6241333333333334,0.0047752093482703465,0.09511792,-0.007865889793232272
26,0.6241333333333334,0.004882113070474273,0.09511792,-0.008359431623518182
26,0.6241333333333334,0.004978120677916234,0.09511792,-0.008856043560938488
26,0.6241333333333334,0.005060027621946032,0.09511792,-0.009356628524367343
26,0.6241333333333334,0.0051245449382448715,0.09511792,-0.00986211321777589
26,0.6241333333333334,0.0051686596367951435,0.09511792,-0.010373346586164341
26,0.6241333333333334,0.0051917840546731545,0.09511792,-0.010890494210400194
26,0.6241333333333334,0.005194236374014382,0.09511792,-0.01141346643896403
26,0.6241333333333334,0.005174581528452682,0.09511792,-0.011942667618504663
26,0.6241333333333334,0.005128735098330559,0.09511792,-0.012479248581791776
26,0.6241333333333334,0.005052206819429954,0.09511792,-0.01302447451302289
26,0.6241333333333334,0.004939756426784894,0.09511792,-0.013579821917834153
26,0.6241333333333334,0.004862591274515611,0.09511792,-0.013863395696510137
26,0.6241333333333334,0.004763828698111465,0.09511792,-0.014153054800769558
26,0.6241333333333334,0.004633903752969134,0.09511792,-0.014451494265063532
26,0.6241333333333334,0.00445393979688776,0.09511792,-0.01476403280300332
26,0.6241333333333334,0.004264611443934262,0.09511792,-0.01502684354892951
26,0.6241333333333334,0.004158083619263168,0.09511792,-0.01516159164283095
26,0.6241333333333334,0.004029214863222261,0.09511792,-0.015302634554131615
26,0.6241333333333334,0.003941543449042274,0.09511792,-0.015379703315133822
26,0.6241333333333334,0.0038809950629483413,0.09511792,-0.015422946687432992
26,0.6241333333333334,0.0038393442351797036,0.09511792,-0.015447773872807527
26,0.6241333333333334,0.0037668199999999997,0.09511792,-0.0154813
26,0.6241333333333334,0.0036117790731814274,0.09511792,-0.015511893005420755
26,0.6241333333333334,0.0035670694252189746,0.09511792,-0.015511398889077167
26,0.6241333333333334,0.003499536514756052,0.09511792,-0.01550424391258994
26,0.6241333333333334,0.003398162285869815,0.09511792,-0.015480440961482692
26,0.6241333333333334,0.003248303491229769,0.09511792,-0.015417932781193303
26,0.6241333333333334,0.003133720705793764,0.09511792,-0.015345485174796869
26,0.6241333333333334,0.002971931825488002,0.09511792,-0.01518160579536126
26,0.6241333333333334,0.002827827276582445,0.09511792,-0.014960377329949991
26,0.6241333333333334,0.0026972876762691093,0.09511792,-0.01473532678241491
26,0.6241333333333334,0.0025794558808360886,0.09511792,-0.014506695662971596
26,0.6241333333333334,0.002475961762038599,0.09511792,-0.014274024736285877
26,0.6241333333333334,0.002296025499472435,0.09511792,-0.013801060674140959
26,0.6241333333333334,0.0021294886009177827,0.09511792,-0.01332432118525478
26,0.6241333333333334,0.001973808856047283,0.09511792,-0.012844522566971276
26,0.6241333333333334,0.0018281161341230905,0.09511792,-0.012361909988751715
26,0.6241333333333334,0.001690959134996636,0.09511792,-0.011876892371302017
26,0.6241333333333334,0.0015609385066231028,0.09511792,-0.011389863998345346
26,0.6241333333333334,0.0014366906112790018,0.09511792,-0.010901209090679211
26,0.6241333333333334,0.0013169134996140514,0.09511792,-0.010411294487684093
26,0.6241333333333334,0.0012005552225272742,0.09511792,-0.009920416588260927
26,0.6241333333333334,0.0010866417530733218,0.09511792,-0.00942884983583651
26,0.6241333333333334,0.000974192570793877,0.09511792,-0.008936870503460481
26,0.6241333333333334,0.0008622271552306219,0.09511792,-0.008444754864182478
26,0.6241333333333334,0.0007499273237494639,0.09511792,-0.007952733450481007
26,0.6241333333333334,0.0006372216477077437,0.09511792,-0.007460826388207366
26,0.6241333333333334,0.0005242464908778105,0.09511792,-0.0069689952552818065
26,0.6241333333333334,0.0004111349702755288,0.09511792,-0.006477202544435996
26,0.6241333333333334,0.00029802669642973144,0.09511792,-0.005985408918778764
26,0.6241333333333334,0.00018502881230440674,0.09511792,-0.005493584189533163
26,0.6241333333333334,7.214456465603949e-05,0.09511792,-0.005001727441887767
26,0.6241333333333334,-4.0671501106153037e-05,0.09511792,-0.004509851483202498
26,0.6241333333333334,-0.00015344860579053193,0.09511792,-0.004017964546780153
26,0.6241333333333334,-0.0002662257104749108,0.09511792,-0.003526077610357812
26,0.6241333333333334,-0.0003790352827241347,0.09511792,-0.0030341998220496953
26,0.6241333333333334,-0.0004918740757817192,0.09511792,-0.002542330267044382
26,0.6241333333333334,-0.0006047323493782106,0.09511792,-0.0020504662009076056
26,0.6241333333333334,-0.0007175971164876706,0.09511792,-0.0015586039643936764
26,0.6241333333333334,-0.0008304651303536149,0.09511792,-0.0010667426426911684
26,0.6241333333333334,-0.0009433234039501063,0.09511792,-0.0005748785765543919
26,0.6241333333333334,-0.001056175184033629,0.09511792,-8.301268079476988e-05
26,0.6241333333333334,-0.0011690237173606673,0.09511792,0.0004088541297762732
26,0.6241333333333334,-0.0012818657571747353,0.09511792,0.0009007227699701637
26,0.6241333333333334,-0.0013947110437452885,0.09511792,0.001392590495352626
26,0.6241333333333334,-0.0015075563303158417,0.09511792,0.0018844582207350954
26,0.6241333333333334,-0.00162040486364288,0.09511792,0.0023763250313061403
26,0.6241333333333334,-0.0017332533969699167,0.09511792,0.002868191841877185
26,0.6241333333333334,-0.001846101930296955,0.09511792,0.0033600586524482265
26,0.6241333333333334,-0.0019589504636239935,0.09511792,0.0038519254630192713
26,0.6241333333333334,-0.00207179899695103,0.09511792,0.004343792273590313
26,0.6241333333333334,-0.0021846475302780685,0.09511792,0.0048356590841613575
26,0.6241333333333334,-0.002297496063605106,0.09511792,0.005327525894732402
26,0.6241333333333334,-0.0024103445969321444,0.09511792,0.005819392705303447
26,0.6241333333333334,-0.002523193130259182,0.09511792,0.006311259515874492
26,0.6241333333333334,-0.0026360416635862194,0.09511792,0.006803126326445533
26,0.6241333333333334,-0.0027488901969132578,0.09511792,0.007294993137016582
26,0.6241333333333334,-0.0028617387302402944,0.09511792,0.0077868599475876266
26,0.6241333333333334,-0.0029181646202820558,0.09511792,0.008032792895467437
26,0.6241333333333334,-0.002974590510323817,0.09511792,0.008278725843347247
26,0.6241333333333334,-0.003031013153609094,0.09511792,0.008524659706038482
26,0.6241333333333334,-0.003087435796894371,0.09511792,0.008770593568729713
27,0.6474166666666668,-0.0031092598027742543,0.0986663,0.008749341666098072
27,0.6474166666666668,-0.0029681614974206047,0.0986663,0.008528854982082066
27,0.6474166666666668,-0.0028272288100647746,0.0986663,0.008308323206899082
27,0.6474166666666668,-0.002686652838396556,0.0986663,0.008087694312279526
27,0.6474166666666668,-0.0025466151252212534,0.0986663,0.00786691887136729
27,0.6474166666666668,-0.0022688360561096484,0.0986663,0.007424742783169893
27,0.6474166666666668,-0.00199452859502927,0.0986663,0.006981621514741595
27,0.6474166666666668,-0.0017235589735972597,0.0986663,0.006537591485871101
27,0.6474166666666668,-0.0014557838685462766,0.0986663,0.00609269171776061
27,0.6474166666666668,-0.0011912478693372696,0.0986663,0.005646910070480545
27,0.6474166666666668,-0.0009300656345841156,0.0986663,0.005200215327069156
27,0.6474166666666668,-0.000672345452977697,0.0986663,0.004752578004840342
27,0.6474166666666668,-0.0004181860583244057,0.0986663,0.004303971222521482
27,0.6474166666666668,-0.00016767662954614553,0.0986663,0.0038543707002534292
27,0.6474166666666668,7.91350589346364e-05,0.0986663,0.003403763430968784
27,0.6474166666666668,0.0003222076026184852,0.0986663,0.002952138141875808
27,0.6474166666666668,0.0005615027819674411,0.0986663,0.0024994844273205797
27,0.6474166666666668,0.000796995117289534,0.0986663,0.0020457953502004845
27,0.6474166666666668,0.0010286145394318366,0.0986663,0.0015910518334833462
27,0.6474166666666668,0.0012560584770521812,0.0986663,0.0011351714990756375
27,0.6474166666666668,0.0014789574746169694,0.0986663,0.0006780537589894855
27,0.6474166666666668,0.0016969420765926024,0.0986663,0.00021959802523701354
27,0.6474166666666668,0.001909655567291467,0.0986663,-0.00024029282161834586
27,0.6474166666666668,0.0021167635257564278,0.0986663,-0.0007017098310483812
27,0.6474166666666668,0.002318173588104085,0.0986663,-0.0011646781500500563
27,0.6474166666666668,0.0025138602746424673,0.0986663,-0.0016292047157259928
27,0.6474166666666668,0.00270381721544858,0.0986663,-0.002095291262351834
27,0.6474166666666668,0.0028880221157919486,0.0986663,-0.0025629438598923707
27,0.6474166666666668,0.003066408091481145,0.0986663,-0.003032180718241956
27,0.6474166666666668,0.0032385993170595787,0.0986663,-0.003503104159664122
27,0.6474166666666668,0.0034040798287648106,0.0986663,-0.003975854660486767
27,0.6474166666666668,0.0035623432177188915,0.0986663,-0.004450570095624306
27,0.6474166666666668,0.0037128767051208783,0.0986663,-0.004927390074266805
27,0.6474166666666668,0.003855272615899215,0.0986663,-0.005406425590056061
27,0.6474166666666668,0.003989878110857024,0.0986663,-0.005887582124968984
27,0.6474166666666668,0.004117346107101095,0.0986663,-0.006370681915751136
27,0.6474166666666668,0.004238332706699715,0.0986663,-0.006855546332010258
27,0.6474166666666668,0.004353487641798178,0.0986663,-0.007341998477629737
27,0.6474166666666668,0.0044631166687001496,0.0986663,-0.007829955107378224
27,0.6474166666666668,0.004565140007548393,0.0986663,-0.008319982462256442
27,0.6474166666666668,0.00465647461561426,0.0986663,-0.008812919931680459
27,0.6474166666666668,0.00473397693590067,0.0986663,-0.009309623380685049
27,0.6474166666666668,0.0047944206024116325,0.0986663,-0.009810971219888477
27,0.6474166666666668,0.004834849970878361,0.0986663,-0.010317768153193754
27,0.6474166666666668,0.004854688563269982,0.0986663,-0.01083017113254748
27,0.6474166666666668,0.004854248505813156,0.0986663,-0.011348095178442654
27,0.6474166666666668,0.004832122045526415,0.0986663,-0.0118719235657986
27,0.6474166666666668,0.004784302500847117,0.0986663,-0.012402747154001078
27,0.6474166666666668,0.00470638507002555,0.0986663,-0.012941765194664164
27,0.6474166666666668,0.004593229225206306,0.0986663,-0.013490377248239862
27,0.6474166666666668,0.004516109893624774,0.0986663,-0.013770275880439848
27,0.6474166666666668,0.004417804198168281,0.0986663,-0.014055942713461842
27,0.6474166666666668,0.004288929242268035,0.0986663,-0.014349932335342768
27,0.6474166666666668,0.00411096765978317,0.0986663,-0.014657286285406013
27,0.6474166666666668,0.0039241044816886676,0.0986663,-0.014915283360893086
27,0.6474166666666668,0.0038190350433330725,0.0986663,-0.015047450420254724
27,0.6474166666666668,0.0036920498849198112,0.0986663,-0.015185584255000642
27,0.6474166666666668,0.003605762536282471,0.0986663,-0.015260857277798003
27,0.6474166666666668,0.00354622427266038,0.0986663,-0.01530295738115869
27,0.6474166666666668,0.0035052950357654716,0.0986663,-0.015327045883783159
27,0.6474166666666668,0.0034340799999999995,0.0986663,-0.01535938
27,0.6474166666666668,0.003282061084473244,0.0986663,-0.015387823574043906
27,0.6474166666666668,0.0032382735305217843,0.0986663,-0.015386800070467029
27,0.6474166666666668,0.0031721682480670157,0.0986663,-0.015378907687224707
27,0.6474166666666668,0.0030730080286070355,0.0986663,-0.01535412463151427
27,0.6474166666666668,0.002926570612465651,0.0986663,-0.015290432844899391
27,0.6474166666666668,0.0028147378029841326,0.0986663,-0.015217319605799381
27,0.6474166666666668,0.0026571665049972167,0.0986663,-0.015053098283423428
27,0.6474166666666668,0.002517227525628306,0.0986663,-0.014832295961238568
27,0.6474166666666668,0.002390595315391924,0.0986663,-0.014607870737214512
27,0.6474166666666668,0.0022764290444529846,0.0986663,-0.014380051535737457
27,0.6474166666666668,0.0021763275634827496,0.0986663,-0.014148403053618492
27,0.6474166666666668,0.0020026617007314197,0.0986663,-0.013677881097010004
27,0.6474166666666668,0.0018421401740762948,0.0986663,-0.013203780462591469
27,0.6474166666666668,0.0016922691586655873,0.0986663,-0.012726780119281054
27,0.6474166666666668,0.001552195084818225,0.0986663,-0.012247112460016264
27,0.6474166666666668,0.0014204942747452574,0.0986663,-0.011765165095405554
27,0.6474166666666668,0.0012957940100416761,0.0986663,-0.011281311761852156
27,0.6474166666666668,0.0011767566068789361,0.0986663,-0.010795916657243207
27,0.6474166666666668,0.0010621048956969267,0.0986663,-0.010309327503847138
27,0.6474166666666668,0.0009508069489707698,0.0986663,-0.009821825254319745
27,0.6474166666666668,0.000841907278251505,0.0986663,-0.009333670050008984
27,0.6474166666666668,0.0007344440251671777,0.0986663,-0.008845123766538461
27,0.6474166666666668,0.0006274553313458347,0.0986663,-0.008356448279531789
27,0.6474166666666668,0.0005201385864903483,0.0986663,-0.007867862107721245
27,0.6474166666666668,0.0004124237214477946,0.0986663,-0.007379384328139017
27,0.6474166666666668,0.000304444504601029,0.0986663,-0.006890978520996393
27,0.6474166666666668,0.0001963315193714084,0.0986663,-0.006402609133642481
27,0.6474166666666668,8.82217191032846e-05,0.0986663,-0.005914238879150742
27,0.6474166666666668,-1.97797924739564e-05,0.0986663,-0.005425839141972904
27,0.6474166666666668,-0.00012766983039881998,0.0986663,-0.004937409054971132
27,0.6474166666666668,-0.00023549298413225563,0.0986663,-0.004448960758075007
27,0.6474166666666668,-0.00034327791832773277,0.0986663,-0.003960502055524964
27,0.6474166666666668,-0.0004510628525232095,0.0986663,-0.003472043352974921
27,0.6474166666666668,-0.000558879636333652,0.0986663,-0.002983593321803143
27,0.6474166666666668,-0.0006667250847975643,0.0986663,-0.0024951510948718024
27,0.6474166666666668,-0.0007745896430304548,0.0986663,-0.002006714070767421
27,0.6474166666666668,-0.0008824605711863381,0.0986663,-0.0015182787809386953
27,0.6474166666666668,-0.0009903346843037181,0.0986663,-0.0010298443582477945
27,0.6474166666666668,-0.0010981992425366086,0.0986663,-0.0005414073341434133
27,0.6474166666666668,-0.0012060574308465073,0.0986663,-5.2968575763378406e-05
27,0.6474166666666668,-0.0013139124341949083,0.0986663,0.0004354710497544833
27,0.6474166666666668,-0.0014217610676203157,0.0986663,0.0009239124095479969
27,0.6474166666666668,-0.001529612886007219,0.0986663,0.0014123529022036802
27,0.6474166666666668,-0.0016374647043941241,0.0986663,0.001900793394859367
27,0.6474166666666668,-0.0017453197077425251,0.0986663,0.0023892330203772304
27,0.6474166666666668,-0.001853174711090927,0.0986663,0.002877672645895087
27,0.6474166666666668,-0.001961029714439327,0.0986663,0.0033661122714129504
27,0.6474166666666668,-0.002068884717787728,0.0986663,0.003854551896930807
27,0.6474166666666668,-0.002176739721136129,0.0986663,0.004342991522448667
27,0.6474166666666668,-0.0022845947244845293,0.0986663,0.004831431147966523
27,0.6474166666666668,-0.002392449727832931,0.0986663,0.005319870773484387
27,0.6474166666666668,-0.002500304731181333,0.0986663,0.005808310399002254
27,0.6474166666666668,-0.002608159734529734,0.0986663,0.00629675002452011
27,0.6474166666666668,-0.002716014737878135,0.0986663,0.006785189650037974
27,0.6474166666666668,-0.002823869741226535,0.0986663,0.007273629275555827
27,0.6474166666666668,-0.002931724744574937,0.0986663,0.00776206890107369
27,0.6474166666666668,-0.002985653838729885,0.0986663,0.008006288280263707
27,0.6474166666666668,-0.003039582932884834,0.0986663,0.008250507659453723
27,0.6474166666666668,-0.003093508842078286,0.0986663,0.008494727905781567
27,0.6474166666666668,-0.003147434751271738,0.0986663,0.00873894815210941
28,0.6706833333333334,-0.0031547528140153064,0.10221213999999999,0.008685966069706692
28,0.6706833333333334,-0.003018159093522698,0.10221213999999999,0.008466871222506753
28,0.6706833333333334,-0.0028817272518082966,0.10221213999999999,0.008247733738960206
28,0.6706833333333334,-0.0027456440720777238,0.10221213999999999,0.008028504423282495
28,0.6706833333333334,-0.0026100869983763215,0.10221213999999999,0.007809136539478314
28,0.6706833333333334,-0.0023412173624944104,0.10221213999999999,0.007369809602525611
28,0.6706833333333334,-0.002075740954847975,0.10221213999999999,0.006929588942153602
28,0.6706833333333334,-0.001813527027193076,0.10221213999999999,0.006488508995411462
28,0.6706833333333334,-0.0015544354921254995,0.10221213999999999,0.0060466066591376155
28,0.6706833333333334,-0.0012985099323932219,0.10221213999999999,0.005603870454315662
28,0.6706833333333334,-0.0010458624179196184,0.10221213999999999,0.0051602708634748695
28,0.6706833333333334,-0.0007965987925212079,0.10221213999999999,0.004715780009003998
28,0.6706833333333334,-0.0005508155608542277,0.10221213999999999,0.004270372473081031
28,0.6706833333333334,-0.00030859988841463624,0.10221213999999999,0.003824025297673176
28,0.6706833333333334,-6.999847100383786e-05,0.10221213999999999,0.003376726183834295
28,0.6706833333333334,0.0001649482216836153,0.10221213999999999,0.0029284644724777327
28,0.6706833333333334,0.0003962028330065995,0.10221213999999999,0.002479230324446583
28,0.6706833333333334,0.0006237404585376963,0.10221213999999999,0.002029017180302909
28,0.6706833333333334,0.0008474926111015123,0.10221213999999999,0.0015778070015923795
28,0.6706833333333334,0.0010671635506224785,0.10221213999999999,0.001125521894989448
28,0.6706833333333334,0.0012823921629030602,0.10221213999999999,0.000672066748643986
28,0.6706833333333334,0.0014928173337457173,0.10221213999999999,0.0002173464507058756
28,0.6706833333333334,0.0016980904011666231,0.10221213999999999,-0.00023873083095604826
28,0.6706833333333334,0.0018978844945559382,0.10221213999999999,-0.0006962511889647451
28,0.6706833333333334,0.0020921093353642776,0.10221213999999999,-0.001155238401282746
28,0.6706833333333334,0.002280740019164226,0.10221213999999999,-0.0016156990273479936
28,0.6706833333333334,0.002463770319848929,0.10221213999999999,-0.002077634707019974
28,0.6706833333333334,0.0026411784460443986,0.10221213999999999,-0.0025410511798068785
28,0.6706833333333334,0.0028128990236286648,0.10221213999999999,-0.003005965664233303
28,0.6706833333333334,0.0029785647122973383,0.10221213999999999,-0.0034724749120088605
28,0.6706833333333334,0.003137671197395237,0.10221213999999999,-0.003940711751751836
28,0.6706833333333334,0.0032897235034274634,0.10221213999999999,-0.00441080655229128
28,0.6706833333333334,0.0034342204287922625,0.10221213999999999,-0.004882891322315732
28,0.6706833333333334,0.003570763502650975,0.10221213999999999,-0.005357071012832235
28,0.6706833333333334,0.003699692047827147,0.10221213999999999,-0.005833256251498858
28,0.6706833333333334,0.003821644240273321,0.10221213999999999,-0.006311278952718385
28,0.6706833333333334,0.003937261368995469,0.10221213999999999,-0.006790970210963872
28,0.6706833333333334,0.004047178496892705,0.10221213999999999,-0.007272162760567847
28,0.6706833333333334,0.0041516944770940275,0.10221213999999999,-0.007754777888275032
28,0.6706833333333334,0.004248776485711578,0.10221213999999999,-0.008239351008207272
28,0.6706833333333334,0.004335411087027981,0.10221213999999999,-0.00872667581235529
28,0.6706833333333334,0.004408525697310749,0.10221213999999999,-0.009217561571374922
28,0.6706833333333334,0.004464966793438289,0.10221213999999999,-0.0097128388740953
28,0.6706833333333334,0.004501845461830308,0.10221213999999999,-0.010213268615317454
28,0.6706833333333334,0.004518598239816513,0.10221213999999999,-0.01071899920232477
28,0.6706833333333334,0.004515530206632752,0.10221213999999999,-0.011229950282002486
28,0.6706833333333334,0.004491265392664276,0.10221213999999999,-0.011746484263296783
28,0.6706833333333334,0.004441887576699864,0.10221213999999999,-0.012269632617823704
28,0.6706833333333334,0.0043630914058499235,0.10221213999999999,-0.012800529308417106
28,0.6706833333333334,0.00424985241188321,0.10221213999999999,-0.01334049770168136
28,0.6706833333333334,0.004173155276822157,0.10221213999999999,-0.013615770035187642
28,0.6706833333333334,0.004075750110364432,0.10221213999999999,-0.013896496541340933
28,0.6706833333333334,0.003948465857113977,0.10221213999999999,-0.014185092733162593
28,0.6706833333333334,0.0037732032244459767,0.10221213999999999,-0.014486325682175429
28,0.6706833333333334,0.003589503761935825,0.10221213999999999,-0.014738766459888208
28,0.6706833333333334,0.0034862789334583442,0.10221213999999999,-0.014867982872023637
28,0.6706833333333334,0.0033616331843494,0.10221213999999999,-0.015002841220717105
28,0.6706833333333334,0.0032770301864176008,0.10221213999999999,-0.015076138632230802
28,0.6706833333333334,0.0032187042449360118,0.10221213999999999,-0.015117007926337092
28,0.6706833333333334,0.003178633134986868,0.10221213999999999,-0.015140315607207903
28,0.6706833333333334,0.0031089599999999996,0.10221213999999999,-0.015171420000000001
28,0.6706833333333334,0.00296043922028562,0.10221213999999999,-0.01519778448285866
28,0.6706833333333334,0.0029177062221289207,0.10221213999999999,-0.015196286113208201
28,0.6706833333333334,0.0028532253189672003,0.10221213999999999,-0.015187762227513195
28,0.6706833333333334,0.002756567668056156,0.10221213999999999,-0.015162206045185415
28,0.6706833333333334,0.0026139640065605523,0.10221213999999999,-0.01509773702502478
28,0.6706833333333334,0.0025051836705497405,0.10221213999999999,-0.01502435946821205
28,0.6706833333333334,0.0023522250832460553,0.10221213999999999,-0.014860589172570542
28,0.6706833333333334,0.0022167645142008906,0.10221213999999999,-0.01464119587094434
28,0.6706833333333334,0.0020943102823738997,0.10221213999999999,-0.014418376902854036
28,0.6706833333333334,0.001984040541660344,0.10221213999999999,-0.014192348729751647
28,0.6706833333333334,0.0018875180448805983,0.10221213999999999,-0.013962699746906445
28,0.6706833333333334,0.0017204110124752058,0.10221213999999999,-0.013496570126601657
28,0.6706833333333334,0.0015661515515632079,0.10221213999999999,-0.013027056656249635
28,0.6706833333333334,0.0014223021413112325,0.10221213999999999,-0.012554801340838743
28,0.6706833333333334,0.001288028483400833,0.10221213999999999,-0.012080023921539968
28,0.6706833333333334,0.0011619390429501225,0.10221213999999999,-0.011603090906948202
28,0.6706833333333334,0.0010426920939320457,0.10221213999999999,-0.011124355686782455
28,0.6706833333333334,0.0009289801539072466,0.10221213999999999,-0.010644162631534566
28,0.6706833333333334,0.0008195548884514822,0.10221213999999999,-0.01016284053303128
28,0.6706833333333334,0.0007134076682543907,0.10221213999999999,-0.009680655048509155
28,0.6706833333333334,0.0006096045772878609,0.10221213999999999,-0.00919785215689094
28,0.6706833333333334,0.000507205473416926,0.10221213999999999,-0.008714679476958864
28,0.6706833333333334,0.0004052702145066205,0.10221213999999999,-0.00823138462749516
28,0.6706833333333334,0.00030301431109332937,0.10221213999999999,-0.007748174230794928
28,0.6706833333333334,0.00020036927600165788,0.10221213999999999,-0.007265066325312508
28,0.6706833333333334,9.746585747554297e-05,0.10221213999999999,-0.006782026473998717
28,0.6706833333333334,-5.56830929450804e-06,0.10221213999999999,-0.006299021059734105
28,0.6706833333333334,-0.00010859936301113246,0.10221213999999999,-0.005816014825539754
28,0.6706833333333334,-0.0002115245729112365,0.10221213999999999,-0.00533298071373416
28,0.6706833333333334,-0.00031434082594139533,0.10221213999999999,-0.004849917904387576
28,0.6706833333333334,-0.0004170917048495859,0.10221213999999999,-0.0043668378765163995
28,0.6706833333333334,-0.0005198052271166514,0.10221213999999999,-0.0038837480094883157
28,0.6706833333333334,-0.0006225187493837177,0.10221213999999999,-0.003400658142460232
28,0.6706833333333334,-0.0007252634021850538,0.10221213999999999,-0.0029175764747295715
28,0.6706833333333334,-0.0008280360724672339,0.10221213999999999,-0.0024345021863665904
28,0.6706833333333334,-0.0009308274210699757,0.10221213999999999,-0.0019514328175820692
28,0.6706833333333334,-0.0010336249957795707,0.10221213999999999,-0.001468365088657034
28,0.6706833333333334,-0.0011364256835425944,0.10221213999999999,-0.0009852981796617394
28,0.6706833333333334,-0.0012392170321453362,0.10221213999999999,-0.0005022288108772147
28,0.6706833333333334,-0.0013420021546412231,0.10221213999999999,-1.9157802233207497e-05
28,0.6706833333333334,-0.0014447841640836856,0.10221213999999999,0.0004639140263405471
28,0.6706833333333334,-0.0015475599474192915,0.10221213999999999,0.0009469874947737808
28,0.6706833333333334,-0.0016503388438083252,0.10221213999999999,0.0014300601432772689
28,0.6706833333333334,-0.001753117740197358,0.10221213999999999,0.0019131327917807604
28,0.6706833333333334,-0.0018558997496398197,0.10221213999999999,0.0023962046203545133
28,0.6706833333333334,-0.0019586817590822804,0.10221213999999999,0.002879276448928266
28,0.6706833333333334,-0.002061463768524742,0.10221213999999999,0.003362348277502019
28,0.6706833333333334,-0.0021642457779672028,0.10221213999999999,0.0038454201060757684
28,0.6706833333333334,-0.0022670277874096627,0.10221213999999999,0.004328491934649514
28,0.6706833333333334,-0.0023698097968521234,0.10221213999999999,0.004811563763223264
28,0.6706833333333334,-0.002472591806294584,0.10221213999999999,0.0052946355917970166
28,0.6706833333333334,-0.0025753738157370458,0.10221213999999999,0.005777707420370766
28,0.6706833333333334,-0.0026781558251795057,0.10221213999999999,0.006260779248944515
28,0.6706833333333334,-0.0027809378346219673,0.10221213999999999,0.006743851077518268
28,0.6706833333333334,-0.002883719844064427,0.10221213999999999,0.007226922906092018
28,0.6706833333333334,-0.0029865018535068888,0.10221213999999999,0.007709994734665767
28,0.6706833333333334,-0.003037894414754832,0.10221213999999999,0.007951530238987769
28,0.6706833333333334,-0.0030892869760027765,0.10221213999999999,0.008193065743309774
28,0.6706833333333334,-0.0031406764241972925,0.10221213999999999,0.008434602067561522
28,0.6706833333333334,-0.0031920658723918103,0.10221213999999999,0.008676138391813266
29,0.6939666666666667,-0.003188787078212981,0.10576052,0.008589365452075623
29,0.6939666666666667,-0.003057134960887092,0.10576052,0.008372687753603161
29,0.6939666666666667,-0.0029256402217754866,0.10576052,0.00815596991330621
29,0.6939666666666667,-0.002794484451125417,0.10576052,0.00793916561369497
29,0.6939666666666667,-0.002663840159671771,0.10576052,0.007722230853154129
29,0.6939666666666667,-0.002404733686235612,0.10576052,0.00728780475023672
29,0.6939666666666667,-0.002148926102291181,0.10576052,0.006852537212921327
29,0.6939666666666667,-0.0018962902946654003,0.10576052,0.006416460663450795
29,0.6939666666666667,-0.0016466900706728345,0.10576052,0.005979609839942482
29,0.6939666666666667,-0.001400167801371172,0.10576052,0.005541973934982096
29,0.6939666666666667,-0.0011568324409087657,0.10576052,0.005103525158075764
29,0.6939666666666667,-0.0009167868904257242,0.10576052,0.004664237262645929
29,0.6939666666666667,-0.0006801249715497927,0.10576052,0.004224086317989538
29,0.6939666666666667,-0.00044693142639635726,0.10576052,0.003783050709278009
29,0.6939666666666667,-0.00021725165252722877,0.10576052,0.00334111885713889
29,0.6939666666666667,8.875005504020185e-06,0.10576052,0.0028982807261160714
29,0.6939666666666667,0.000231412229647942,0.10576052,0.002454527052711585
29,0.6939666666666667,0.0004503358078715666,0.10576052,0.0020098516612601282
29,0.6939666666666667,0.000665579157084237,0.10576052,0.0015642375686821027
29,0.6939666666666667,0.0008768547593944733,0.10576052,0.0011176114389520025
29,0.6939666666666667,0.0010838115403242546,0.10576052,0.0006698837249228817
29,0.6939666666666667,0.0012860984253955645,0.10576052,0.00022096487944779815
29,0.6939666666666667,0.0014833764461468662,0.10576052,-0.00022923155678753783
29,0.6939666666666667,0.0016753278196454703,0.10576052,-0.0006807866393902708
29,0.6939666666666667,0.0018618647772718731,0.10576052,-0.0011337227551471343
29,0.6939666666666667,0.0020429631069931076,0.10576052,-0.0015880460797234354
29,0.6939666666666667,0.002218616755800932,0.10576052,-0.002043758157035506
29,0.6939666666666667,0.0023888045381665,0.10576052,-0.002500864390790482
29,0.6939666666666667,0.0025534628975032734,0.10576052,-0.0029593809921097964
29,0.6939666666666667,0.002712234706324992,0.10576052,-0.003419399052056715
29,0.6939666666666667,0.0028646296709640795,0.10576052,-0.003881043627853695
29,0.6939666666666667,0.003010166577265319,0.10576052,-0.004344437460848699
29,0.6939666666666667,0.0031483581580652544,0.10576052,-0.0048097048363060155
29,0.6939666666666667,0.0032788170208364166,0.10576052,-0.00527694456487055
29,0.6939666666666667,0.003401873054527978,0.10576052,-0.005746072503102497
29,0.6939666666666667,0.0035181466924847126,0.10576052,-0.006216930399578387
29,0.6939666666666667,0.0036282613945555165,0.10576052,-0.006689359230916578
29,0.6939666666666667,0.0037328345675810438,0.10576052,-0.007163201517651762
29,0.6939666666666667,0.0038321567559568945,0.10576052,-0.0076383831518002585
29,0.6939666666666667,0.003924251652492154,0.10576052,-0.008115408222042701
29,0.6939666666666667,0.004006189601197839,0.10576052,-0.008595023983881157
29,0.6939666666666667,0.004074983442506669,0.10576052,-0.009077992360022796
29,0.6939666666666667,0.0041275673277442245,0.10576052,-0.00956509534408704
29,0.6939666666666667,0.004161132661086355,0.10576052,-0.010057049313249418
29,0.6939666666666667,0.004175131645287185,0.10576052,-0.010553993991937488
29,0.6939666666666667,0.00416986087775056,0.10576052,-0.011055853728251252
29,0.6939666666666667,0.0041439826436550625,0.10576052,-0.011562969727698881
29,0.6939666666666667,0.004093689600816663,0.10576052,-0.0120763131136498
29,0.6939666666666667,0.004014796094036226,0.10576052,-0.012596951504243843
29,0.6939666666666667,0.003902417345662698,0.10576052,-0.01312613083995657
29,0.6939666666666667,0.0038267085331485074,0.10576052,-0.013395699251987093
29,0.6939666666666667,0.003730867415222419,0.10576052,-0.013670402729719849
29,0.6939666666666667,0.0036059779107444068,0.10576052,-0.013952515461903896
29,0.6939666666666667,0.0034344439247558445,0.10576052,-0.014246525613300623
29,0.6939666666666667,0.0032549364733967115,0.10576052,-0.014492517989959219
29,0.6939666666666667,0.0031541239016595573,0.10576052,-0.014618334913417191
29,0.6939666666666667,0.00303248595506683,0.10576052,-0.014749463680996788
29,0.6939666666666667,0.002950006291777538,0.10576052,-0.014820552969361278
29,0.6939666666666667,0.002893187530170814,0.10576052,-0.014860071268189078
29,0.6939666666666667,0.002854173278927991,0.10576052,-0.014882535359007158
29,0.6939666666666667,0.00278638,0.10576052,-0.014912339999999998
29,0.6939666666666667,0.0026420456050975723,0.10576052,-0.01493664190667241
29,0.6939666666666667,0.0026005578732298893,0.10576052,-0.014934711131039778
29,0.6939666666666667,0.002537984073773178,0.10576052,-0.014925645809795749
29,0.6939666666666667,0.002444242508121822,0.10576052,-0.014899504557447193
29,0.6939666666666667,0.0023060611289477664,0.10576052,-0.014834646854270031
29,0.6939666666666667,0.002200762717046753,0.10576052,-0.014761401825648683
29,0.6939666666666667,0.0020529719067606178,0.10576052,-0.014598892092601316
29,0.6939666666666667,0.001922421436934718,0.10576052,-0.014381933401357417
29,0.6939666666666667,0.0018045157013257319,0.10576052,-0.014161749468907277
29,0.6939666666666667,0.0016984557028457555,0.10576052,-0.013938544092206006
29,0.6939666666666667,0.0016057607465634553,0.10576052,-0.01371192974825563
29,0.6939666666666667,0.0014455876663337821,0.10576052,-0.013252269104938314
29,0.6939666666666667,0.0012979049686108594,0.10576052,-0.012789422590281086
29,0.6939666666666667,0.0011603429006680614,0.10576052,-0.012323994647525805
29,0.6939666666666667,0.0010320903594009992,0.10576052,-0.011856192161460232
29,0.6939666666666667,0.0009117944974676539,0.10576052,-0.011386360197383358
29,0.6939666666666667,0.0007981508915919379,0.10576052,-0.010914831469263567
29,0.6939666666666667,0.0006898884100430946,0.10576052,-0.01044193019952944
29,0.6939666666666667,0.000585793424668662,0.10576052,-0.009967965943404454
29,0.6939666666666667,0.0004848853481334856,0.10576052,-0.009493188815333526
29,0.6939666666666667,0.0003862562292013096,0.10576052,-0.009017830402765634
29,0.6939666666666667,0.00028899206362763665,0.10576052,-0.008542123837066096
29,0.6939666666666667,0.0001921788471679715,0.10576052,-0.008066302249600229
29,0.6939666666666667,9.505390078385799e-05,0.10576052,-0.00759056017382518
29,0.6939666666666667,-2.4493586153616527e-06,0.10576052,-0.007114914592820543
29,0.6939666666666667,-0.00010020381785661196,0.10576052,-0.00663933308434346
29,0.6939666666666667,-0.00019808539027093728,0.10576052,-0.006163783998109235
29,0.6939666666666667,-0.0002959639361811428,0.10576052,-0.005688234139916846
29,0.6939666666666667,-0.0003937395809512395,0.10576052,-0.005212658035146905
29,0.6939666666666667,-0.0004914092980771059,0.10576052,-0.004737054911841249
29,0.6939666666666667,-0.0005890154586164344,0.10576052,-0.004261435577414164
29,0.6939666666666667,-0.0006865853011063122,0.10576052,-0.0037858069794891227
29,0.6939666666666667,-0.0007841551435961908,0.10576052,-0.003310178381564076
29,0.6939666666666667,-0.0008817552511272775,0.10576052,-0.0028345575032206645
29,0.6939666666666667,-0.0009793825971954524,0.10576052,-0.0023589435725007227
29,0.6939666666666667,-0.001077028102288352,0.10576052,-0.00188333427352976
29,0.6939666666666667,-0.0011746796603894932,0.10576052,-0.0014077265184751254
29,0.6939666666666667,-0.001272334244994755,0.10576052,-0.0009321195353786532
29,0.6939666666666667,-0.001369979750087655,0.10576052,-0.00045651023640769055
29,0.6939666666666667,-0.001467619202172313,0.10576052,1.9100606479598506e-05
29,0.6939666666666667,-0.00156525562775285,0.10576052,0.0004947122213250499
29,0.6939666666666667,-0.0016628860003251454,0.10576052,0.0009703253800868259
29,0.6939666666666667,-0.0017605193994015612,0.10576052,0.001445937766890443
29,0.6939666666666667,-0.001858152798477977,0.10576052,0.0019215501536940568
29,0.6939666666666667,-0.0019557892240585147,0.10576052,0.00239716176853951
29,0.6939666666666667,-0.0020534256496390515,0.10576052,0.0028727733833849595
29,0.6939666666666667,-0.0021510620752195884,0.10576052,0.003348384998230416
29,0.6939666666666667,-0.0022486985008001253,0.10576052,0.0038239966130758658
29,0.6939666666666667,-0.002346334926380663,0.10576052,0.004299608227921319
29,0.6939666666666667,-0.0024439713519612007,0.10576052,0.0047752198427667685
29,0.6939666666666667,-0.0025416077775417367,0.10576052,0.005250831457612222
29,0.6939666666666667,-0.0026392442031222744,0.10576052,0.005726443072457675
29,0.6939666666666667,-0.0027368806287028113,0.10576052,0.006202054687303128
29,0.6939666666666667,-0.002834517054283349,0.10576052,0.0066776663021485775
29,0.6939666666666667,-0.002932153479863885,0.10576052,0.007153277916994027
29,0.6939666666666667,-0.003029789905444422,0.10576052,0.007628889531839477
29,0.6939666666666667,-0.003078609631486751,0.10576052,0.007866694953283125
29,0.6939666666666667,-0.00312742935752908,0.10576052,0.00810450037472677
29,0.6939666666666667,-0.0031762460570672886,0.10576052,0.008342306568128574
29,0.6939666666666667,-0.0032250627566054956,0.10576052,0.008580112761530383
30,0.7172333333333334,-0.003207129302113824,0.10930635999999999,0.008454916311376771
30,0.7172333333333334,-0.0030807936415507987,0.10930635999999999,0.008241799039271927
30,0.7172333333333334,-0.002954610270425515,0.10930635999999999,0.008028644113752582
30,0.7172333333333334,-0.002828754907319984,0.10930635999999999,0.007815408088571243
30,0.7172333333333334,-0.0027033944848871144,0.10930635999999999,0.0076020496897927885
30,0.7172333333333334,-0.0024547851916485305,0.10930635999999999,0.007174810813161802
30,0.7172333333333334,-0.0022093681193164627,0.10930635999999999,0.006746782663034634
30,0.7172333333333334,-0.0019670202648835065,0.10930635999999999,0.006317995651784522
30,0.7172333333333334,-0.0017276098394131498,0.10930635999999999,0.005888482364097097
30,0.7172333333333334,-0.001491177843907867,0.10930635999999999,0.005458232662514606
30,0.7172333333333334,-0.00125782970951686,0.10930635999999999,0.005027220479288556
30,0.7172333333333334,-0.0010276650101032694,0.10930635999999999,0.004595421194878692
30,0.7172333333333334,-0.0008007745336011344,0.10930635999999999,0.00416281236205715
30,0.7172333333333334,-0.0005772402820153908,0.10930635999999999,0.003729373705908423
30,0.7172333333333334,-0.0003571061849915449,0.10930635999999999,0.003295094364870639
30,0.7172333333333334,-0.00014041031488902771,0.10930635999999999,0.002859964925590177
30,0.7172333333333334,7.281218457575551e-05,0.10930635999999999,0.0024239766988175294
30,0.7172333333333334,0.0002825378842585377,0.10930635999999999,0.0019871238917197123
30,0.7172333333333334,0.0004887023540125811,0.10930635999999999,0.0015493905740059655
30,0.7172333333333334,0.0006910273727497055,0.10930635999999999,0.0011107079557844193
30,0.7172333333333334,0.0008891732178780217,0.10930635999999999,0.0006709920409765837
30,0.7172333333333334,0.0010828001668056458,0.10930635999999999,0.0002301588335039649
30,0.7172333333333334,0.0012715802115128238,0.10930635999999999,-0.00021187276629543
30,0.7172333333333334,0.0014552058444810391,0.10930635999999999,-0.0006551787893547198
30,0.7172333333333334,0.0016335921350623195,0.10930635999999999,-0.0010997802346935266
30,0.7172333333333334,0.0018067156541123975,0.10930635999999999,-0.001545682895144852
30,0.7172333333333334,0.001974570544345206,0.10930635999999999,-0.001992888218916947
30,0.7172333333333334,0.002137136305259511,0.10930635999999999,-0.0024414012747386825
30,0.7172333333333334,0.0022943514353516072,0.10930635999999999,-0.002891237268796686
30,0.7172333333333334,0.002445870354743544,0.10930635999999999,-0.0033424816453776953
30,0.7172333333333334,0.002591218623263892,0.10930635999999999,-0.0037952517093499567
30,0.7172333333333334,0.0027299305866703245,0.10930635999999999,-0.0042496625932693325
30,0.7172333333333334,0.002861534733434449,0.10930635999999999,-0.004705830877899938
30,0.7172333333333334,0.002985656197247977,0.10930635999999999,-0.005163849248569767
30,0.7172333333333334,0.0031026142002015603,0.10930635999999999,-0.005623638777929202
30,0.7172333333333334,0.003213009114117066,0.10930635999999999,-0.006085051024632625
30,0.7172333333333334,0.003317444239459395,0.10930635999999999,-0.006547936823230302
30,0.7172333333333334,0.0034165170194073832,0.10930635999999999,-0.007012148456480747
30,0.7172333333333334,0.0035105086036922462,0.10930635999999999,-0.007477616410387962
30,0.7172333333333334,0.0035975065884131067,0.10930635999999999,-0.007944813524945535
30,0.7172333333333334,0.0036746760471135353,0.10930635999999999,-0.008414440732946409
30,0.7172333333333334,0.0037391264091194663,0.10930635999999999,-0.008887212725161898
30,0.7172333333333334,0.0037878909590379622,0.10930635999999999,-0.009363863019070568
30,0.7172333333333334,0.003818251916133934,0.10930635999999999,-0.009845063583300364
30,0.7172333333333334,0.003829679196018317,0.10930635999999999,-0.0103309454806979
30,0.7172333333333334,0.0038224598057083944,0.10930635999999999,-0.01082143774905893
30,0.7172333333333334,0.003795299284983359,0.10930635999999999,-0.011316860442406679
30,0.7172333333333334,0.003744513400907066,0.10930635999999999,-0.011818124483730322
30,0.7172333333333334,0.0036660518401641817,0.10930635999999999,-0.012326231309034654
30,0.7172333333333334,0.0035551877728986344,0.10930635999999999,-0.012842349622377326
30,0.7172333333333334,0.003480867456021292,0.10930635999999999,-0.013105078888602463
30,0.7172333333333334,0.003387065805685096,0.10930635999999999,-0.013372624895466706
30,0.7172333333333334,0.0032651550395133514,0.10930635999999999,-0.013647120853722126
30,0.7172333333333334,0.003098108026909278,0.10930635999999999,-0.013932776704751128
30,0.7172333333333334,0.002923557273648001,0.10930635999999999,-0.014171417120199746
30,0.7172333333333334,0.0028255806353729477,0.10930635999999999,-0.014293383204396588
30,0.7172333333333334,0.0027074520043843687,0.10930635999999999,-0.014420331849077143
30,0.7172333333333334,0.002627427390699308,0.10930635999999999,-0.014488988584639621
30,0.7172333333333334,0.0025723398938418273,0.10930635999999999,-0.01452704427840399
30,0.7172333333333334,0.0025345341802236973,0.10930635999999999,-0.014548609386139966
30,0.7172333333333334,0.0024688799999999997,0.10930635999999999,-0.01457706
30,0.7172333333333334,0.002329265590005564,0.10930635999999999,-0.014599361844257037
30,0.7172333333333334,0.002289172327575583,0.10930635999999999,-0.014597057182140352
30,0.7172333333333334,0.0022287277854044552,0.10930635999999999,-0.014587566672000757
30,0.7172333333333334,0.002138229229820847,0.10930635999999999,-0.01456107162321706
30,0.7172333333333334,0.002004939713669373,0.10930635999999999,-0.014496285869454386
30,0.7172333333333334,0.0019034699040768946,0.10930635999999999,-0.014423632724374235
30,0.7172333333333334,0.0017613054851231653,0.10930635999999999,-0.014263299825413172
30,0.7172333333333334,0.0016360358506243345,0.10930635999999999,-0.014049918979406845
30,0.7172333333333334,0.0015230020867194737,0.10930635999999999,-0.013833512826366518
30,0.7172333333333334,0.0014214310316477384,0.10930635999999999,-0.013614272529781176
30,0.7172333333333334,0.0013327928642119468,0.10930635999999999,-0.013391834589380095
30,0.7172333333333334,0.0011799179830954993,0.10930635999999999,-0.012940925473008931
30,0.7172333333333334,0.001039129611778313,0.10930635999999999,-0.012487027978914138
30,0.7172333333333334,0.0009081346227651568,0.10930635999999999,-0.012030709080625545
30,0.7172333333333334,0.0007861481397230517,0.10930635999999999,-0.011572162838048634
30,0.7172333333333334,0.0006718610592160224,0.10930635999999999,-0.011111712925727255
30,0.7172333333333334,0.0005640111360966302,0.10930635999999999,-0.010649671432539259
30,0.7172333333333334,0.0004613683402908031,0.10930635999999999,-0.010186342482217116
30,0.7172333333333334,0.0003627582859421089,0.10930635999999999,-0.009722016440514932
30,0.7172333333333334,0.0002672320927076914,0.10930635999999999,-0.009256927917169186
30,0.7172333333333334,0.0001739111676775009,0.10930635999999999,-0.00879129414341736
30,0.7172333333333334,8.191106065541954e-05,0.10930635999999999,-0.008325333798705183
30,0.7172333333333334,-9.652678554670103e-06,0.10930635999999999,-0.007859265562478393
30,0.7172333333333334,-0.00010151806799721082,0.10930635999999999,-0.0073932719089764695
30,0.7172333333333334,-0.0001937495378189387,0.10930635999999999,-0.006927368768490165
30,0.7172333333333334,-0.00028622408501244746,0.10930635999999999,-0.006461525728646233
30,0.7172333333333334,-0.00037882163521336335,0.10930635999999999,-0.005995713101175543
30,0.7172333333333334,-0.00047141625677124587,0.10930635999999999,-0.00552989974960073
30,0.7172333333333334,-0.0005639113044659883,0.10930635999999999,-0.005064061778485672
30,0.7172333333333334,-0.000656303849654559,0.10930635999999999,-0.004598198463726239
30,0.7172333333333334,-0.0007486348933394261,0.10930635999999999,-0.004132319942780181
30,0.7172333333333334,-0.0008409307933078909,0.10930635999999999,-0.0036664327325846274
30,0.7172333333333334,-0.0009332266932763561,0.10930635999999999,-0.0032005455223890703
30,0.7172333333333334,-0.001025551879675156,0.10930635999999999,-0.0027346655532347625
30,0.7172333333333334,-0.0011179034238612577,0.10930635999999999,-0.00226879210101758
30,0.7172333333333334,-0.0012102725399055604,0.10930635999999999,-0.001802922993425148
30,0.7172333333333334,-0.00130264751323593,0.10930635999999999,-0.001337055334040967
30,0.7172333333333334,-0.0013950254152093329,0.10930635999999999,-0.0008711883987609081
30,0.7172333333333334,-0.0014873945312536352,0.10930635999999999,-0.0004053192911684777
30,0.7172333333333334,-0.0015797577900118712,0.10930635999999999,6.0551264632207474e-05
30,0.7172333333333334,-0.0016721181201270734,0.10930635999999999,0.000526422544537013
30,0.7172333333333334,-0.0017644725929562089,0.10930635999999999,0.0009922952726500699
30,0.7172333333333334,-0.0018568299944283773,0.10930635999999999,0.0014581672766590045
30,0.7172333333333334,-0.0019491873959005456,0.10930635999999999,0.0019240392806679323
30,0.7172333333333334,-0.002041547726015748,0.10930635999999999,0.002389910560572743
30,0.7172333333333334,-0.002133908056130951,0.10930635999999999,0.0028557818404775503
30,0.7172333333333334,-0.0022262683862461522,0.10930635999999999,0.0033216531203823577
30,0.7172333333333334,-0.0023186287163613553,0.10930635999999999,0.0037875244002871684
30,0.7172333333333334,-0.0024109890464765566,0.10930635999999999,0.004253395680191972
30,0.7172333333333334,-0.002503349376591759,0.10930635999999999,0.00471926696009678
30,0.7172333333333334,-0.002595709706706961,0.10930635999999999,0.005185138240001587
30,0.7172333333333334,-0.0026880700368221624,0.10930635999999999,0.005651009519906394
30,0.7172333333333334,-0.0027804303669373654,0.10930635999999999,0.0061168807998112015
30,0.7172333333333334,-0.0028727906970525668,0.10930635999999999,0.006582752079716009
30,0.7172333333333334,-0.002965151027167768,0.10930635999999999,0.007048623359620813
30,0.7172333333333334,-0.0030575113572829703,0.10930635999999999,0.00751449463952562
30,0.7172333333333334,-0.0031036929866620887,0.10930635999999999,0.007747429917425965
30,0.7172333333333334,-0.0031498746160412063,0.10930635999999999,0.007980365195326303
30,0.7172333333333334,-0.003196053316777291,0.10930635999999999,0.008213301197330772
30,0.7172333333333334,-0.0032422320175133747,0.10930635999999999,0.008446237199335238
31,0.7405166666666668,-0.0032107970830399977,0.11285474000000001,0.008275383452680318
31,0.7405166666666668,-0.00309027787991886,0.11285474000000001,0.00806704056510548
31,0.7405166666666668,-0.002969905048642869,0.11285474000000001,0.007858662565668906
31,0.7405166666666668,-0.0028498474798025783,0.11285474000000001,0.007650208940683974
31,0.7405166666666668,-0.002730265619459013,0.11285474000000001,0.00744164120214838
31,0.7405166666666668,-0.002493131400701705,0.11285474000000001,0.007024018885609638
31,0.7405166666666668,-0.002259065361006124,0.11285474000000001,0.006605660570430598
31,0.7405166666666668,-0.002027949276958882,0.11285474000000001,0.006186594616191886
31,0.7405166666666668,-0.0017996564806170624,0.11285474000000001,0.005766851408158483
31,0.7405166666666668,-0.0015742263797851293,0.11285474000000001,0.005346421493136837
31,0.7405166666666668,-0.0013517603088174152,0.11285474000000001,0.004925280562914979
31,0.7405166666666668,-0.0011323539723819007,0.11285474000000001,0.004503405659737159
31,0.7405166666666668,-0.0009160946306170366,0.11285474000000001,0.004080775851531944
31,0.7405166666666668,-0.0007030610991317497,0.11285474000000001,0.0036573722319122558
31,0.7405166666666668,-0.0004932956005736775,0.11285474000000001,0.0032331846724564343
31,0.7405166666666668,-0.0002868347279041078,0.11285474000000001,0.0028082043951990383
31,0.7405166666666668,-8.371225924115036e-05,0.11285474000000001,0.0023824232974027533
31,0.7405166666666668,0.00011604928666978645,0.11285474000000001,0.001955835977242696
31,0.7405166666666668,0.00031238798327883413,0.11285474000000001,0.0015284275797004324
31,0.7405166666666668,0.0005050364204842825,0.11285474000000001,0.0011001339581054818
31,0.7405166666666668,0.0006936680764777271,0.11285474000000001,0.0006708767859970391
31,0.7405166666666668,0.0008779564294507649,0.11285474000000001,0.00024057773691430438
31,0.7405166666666668,0.0010575862169676948,0.11285474000000001,-0.00019083881469108416
31,0.7405166666666668,0.0012322618804950472,0.11285474000000001,-0.0006234437677707164
31,0.7405166666666668,0.0014019017895807217,0.11285474000000001,-0.0010572567039397861
31,0.7405166666666668,0.001566483425479312,0.11285474000000001,-0.0014922830250231854
31,0.7405166666666668,0.0017260011585044643,0.11285474000000001,-0.0019285240814771298
31,0.7405166666666668,0.0018804352847539498,0.11285474000000001,-0.0023659845998983946
31,0.7405166666666668,0.0020297266925210725,0.11285474000000001,-0.002804678760077296
31,0.7405166666666668,0.002173543230311078,0.11285474000000001,-0.003244686238930851
31,0.7405166666666668,0.002311428893529471,0.11285474000000001,-0.003686116423412952
31,0.7405166666666668,0.002442936122111283,0.11285474000000001,-0.004129076674793135
31,0.7405166666666668,0.0025676117263051953,0.11285474000000001,-0.004573675704797175
31,0.7405166666666668,0.0026850954061846946,0.11285474000000001,-0.0050199999426231955
31,0.7405166666666668,0.002795693979655952,0.11285474000000001,-0.005467975788407171
31,0.7405166666666668,0.002899984489570026,0.11285474000000001,-0.005917464820386471
31,0.7405166666666668,0.002998546793621152,0.11285474000000001,-0.006368327941570363
31,0.7405166666666668,0.003091955119817212,0.11285474000000001,-0.006820427405424335
31,0.7405166666666668,0.003180479693103094,0.11285474000000001,-0.007273698390049788
31,0.7405166666666668,0.003262282420884935,0.11285474000000001,-0.007728581819402793
31,0.7405166666666668,0.0033346385349684697,0.11285474000000001,-0.008185731314294183
31,0.7405166666666668,0.003394769785139089,0.11285474000000001,-0.008645813324868886
31,0.7405166666666668,0.003439824735259608,0.11285474000000001,-0.009109511857202702
31,0.7405166666666668,0.003467191210862798,0.11285474000000001,-0.009577453522982051
31,0.7405166666666668,0.0034763597253338204,0.11285474000000001,-0.010049760538494908
31,0.7405166666666668,0.0034676061333039133,0.11285474000000001,-0.010526366731386457
31,0.7405166666666668,0.00343968627408933,0.11285474000000001,-0.01100757055248148
31,0.7405166666666668,0.003389059074974795,0.11285474000000001,-0.011494221438742815
31,0.7405166666666668,0.003311831607848043,0.11285474000000001,-0.011987253230647097
31,0.7405166666666668,0.0032034607158231776,0.11285474000000001,-0.012487755746364454
31,0.7405166666666668,0.003131120938747804,0.11285474000000001,-0.01274236188792093
31,0.7405166666666668,0.0030400568248663707,0.11285474000000001,-0.013001459646867553
31,0.7405166666666668,0.0029219758461826884,0.11285474000000001,-0.013267038245217456
31,0.7405166666666668,0.002760512504472097,0.11285474000000001,-0.0135430234592043
31,0.7405166666666668,0.002592018471936358,0.11285474000000001,-0.013773244567095572
31,0.7405166666666668,0.002497486018703764,0.11285474000000001,-0.013890822404556481
31,0.7405166666666668,0.00238358462957783,0.11285474000000001,-0.014013046486644809
31,0.7405166666666668,0.002306488102404976,0.11285474000000001,-0.014078991135274855
31,0.7405166666666668,0.002253450433570625,0.11285474000000001,-0.01411543919628798
31,0.7405166666666668,0.0022170683886651096,0.11285474000000001,-0.01413602922609326
31,0.7405166666666668,0.0021539199999999997,0.11285474000000001,-0.014163039999999998
31,0.7405166666666668,0.002019776030466562,0.11285474000000001,-0.014183355964348724
31,0.7405166666666668,0.0019812860617364207,0.11285474000000001,-0.014180726327051037
31,0.7405166666666668,0.0019232809821248527,0.11285474000000001,-0.01417091533976369
31,0.7405166666666668,0.001836480450537989,0.11285474000000001,-0.014144286523087742
31,0.7405166666666668,0.0017087331826996068,0.11285474000000001,-0.014080029423818008
31,0.7405166666666668,0.0016115691859673337,0.11285474000000001,-0.01400843597112916
31,0.7405166666666668,0.0014756548180889812,0.11285474000000001,-0.013851236732005173
31,0.7405166666666668,0.0013561602178838695,0.11285474000000001,-0.013642648061398165
31,0.7405166666666668,0.001248426032467651,0.11285474000000001,-0.013431238287746053
31,0.7405166666666668,0.0011517091432418894,0.11285474000000001,-0.013217185671269973
31,0.7405166666666668,0.0010674226014808844,0.11285474000000001,-0.013000151247458522
31,0.7405166666666668,0.0009223027913004391,0.11285474000000001,-0.012560456399220061
31,0.7405166666666668,0.0007887998389069166,0.11285474000000001,-0.012117974884570126
31,0.7405166666666668,0.0006647097220935901,0.11285474000000001,-0.01167323540711913
31,0.7405166666666668,0.0005492780628893195,0.11285474000000001,-0.011226418928000652
31,0.7405166666666668,0.00044124662639447943,0.11285474000000001,-0.010777827274180026
31,0.7405166666666668,0.0003394022152002588,0.11285474000000001,-0.010327751468972819
31,0.7405166666666668,0.00024256259517278084,0.11285474000000001,-0.009876475108185383
31,0.7405166666666668,0.00014959901419851198,0.11285474000000001,-0.009424268958289975
31,0.7405166666666668,5.9599463088461264e-05,0.11285474000000001,-0.008971351793194353
31,0.7405166666666668,-2.8280511110139774e-05,0.11285474000000001,-0.008517926181331624
31,0.7405166666666668,-0.00011489099103641166,0.11285474000000001,-0.008064196041591122
31,0.7405166666666668,-0.00020108205932947492,0.11285474000000001,-0.0076103652928621755
31,0.7405166666666668,-0.00028756305646965514,0.11285474000000001,-0.007156604092628596
31,0.7405166666666668,-0.00037439590900682296,0.11285474000000001,-0.006702927295908814
31,0.7405166666666668,-0.0004614623935275896,0.11285474000000001,-0.006249306543122193
31,0.7405166666666668,-0.0005486471014617446,0.11285474000000001,-0.005795714149916203
31,0.7405166666666668,-0.0006358289945527233,0.11285474000000001,-0.005342121081482106
31,0.7405166666666668,-0.0007229151829757216,0.11285474000000001,-0.0048885050552922565
31,0.7405166666666668,-0.0008099028518875635,0.11285474000000001,-0.004434865396118542
31,0.7405166666666668,-0.0008968314090927118,0.11285474000000001,-0.00398121155715451
31,0.7405166666666668,-0.000983726188179749,0.11285474000000001,-0.0035275496154531585
31,0.7405166666666668,-0.0010706209672667866,0.11285474000000001,-0.0030738876737518017
31,0.7405166666666668,-0.001157543894785583,0.11285474000000001,-0.002620232484331549
31,0.7405166666666668,-0.001244492155892962,0.11285474000000001,-0.0021665833719642907
31,0.7405166666666668,-0.0013314573060593969,0.11285474000000001,-0.0017129383109656948
31,0.7405166666666668,-0.0014184280859121834,0.11285474000000001,-0.0012592946004233215
31,0.7405166666666668,-0.0015054016806081458,0.11285474000000001,-0.000805651565109056
31,0.7405166666666668,-0.0015923668307745802,0.11285474000000001,-0.00035200650411046017
31,0.7405166666666668,-0.0016793263512546635,0.11285474000000001,0.00010163990734435649
31,0.7405166666666668,-0.0017662830568915705,0.11285474000000001,0.0005552869940272844
31,0.7405166666666668,-0.0018532341328421254,0.11285474000000001,0.0010089354311664314
31,0.7405166666666668,-0.0019401880236358574,0.11285474000000001,0.0014625831930774671
31,0.7405166666666668,-0.0020271419144295877,0.11285474000000001,0.0019162309549885029
31,0.7405166666666668,-0.002114098620066495,0.11285474000000001,0.0023698780416714325
31,0.7405166666666668,-0.0022010553257034017,0.11285474000000001,0.002823525128354362
31,0.7405166666666668,-0.002288012031340309,0.11285474000000001,0.0032771722150372884
31,0.7405166666666668,-0.0023749687369772165,0.11285474000000001,0.0037308193017202146
31,0.7405166666666668,-0.002461925442614124,0.11285474000000001,0.004184466388403144
31,0.7405166666666668,-0.0025488821482510297,0.11285474000000001,0.004638113475086067
31,0.7405166666666668,-0.002635838853887937,0.11285474000000001,0.005091760561768993
31,0.7405166666666668,-0.0027227955595248445,0.11285474000000001,0.005545407648451923
31,0.7405166666666668,-0.002809752265161752,0.11285474000000001,0.0059990547351348525
31,0.7405166666666668,-0.0028967089707986585,0.11285474000000001,0.006452701821817782
31,0.7405166666666668,-0.002983665676435565,0.11285474000000001,0.006906348908500701
31,0.7405166666666668,-0.0030706223820724725,0.11285474000000001,0.007359995995183628
31,0.7405166666666668,-0.0031141021423125143,0.11285474000000001,0.007586819200911039
31,0.7405166666666668,-0.0031575819025525553,0.11285474000000001,0.007813642406638448
31,0.7405166666666668,-0.0032010588479494217,0.11285474000000001,0.008040466287593966
31,0.7405166666666668,-0.0032445357933462873,0.11285474000000001,0.008267290168549487
32,0.7638,-0.0031944672736342627,0.11640311999999998,0.008053505062249711
32,0.7638,-0.003080218527388542,0.11640311999999998,0.007851212315959727
32,0.7638,-0.00296610951259055,0.11640311999999998,0.007648887024091455
32,0.7638,-0.0028523014578338197,0.11640311999999998,0.0074464916340545445
32,0.7638,-0.0027389475302822086,0.11640311999999998,0.007243990470888195
32,0.7638,-0.002514177105444605,0.11640311999999998,0.006838536887594941
32,0.7638,-0.002292335666722854,0.11640311999999998,0.006432401098910568
32,0.7638,-0.002073310354101478,0.11640311999999998,0.006025609391648312
32,0.7638,-0.001856980246135329,0.11640311999999998,0.005618189930250924
32,0.7638,-0.0016433829628295662,0.11640311999999998,0.005210133952447328
32,0.7638,-0.0014326152413403066,0.11640311999999998,0.004801418926683319
32,0.7638,-0.001224768444537222,0.11640311999999998,0.004392023573157711
32,0.7638,-0.0010199258738603028,0.11640311999999998,0.003981928489698826
32,0.7638,-0.0008181627693198633,0.11640311999999998,0.003571116151764503
32,0.7638,-0.0006195194380642882,0.11640311999999998,0.0031595771712071667
32,0.7638,-0.00042403081295551035,0.11640311999999998,0.0027473034116322383
32,0.7638,-0.00023172913971223393,0.11640311999999998,0.002334287362521649
32,0.7638,-4.263591548026588e-05,0.11640311999999998,0.0019205240168633612
32,0.7638,0.00014318974258943217,0.11640311999999998,0.0015059996053742447
32,0.7638,0.0003254925558904345,0.11640311999999998,0.0010906546697862698
32,0.7638,0.0005039608158085764,0.11640311999999998,0.0006744166084247834
32,0.7638,0.0006782828137296931,0.11640311999999998,0.00025721281961513416
32,0.7638,0.0008481575896125246,0.11640311999999998,-0.00016102679481130693
32,0.7638,0.0010133029934183864,0.11640311999999998,-0.0005803679518876278
32,0.7638,0.0011736410979937386,0.11640311999999998,-0.0010008288020324878
32,0.7638,0.0013291504061927763,0.11640311999999998,-0.0014224143522579401
32,0.7638,0.0014798255437290485,0.11640311999999998,-0.0018451258543169934
32,0.7638,0.001625647700599977,0.11640311999999998,-0.0022689676893451836
32,0.7638,0.001766560446797824,0.11640311999999998,-0.002693953000749129
32,0.7638,0.0019022466994219759,0.11640311999999998,-0.0031201556419564944
32,0.7638,0.002032271141269893,0.11640311999999998,-0.003547677004961187
32,0.7638,0.002156206516568712,0.11640311999999998,-0.003976616604127601
32,0.7638,0.0022736201952591197,0.11640311999999998,-0.00440707520557314
32,0.7638,0.0023841682230082467,0.11640311999999998,-0.004839132921490524
32,0.7638,0.0024881434984276767,0.11640311999999998,-0.005272721531340639
32,0.7638,0.0025860968858786477,0.11640311999999998,-0.005707712730439834
32,0.7638,0.002678581936865624,0.11640311999999998,-0.006143977588227952
32,0.7638,0.002766146828606617,0.11640311999999998,-0.006581388425897851
32,0.7638,0.00284904952685128,0.11640311999999998,-0.0070198851593049885
32,0.7638,0.002925535327073328,0.11640311999999998,-0.007459876485807534
32,0.7638,0.0029930030746304283,0.11640311999999998,-0.007901968253862917
32,0.7638,0.003048800559158964,0.11640311999999998,-0.008346778203582183
32,0.7638,0.0030902057045714493,0.11640311999999998,-0.008794940347865515
32,0.7638,0.003114724841954576,0.11640311999999998,-0.009247035500110128
32,0.7638,0.003121871598384519,0.11640311999999998,-0.009703176943963531
32,0.7638,0.003111909313897381,0.11640311999999998,-0.01016330334352818
32,0.7638,0.00308365027118747,0.11640311999999998,-0.010627691336219552
32,0.7638,0.0030337140440770427,0.11640311999999998,-0.011097128274681713
32,0.7638,0.0029583843134851633,0.11640311999999998,-0.011572479746121923
32,0.7638,0.002853324030245793,0.11640311999999998,-0.012054755915220247
32,0.7638,0.0027834631583929193,0.11640311999999998,-0.012299930590292364
32,0.7638,0.0026957274098036842,0.11640311999999998,-0.012549268595879825
32,0.7638,0.002582200460535615,0.11640311999999998,-0.012804613764168169
32,0.7638,0.0024272592598753614,0.11640311999999998,-0.013069604941161033
32,0.7638,0.0022657669084862175,0.11640311999999998,-0.013290341377538751
32,0.7638,0.002175201911445484,0.11640311999999998,-0.013402996548479122
32,0.7638,0.0020661466818697374,0.11640311999999998,-0.013519958375654624
32,0.7638,0.001992387183016599,0.11640311999999998,-0.013582918687393052
32,0.7638,0.0019416753638365084,0.11640311999999998,-0.013617620542574914
32,0.7638,0.001906903704384134,0.11640311999999998,-0.013637164541441515
32,0.7638,0.00184658,0.11640311999999998,-0.01366266
32,0.7638,0.0017185618357052983,0.11640311999999998,-0.013681032225719992
32,0.7638,0.0016818581725012542,0.11640311999999998,-0.013678135916026214
32,0.7638,0.0016265648785766024,0.11640311999999998,-0.013668124263114314
32,0.7638,0.001543862775978836,0.11640311999999998,-0.013641606236791757
32,0.7638,0.0014222321339275217,0.11640311999999998,-0.013578374655870196
32,0.7638,0.001329797303021814,0.11640311999999998,-0.01350834292671514
32,0.7638,0.0012006912374270223,0.11640311999999998,-0.01335529127916053
32,0.7638,0.0010874206113154023,0.11640311999999998,-0.013152770713822502
32,0.7638,0.0009853768696001322,0.11640311999999998,-0.01294763523644402
32,0.7638,0.0008938506064696669,0.11640311999999998,-0.012740050078422565
32,0.7638,0.0008141907678232325,0.11640311999999998,-0.01252970104975232
32,0.7638,0.000677260367885651,0.11640311999999998,-0.012103788189367054
32,0.7638,0.0005514198080399163,0.11640311999999998,-0.01167529233664312
32,0.7638,0.0004345650551404231,0.11640311999999998,-0.011244703552884412
32,0.7638,0.0003259759548027226,0.11640311999999998,-0.010812189572994436
32,0.7638,0.00022445135400499488,0.11640311999999998,-0.010378030163771201
32,0.7638,0.00012883309401702688,0.11640311999999998,-0.009942495077988629
32,0.7638,3.799257468408779e-05,0.11640311999999998,-0.009505847183779073
32,0.7638,-4.914774842726811e-05,0.11640311999999998,-0.009068337457621287
32,0.7638,-0.00013345850972211947,0.11640311999999998,-0.008630168683503091
32,0.7638,-0.00021574585216813102,0.11640311999999998,-0.008191528624376169
32,0.7638,-0.00029682129301942,0.11640311999999998,-0.007752606294945212
32,0.7638,-0.0003774963495301008,0.11640311999999998,-0.00731359070991492
32,0.7638,-0.000458448181793014,0.11640311999999998,-0.006874639590164705
32,0.7638,-0.0005397359069591215,0.11640311999999998,-0.006435766704977693
32,0.7638,-0.0006212466650129486,0.11640311999999998,-0.005996945767540648
32,0.7638,-0.0007028702830822495,0.11640311999999998,-0.005558151116916836
32,0.7638,-0.000784491214008325,0.11640311999999998,-0.00511935584041652
32,0.7638,-0.000866020782064731,0.11640311999999998,-0.004680539284115014
32,0.7638,-0.0009474563001082435,0.11640311999999998,-0.00424170082213581
32,0.7638,-0.0010288353881440196,0.11640311999999998,-0.00380284921674999
32,0.7638,-0.0011101822304610885,0.11640311999999998,-0.0033639901008460996
32,0.7638,-0.0011915290727781574,0.11640311999999998,-0.0029251309849422126
32,0.7638,-0.0012729027865274818,0.11640311999999998,-0.0024862781278033787
32,0.7638,-0.0013543006845658364,0.11640311999999998,-0.0020474309035530963
32,0.7638,-0.0014357147054635442,0.11640311999999998,-0.0016085874345618464
32,0.7638,-0.0015171341006477031,0.11640311999999998,-0.001169745217323612
32,0.7638,-0.0015985561829750874,0.11640311999999998,-0.0007309036259618793
32,0.7638,-0.0016799702038727956,0.11640311999999998,-0.0002920601569706312
32,0.7638,-0.0017613788504840522,0.11640311999999998,0.00014678456377362897
32,0.7638,-0.0018427848099520838,0.11640311999999998,0.0005856299103943943
32,0.7638,-0.0019241853951336642,0.11640311999999998,0.0010244765087681715
32,0.7638,-0.002005588667458469,0.11640311999999998,0.0014633224812654402
32,0.7638,-0.002086991939783275,0.11640311999999998,0.0019021684537627107
32,0.7638,-0.0021683978992513057,0.11640311999999998,0.0023410138003834777
32,0.7638,-0.0022498038587193373,0.11640311999999998,0.0027798591470042412
32,0.7638,-0.002331209818187368,0.11640311999999998,0.0032187044936250082
32,0.7638,-0.0024126157776553996,0.11640311999999998,0.0036575498402457753
32,0.7638,-0.002494021737123431,0.11640311999999998,0.004096395186866539
32,0.7638,-0.002575427696591461,0.11640311999999998,0.004535240533487302
32,0.7638,-0.0026568336560594936,0.11640311999999998,0.004974085880108066
32,0.7638,-0.0027382396155275243,0.11640311999999998,0.005412931226728836
32,0.7638,-0.002819645574995555,0.11640311999999998,0.0058517765733496
32,0.7638,-0.0029010515344635875,0.11640311999999998,0.0062906219199703635
32,0.7638,-0.0029824574939316174,0.11640311999999998,0.006729467266591127
32,0.7638,-0.003063863453399649,0.11640311999999998,0.007168312613211894
32,0.7638,-0.003104567776705277,0.11640311999999998,0.007387734973584022
32,0.7638,-0.0031452721000109047,0.11640311999999998,0.007607157333956154
32,0.7638,-0.0031859737361733084,0.11640311999999998,0.00782658032020479
32,0.7638,-0.0032266753723357113,0.11640311999999998,0.008046003306453425
33,0.7870666666666668,-0.003158807189776164,0.11994896000000001,0.007784555371720105
33,0.7870666666666668,-0.0030512794134284326,0.11994896000000001,0.0075897176662697505
33,0.7870666666666668,-0.0029438840539473335,0.11994896000000001,0.007394849993811455
33,0.7870666666666668,-0.002836773900025135,0.11994896000000001,0.007199917777028379
33,0.7870666666666668,-0.0027300941009194904,0.11994896000000001,0.007004888167469501
33,0.7870666666666668,-0.0025185705134936195,0.11994896000000001,0.006614413444260926
33,0.7870666666666668,-0.0023098225873106138,0.11994896000000001,0.006223310566462897
33,0.7870666666666668,-0.002103743370285887,0.11994896000000001,0.005831603738197206
33,0.7870666666666668,-0.0019002182709002364,0.11994896000000001,0.005439318892451493
33,0.7870666666666668,-0.0016992829398485246,0.11994896000000001,0.005046447961185162
33,0.7870666666666668,-0.0015010290503461147,0.11994896000000001,0.004652970198008099
33,0.7870666666666668,-0.001305543182651956,0.11994896000000001,0.004258866009107423
33,0.7870666666666668,-0.0011129042775903885,0.11994896000000001,0.0038641175295360992
33,0.7870666666666668,-0.0009231836365511351,0.11994896000000001,0.003468708623212923
33,0.7870666666666668,-0.000736419456707265,0.11994896000000001,0.0030726306458086876
33,0.7870666666666668,-0.0005526448422754351,0.11994896000000001,0.002675876105571403
33,0.7870666666666668,-0.00037189035099409874,0.11994896000000001,0.0022784380870377024
33,0.7870666666666668,-0.00019417635468889187,0.11994896000000001,0.00188031197989867
33,0.7870666666666668,-1.9558875880313405e-05,0.11994896000000001,0.0014814851058048018
33,0.7870666666666668,0.00015172017000221363,0.11994896000000001,0.0010819027173377422
33,0.7870666666666668,0.0003193653914869703,0.11994896000000001,0.000681497965018249
33,0.7870666666666668,0.00048308139710224064,0.11994896000000001,0.00028020399936707664
33,0.7870666666666668,0.0006425829812891234,0.11994896000000001,-0.00012204372394056077
33,0.7870666666666668,0.0007976027638361492,0.11994896000000001,-0.0005253057152091525
33,0.7870666666666668,0.0009480668968753893,0.11994896000000001,-0.0009295986868085096
33,0.7870666666666668,0.001093955008581209,0.11994896000000001,-0.0013349272490475479
33,0.7870666666666668,0.0012352620059971982,0.11994896000000001,-0.0017412925545034954
33,0.7870666666666668,0.0013719700637759263,0.11994896000000001,-0.002148698637196647
33,0.7870666666666668,0.0015040257058750986,0.11994896000000001,-0.002557157599187905
33,0.7870666666666668,0.0016311284478665903,0.11994896000000001,-0.002966737442533743
33,0.7870666666666668,0.0017528657602812758,0.11994896000000001,-0.003377531525989654
33,0.7870666666666668,0.001868832753084647,0.11994896000000001,-0.003789631479445294
33,0.7870666666666668,0.0019786194432857844,0.11994896000000001,-0.004203130085367546
33,0.7870666666666668,0.002081899881674518,0.11994896000000001,-0.004618101108699027
33,0.7870666666666668,0.002178951634375133,0.11994896000000001,-0.00503448173398079
33,0.7870666666666668,0.0022702967294195454,0.11994896000000001,-0.005452153822046926
33,0.7870666666666668,0.0023564597413178734,0.11994896000000001,-0.005870998657442917
33,0.7870666666666668,0.0024379601516238292,0.11994896000000001,-0.006290898677291471
33,0.7870666666666668,0.0025150424222450396,0.11994896000000001,-0.006711798557885623
33,0.7870666666666668,0.002586043702913991,0.11994896000000001,-0.007134074615690436
33,0.7870666666666668,0.002648499002728762,0.11994896000000001,-0.0075582846980844325
33,0.7870666666666668,0.0026998949477015487,0.11994896000000001,-0.007984997601929809
33,0.7870666666666668,0.0027376519554112265,0.11994896000000001,-0.008414797107592728
33,0.7870666666666668,0.002759406894084055,0.11994896000000001,-0.008848218010907148
33,0.7870666666666668,0.002764698851165026,0.11994896000000001,-0.009285364620112233
33,0.7870666666666668,0.002753777381518176,0.11994896000000001,-0.009726180458923797
33,0.7870666666666668,0.0027255169417771336,0.11994896000000001,-0.010170920246909305
33,0.7870666666666668,0.0026767140623606823,0.11994896000000001,-0.010620308955145395
33,0.7870666666666668,0.002603846963912049,0.11994896000000001,-0.011075143590785475
33,0.7870666666666668,0.00250280563060923,0.11994896000000001,-0.011536354283652833
33,0.7870666666666668,0.002435861452778132,0.11994896000000001,-0.011770676403503658
33,0.7870666666666668,0.0023519781019309413,0.11994896000000001,-0.012008831995216003
33,0.7870666666666668,0.002243653653277309,0.11994896000000001,-0.012252518805047236
33,0.7870666666666668,0.0020960828825364814,0.11994896000000001,-0.012505087375000196
33,0.7870666666666668,0.0019424519654274621,0.11994896000000001,-0.012715192982902643
33,0.7870666666666668,0.0018563316755138423,0.11994896000000001,-0.012822351545450077
33,0.7870666666666668,0.0017526890690753077,0.11994896000000001,-0.012933475549951676
33,0.7870666666666668,0.001682642621346694,0.11994896000000001,-0.012993162049814154
33,0.7870666666666668,0.0016345114009249102,0.11994896000000001,-0.01302597174538688
33,0.7870666666666668,0.0016015229310855775,0.11994896000000001,-0.013044395908477325
33,0.7870666666666668,0.0015443199999999999,0.11994896000000001,-0.013068299999999998
33,0.7870666666666668,0.0014230402737347183,0.11994896000000001,-0.013084787977445127
33,0.7870666666666668,0.0013882949698135214,0.11994896000000001,-0.013081692515203228
33,0.7870666666666668,0.0013359701715474175,0.11994896000000001,-0.013071616829171248
33,0.7870666666666668,0.0012577453793429288,0.11994896000000001,-0.013045485310157954
33,0.7870666666666668,0.0011427779248846654,0.11994896000000001,-0.012983834530606388
33,0.7870666666666668,0.0010554779561178997,0.11994896000000001,-0.01291592237526177
33,0.7870666666666668,0.0009337225342833989,0.11994896000000001,-0.01276813892325109
33,0.7870666666666668,0.0008271216760020927,0.11994896000000001,-0.012573091448745174
33,0.7870666666666668,0.0007311600036590358,0.11994896000000001,-0.01237563624040922
33,0.7870666666666668,0.0006451652470082495,0.11994896000000001,-0.012175925438437367
33,0.7870666666666668,0.0005704157381083751,0.11994896000000001,-0.011973669745945301
33,0.7870666666666668,0.0004421339767082175,0.11994896000000001,-0.01156435672422783
33,0.7870666666666668,0.00032436153085788153,0.11994896000000001,-0.011152665359399643
33,0.7870666666666668,0.00021510450812327222,0.11994896000000001,-0.01073904688544564
33,0.7870666666666668,0.00011368045234559296,0.11994896000000001,-0.010323655747714423
33,0.7870666666666668,1.895108776744903e-05,0.11994896000000001,-0.00990674954721653
33,0.7870666666666668,-7.018111771728416e-05,0.11994896000000001,-0.009488576664344672
33,0.7870666666666668,-0.00015478568495448067,0.11994896000000001,-0.009069379140316802
33,0.7870666666666668,-0.00023588375170413068,0.11994896000000001,-0.00864938806686721
33,0.7870666666666668,-0.0003143003769044805,0.11994896000000001,-0.008228790161506887
33,0.7870666666666668,-0.0003907995040168691,0.11994896000000001,-0.007807758310820087
33,0.7870666666666668,-0.0004661501694590449,0.11994896000000001,-0.007386466553968291
33,0.7870666666666668,-0.0005411214096487547,0.11994896000000001,-0.006965088930112984
33,0.7870666666666668,-0.0006163549370935253,0.11994896000000001,-0.0065437706639849364
33,0.7870666666666668,-0.0006919067743138532,0.11994896000000001,-0.006122524433933662
33,0.7870666666666668,-0.0007676699692251521,0.11994896000000001,-0.005701326035837364
33,0.7870666666666668,-0.0008435401162210385,0.11994896000000001,-0.005280151841862861
33,0.7870666666666668,-0.0009194077167387199,0.11994896000000001,-0.004858977071599744
33,0.7870666666666668,-0.0009951887369974495,0.11994896000000001,-0.004437782707523747
33,0.7870666666666668,-0.0010708806305190232,0.11994896000000001,-0.004016568173346252
33,0.7870666666666668,-0.001146519047998303,0.11994896000000001,-0.0035953415371078584
33,0.7870666666666668,-0.0012221269077391298,0.11994896000000001,-0.003174107985406096
33,0.7870666666666668,-0.0012977347674799561,0.11994896000000001,-0.0027528744337043318
33,0.7870666666666668,-0.0013733680920028268,0.11994896000000001,-0.0023316466448887116
33,0.7870666666666668,-0.0014490243348295386,0.11994896000000001,-0.0019104240426706161
33,0.7870666666666668,-0.0015246958565254766,0.11994896000000001,-0.0014892048981842085
33,0.7870666666666668,-0.0016003724711778227,0.11994896000000001,-0.001067986906275029
33,0.7870666666666668,-0.0016760516323083739,0.11994896000000001,-0.0006467694906544651
33,0.7870666666666668,-0.0017517231540043123,0.11994896000000001,-0.00022555034616805573
33,0.7870666666666668,-0.0018273895827438417,0.11994896000000001,0.00019566995089558177
33,0.7870666666666668,-0.0019030534650051661,0.11994896000000001,0.0006168908242478333
33,0.7870666666666668,-0.0019787122543100813,0.11994896000000001,0.0010381128501773113
33,0.7870666666666668,-0.0020543735900932017,0.11994896000000001,0.0014593342998181751
33,0.7870666666666668,-0.002130034925876322,0.11994896000000001,0.0018805557494590425
33,0.7870666666666668,-0.002205698808137646,0.11994896000000001,0.002301776622811294
33,0.7870666666666668,-0.002281362690398971,0.11994896000000001,0.0027229974961635456
33,0.7870666666666668,-0.002357026572660296,0.11994896000000001,0.003144218369515797
33,0.7870666666666668,-0.00243269045492162,0.11994896000000001,0.0035654392428680487
33,0.7870666666666668,-0.002508354337182944,0.11994896000000001,0.003986660116220297
33,0.7870666666666668,-0.0025840182194442687,0.11994896000000001,0.004407880989572545
33,0.7870666666666668,-0.0026596821017055928,0.11994896000000001,0.004829101862924796
33,0.7870666666666668,-0.0027353459839669185,0.11994896000000001,0.005250322736277048
33,0.7870666666666668,-0.0028110098662282425,0.11994896000000001,0.0056715436096292995
33,0.7870666666666668,-0.0028866737484895665,0.11994896000000001,0.006092764482981551
33,0.7870666666666668,-0.0029623376307508914,0.11994896000000001,0.006513985356333803
33,0.7870666666666668,-0.0030380015130122163,0.11994896000000001,0.006935206229686054
33,0.7870666666666668,-0.0030758347273819805,0.11994896000000001,0.007145816378217873
33,0.7870666666666668,-0.003113667941751745,0.11994896000000001,0.007356426526749688
33,0.7870666666666668,-0.0031514986096433054,0.11994896000000001,0.0075670372515701245
33,0.7870666666666668,-0.003189329277534865,0.11994896000000001,0.007777647976390557
34,0.8103500000000001,-0.0031007658275578535,0.12349734,0.007461073674629313
34,0.8103500000000001,-0.0030005054992389246,0.12349734,0.007275150856281897
34,0.8103500000000001,-0.002900369400155096,0.12349734,0.0070892007048170835
34,0.8103500000000001,-0.002800500871731485,0.12349734,0.006903191682022483
34,0.8103500000000001,-0.002701036088321954,0.12349734,0.006717093826596337
34,0.8103500000000001,-0.0025038290076280457,0.12349734,0.006344519131558556
34,0.8103500000000001,-0.0023092259628237606,0.12349734,0.005971371492329142
34,0.8103500000000001,-0.002117126614911516,0.12349734,0.005597672985656749
34,0.8103500000000001,-0.001927423457822474,0.12349734,0.005223447265200666
34,0.8103500000000001,-0.0017401499378891625,0.12349734,0.004848686972044675
34,0.8103500000000001,-0.0015553920599666524,0.12349734,0.00447337318326135
34,0.8103500000000001,-0.0013732310508625086,0.12349734,0.0040974880271969945
34,0.8103500000000001,-0.0011937409703130417,0.12349734,0.003721015209108551
34,0.8103500000000001,-0.0010169887109833073,0.12349734,0.003343940011163577
34,0.8103500000000001,-0.0008430101082295828,0.12349734,0.002966254548808965
34,0.8103500000000001,-0.0006718362193606456,0.12349734,0.0025879519887653767
34,0.8103500000000001,-0.0005034957126615169,0.12349734,0.002209026023390329
34,0.8103500000000001,-0.00033800770032221404,0.12349734,0.001829472447588838
34,0.8103500000000001,-0.0001754247408652797,0.12349734,0.0014492796973497018
34,0.8103500000000001,-1.5973791547147344e-05,0.12349734,0.0010683978371699692
34,0.8103500000000001,0.00014006802087695568,0.12349734,0.0006867658931723718
34,0.8103500000000001,0.00029242356965180467,0.12349734,0.0003043228914796324
34,0.8103500000000001,0.0004408252841171796,0.12349734,-7.89900392380357e-05
34,0.8103500000000001,0.000585022316779128,0.12349734,-0.00046322809085230093
34,0.8103500000000001,0.0007249453859488417,0.12349734,-0.0008484065068324817
34,0.8103500000000001,0.0008605753794363067,0.12349734,-0.0012345294922735655
34,0.8103500000000001,0.0009919075191940183,0.12349734,-0.0016215980984492975
34,0.8103500000000001,0.0011189250820557123,0.12349734,-0.002009616004817789
34,0.8103500000000001,0.001241577898522599,0.12349734,-0.002398594249753373
34,0.8103500000000001,0.001359584063791948,0.12349734,-0.0027885948584070747
34,0.8103500000000001,0.001472556556015944,0.12349734,-0.0031797029839523306
34,0.8103500000000001,0.001580115520418027,0.12349734,-0.003572002202651952
34,0.8103500000000001,0.0016818763241741334,0.12349734,-0.003965577142042511
34,0.8103500000000001,0.001777533172244015,0.12349734,-0.004360495083643756
34,0.8103500000000001,0.0018673464682166334,0.12349734,-0.004756698733036524
34,0.8103500000000001,0.0019518059619611369,0.12349734,-0.005154080334661834
34,0.8103500000000001,0.002031403792370428,0.12349734,-0.005552531607323838
34,0.8103500000000001,0.002106627320289903,0.12349734,-0.005951945321100428
34,0.8103500000000001,0.0021777058919997504,0.12349734,-0.006352271014851788
34,0.8103500000000001,0.002243079474989947,0.12349734,-0.006753851929456033
34,0.8103500000000001,0.002300435494268608,0.12349734,-0.007157196881406292
34,0.8103500000000001,0.0023474159833925612,0.12349734,-0.007562824674296283
34,0.8103500000000001,0.0023816008613010845,0.12349734,-0.007971267778278422
34,0.8103500000000001,0.002400773113952371,0.12349734,-0.008383013984370913
34,0.8103500000000001,0.002404500328047317,0.12349734,-0.008798158432847786
34,0.8103500000000001,0.0023930166279136143,0.12349734,-0.009216649611295476
34,0.8103500000000001,0.0023652660650529023,0.12349734,-0.009638719851211883
34,0.8103500000000001,0.0023182432475852307,0.12349734,-0.010065030403783324
34,0.8103500000000001,0.0022486441556616565,0.12349734,-0.010496308224805248
34,0.8103500000000001,0.002152612904946536,0.12349734,-0.01093340169219079
34,0.8103500000000001,0.0020891892709007914,0.12349734,-0.011155338520896408
34,0.8103500000000001,0.002009873850857093,0.12349734,-0.01138077188608167
34,0.8103500000000001,0.0019076285808422037,0.12349734,-0.01161125031397463
34,0.8103500000000001,0.0017685636767623013,0.12349734,-0.011849829857355302
34,0.8103500000000001,0.0016239370916836745,0.12349734,-0.01204803663917659
34,0.8103500000000001,0.0015428943063547456,0.12349734,-0.012149060707221422
34,0.8103500000000001,0.0014454126485886666,0.12349734,-0.012253701682589829
34,0.8103500000000001,0.0013795735767129398,0.12349734,-0.012309784153374574
34,0.8103500000000001,0.0013343565410119272,0.12349734,-0.01234053110457106
34,0.8103500000000001,0.0013033768839345974,0.12349734,-0.012357746411772532
34,0.8103500000000001,0.00124968,0.12349734,-0.012379959999999999
34,0.8103500000000001,0.001135930209160606,0.12349734,-0.012394588300205815
34,0.8103500000000001,0.0011033642234598877,0.12349734,-0.01239135440819106
34,0.8103500000000001,0.0010543366611703282,0.12349734,-0.012381343306000202
34,0.8103500000000001,0.0009810724360651674,0.12349734,-0.01235586656778667
34,0.8103500000000001,0.0008734611827740681,0.12349734,-0.012296350466697338
34,0.8103500000000001,0.0007918066725478771,0.12349734,-0.012231123320982133
34,0.8103500000000001,0.000678074672995907,0.12349734,-0.012089761013161828
34,0.8103500000000001,0.0005786839493226864,0.12349734,-0.011903646862992617
34,0.8103500000000001,0.0004892745668851016,0.12349734,-0.011715336601967729
34,0.8103500000000001,0.00040921582341263906,0.12349734,-0.011524968998221656
34,0.8103500000000001,0.0003397070088287759,0.12349734,-0.01133228018204412
34,0.8103500000000001,0.00022059472556227536,0.12349734,-0.010942522943262648
34,0.8103500000000001,0.00011134194332006143,0.12349734,-0.01055059640110603
34,0.8103500000000001,1.0078056504359955e-05,0.12349734,-0.010156912129245873
34,0.8103500000000001,-8.383719325035215e-05,0.12349734,-0.009761610998364163
34,0.8103500000000001,-0.000171471699561194,0.12349734,-0.009364927968143158
34,0.8103500000000001,-0.0002538551316652554,0.12349734,-0.00896708958807515
34,0.8103500000000001,-0.0003319908795383548,0.12349734,-0.00856831662564683
34,0.8103500000000001,-0.0004068369417050226,0.12349734,-0.008168819861244297
34,0.8103500000000001,-0.00047916736186088974,0.12349734,-0.007768769601214422
34,0.8103500000000001,-0.0005496988471315404,0.12349734,-0.00736832353661913
34,0.8103500000000001,-0.000619152882690063,0.12349734,-0.006967640409794083
34,0.8103500000000001,-0.0006882509537095454,0.12349734,-0.00656687896307495
34,0.8103500000000001,-0.0007575950941754784,0.12349734,-0.006166171656953742
34,0.8103500000000001,-0.0008272378626104047,0.12349734,-0.0057655300554416665
34,0.8103500000000001,-0.0008970789200167428,0.12349734,-0.0053649320817900584
34,0.8103500000000001,-0.0009670203164206621,0.12349734,-0.004964356184887117
34,0.8103500000000001,-0.0010369593238008304,0.12349734,-0.004563779762347304
34,0.8103500000000001,-0.0011068171043734317,0.12349734,-0.0041631854681538055
34,0.8103500000000001,-0.0011765912691147152,0.12349734,-0.0037625727766697516
34,0.8103500000000001,-0.001246315264357208,0.12349734,-0.003361949046811358
34,0.8103500000000001,-0.0013160105913146767,0.12349734,-0.002961319009310492
34,0.8103500000000001,-0.0013857059182721464,0.12349734,-0.002560688971809626
34,0.8103500000000001,-0.0014554251354671347,0.12349734,-0.002160064190677491
34,0.8103500000000001,-0.0015251658538758912,0.12349734,-0.0017594441402772106
34,0.8103500000000001,-0.0015949209064271591,0.12349734,-0.001358827243698171
34,0.8103500000000001,-0.0016646807370259303,0.12349734,-0.0009582113983928782
34,0.8103500000000001,-0.0017344429566484546,0.12349734,-0.000557596078724458
34,0.8103500000000001,-0.001804198009199722,0.12349734,-0.0001569791821454166
34,0.8103500000000001,-0.0018739482837034863,0.12349734,0.00024363876570736992
34,0.8103500000000001,-0.0019436961691834983,0.12349734,0.000644257239197029
34,0.8103500000000001,-0.0020134392766160067,0.12349734,0.0010448767639604367
34,0.8103500000000001,-0.002083184773072266,0.12349734,0.001445495763086965
34,0.8103500000000001,-0.0021529302695285266,0.12349734,0.0018461147622134983
34,0.8103500000000001,-0.0022226781550085386,0.12349734,0.0022467332357031574
34,0.8103500000000001,-0.0022924260404885506,0.12349734,0.0026473517091928165
34,0.8103500000000001,-0.002362173925968563,0.12349734,0.003047970182682479
34,0.8103500000000001,-0.0024319218114485746,0.12349734,0.0034485886561721364
34,0.8103500000000001,-0.0025016696969285867,0.12349734,0.0038492071296617955
34,0.8103500000000001,-0.0025714175824085987,0.12349734,0.004249825603151455
34,0.8103500000000001,-0.0026411654678886107,0.12349734,0.004650444076641114
34,0.8103500000000001,-0.0027109133533686227,0.12349734,0.005051062550130769
34,0.8103500000000001,-0.002780661238848635,0.12349734,0.005451681023620435
34,0.8103500000000001,-0.0028504091243286476,0.12349734,0.0058522994971100945
34,0.8103500000000001,-0.0029201570098086583,0.12349734,0.006252917970599747
34,0.8103500000000001,-0.0029899048952886707,0.12349734,0.006653536444089413
34,0.8103500000000001,-0.0030247800325405526,0.12349734,0.006853845418015803
34,0.8103500000000001,-0.0030596551697924346,0.12349734,0.007054154391942197
34,0.8103500000000001,-0.003094527918020565,0.12349734,0.007254463891505462
34,0.8103500000000001,-0.0031294006662486956,0.12349734,0.007454773391068727
35,0.8336166666666667,-0.0030248297116405747,0.12704317999999998,0.007083226107772907
35,0.8336166666666667,-0.00293231019004752,0.12704317999999998,0.006907771136359899
35,0.8336166666666667,-0.0028399060100441713,0.12704317999999998,0.006732291480382738
35,0.8336166666666667,-0.0027477502580801954,0.12704317999999998,0.006556758657652033
35,0.8336166666666667,-0.0026559693662827704,0.12704317999999998,0.006381145610087836
35,0.8336166666666667,-0.0024740068381913748,0.12704317999999998,0.0060295772539834605
35,0.8336166666666667,-0.002294462047268862,0.12704317999999998,0.005677491471438277
35,0.8336166666666667,-0.0021172418330004683,0.12704317999999998,0.005324908199984858
35,0.8336166666666667,-0.0019422463805489451,0.12704317999999998,0.00497184880126526
35,0.8336166666666667,-0.0017695067434192143,0.12704317999999998,0.004618306629435288
35,0.8336166666666667,-0.0015991027734810746,0.12704317999999998,0.004264264595181297
35,0.8336166666666667,-0.0014311098863893342,0.12704317999999998,0.003909706558595972
35,0.8336166666666667,-0.0012655968434763195,0.12704317999999998,0.00355461780388144
35,0.8336166666666667,-0.0011026257517518742,0.12704317999999998,0.003198985039349322
35,0.8336166666666667,-0.0009422298828284129,0.12704317999999998,0.0028428011444522634
35,0.8336166666666667,-0.0007844380721033626,0.12704317999999998,0.002486059948049228
35,0.8336166666666667,-0.0006292769368666562,0.12704317999999998,0.0021287557537023345
35,0.8336166666666667,-0.00047676422197824987,0.12704317999999998,0.0017708847637863331
35,0.8336166666666667,-0.0003269487258030192,0.12704317999999998,0.001412436534831774
35,0.8336166666666667,-0.00018004116855293076,0.12704317999999998,0.0010533659700387669
35,0.8336166666666667,-3.6298850697333795e-05,0.12704317999999998,0.000693618003841134
35,0.8336166666666667,0.00010402092729442237,0.12704317999999998,0.0003331375706727025
35,0.8336166666666667,0.00024066973738296642,0.12704317999999998,-2.8128496220084648e-05
35,0.8336166666666667,0.0003734146782813876,0.12704317999999998,-0.0003902300406686803
35,0.8336166666666667,0.0005021914248723485,0.12704317999999998,-0.0007531808290646286
35,0.8336166666666667,0.0006269822322958943,0.12704317999999998,-0.0011169846590331819
35,0.8336166666666667,0.0007477826643370362,0.12704317999999998,-0.001481642479980656
35,0.8336166666666667,0.0008645771942433141,0.12704317999999998,-0.0018471576148291497
35,0.8336166666666667,0.000977319241757345,0.12704317999999998,-0.002213540032344948
35,0.8336166666666667,0.0010857470701947907,0.12704317999999998,-0.002580845747500546
35,0.8336166666666667,0.0011895013461415615,0.12704317999999998,-0.0029491516622073295
35,0.8336166666666667,0.001288229390506049,0.12704317999999998,-0.0033185332542672204
35,0.8336166666666667,0.0013815740879816562,0.12704317999999998,-0.0036890669508884387
35,0.8336166666666667,0.0014692515208091033,0.12704317999999998,-0.004060813514075051
35,0.8336166666666667,0.0015515034627052774,0.12704317999999998,-0.0044337212011829755
35,0.8336166666666667,0.0016287846257065273,0.12704317999999998,-0.004807692698065083
35,0.8336166666666667,0.001701551939956698,0.12704317999999998,-0.005182630215871096
35,0.8336166666666667,0.0017702578993846444,0.12704317999999998,-0.005558436915157042
35,0.8336166666666667,0.001835115442309828,0.12704317999999998,-0.005935067224419879
35,0.8336166666666667,0.001894676144538413,0.12704317999999998,-0.006312831124820937
35,0.8336166666666667,0.0019467928780158325,0.12704317999999998,-0.006692188129015913
35,0.8336166666666667,0.0019892763706451243,0.12704317999999998,-0.007073606769020475
35,0.8336166666666667,0.0020198796795344743,0.12704317999999998,-0.007457567919132373
35,0.8336166666666667,0.0020365444009290906,0.12704317999999998,-0.00784451210388103
35,0.8336166666666667,0.0020388690573724887,0.12704317999999998,-0.008234525244537813
35,0.8336166666666667,0.0020270710233991187,0.12704317999999998,-0.008627560820193364
35,0.8336166666666667,0.002000169895496461,0.12704317999999998,-0.009023828649642948
35,0.8336166666666667,0.0019553752944365755,0.12704317999999998,-0.009423925909457703
35,0.8336166666666667,0.001889619577554724,0.12704317999999998,-0.009828509114103363
35,0.8336166666666667,0.0017993227193549642,0.12704317999999998,-0.010238344434474852
35,0.8336166666666667,0.0017398686059700288,0.12704317999999998,-0.010446323692669792
35,0.8336166666666667,0.0016656596415324254,0.12704317999999998,-0.010657460676263162
35,0.8336166666666667,0.001570161281363686,0.12704317999999998,-0.010873153860754627
35,0.8336166666666667,0.0014404774484914394,0.12704317999999998,-0.011096163170297295
35,0.8336166666666667,0.0013057434204970424,0.12704317999999998,-0.011281202221030656
35,0.8336166666666667,0.0012302714417153503,0.12704317999999998,-0.011375456311731952
35,0.8336166666666667,0.0011395366652647747,0.12704317999999998,-0.011472976834854565
35,0.8336166666666667,0.0010782942817021523,0.12704317999999998,-0.011525134546908438
35,0.8336166666666667,0.001036255381593479,0.12704317999999998,-0.011553656937434535
35,0.8336166666666667,0.001007463682878807,0.12704317999999998,-0.011569581492558694
35,0.8336166666666667,0.0009575799999999999,0.12704317999999998,-0.01159002
35,0.8336166666666667,0.000851996528597155,0.12704317999999998,-0.011602853436812442
35,0.8336166666666667,0.0008217887860686018,0.12704317999999998,-0.011599555510953593
35,0.8336166666666667,0.0007763255636311644,0.12704317999999998,-0.011589759685256516
35,0.8336166666666667,0.0007084164202255537,0.12704317999999998,-0.011565242039205193
35,0.8336166666666667,0.000608731104497912,0.12704317999999998,-0.011508473832679752
35,0.8336166666666667,0.0005331455266967954,0.12704317999999998,-0.011446547976356665
35,0.8336166666666667,0.0004280045378181011,0.12704317999999998,-0.011312845223802465
35,0.8336166666666667,0.00033629240735300243,0.12704317999999998,-0.011137217460440413
35,0.8336166666666667,0.00025384752999945673,0.12704317999999998,-0.01095960638728963
35,0.8336166666666667,0.00018008432537894542,0.12704317999999998,-0.010780137325983487
35,0.8336166666666667,0.00011611628345365149,0.12704317999999998,-0.010598571975537317
35,0.8336166666666667,6.661471246303843e-06,0.12704317999999998,-0.010231486047943276
35,0.8336166666666667,-9.363921133170481e-05,0.12704317999999998,-0.009862441020421494
35,0.8336166666666667,-0.00018652254244847985,0.12704317999999998,-0.009491808585543679
35,0.8336166666666667,-0.00027258297491251796,0.12704317999999998,-0.009119715963755824
35,0.8336166666666667,-0.00035281200277381,0.12704317999999998,-0.008746375347368981
35,0.8336166666666667,-0.0004281656303624367,0.12704317999999998,-0.008371991333443693
35,0.8336166666666667,-0.0004995754628260425,0.12704317999999998,-0.007996763297305774
35,0.8336166666666667,-0.0005679309612698756,0.12704317999999998,-0.007620881594921068
35,0.8336166666666667,-0.0006339507925221182,0.12704317999999998,-0.007244500030112347
35,0.8336166666666667,-0.000698300388831087,0.12704317999999998,-0.006867761013826622
35,0.8336166666666667,-0.0007616496186600865,0.12704317999999998,-0.006490807906417224
35,0.8336166666666667,-0.0008246683504724222,0.12704317999999998,-0.006113784068237474
35,0.8336166666666667,-0.0008879155473566798,0.12704317999999998,-0.005736809124482867
35,0.8336166666666667,-0.0009514400076777362,0.12704317999999998,-0.005359893518622847
35,0.8336166666666667,-0.0010151485709208262,0.12704317999999998,-0.004983017313124836
35,0.8336166666666667,-0.0010789502946786812,0.12704317999999998,-0.004606161045159404
35,0.8336166666666667,-0.0011427498003290415,0.12704317999999998,-0.004229304302490818
35,0.8336166666666667,-0.0012064738903245923,0.12704317999999998,-0.003852431419914903
35,0.8336166666666667,-0.0012701203465578402,0.12704317999999998,-0.0034755419227285016
35,0.8336166666666667,-0.0013337202225337055,0.12704317999999998,-0.0030986424567758103
35,0.8336166666666667,-0.0013972934812196383,0.12704317999999998,-0.0027217372943852385
35,0.8336166666666667,-0.0014608667399055712,0.12704317999999998,-0.0023448321319946668
35,0.8336166666666667,-0.0015244621796664483,0.12704317999999998,-0.0019679317166356614
35,0.8336166666666667,-0.0015880775823947741,0.12704317999999998,-0.0015910355736050655
35,0.8336166666666667,-0.0016517062937680665,0.12704317999999998,-0.0012141422787934134
35,0.8336166666666667,-0.0017153394413563475,0.12704317999999998,-0.0008372499333880734
35,0.8336166666666667,-0.001778974807052123,0.12704317999999998,-0.0004603580626858887
35,0.8336166666666667,-0.0018426035184254154,0.12704317999999998,-8.346476787423479e-05
35,0.8336166666666667,-0.001906227793583719,0.12704317999999998,0.0002934294763437314
35,0.8336166666666667,-0.0019698498506345286,0.12704317999999998,0.000670324195264858
35,0.8336166666666667,-0.0020334674714703495,0.12704317999999998,0.0010472198635922952
35,0.8336166666666667,-0.002097087310413664,0.12704317999999998,0.0014241150572165736
35,0.8336166666666667,-0.0021607071493569786,0.12704317999999998,0.0018010102508408538
35,0.8336166666666667,-0.002224329206407788,0.12704317999999998,0.0021779049697619804
35,0.8336166666666667,-0.0022879512634585977,0.12704317999999998,0.0025547996886831036
35,0.8336166666666667,-0.0023515733205094072,0.12704317999999998,0.0029316944076042285
35,0.8336166666666667,-0.002415195377560216,0.12704317999999998,0.0033085891265253516
35,0.8336166666666667,-0.0024788174346110255,0.12704317999999998,0.0036854838454464765
35,0.8336166666666667,-0.0025424394916618346,0.12704317999999998,0.004062378564367596
35,0.8336166666666667,-0.0026060615487126437,0.12704317999999998,0.004439273283288723
35,0.8336166666666667,-0.0026696836057634532,0.12704317999999998,0.0048161680022098495
35,0.8336166666666667,-0.0027333056628142624,0.12704317999999998,0.005193062721130973
35,0.8336166666666667,-0.002796927719865072,0.12704317999999998,0.005569957440052096
35,0.8336166666666667,-0.002860549776915881,0.12704317999999998,0.005946852158973219
35,0.8336166666666667,-0.00292417183396669,0.12704317999999998,0.006323746877894342
35,0.8336166666666667,-0.002955983971545842,0.12704317999999998,0.00651219400000333
35,0.8336166666666667,-0.0029877961091249942,0.12704317999999998,0.00670064112211231
35,0.8336166666666667,-0.0030196060285966526,0.12704317999999998,0.006889088718924453
35,0.8336166666666667,-0.0030514159480683084,0.12704317999999998,0.007077536315736592
36,0.8569000000000001,-0.0029182744266397585,0.13059156,0.006645480147888188
36,0.8569000000000001,-0.002834152847028434,0.13059156,0.006482083193208242
36,0.8569000000000001,-0.0027501368420110453,0.13059156,0.006318664312427844
36,0.8569000000000001,-0.002666348228426752,0.13059156,0.0061551982062003265
36,0.8569000000000001,-0.0025829027322727544,0.13059156,0.005991660840146346
36,0.8569000000000001,-0.002417475572315304,0.13059156,0.005664282094222548
36,0.8569000000000001,-0.0022542614182692244,0.13059156,0.00533644374350087
36,0.8569000000000001,-0.0020931749983471026,0.13059156,0.0050081634975239885
36,0.8569000000000001,-0.0019341249499195687,0.13059156,0.004679460330801898
36,0.8569000000000001,-0.0017771396969157628,0.13059156,0.00435032834015372
36,0.8569000000000001,-0.001622292329439178,0.13059156,0.004020752345971441
36,0.8569000000000001,-0.0014696518770320034,0.13059156,0.0036907180119586224
36,0.8569000000000001,-0.0013192812783944712,0.13059156,0.003360212266786143
36,0.8569000000000001,-0.0011712373813848552,0.13059156,0.003029223304092228
36,0.8569000000000001,-0.0010255506402129446,0.13059156,0.0026977447990402057
36,0.8569000000000001,-0.0008822474485272239,0.13059156,0.0023657712701049653
36,0.8569000000000001,-0.0007413521696955242,0.13059156,0.002033297657417171
36,0.8569000000000001,-0.0006028810459630673,0.13059156,0.0017003205877306003
36,0.8569000000000001,-0.00046687874350421,0.13059156,0.0013668307846181442
36,0.8569000000000001,-0.00033353813898095324,0.13059156,0.0010327881907808978
36,0.8569000000000001,-0.00020309474494900224,0.13059156,0.0006981438941486336
36,0.8569000000000001,-7.578407396406162e-05,0.13059156,0.0003628489826511174
36,0.8569000000000001,4.816648254077349e-05,0.13059156,2.6856230841228526e-05
36,0.8569000000000001,0.00016854374509697625,0.13059156,-0.0003098786351377128
36,0.8569000000000001,0.0002852888355656211,0.13059156,-0.0006473678433032565
36,0.8569000000000001,0.00039838551170148675,0.13059156,-0.0009856147669016387
36,0.8569000000000001,0.0005078297129432676,0.13059156,-0.001324620249244405
36,0.8569000000000001,0.0006136072273263955,0.13059156,-0.0016643872419220013
36,0.8569000000000001,0.0007156754189571652,0.13059156,-0.002004924599705766
36,0.8569000000000001,0.0008137947147185663,0.13059156,-0.0023462820779774855
36,0.8569000000000001,0.0009076362091448721,0.13059156,-0.0026885279849731755
36,0.8569000000000001,0.000996877087612314,0.13059156,-0.0030317293639615175
36,0.8569000000000001,0.001081190474935819,0.13059156,-0.0033759541015227473
36,0.8569000000000001,0.0011603164951918498,0.13059156,-0.003721256169596434
36,0.8569000000000001,0.0012344764489715433,0.13059156,-0.004067589607702788
36,0.8569000000000001,0.001304086543808689,0.13059156,-0.004414867976407347
36,0.8569000000000001,0.001369565017517729,0.13059156,-0.00476300441461987
36,0.8569000000000001,0.0014313260473518003,0.13059156,-0.005111912904561671
36,0.8569000000000001,0.0014895645402535555,0.13059156,-0.005461552967278075
36,0.8569000000000001,0.001542954722956826,0.13059156,-0.005812199943992033
36,0.8569000000000001,0.0015895312837898648,0.13059156,-0.0061642619974965175
36,0.8569000000000001,0.0016272903357485232,0.13059156,-0.006518155302044288
36,0.8569000000000001,0.001654175204531686,0.13059156,-0.006874306994938327
36,0.8569000000000001,0.0016683017896937105,0.13059156,-0.007233108372740495
36,0.8569000000000001,0.0016693026104364712,0.13059156,-0.007594635755146588
36,0.8569000000000001,0.0016573766342639254,0.13059156,-0.007958847819890374
36,0.8569000000000001,0.0016316264771276097,0.13059156,-0.008325930938825672
36,0.8569000000000001,0.0015894980459665135,0.13059156,-0.00869641555492104
36,0.8569000000000001,0.0015281834626380475,0.13059156,-0.009070884818117273
36,0.8569000000000001,0.001444405854168863,0.13059156,-0.00945001928083985
36,0.8569000000000001,0.0013894227548651224,0.13059156,-0.009642305981140506
36,0.8569000000000001,0.0013209342286600754,0.13059156,-0.009837397535675549
36,0.8569000000000001,0.0012329590687510687,0.13059156,-0.010036536142366579
36,0.8569000000000001,0.0011136932234237012,0.13059156,-0.01024217330790613
36,0.8569000000000001,0.0009899175264445413,0.13059156,-0.010412573571554602
36,0.8569000000000001,0.000920611032450245,0.13059156,-0.010499314433591173
36,0.8569000000000001,0.0008373341772851895,0.13059156,-0.010588956709035261
36,0.8569000000000001,0.0007811650310717761,0.13059156,-0.010636795637159515
36,0.8569000000000001,0.0007426295883056474,0.13059156,-0.010662885574338225
36,0.8569000000000001,0.0007162477635157614,0.13059156,-0.010677408024773233
36,0.8569000000000001,0.00067056,0.13059156,-0.01069594
36,0.8569000000000001,0.0005739453925728011,0.13059156,-0.010706961878244086
36,0.8569000000000001,0.0005463237822833348,0.13059156,-0.01070365504984462
36,0.8569000000000001,0.000504766683583793,0.13059156,-0.010694199011447074
36,0.8569000000000001,0.0004427207085170692,0.13059156,-0.010670911412645031
36,0.8569000000000001,0.0003517020302149929,0.13059156,-0.010617467442419457
36,0.8569000000000001,0.0002827423512037609,0.13059156,-0.010559442182167336
36,0.8569000000000001,0.00018695537728471116,0.13059156,-0.010434641460960748
36,0.8569000000000001,0.00010357281983094436,0.13059156,-0.010271091023577657
36,0.8569000000000001,2.8672774943873163e-05,0.13059156,-0.010105778908354627
36,0.8569000000000001,-3.8280751468797365e-05,0.13059156,-0.009938816432417017
36,0.8569000000000001,-9.626855851944602e-05,0.13059156,-0.009769991924564337
36,0.8569000000000001,-0.0001953278742230155,0.13059156,-0.00942882967291777
36,0.8569000000000001,-0.00028600822167317366,0.13059156,-0.009085927247875939
36,0.8569000000000001,-0.000369899310620931,0.13059156,-0.008741614805912911
36,0.8569000000000001,-0.0004475452562811937,0.13059156,-0.008396005350777157
36,0.8569000000000001,-0.0005198535941056865,0.13059156,-0.008049287362601387
36,0.8569000000000001,-0.0005876993750556954,0.13059156,-0.00770164257502586
36,0.8569000000000001,-0.000651935317005325,0.13059156,-0.007353248083477281
36,0.8569000000000001,-0.0007133755624962803,0.13059156,-0.007004272971922576
36,0.8569000000000001,-0.0007726779224600147,0.13059156,-0.0066548538568337754
36,0.8569000000000001,-0.0008304514810923171,0.13059156,-0.006305117234944239
36,0.8569000000000001,-0.0008873093831502827,0.13059156,-0.0059551904462988815
36,0.8569000000000001,-0.0009438647733910062,0.13059156,-0.005605200830942625
36,0.8569000000000001,-0.0010006292825389506,0.13059156,-0.005255254646131487
36,0.8569000000000001,-0.0010576475767684742,0.13059156,-0.0049053611682925834
36,0.8569000000000001,-0.0011148343842921661,0.13059156,-0.004555502687883243
36,0.8569000000000001,-0.0011721064636032684,0.13059156,-0.004205661917016572
36,0.8569000000000001,-0.0012293765126337184,0.13059156,-0.0038558207244941247
36,0.8569000000000001,-0.0012865775321219788,0.13059156,-0.0035059651956752293
36,0.8569000000000001,-0.001343707491787397,0.13059156,-0.003156094908904108
36,0.8569000000000001,-0.00140079481555911,0.13059156,-0.0028062157673616507
36,0.8569000000000001,-0.0014578577759629915,0.13059156,-0.0024563315659498607
36,0.8569000000000001,-0.001514920736366873,0.13059156,-0.002106447364538069
36,0.8569000000000001,-0.0015720039995772803,0.13059156,-0.001756567379684059
36,0.8569000000000001,-0.001629105535313562,0.13059156,-0.0014066911897320459
36,0.8569000000000001,-0.0016862192527337591,0.13059156,-0.0010568175297147007
36,0.8569000000000001,-0.001743337030715262,0.13059156,-0.0007069447130089151
36,0.8569000000000001,-0.0018004568389774166,0.13059156,-0.00035707231795890394
36,0.8569000000000001,-0.0018575705563976138,0.13059156,-7.198657941560535e-06
36,0.8569000000000001,-0.0019146802132565058,0.13059156,0.0003426758453873406
36,0.8569000000000001,-0.001971787839834745,0.13059156,0.000692550770372018
36,0.8569000000000001,-0.002028891405851679,0.13059156,0.0010424265386682514
36,0.8569000000000001,-0.002085997002149266,0.13059156,0.0013923018853087051
36,0.8569000000000001,-0.002143102598446853,0.13059156,0.0017421772319491623
36,0.8569000000000001,-0.0022002102250250916,0.13059156,0.0020920521569338414
36,0.8569000000000001,-0.0022573178516033313,0.13059156,0.002441927081918517
36,0.8569000000000001,-0.00231442547818157,0.13059156,0.0027918020069031962
36,0.8569000000000001,-0.0023715331047598097,0.13059156,0.003141676931887872
36,0.8569000000000001,-0.0024286407313380493,0.13059156,0.003491551856872551
36,0.8569000000000001,-0.002485748357916288,0.13059156,0.0038414267818572267
36,0.8569000000000001,-0.0025428559844945277,0.13059156,0.004191301706841906
36,0.8569000000000001,-0.0025999636110727664,0.13059156,0.004541176631826583
36,0.8569000000000001,-0.002657071237651006,0.13059156,0.0048910515568112625
36,0.8569000000000001,-0.0027141788642292457,0.13059156,0.005240926481795938
36,0.8569000000000001,-0.0027712864908074845,0.13059156,0.005590801406780614
36,0.8569000000000001,-0.002828394117385724,0.13059156,0.005940676331765293
36,0.8569000000000001,-0.00285694894581517,0.13059156,0.006115613583429746
36,0.8569000000000001,-0.0028855037742446157,0.13059156,0.006290550835094192
36,0.8569000000000001,-0.0029140565723934095,0.13059156,0.006465488508414422
36,0.8569000000000001,-0.0029426093705422025,0.13059156,0.006640426181734651
37,0.8801666666666668,-0.002776151049312679,0.1341374,0.006148629111027695
37,0.8801666666666668,-0.0027010673000688865,0.1341374,0.005998978924770743
37,0.8801666666666668,-0.002626078625147199,0.1341374,0.005849309670029255
37,0.8801666666666668,-0.002551294725688506,0.1341374,0.005699599344705684
37,0.8801666666666668,-0.002476819817776653,0.1341374,0.005549827046807367
37,0.8801666666666668,-0.002329188243995972,0.1341374,0.00525001805913858
37,0.8801666666666668,-0.0021835495742747904,0.1341374,0.004949809366697748
37,0.8801666666666668,-0.0020398270178144844,0.1341374,0.004649216370953155
37,0.8801666666666668,-0.0018979382987593864,0.1341374,0.004348255573477953
37,0.8801666666666668,-0.0017579090140423714,0.1341374,0.004046921840449384
37,0.8801666666666668,-0.0016198049843479726,0.1341374,0.003745201970608925
37,0.8801666666666668,-0.001483688373656028,0.1341374,0.0034430834961012968
37,0.8801666666666668,-0.0013496158608893307,0.1341374,0.0031405550491761056
37,0.8801666666666668,-0.0012176386399136297,0.1341374,0.002837606362187828
37,0.8801666666666668,-0.0010877841360141462,0.1341374,0.0025342319346120783
37,0.8801666666666668,-0.0009600761177714079,0.1341374,0.0022304269993277254
37,0.8801666666666668,-0.0008345365254135912,0.1341374,0.0019261871559152557
37,0.8801666666666668,-0.0007111799857594824,0.1341374,0.0016215094707616642
37,0.8801666666666668,-0.0005900467225607416,0.1341374,0.001316385876431193
37,0.8801666666666668,-0.00047131042929044294,0.1341374,0.001010781536269387
37,0.8801666666666668,-0.00035518319482097377,0.1341374,0.0007046539128876643
37,0.8801666666666668,-0.0002418771080247223,0.1341374,0.00039796046889744446
37,0.8801666666666668,-0.00013159694436468155,0.1341374,9.066013371664301e-05
37,0.8801666666666668,-2.45346808374095e-05,0.1341374,-0.0002172855963254415
37,0.8801666666666668,7.925666033899728e-05,0.1341374,-0.0005258873555759533
37,0.8801666666666668,0.00017976245234575377,0.1341374,-0.0008351480776479011
37,0.8801666666666668,0.0002769790384781631,0.1341374,-0.0011450684959445363
37,0.8801666666666668,0.00037089362026978867,0.1341374,-0.0014556511773772367
37,0.8801666666666668,0.0004614678023213187,0.1341374,-0.0017669038226801447
37,0.8801666666666668,0.00054848583905567,0.1341374,-0.0020788697026450946
37,0.8801666666666668,0.00063165153739244,0.1341374,-0.002391608222935454
37,0.8801666666666668,0.0007106741893082706,0.1341374,-0.002705177689109717
37,0.8801666666666668,0.0007852594300751074,0.1341374,-0.003019637140129622
37,0.8801666666666668,0.0008551732305923856,0.1341374,-0.003335033513803266
37,0.8801666666666668,0.0009206148812660551,0.1341374,-0.0036513268396534413
37,0.8801666666666668,0.0009819591943274887,0.1341374,-0.003968441943846874
37,0.8801666666666668,0.0010395828103604093,0.1341374,-0.0042863032858486685
37,0.8801666666666668,0.0010938587132438414,0.1341374,-0.004604836058527169
37,0.8801666666666668,0.0011449624248032098,0.1341374,-0.00492400505852631
37,0.8801666666666668,0.0011917000309551622,0.1341374,-0.005244049742007693
37,0.8801666666666668,0.001232301686626677,0.1341374,-0.005565325076145021
37,0.8801666666666668,0.001264962808050116,0.1341374,-0.005888192995442889
37,0.8801666666666668,0.001287831274296789,0.1341374,-0.006213024968648161
37,0.8801666666666668,0.0012992103743876,0.1341374,-0.006540161294869513
37,0.8801666666666668,0.0012987691765475318,0.1341374,-0.006869668347101203
37,0.8801666666666668,0.0012866868593067035,0.1341374,-0.007201510188583907
37,0.8801666666666668,0.0012621552909272279,0.1341374,-0.0075358489014361995
37,0.8801666666666668,0.0012228744041551138,0.1341374,-0.007873145796303245
37,0.8801666666666668,0.0011663155876928512,0.1341374,-0.00821390802153343
37,0.8801666666666668,0.001089527880850503,0.1341374,-0.008558727433550678
37,0.8801666666666668,0.001039342068959846,0.1341374,-0.008733502181694441
37,0.8801666666666668,0.0009769940572492027,0.1341374,-0.008910716229052552
37,0.8801666666666668,0.0008970975197008827,0.1341374,-0.009091449878614408
37,0.8801666666666668,0.0007890224157626603,0.1341374,-0.009277835133631998
37,0.8801666666666668,0.0006770202503082331,0.1341374,-0.0094320661593575
37,0.8801666666666668,0.0006143383681008287,0.1341374,-0.009510521599960665
37,0.8801666666666668,0.0005390755933857084,0.1341374,-0.00959150031445047
37,0.8801666666666668,0.0004883586882723392,0.1341374,-0.009634614155230713
37,0.8801666666666668,0.00045358879200348113,0.1341374,-0.009658058672239275
37,0.8801666666666668,0.00042979729724108574,0.1341374,-0.00967106585324011
37,0.8801666666666668,0.00038861999999999995,0.1341374,-0.00968756
37,0.8801666666666668,0.0003016480811582786,0.1341374,-0.009696767970187445
37,0.8801666666666668,0.00027680723181186263,0.1341374,-0.009693514685729371
37,0.8801666666666668,0.00023945045629800342,0.1341374,-0.009684536181154188
37,0.8801666666666668,0.00018370971758718179,0.1341374,-0.00966277390923363
37,0.8801666666666668,0.00010201209991712824,0.1341374,-0.009613275795909397
37,0.8801666666666668,4.0179530509875446e-05,0.1341374,-0.009559793469421617
37,0.8801666666666668,-4.554364037553314e-05,0.1341374,-0.009445219024308935
37,0.8801666666666668,-0.00011996186936459342,0.1341374,-0.009295435358660219
37,0.8801666666666668,-0.000186741242243025,0.1341374,-0.009144119613619207
37,0.8801666666666668,-0.0002463644440307431,0.1341374,-0.008991368598415093
37,0.8801666666666668,-0.00029791364184896966,0.1341374,-0.008836998228831761
37,0.8801666666666668,-0.0003857782057205207,0.1341374,-0.008525202131719525
37,0.8801666666666668,-0.00046609715945119954,0.1341374,-0.008211892656997904
37,0.8801666666666668,-0.0005403021029296183,0.1341374,-0.007897356932039846
37,0.8801666666666668,-0.000608883034585085,0.1341374,-0.0075816932328810465
37,0.8801666666666668,-0.0006726572279172288,0.1341374,-0.007265065475148207
37,0.8801666666666668,-0.0007324127027881083,0.1341374,-0.006947631707242014
37,0.8801666666666668,-0.0007889173671839524,0.1341374,-0.006629545943845275
37,0.8801666666666668,-0.000842904390396375,0.1341374,-0.006310955232309908
37,0.8801666666666668,-0.0008949661585861809,0.1341374,-0.005991978383962649
37,0.8801666666666668,-0.0009456511774578193,0.1341374,-0.0056727254092912155
37,0.8801666666666668,-0.000995511609420436,0.1341374,-0.005353307052186578
37,0.8801666666666668,-0.001045099616883176,0.1341374,-0.005033834056539708
37,0.8801666666666668,-0.001094875944637777,0.1341374,-0.004714398831160288
37,0.8801666666666668,-0.0011448808164358987,0.1341374,-0.004395009443484083
37,0.8801666666666668,-0.0011950374414789176,0.1341374,-0.004075650492042815
37,0.8801666666666668,-0.0012452708573205597,0.1341374,-0.0037563069420698267
37,0.8801666666666668,-0.0012955024448098535,0.1341374,-0.0034369630253952115
37,0.8801666666666668,-0.0013456718683193098,0.1341374,-0.003117606640865323
37,0.8801666666666668,-0.0013957772994965803,0.1341374,-0.0027982374217785334
37,0.8801666666666668,-0.0014458443352745394,0.1341374,-0.0024788605019576042
37,0.8801666666666668,-0.0014958894308243207,0.1341374,-0.0021594791817171654
37,0.8801666666666668,-0.0015459345263741018,0.1341374,-0.0018400978614767274
37,0.8801666666666668,-0.0015959979054473645,0.1341374,-0.0015207202082525451
37,0.8801666666666668,-0.0016460777396917609,0.1341374,-0.0012013458553429956
37,0.8801666666666668,-0.0016961685440502461,0.1341374,-0.0008819737026432
37,0.8801666666666668,-0.0017462630051134273,0.1341374,-0.0005626022833466575
37,0.8801666666666668,-0.001796359294528957,0.1341374,-0.0002432312307517389
37,0.8801666666666668,-0.0018464500988874422,0.1341374,7.614092194805668e-05
37,0.8801666666666668,-0.001896537246541231,0.1341374,0.00039551380805110184
37,0.8801666666666668,-0.0019466225658426718,0.1341374,0.0007148870608557761
37,0.8801666666666668,-0.0019967042284394164,0.1341374,0.0010342610470637
37,0.8801666666666668,-0.0020467877193885084,0.1341374,0.0013536346665699948
37,0.8801666666666668,-0.0020968712103376012,0.1341374,0.0016730082860762947
37,0.8801666666666668,-0.002146956529639042,0.1341374,0.0019923815388809673
37,0.8801666666666668,-0.0021970418489404824,0.1341374,0.002311754791685638
37,0.8801666666666668,-0.0022471271682419237,0.1341374,0.0026311280444903124
37,0.8801666666666668,-0.002297212487543364,0.1341374,0.002950501297294985
37,0.8801666666666668,-0.0023472978068448044,0.1341374,0.003269874550099656
37,0.8801666666666668,-0.0023973831261462457,0.1341374,0.00358924780290433
37,0.8801666666666668,-0.0024474684454476865,0.1341374,0.003908621055709003
37,0.8801666666666668,-0.002497553764749127,0.1341374,0.004227994308513675
37,0.8801666666666668,-0.002547639084050568,0.1341374,0.004547367561318348
37,0.8801666666666668,-0.0025977244033520085,0.1341374,0.004866740814123019
37,0.8801666666666668,-0.002647809722653449,0.1341374,0.005186114066927691
37,0.8801666666666668,-0.00269789504195489,0.1341374,0.005505487319732364
37,0.8801666666666668,-0.0027229386157817843,0.1341374,0.0056651737627838854
37,0.8801666666666668,-0.0027479821896086785,0.1341374,0.005824860205835411
37,0.8801666666666668,-0.0027730239350832247,0.1341374,0.00598454701558856
37,0.8801666666666668,-0.0027980656805577713,0.1341374,0.006144233825341709
38,0.9034500000000002,-0.0026028657814137716,0.13768578,0.005584169815575423
38,0.9034500000000002,-0.00253723816748541,0.13768578,0.0054501359858826065
38,0.9034500000000002,-0.0024716942269322664,0.13768578,0.005316085890369245
38,0.9034500000000002,-0.002406330505956518,0.13768578,0.0051820007607808645
38,0.9034500000000002,-0.0023412387234502314,0.13768578,0.005047862767275714
38,0.9034500000000002,-0.002212215321967135,0.13768578,0.0047793612484074745
38,0.9034500000000002,-0.002084945843156897,0.13768578,0.004510518772916283
38,0.9034500000000002,-0.001959362704677994,0.13768578,0.004241348478580263
38,0.9034500000000002,-0.0018353934968787949,0.13768578,0.003971864441590275
38,0.9034500000000002,-0.0017130607472064727,0.13768578,0.003702062282686944
38,0.9034500000000002,-0.0015924223833823341,0.13768578,0.003431930740917584
38,0.9034500000000002,-0.0014735331149209451,0.13768578,0.0031614591809379887
38,0.9034500000000002,-0.0013564428240267629,0.13768578,0.002890637905816687
38,0.9034500000000002,-0.0012411965655941366,0.13768578,0.002619458157034916
38,0.9034500000000002,-0.0011278184761736093,0.13768578,0.002347915242529062
38,0.9034500000000002,-0.0010163294741089859,0.13768578,0.002076005095843986
38,0.9034500000000002,-0.0009067488686407015,0.13768578,0.001803723963328797
38,0.9034500000000002,-0.0007990895325957137,0.13768578,0.0015310693425495594
38,0.9034500000000002,-0.000693386866248153,0.13768578,0.0012580343518129727
38,0.9034500000000002,-0.0005897937344181303,0.13768578,0.0009845892747161137
38,0.9034500000000002,-0.0004884967930965197,0.13768578,0.0007106978259669976
38,0.9034500000000002,-0.00038968269827419327,0.13768578,0.0004363237202736434
38,0.9034500000000002,-0.0002935316695285463,0.13768578,0.00016143192356103155
38,0.9034500000000002,-0.00020021266271338576,0.13768578,-0.00011401040861617161
38,0.9034500000000002,-0.00010977234182643029,0.13768578,-0.00039001234758095915
38,0.9034500000000002,-2.222357969463597e-05,0.13768578,-0.000666576395767263
38,0.9034500000000002,6.243040547525682e-05,0.13768578,-0.0009437031787835649
38,0.9034500000000002,0.00014417834995966228,0.13768578,-0.0012213948862595534
38,0.9034500000000002,0.0002229864625878181,0.13768578,-0.0014996580870842938
38,0.9034500000000002,0.0002986648691621123,0.13768578,-0.0017785296921582544
38,0.9034500000000002,0.000370952894936671,0.13768578,-0.0020580603757685174
38,0.9034500000000002,0.00043959469247572766,0.13768578,-0.0023382998737894387
38,0.9034500000000002,0.0005043311961367784,0.13768578,-0.002619298547703858
38,0.9034500000000002,0.0005649564406885146,0.13768578,-0.0029010964364546577
38,0.9034500000000002,0.0006216458183982227,0.13768578,-0.0031836594443795385
38,0.9034500000000002,0.0006747291954566688,0.13768578,-0.0034669234466090486
38,0.9034500000000002,0.0007245380471579898,0.13768578,-0.00375082400546949
38,0.9034500000000002,0.000771400630589583,0.13768578,-0.004035297308895649
38,0.9034500000000002,0.0008154714196749298,0.13768578,-0.004320313327680366
38,0.9034500000000002,0.0008556996699136839,0.13768578,-0.0046060763229931745
38,0.9034500000000002,0.000890527769244079,0.13768578,-0.0048928890893395974
38,0.9034500000000002,0.0009183675326403247,0.13768578,-0.0051810603645057445
38,0.9034500000000002,0.0009375889383890205,0.13768578,-0.005470907019187993
38,0.9034500000000002,0.0009466987385631841,0.13768578,-0.0057627193357222195
38,0.9034500000000002,0.0009454056854529186,0.13768578,-0.00605655393167609
38,0.9034500000000002,0.0009338674711884433,0.13768578,-0.006352380152233959
38,0.9034500000000002,0.0009113728720803983,0.13768578,-0.0066503362568704595
38,0.9034500000000002,0.0008758976360898333,0.13768578,-0.0069508157533210765
38,0.9034500000000002,0.0008252163732565986,0.13768578,-0.007254251249851449
38,0.9034500000000002,0.0007567319907421688,0.13768578,-0.007561147612506945
38,0.9034500000000002,0.0007121118873027533,0.13768578,-0.007716613224788597
38,0.9034500000000002,0.000656788028248794,0.13768578,-0.007874159610883004
38,0.9034500000000002,0.0005860199950534655,0.13768578,-0.008034708292084872
38,0.9034500000000002,0.0004904524607259439,0.13768578,-0.00820007791225279
38,0.9034500000000002,0.0003915192591906895,0.13768578,-0.008336743483637306
38,0.9034500000000002,0.00033617299471056346,0.13768578,-0.00840621925602707
38,0.9034500000000002,0.0002697544899442566,0.13768578,-0.008477847434400833
38,0.9034500000000002,0.0002250288847449142,0.13768578,-0.008515900263542299
38,0.9034500000000002,0.00019438322255025452,0.13768578,-0.008536536837944836
38,0.9034500000000002,0.00017342209324586503,0.13768578,-0.008547951191207423
38,0.9034500000000002,0.00013716,0.13768578,-0.00856234
38,0.9034500000000002,6.064003807097586e-05,0.13768578,-0.008569875640476218
38,0.9034500000000002,3.880062684751722e-05,0.13768578,-0.00856678156722648
38,0.9034500000000002,5.968770215037441e-06,0.13768578,-0.00855848480733678
38,0.9034500000000002,-4.2997277383638406e-05,0.13768578,-0.00853864531794599
38,0.9034500000000002,-0.00011471707869029323,0.13768578,-0.008493870758074545
38,0.9034500000000002,-0.00016895397188630213,0.13768578,-0.008445697580121982
38,0.9034500000000002,-0.00024403564515249174,0.13768578,-0.008342859910602561
38,0.9034500000000002,-0.0003090775454543212,0.13768578,-0.008208712220165932
38,0.9034500000000002,-0.00036739661187798435,0.13768578,-0.008073257633609386
38,0.9034500000000002,-0.0004194176477130539,0.13768578,-0.007936578731252609
38,0.9034500000000002,-0.00046433288306799365,0.13768578,-0.0077985184853664995
38,0.9034500000000002,-0.0005407563045024101,0.13768578,-0.007519791708656234
38,0.9034500000000002,-0.0006105389563305096,0.13768578,-0.007239773988842355
38,0.9034500000000002,-0.0006749407664906847,0.13768578,-0.006958710251645756
38,0.9034500000000002,-0.0007343929746859865,0.13768578,-0.0066766843286030905
38,0.9034500000000002,-0.0007896148501226239,0.13768578,-0.006393836043210194
38,0.9034500000000002,-0.0008412999163528923,0.13768578,-0.006110300214095043
38,0.9034500000000002,-0.0008901239967920217,0.13768578,-0.005826208219038961
38,0.9034500000000002,-0.0009367323418912188,0.13768578,-0.005541685492542686
38,0.9034500000000002,-0.0009816463011422332,0.13768578,-0.00525683338318038
38,0.9034500000000002,-0.0010253486055559423,0.13768578,-0.004971745732224418
38,0.9034500000000002,-0.0010683252043499646,0.13768578,-0.004686517006555653
38,0.9034500000000002,-0.001111062046741917,0.13768578,-0.004401241673054945
38,0.9034500000000002,-0.0011539646267809379,0.13768578,-0.004115998558391085
38,0.9034500000000002,-0.0011970683447411583,0.13768578,-0.00383079454425738
38,0.9034500000000002,-0.0012403056182810545,0.13768578,-0.0035456164928756974
38,0.9034500000000002,-0.0012836104741624742,0.13768578,-0.0032604515792721478
38,0.9034500000000002,-0.0013269137209405242,0.13768578,-0.0029752863528643564
38,0.9034500000000002,-0.0013701622582040075,0.13768578,-0.002690110491112364
38,0.9034500000000002,-0.0014133544768495554,0.13768578,-0.002404923681211928
38,0.9034500000000002,-0.001456512904324342,0.13768578,-0.002119730302422424
38,0.9034500000000002,-0.0014996520225586934,0.13768578,-0.001834533169982026
38,0.9034500000000002,-0.0015427911407930443,0.13768578,-0.0015493360375416288
38,0.9034500000000002,-0.0015859463500610916,0.13768578,-0.0012641420331436434
38,0.9034500000000002,-0.0016291160412594654,0.13768578,-0.0009789508439838291
38,0.9034500000000002,-0.0016722953870780565,0.13768578,-0.0006937615316494616
38,0.9034500000000002,-0.0017154779511033866,0.13768578,-0.00040857284492358016
38,0.9034500000000002,-0.0017586621242320867,0.13768578,-0.00012338447100193606
38,0.9034500000000002,-0.0018018414700506774,0.13768578,0.00016180484133243057
38,0.9034500000000002,-0.0018450175976625297,0.13768578,0.0004469947792752789
38,0.9034500000000002,-0.001888192116171012,0.13768578,0.0007321850300223715
38,0.9034500000000002,-0.0019313634164727553,0.13768578,0.001017375906377944
38,0.9034500000000002,-0.001974536325877868,0.13768578,0.001302566469929274
38,0.9034500000000002,-0.0020177092352829805,0.13768578,0.0015877570334806076
38,0.9034500000000002,-0.0020608837537914627,0.13768578,0.0018729472842276967
38,0.9034500000000002,-0.0021040582722999454,0.13768578,0.0021581375349747876
38,0.9034500000000002,-0.0021472327908084276,0.13768578,0.0024433277857218785
38,0.9034500000000002,-0.00219040730931691,0.13768578,0.0027285180364689694
38,0.9034500000000002,-0.0022335818278253917,0.13768578,0.003013708287216057
38,0.9034500000000002,-0.0022767563463338743,0.13768578,0.0032988985379631495
38,0.9034500000000002,-0.0023199308648423566,0.13768578,0.0035840887887102386
38,0.9034500000000002,-0.0023631053833508392,0.13768578,0.0038692790394573295
38,0.9034500000000002,-0.002406279901859321,0.13768578,0.0041544692902044204
38,0.9034500000000002,-0.002449454420367804,0.13768578,0.004439659540951511
38,0.9034500000000002,-0.002492628938876286,0.13768578,0.0047248497916986005
38,0.9034500000000002,-0.0025358034573847686,0.13768578,0.005010040042445691
38,0.9034500000000002,-0.0025573915211906943,0.13768578,0.005152635011417115
38,0.9034500000000002,-0.00257897958499662,0.13768578,0.0052952299803885414
38,0.9034500000000002,-0.002600566039699177,0.13768578,0.005437825262164207
38,0.9034500000000002,-0.002622152494401733,0.13768578,0.0055804205439398714
39,0.9267166666666669,-0.0024065426258277033,0.14123162,0.004952063433730967
39,0.9267166666666669,-0.002350563090272283,0.14123162,0.004835620849846975
39,0.9267166666666669,-0.002294655077328726,0.14123162,0.004719164629410463
39,0.9267166666666669,-0.0022389011130876436,0.14123162,0.0046026790379377625
39,0.9267166666666669,-0.002183379597335117,0.14123162,0.004486149127669387
39,0.9267166666666669,-0.0020733282543522434,0.14123162,0.004252900231087164
39,0.9267166666666669,-0.001964776135348811,0.14123162,0.0040193654913848915
39,0.9267166666666669,-0.0018576654720613903,0.14123162,0.0037855559227011303
39,0.9267166666666669,-0.0017519343699220235,0.14123162,0.0035514833258986443
39,0.9267166666666669,-0.0016476020850185195,0.14123162,0.0033171440295979016
39,0.9267166666666669,-0.001544718133005246,0.14123162,0.0030825285931087056
39,0.9267166666666669,-0.001443329278666882,0.14123162,0.0028476281002236363
39,0.9267166666666669,-0.0013434781604835778,0.14123162,0.00261243442145947
39,0.9267166666666669,-0.0012452032906309504,0.14123162,0.0023769402140571497
39,0.9267166666666669,-0.0011485253006316535,0.14123162,0.0021411415443957638
39,0.9267166666666669,-0.0010534620711386531,0.14123162,0.0019050350033371806
39,0.9267166666666669,-0.0009600301073700711,0.14123162,0.0016686174439846675
39,0.9267166666666669,-0.0008682404128046563,0.14123162,0.0014318867684070674
39,0.9267166666666669,-0.0007781232470089655,0.14123162,0.001194837207293702
39,0.9267166666666669,-0.0006898092762931339,0.14123162,0.0009574438477120868
39,0.9267166666666669,-0.0006034580510990095,0.14123162,0.0007196762696604526
39,0.9267166666666669,-0.0005192291218684417,0.14123162,0.0004815040531370371
39,0.9267166666666669,-0.00043727653730390526,0.14123162,0.00024289782710564933
39,0.9267166666666669,-0.0003577447180639695,0.14123162,3.83005621986017e-06
39,0.9267166666666669,-0.0002806735517590971,0.14123162,-0.00023570686452076793
39,0.9267166666666669,-0.0002060740418680354,0.14123162,-0.00047571503304739537
39,0.9267166666666669,-0.0001339489392604724,0.14123162,-0.0007161949738428101
39,0.9267166666666669,-6.43078719803128e-05,0.14123162,-0.0009571485225967746
39,0.9267166666666669,2.8202758407304282e-06,0.14123162,-0.001198581186378573
39,0.9267166666666669,6.727320289112066e-05,0.14123162,-0.0014405239096727607
39,0.9267166666666669,0.0001288280887262077,0.14123162,-0.0016830191755852564
39,0.9267166666666669,0.00018726623920587056,0.14123162,-0.001926108680497792
39,0.9267166666666669,0.00024236620932030224,0.14123162,-0.002169834645274889
39,0.9267166666666669,0.00029395194340953266,0.14123162,-0.00241423063681505
39,0.9267166666666669,0.00034217336387150506,0.14123162,-0.002659268070806269
39,0.9267166666666669,0.00038731243484914184,0.14123162,-0.0029048931877626626
39,0.9267166666666669,0.00042965249592020853,0.14123162,-0.003151051965956957
39,0.9267166666666669,0.00046947413579278435,0.14123162,-0.0033976909081446637
39,0.9267166666666669,0.0005069093962118471,0.14123162,-0.0036447848391519063
39,0.9267166666666669,0.0005410601182245764,0.14123162,-0.0038925050026093234
39,0.9267166666666669,0.0005705948809024417,0.14123162,-0.004141105248186836
39,0.9267166666666669,0.0005941561300548858,0.14123162,-0.004390844408140857
39,0.9267166666666669,0.0006103505501854187,0.14123162,-0.004641988133004063
39,0.9267166666666669,0.0006179017377592516,0.14123162,-0.004894779782790594
39,0.9267166666666669,0.000616560739069707,0.14123162,-0.005149266823192859
39,0.9267166666666669,0.0006064623467314494,0.14123162,-0.005405423554554194
39,0.9267166666666669,0.000586998618543642,0.14123162,-0.005663365887570989
39,0.9267166666666669,0.0005564392574731325,0.14123162,-0.005923423721917581
39,0.9267166666666669,0.0005128820371313285,0.14123162,-0.006185959737442627
39,0.9267166666666669,0.0004541070056807827,0.14123162,-0.006451397191756922
39,0.9267166666666669,0.0004158486229322066,0.14123162,-0.0065858072447881905
39,0.9267166666666669,0.00036844084760451396,0.14123162,-0.006721961727575974
39,0.9267166666666669,0.00030783164864868495,0.14123162,-0.006860633203268604
39,0.9267166666666669,0.00022602424788447544,0.14123162,-0.007003346343333966
39,0.9267166666666669,0.00014136350250908787,0.14123162,-0.007121180367668055
39,0.9267166666666669,9.400729090316017e-05,0.14123162,-0.0071810556098907685
39,0.9267166666666669,3.7186712138948864e-05,0.14123162,-0.007242735335149348
39,0.9267166666666669,-1.0675644182527445e-06,0.14123162,-0.007275452059439399
39,0.9267166666666669,-2.727475355388953e-05,0.14123162,-0.007293160309162846
39,0.9267166666666669,-4.519787181341343e-05,0.14123162,-0.007302933327871057
39,0.9267166666666669,-7.62e-05,0.14123162,-0.007315199999999999
39,0.9267166666666669,-0.00014160209999595867,0.14123162,-0.00732131382721474
39,0.9267166666666669,-0.00016026417313930993,0.14123162,-0.007318516167360041
39,0.9267166666666669,-0.00018831651314582223,0.14123162,-0.007311153078410013
39,0.9267166666666669,-0.0002301483057876059,0.14123162,-0.0072937056215587595
39,0.9267166666666669,-0.0002914060574701794,0.14123162,-0.007254538795539109
39,0.9267166666666669,-0.00033771970957787264,0.14123162,-0.007212522716767723
39,0.9267166666666669,-0.00040180398992046445,0.14123162,-0.007123048525805346
39,0.9267166666666669,-0.0004572828671928421,0.14123162,-0.007006510486053739
39,0.9267166666666669,-0.0005070151776889794,0.14123162,-0.00688887680175572
39,0.9267166666666669,-0.0005513640362075668,0.14123162,-0.006770216704639451
39,0.9267166666666669,-0.0005896389744571556,0.14123162,-0.00665039854952487
39,0.9267166666666669,-0.0006547287278400969,0.14123162,-0.006408577243996356
39,0.9267166666666669,-0.0007141420616238181,0.14123162,-0.006165673668232553
39,0.9267166666666669,-0.0007689559412907974,0.14123162,-0.0059218931572453904
39,0.9267166666666669,-0.0008195389833790992,0.14123162,-0.005677305991728606
39,0.9267166666666669,-0.0008665060072637781,0.14123162,-0.005432029393585563
39,0.9267166666666669,-0.000910449825362393,0.14123162,-0.005186176388857309
39,0.9267166666666669,-0.0009519481203092237,0.14123162,-0.004939857118929552
39,0.9267166666666669,-0.0009915524414765226,0.14123162,-0.0046931767426015075
39,0.9267166666666669,-0.0010297084297535917,0.14123162,-0.0044462202260850065
39,0.9267166666666669,-0.0010668287155934878,0.14123162,-0.0041990662417984125
39,0.9267166666666669,-0.001103328680318955,0.14123162,-0.003951793986642879
39,0.9267166666666669,-0.0011396237052527368,0.14123162,-0.0037044826575195577
39,0.9267166666666669,-0.001176060399975402,0.14123162,-0.003457198339259875
39,0.9267166666666669,-0.0012126690240535074,0.14123162,-0.0032099468011745104
39,0.9267166666666669,-0.001249391809223625,0.14123162,-0.0029627170291248936
39,0.9267166666666669,-0.0012861723626571711,0.14123162,-0.002715498271213846
39,0.9267166666666669,-0.0013229515406558735,0.14123162,-0.0024682792510614046
39,0.9267166666666669,-0.0013596839538698956,0.14123162,-0.0022210513147015495
39,0.9267166666666669,-0.001396368226864395,0.14123162,-0.0019738141998928843
39,0.9267166666666669,-0.0014330236157271802,0.14123162,-0.0017265715780149342
39,0.9267166666666669,-0.0014696624993718432,0.14123162,-0.0014793258092402504
39,0.9267166666666669,-0.0015063013830165061,0.14123162,-0.001232080040465565
39,0.9267166666666669,-0.001542954021009604,0.14123162,-0.000984836894104826
39,0.9267166666666669,-0.001579619037916294,0.14123162,-0.0007375961079166375
39,0.9267166666666669,-0.0016162923074320452,0.14123162,-0.0004903568951768163
39,0.9267166666666669,-0.0016529683278174827,0.14123162,-0.00024311820691978563
39,0.9267166666666669,-0.0016896457236377645,0.14123162,4.12021909585239e-06
39,0.9267166666666669,-0.0017263189931535155,0.14123162,0.0002513594318356736
39,0.9267166666666669,-0.0017629895117995795,0.14123162,0.0004985991690582836
39,0.9267166666666669,-0.0017996586550108001,0.14123162,0.0007458391685222897
39,0.9267166666666669,-0.0018363250473523334,0.14123162,0.000993079692469083
39,0.9267166666666669,-0.00187299281512871,0.14123162,0.0012403199541744809
39,0.9267166666666669,-0.001909660582905087,0.14123162,0.0014875602158798788
39,0.9267166666666669,-0.0019463297261163074,0.14123162,0.001734800215343885
39,0.9267166666666669,-0.001982998869327528,0.14123162,0.001982040214807891
39,0.9267166666666669,-0.0020196680125387483,0.14123162,0.0022292802142718955
39,0.9267166666666669,-0.002056337155749969,0.14123162,0.0024765202137359017
39,0.9267166666666669,-0.002093006298961189,0.14123162,0.0027237602131999043
39,0.9267166666666669,-0.002129675442172409,0.14123162,0.0029710002126639087
39,0.9267166666666669,-0.0021663445853836298,0.14123162,0.003218240212127913
39,0.9267166666666669,-0.0022030137285948504,0.14123162,0.0034654802115919193
39,0.9267166666666669,-0.0022396828718060707,0.14123162,0.003712720211055922
39,0.9267166666666669,-0.0022763520150172914,0.14123162,0.003959960210519928
39,0.9267166666666669,-0.002313021158228511,0.14123162,0.004207200209983931
39,0.9267166666666669,-0.002349690301439732,0.14123162,0.004454440209447935
39,0.9267166666666669,-0.0023680255607627636,0.14123162,0.0045780600780592415
39,0.9267166666666669,-0.002386360820085796,0.14123162,0.004701679946670548
39,0.9267166666666669,-0.0024046947039739843,0.14123162,0.004825300077523248
39,0.9267166666666669,-0.002423028587862173,0.14123162,0.0049489202083759475
40,0.9490500000000002,-0.002198458166872099,0.14463522,0.004270206044565003
40,0.9490500000000002,-0.0021520478101251074,0.14463522,0.004172606712277106
40,0.9490500000000002,-0.00210569647701055,0.14463522,0.00407499616674473
40,0.9490500000000002,-0.002059472271719696,0.14463522,0.003977361469608856
40,0.9490500000000002,-0.00201343989323425,0.14463522,0.0038796903294284184
40,0.9490500000000002,-0.001922193521628448,0.14463522,0.0036841925731200317
40,0.9490500000000002,-0.001832184376164042,0.14463522,0.003488459769956183
40,0.9490500000000002,-0.001743364783907143,0.14463522,0.0032925009767881836
40,0.9490500000000002,-0.0016556836667142995,0.14463522,0.0030963258973852933
40,0.9490500000000002,-0.0015691569155634735,0.14463522,0.002899931512797079
40,0.9490500000000002,-0.001483825392969428,0.14463522,0.0027033100600081274
40,0.9490500000000002,-0.0013997276913072145,0.14463522,0.0025064542072816606
40,0.9490500000000002,-0.0013168989977423232,0.14463522,0.002309357269798862
40,0.9490500000000002,-0.0012353710942306787,0.14463522,0.0021120132096588487
40,0.9490500000000002,-0.0011551610068201,0.14463522,0.0019144187922718707
40,0.9490500000000002,-0.0010762834914186939,0.14463522,0.0017165712143268064
40,0.9490500000000002,-0.0009987521688647153,0.14463522,0.0015184678881518532
40,0.9490500000000002,-0.0009225761197169996,0.14463522,0.0013201070886324764
40,0.9490500000000002,-0.0008477803155123463,0.14463522,0.0011214840717037027
40,0.9490500000000002,-0.0007744725878869313,0.14463522,0.0009225783516304212
40,0.9490500000000002,-0.000702784604943876,0.14463522,0.0007233649142518693
40,0.9490500000000002,-0.0006328480347863012,0.14463522,0.0005238187454072816
40,0.9490500000000002,-0.0005647900052379105,0.14463522,0.00032391569349315974
40,0.9490500000000002,-0.0004987296986334256,0.14463522,0.00012363311638122817
40,0.9490500000000002,-0.00043470003199862586,0.14463522,-7.703523946870662e-05
40,0.9490500000000002,-0.00037271008589234787,0.14463522,-0.0002780910991711811
40,0.9490500000000002,-0.00031276213045430053,0.14463522,-0.000479534894004827
40,0.9490500000000002,-0.00025486411117346523,0.14463522,-0.0006813681334448636
40,0.9490500000000002,-0.00019903986451678653,0.14463522,-0.000883595345916947
40,0.9490500000000002,-0.00014542332872709372,0.14463522,-0.0010862419768604753
40,0.9490500000000002,-9.419838512081543e-05,0.14463522,-0.0012893429598447928
40,0.9490500000000002,-4.554550980481514e-05,0.14463522,-0.0014929325815212927
40,0.9490500000000002,3.5255097433344474e-07,0.14463522,-0.0016970455598200023
40,0.9490500000000002,4.33505082752557e-05,0.14463522,-0.0019017094965734904
40,0.9490500000000002,8.35720847120918e-05,0.14463522,-0.002106900887096209
40,0.9490500000000002,0.00012124996960501133,0.14463522,-0.002312575525328186
40,0.9490500000000002,0.00015661798734404036,0.14463522,-0.002518688989570134
40,0.9490500000000002,0.00018990769217949472,0.14463522,-0.002725197289401396
40,0.9490500000000002,0.00022122805081740634,0.14463522,-0.002932079723447545
40,0.9490500000000002,0.00024983786264279166,0.14463522,-0.003139477104182544
40,0.9490500000000002,0.0002746383800365026,0.14463522,-0.003347598170465188
40,0.9490500000000002,0.0002945092890521563,0.14463522,-0.003556655758301296
40,0.9490500000000002,0.00030830076392715207,0.14463522,-0.0037668683103189255
40,0.9490500000000002,0.0003149594598365219,0.14463522,-0.003978435939804197
40,0.9490500000000002,0.0003142799291366027,0.14463522,-0.004191397677473474
40,0.9490500000000002,0.0003063734086731346,0.14463522,-0.004405732390673699
40,0.9490500000000002,0.00029073819757043237,0.14463522,-0.004621535391982958
40,0.9490500000000002,0.00026594637795154547,0.14463522,-0.004839077955661958
40,0.9490500000000002,0.0002304281482077117,0.14463522,-0.005058658310886027
40,0.9490500000000002,0.00018235150559378134,0.14463522,-0.005280624499512702
40,0.9490500000000002,0.00015099255126027188,0.14463522,-0.005392998359600634
40,0.9490500000000002,0.00011208311225468338,0.14463522,-0.005506806652424841
40,0.9490500000000002,6.227927278568341e-05,0.14463522,-0.005622684651413022
40,0.9490500000000002,-5.018263280743207e-06,0.14463522,-0.005741886083553858
40,0.9490500000000002,-7.471321800113387e-05,0.14463522,-0.005840259710524157
40,0.9490500000000002,-0.00011370824060964195,0.14463522,-0.0058902344700734
40,0.9490500000000002,-0.00016051367888690761,0.14463522,-0.005941693043762495
40,0.9490500000000002,-0.0001920400929741377,0.14463522,-0.005968965661198371
40,0.9490500000000002,-0.00021364607209374892,0.14463522,-0.0059837119733002495
40,0.9490500000000002,-0.00022842634642369355,0.14463522,-0.005991840729517741
40,0.9490500000000002,-0.000254,0.14463522,-0.00600202
40,0.9490500000000002,-0.00030798339252501863,0.14463522,-0.006006954889241955
40,0.9490500000000002,-0.00032339484125469943,0.14463522,-0.006004561923215709
40,0.9490500000000002,-0.0003465662328249323,0.14463522,-0.005998322366527734
40,0.9490500000000002,-0.0003811303960853375,0.14463522,-0.005983605563959915
40,0.9490500000000002,-0.00043176843467647755,0.14463522,-0.005950659194351348
40,0.9490500000000002,-0.000470073939298565,0.14463522,-0.005915369903564246
40,0.9490500000000002,-0.0005231299789223275,0.14463522,-0.0058403163748849355
40,0.9490500000000002,-0.0005691271702422837,0.14463522,-0.005742638549885674
40,0.9490500000000002,-0.0006103820397101734,0.14463522,-0.005644059783820244
40,0.9490500000000002,-0.0006471942457675825,0.14463522,-0.005544637005468316
40,0.9490500000000002,-0.0006789939833475561,0.14463522,-0.005444261963892789
40,0.9490500000000002,-0.0007331360564798782,0.14463522,-0.005241715173953002
40,0.9490500000000002,-0.0007825936963227131,0.14463522,-0.005038278440552212
40,0.9490500000000002,-0.0008282556625721274,0.14463522,-0.004834120609275579
40,0.9490500000000002,-0.0008704261539491256,0.14463522,-0.004629299471460044
40,0.9490500000000002,-0.0009096125466786646,0.14463522,-0.004423911417880276
40,0.9490500000000002,-0.000946304055868031,0.14463522,-0.00421804938908188
40,0.9490500000000002,-0.000980977410856111,0.14463522,-0.004011803953577966
40,0.9490500000000002,-0.001014087774654556,0.14463522,-0.0038052615827346282
40,0.9490500000000002,-0.0010460029098962212,0.14463522,-0.003598492143690554
40,0.9490500000000002,-0.0010770633375374542,0.14463522,-0.003391560328240825
40,0.9490500000000002,-0.0011076118486743115,0.14463522,-0.0031845312594591573
40,0.9490500000000002,-0.0011379912344028492,0.14463522,-0.0029774700604192662
40,0.9490500000000002,-0.0011684875323263997,0.14463522,-0.002770431072229018
40,0.9490500000000002,-0.0011991257139817618,0.14463522,-0.002563419038953388
40,0.9490500000000002,-0.0012298581064350464,0.14463522,-0.0023564249037410652
40,0.9490500000000002,-0.0012606381718222198,0.14463522,-0.002149439825380052
40,0.9490500000000002,-0.001291417102139539,0.14463522,-0.001942454531379723
40,0.9490500000000002,-0.0013221574400818052,0.14463522,-0.001735461905642617
40,0.9490500000000002,-0.0013528580505791643,0.14463522,-0.0015284617325294191
40,0.9490500000000002,-0.001383534824609579,0.14463522,-0.0013214570309905659
40,0.9490500000000002,-0.0014141979778017396,0.14463522,-0.0011144497417799083
40,0.9490500000000002,-0.0014448611309939006,0.14463522,-0.0009074424525692508
40,0.9490500000000002,-0.0014755356348846063,0.14463522,-0.0007004373197517632
40,0.9490500000000002,-0.0015062203544040026,0.14463522,-0.0004934341276881284
40,0.9490500000000002,-0.0015369118843425256,0.14463522,-0.0002864322294603939
40,0.9490500000000002,-0.0015676056844207576,0.14463522,-7.943076251129468e-05
40,0.9490500000000002,-0.0015983006195688441,0.14463522,0.0001275704887984874
40,0.9490500000000002,-0.001628992149507367,0.14463522,0.0003345723870262227
40,0.9490500000000002,-0.0016596814093061815,0.14463522,0.0005415747165325897
40,0.9490500000000002,-0.001690369534035141,0.14463522,0.0007485772616782748
40,0.9490500000000002,-0.0017210553886243918,0.14463522,0.0009555802381025933
40,0.9490500000000002,-0.0017517423782834967,0.14463522,0.0011625829988875938
40,0.9490500000000002,-0.001782429367942602,0.14463522,0.0013695857596725952
40,0.9490500000000002,-0.0018131174926715615,0.14463522,0.0015765883048182803
40,0.9490500000000002,-0.0018438056174005213,0.14463522,0.0017835908499639654
40,0.9490500000000002,-0.0018744937421294808,0.14463522,0.0019905933951096487
40,0.9490500000000002,-0.0019051818668584406,0.14463522,0.0021975959402553338
40,0.9490500000000002,-0.0019358699915873996,0.14463522,0.002404598485401017
40,0.9490500000000002,-0.00196655811631636,0.14463522,0.002611601030546704
40,0.9490500000000002,-0.0019972462410453194,0.14463522,0.0028186035756923872
40,0.9490500000000002,-0.002027934365774279,0.14463522,0.0030256061208380706
40,0.9490500000000002,-0.0020586224905032387,0.14463522,0.0032326086659837574
40,0.9490500000000002,-0.002089310615232198,0.14463522,0.0034396112111294407
40,0.9490500000000002,-0.0021199987399611576,0.14463522,0.003646613756275124
40,0.9490500000000002,-0.0021506868646901174,0.14463522,0.003853616301420809
40,0.9490500000000002,-0.0021660314945895244,0.14463522,0.003957117466173995
40,0.9490500000000002,-0.002181376124488932,0.14463522,0.004060618630927179
40,0.9490500000000002,-0.002196719619318484,0.14463522,0.004164120011319678
40,0.9490500000000002,-0.0022120631141480367,0.14463522,0.004267621391712179
41,0.9550500000000001,-0.002142182370972475,0.14554962,0.004076509102107363
41,0.9550500000000001,-0.0020984111691510336,0.14554962,0.003984311685793454
41,0.9550500000000001,-0.002054695502403434,0.14554962,0.00389210370030732
41,0.9550500000000001,-0.0020110994496610325,0.14554962,0.0037998729504502317
41,0.9550500000000001,-0.0019676838859086178,0.14554962,0.0037076078507834037
41,0.9550500000000001,-0.0018816227735622506,0.14554962,0.0035229311058117413
41,0.9550500000000001,-0.0017967257618021878,0.14554962,0.0033380328147299253
41,0.9550500000000001,-0.001712947995376479,0.14554962,0.0031529215141770546
41,0.9550500000000001,-0.0016302414150866074,0.14554962,0.002967606350552175
41,0.9550500000000001,-0.001548620972683222,0.14554962,0.0027820844783089174
41,0.9550500000000001,-0.0014681251155251377,0.14554962,0.0025963485803280496
41,0.9550500000000001,-0.001388790155006789,0.14554962,0.00241039174599696
41,0.9550500000000001,-0.001310649198576043,0.14554962,0.002224207674462972
41,0.9550500000000001,-0.0012337321497342003,0.14554962,0.002037790674633352
41,0.9550500000000001,-0.0011580550282140987,0.14554962,0.0018511376977084128
41,0.9550500000000001,-0.0010836317177841995,0.14554962,0.0016642461013951036
41,0.9550500000000001,-0.0010104750342307732,0.14554962,0.0014771134466536745
41,0.9550500000000001,-0.000938593521411335,0.14554962,0.0012897381074576334
41,0.9550500000000001,-0.0008680106749340479,0.14554962,0.0011021156122341122
41,0.9550500000000001,-0.0007988279531068929,0.14554962,0.0009142266519184643
41,0.9550500000000001,-0.000731169241863825,0.14554962,0.0007260476491264892
41,0.9550500000000001,-0.0006651584271387997,0.14554962,0.0005375550264739865
41,0.9550500000000001,-0.000600915122937015,0.14554962,0.00034872601959000556
41,0.9550500000000001,-0.0005385514673883444,0.14554962,0.00015953928687677602
41,0.9550500000000001,-0.00047809843197627614,0.14554962,-3.0011066011748945e-05
41,0.9550500000000001,-0.00041956456055832516,0.14554962,-0.00021992666510206767
41,0.9550500000000001,-0.0003629519890988693,0.14554962,-0.0004102079169008054
41,0.9550500000000001,-0.0003082681934732339,0.14554962,-0.0006008562441811435
41,0.9550500000000001,-0.00025553560130739335,0.14554962,-0.0007918759152626392
41,0.9550500000000001,-0.0002048802344996816,0.14554962,-0.0009832909140361137
41,0.9550500000000001,-0.0001564751061647602,0.14554962,-0.0011751341675381253
41,0.9550500000000001,-0.0001104900254707229,0.14554962,-0.0013674379930452927
41,0.9550500000000001,-6.70969375500421e-05,0.14554962,-0.001560235114340858
41,0.9550500000000001,-2.6432544122944517e-05,0.14554962,-0.0017535515478487675
41,0.9550500000000001,1.161956486920077e-05,0.14554962,-0.001947365138958006
41,0.9550500000000001,4.7278325775193324e-05,0.14554962,-0.0021416342207395975
41,0.9550500000000001,8.076374292602303e-05,0.14554962,-0.0023363169230112566
41,0.9550500000000001,0.00011229368468830065,0.14554962,-0.002531371782097319
41,0.9550500000000001,0.00014197067735219647,0.14554962,-0.002726779285679827
41,0.9550500000000001,0.00016909732854811682,0.14554962,-0.0029226721581715634
41,0.9550500000000001,0.00019263983151684977,0.14554962,-0.003119247148778613
41,0.9550500000000001,0.00021154408783758603,0.14554962,-0.003316704868519992
41,0.9550500000000001,0.00022472823155259626,0.14554962,-0.00351525121300083
41,0.9550500000000001,0.00023120117519023824,0.14554962,-0.003715074801294729
41,0.9550500000000001,0.00023076961397425466,0.14554962,-0.003916212422251174
41,0.9550500000000001,0.00022353821015919328,0.14554962,-0.0041186441570455826
41,0.9550500000000001,0.0002090349156173978,0.14554962,-0.00432245984364189
41,0.9550500000000001,0.00018591620875476695,0.14554962,-0.004527915174706683
41,0.9550500000000001,0.0001527050702035417,0.14554962,-0.004735291249570557
41,0.9550500000000001,0.00010767777671024092,0.14554962,-0.004944916119079198
41,0.9550500000000001,7.827617883389854e-05,0.14554962,-0.005051039436069727
41,0.9550500000000001,4.177036343453686e-05,0.14554962,-0.00515851479409216
41,0.9550500000000001,-4.9859450174311645e-06,0.14554962,-0.0052679409774038614
41,0.9550500000000001,-6.820199497041719e-05,0.14554962,-0.0053804997007612185
41,0.9550500000000001,-0.0001336945461168978,0.14554962,-0.005473386128216752
41,0.9550500000000001,-0.00017034322860972798,0.14554962,-0.00552057202954683
41,0.9550500000000001,-0.00021434069654692,0.14554962,-0.005569156516917276
41,0.9550500000000001,-0.0002439829790441162,0.14554962,-0.005594903444556999
41,0.9550500000000001,-0.00026430155861197784,0.14554962,-0.005608823154800752
41,0.9550500000000001,-0.00027820305798710815,0.14554962,-0.005616495209528129
41,0.9550500000000001,-0.00030226,0.14554962,-0.0056261
41,0.9550500000000001,-0.00035305792963299124,0.14554962,-0.005630741234171264
41,0.9550500000000001,-0.0003675636885102342,0.14554962,-0.005628475514291693
41,0.9550500000000001,-0.00038937593832685596,0.14554962,-0.005622573943955873
41,0.9550500000000001,-0.0004219179867820523,0.14554962,-0.005608661643664861
41,0.9550500000000001,-0.00046960465382924843,0.14554962,-0.0055775260466291825
41,0.9550500000000001,-0.0005056876943900341,0.14554962,-0.00554418210235784
41,0.9550500000000001,-0.0005556910091198894,0.14554962,-0.005473276301083034
41,0.9550500000000001,-0.0005990734654244369,0.14554962,-0.005381004900563532
41,0.9550500000000001,-0.0006379938921422174,0.14554962,-0.005287884307706192
41,0.9550500000000001,-0.000672734236571198,0.14554962,-0.0051939681813854026
41,0.9550500000000001,-0.0007027583716523655,0.14554962,-0.005099154488438501
41,0.9550500000000001,-0.000753908214213709,0.14554962,-0.004907833595948516
41,0.9550500000000001,-0.0008006504942799381,0.14554962,-0.0047156738770396086
41,0.9550500000000001,-0.0008438214419052509,0.14554962,-0.004522834479055132
41,0.9550500000000001,-0.0008837072763163713,0.14554962,-0.004329369873882721
41,0.9550500000000001,-0.0009207853855519028,0.14554962,-0.004135370915752873
41,0.9550500000000001,-0.0009555160699354205,0.14554962,-0.003940925206843091
41,0.9550500000000001,-0.0009883478819864174,0.14554962,-0.003746118113544444
41,0.9550500000000001,-0.0010197090825627907,0.14554962,-0.003551031140435074
41,0.9550500000000001,-0.0010499456978938632,0.14554962,-0.003355730141588092
41,0.9550500000000001,-0.001079378122636416,0.14554962,-0.0031602760929971196
41,0.9550500000000001,-0.0011083288874116084,0.14554962,-0.0029647303771624025
41,0.9550500000000001,-0.0011371205228405997,0.14554962,-0.002769154376584187
41,0.9550500000000001,-0.0011660221604350856,0.14554962,-0.0025735993110971144
41,0.9550500000000001,-0.0011950572958032305,0.14554962,-0.002378069652274051
41,0.9550500000000001,-0.0012241810736930844,0.14554962,-0.0021825568634758906
41,0.9550500000000001,-0.0012533497068348877,0.14554962,-0.001987052611316836
41,0.9550500000000001,-0.0012825172719945017,0.14554962,-0.00179154815590447
41,0.9550500000000001,-0.0013116485257596807,0.14554962,-0.0015960367898794937
41,0.9550500000000001,-0.0013407424001482353,0.14554962,-0.0014005183099885937
41,0.9550500000000001,-0.001369813846910815,0.14554962,-0.0012049955617781409
41,0.9550500000000001,-0.0013988724778871238,0.14554962,-0.0010094703745279435
41,0.9550500000000001,-0.0014279311088634323,0.14554962,-0.0008139451872777453
41,0.9550500000000001,-0.0014570004196616335,0.14554962,-0.0006184220325606699
41,0.9550500000000001,-0.0014860793422995385,0.14554962,-0.0004229007071234001
41,0.9550500000000001,-0.0015151646728305786,0.14554962,-0.00022738060120600524
41,0.9550500000000001,-0.0015442521393259974,0.14554962,-3.186090179523385e-05
41,0.9550500000000001,-0.0015733406738036057,0.14554962,0.00016365859436222666
41,0.9550500000000001,-0.001602426004334646,0.14554962,0.00035917870027962154
41,0.9550500000000001,-0.0016315091989013077,0.14554962,0.0005546992127036417
41,0.9550500000000001,-0.0016605913254857804,0.14554962,0.0007502199283809744
41,0.9550500000000001,-0.0016896713161058743,0.14554962,0.0009457410505649307
41,0.9550500000000001,-0.0017187523747081576,0.14554962,0.0011412619694955743
41,0.9550500000000001,-0.0017478334333104408,0.14554962,0.001336782888426218
41,0.9550500000000001,-0.0017769155598949134,0.14554962,0.0015323036041035507
41,0.9550500000000001,-0.0018059976864793859,0.14554962,0.0017278243197808817
41,0.9550500000000001,-0.0018350798130638585,0.14554962,0.0019233450354582153
41,0.9550500000000001,-0.0018641619396483307,0.14554962,0.0021188657511355463
41,0.9550500000000001,-0.0018932440662328034,0.14554962,0.002314386466812878
41,0.9550500000000001,-0.0019223261928172758,0.14554962,0.002509907182490209
41,0.9550500000000001,-0.0019514083194017485,0.14554962,0.002705427898167542
41,0.9550500000000001,-0.0019804904459862216,0.14554962,0.0029009486138448747
41,0.9550500000000001,-0.002009572572570694,0.14554962,0.0030964693295222074
41,0.9550500000000001,-0.0020386546991551665,0.14554962,0.00329199004519954
41,0.9550500000000001,-0.0020677368257396387,0.14554962,0.0034875107608768694
41,0.9550500000000001,-0.0020968189523241114,0.14554962,0.003683031476554202
41,0.9550500000000001,-0.0021113605496074425,0.14554962,0.0037807917327662144
41,0.9550500000000001,-0.0021259021468907732,0.14554962,0.003878551988978223
41,0.9550500000000001,-0.0021404426761919147,0.14554962,0.003976312448443544
41,0.9550500000000001,-0.0021549832054930562,0.14554962,0.004074072907908868
42,0.9601000000000001,-0.0020931436700321114,0.14631924,0.003906359314611255
42,0.9601000000000001,-0.0020516004988056203,0.14631924,0.0038188207225578284
42,0.9601000000000001,-0.002010109893184002,0.14631924,0.0037312720933802123
42,0.9601000000000001,-0.0019687325057882623,0.14631924,0.0036437018457812567
42,0.9601000000000001,-0.001927525956608358,0.14631924,0.00355609897752868
42,0.9601000000000001,-0.0018458417005776454,0.14631924,0.00338075407243618
42,0.9601000000000001,-0.0017652593004952193,0.14631924,0.0032051987737788962
42,0.9601000000000001,-0.0016857362995263748,0.14631924,0.003029441188464826
42,0.9601000000000001,-0.0016072272082053574,0.14631924,0.0028534900024668308
42,0.9601000000000001,-0.0015297461788104014,0.14631924,0.002677342513482244
42,0.9601000000000001,-0.0014533296029141116,0.14631924,0.0025009917727327807
42,0.9601000000000001,-0.0013780118503350575,0.14631924,0.002324431217483389
42,0.9601000000000001,-0.00130382425826076,0.14631924,0.00214765486406388
42,0.9601000000000001,-0.0012307951312476883,0.14631924,0.0019706573078689177
42,0.9601000000000001,-0.001158939632451094,0.14631924,0.0017934356535742185
42,0.9601000000000001,-0.0010882709032721957,0.14631924,0.001615987391898734
42,0.9601000000000001,-0.0010188010742351943,0.14631924,0.0014383102065830336
42,0.9601000000000001,-0.0009505382323562242,0.14631924,0.001260402553454166
42,0.9601000000000001,-0.0008835046169296543,0.14631924,0.0010822601860365124
42,0.9601000000000001,-0.0008177962612720786,0.14631924,0.0009038647672762606
42,0.9601000000000001,-0.0007535304271174428,0.14631924,0.0007251939066655975
42,0.9601000000000001,-0.0006908243761996932,0.14631924,0.0005462252136967131
42,0.9601000000000001,-0.0006297913267447092,0.14631924,0.00036693706994827147
42,0.9601000000000001,-0.0005705374208392518,0.14631924,0.00018730920815026968
42,0.9601000000000001,-0.0005130919739168079,0.14631924,7.336030675756354e-06
42,0.9601000000000001,-0.0004574630729935111,0.14631924,-0.00017298400664822293
42,0.9601000000000001,-0.00040365273982339553,0.14631924,-0.0003536512898649055
42,0.9601000000000001,-0.0003516680505455785,0.14631924,-0.0005346671701256262
42,0.9601000000000001,-0.0003015302335774122,0.14631924,-0.0007160357008843829
42,0.9601000000000001,-0.00025335857240687626,0.14631924,-0.0008977796586922262
42,0.9601000000000001,-0.00020731682911068872,0.14631924,-0.0010799303130514474
42,0.9601000000000001,-0.00016356573313451665,0.14631924,-0.0012625183543994766
42,0.9601000000000001,-0.0001222680356780616,0.14631924,-0.001445574859216983
42,0.9601000000000001,-8.355312899947044e-05,0.14631924,-0.001629124534271209
42,0.9601000000000001,-4.73108275039149e-05,0.14631924,-0.0018131463402056743
42,0.9601000000000001,-1.3333901402955725e-05,0.14631924,-0.0019976007075884717
42,0.9601000000000001,1.8585889968863306e-05,0.14631924,-0.002182447873966073
42,0.9601000000000001,4.865476552296438e-05,0.14631924,-0.002367648462928187
42,0.9601000000000001,7.696976945295808e-05,0.14631924,-0.002553183944399384
42,0.9601000000000001,0.0001028707990668894,0.14631924,-0.0027391803614969156
42,0.9601000000000001,0.0001253793254125184,0.14631924,-0.0029258245591480404
42,0.9601000000000001,0.00014349761287428688,0.14631924,-0.0031133070496907767
42,0.9601000000000001,0.00015620164303420007,0.14631924,-0.0033018233640252415
42,0.9601000000000001,0.0001625533220206892,0.14631924,-0.00349155262621393
42,0.9601000000000001,0.00016236968109371804,0.14631924,-0.003682529773169893
42,0.9601000000000001,0.00015574978620093032,0.14631924,-0.003874735888774462
42,0.9601000000000001,0.00014224682970091074,0.14631924,-0.004068256288583265
42,0.9601000000000001,0.00012058912830655472,0.14631924,-0.00426333379379309
42,0.9601000000000001,8.937863910366022e-05,0.14631924,-0.004460235353303108
42,0.9601000000000001,4.698380658714956e-05,0.14631924,-0.004659272504006494
42,0.9601000000000001,1.926673900919378e-05,0.14631924,-0.004760035972290367
42,0.9601000000000001,-1.5174682484359677e-05,0.14631924,-0.00486208342038428
42,0.9601000000000001,-5.9318501584934655e-05,0.14631924,-0.004965983489978007
42,0.9601000000000001,-0.00011904195726807014,0.14631924,-0.0050728584087648115
42,0.9601000000000001,-0.0001809426737389473,0.14631924,-0.005161054855812635
42,0.9601000000000001,-0.0002155867765936874,0.14631924,-0.005205858380332621
42,0.9601000000000001,-0.0002571867242008671,0.14631924,-0.005251990086613415
42,0.9601000000000001,-0.00028522154481352687,0.14631924,-0.005276437395481481
42,0.9601000000000001,-0.0003044424445637141,0.14631924,-0.005289654628699667
42,0.9601000000000001,-0.0003175950075055929,0.14631924,-0.005296939593061974
42,0.9601000000000001,-0.00034036,0.14631924,-0.00530606
42,0.9601000000000001,-0.0003884473776114626,0.14631924,-0.005310468478342452
42,0.9601000000000001,-0.00040218313243882387,0.14631924,-0.005308317696025735
42,0.9601000000000001,-0.0004228403201234555,0.14631924,-0.005302714972658163
42,0.9601000000000001,-0.00045366482468962827,0.14631924,-0.005289506540581952
42,0.9601000000000001,-0.0004988466472186835,0.14631924,-0.0052599453542549095
42,0.9601000000000001,-0.0005330452909604613,0.14631924,-0.005228286988036694
42,0.9601000000000001,-0.0005804648585918695,0.14631924,-0.0051609646709613625
42,0.9601000000000001,-0.0006216400705842538,0.14631924,-0.005073355819038595
42,0.9601000000000001,-0.0006585918384005455,0.14631924,-0.004984940522791361
42,0.9601000000000001,-0.0006915870335731738,0.14631924,-0.004895769739927095
42,0.9601000000000001,-0.0007201181958397167,0.14631924,-0.004805746573593024
42,0.9601000000000001,-0.0007687578930690201,0.14631924,-0.0046240919847948085
42,0.9601000000000001,-0.0008132257008500866,0.14631924,-0.004441640795774699
42,0.9601000000000001,-0.0008543131358870523,0.14631924,-0.004258544142460427
42,0.9601000000000001,-0.0008922911132204132,0.14631924,-0.0040748537546459
42,0.9601000000000001,-0.0009276114948766686,0.14631924,-0.0038906559129948445
42,0.9601000000000001,-0.0009607099688500491,0.14631924,-0.003706033809825077
42,0.9601000000000001,-0.0009920111034876008,0.14631924,-0.0035210685142166064
42,0.9601000000000001,-0.001021920260473051,0.14631924,-0.0033358374278386793
42,0.9601000000000001,-0.0010507649639598358,0.14631924,-0.0031504030896958735
42,0.9601000000000001,-0.0010788484770529877,0.14631924,-0.002964823406273909
42,0.9601000000000001,-0.0011064760846115733,0.14631924,-0.0027791566701017454
42,0.9601000000000001,-0.0011339530714946592,0.14631924,-0.002593461173708341
42,0.9601000000000001,-0.0011615341787104732,0.14631924,-0.0024077855585417007
42,0.9601000000000001,-0.0011892416455533841,0.14631924,-0.0022221340710774427
42,0.9601000000000001,-0.0012170330151886875,0.14631924,-0.002036498604407568
42,0.9601000000000001,-0.0012448668416586955,0.14631924,-0.0018508712446456948
42,0.9601000000000001,-0.0012726996572516869,0.14631924,-0.001665243691862202
42,0.9601000000000001,-0.0013004981030261078,0.14631924,-0.001479609576343661
42,0.9601000000000001,-0.0013282611681049417,0.14631924,-0.0012939687050684528
42,0.9601000000000001,-0.0013560030047664229,0.14631924,-0.0011083237803392425
42,0.9601000000000001,-0.001383732710903703,0.14631924,-0.0009226765393506057
42,0.9601000000000001,-0.001411462417040983,0.14631924,-0.0007370292983619681
42,0.9601000000000001,-0.001439202231948431,0.14631924,-0.0005513839875895205
42,0.9601000000000001,-0.0014669511447490298,0.14631924,-0.0003657404140116451
42,0.9601000000000001,-0.0014947061228117293,0.14631924,-0.00018009799856348423
42,0.9601000000000001,-0.001522463122628462,0.14631924,5.544030841438466e-06
42,0.9601000000000001,-0.001550221133322212,0.14631924,0.00019118586722474164
42,0.9601000000000001,-0.0015779761113849115,0.14631924,0.00037682828267290337
42,0.9601000000000001,-0.0016057290676935775,0.14631924,0.0005624710841643024
42,0.9601000000000001,-0.0016334810131252268,0.14631924,0.000748114078677321
42,0.9601000000000001,-0.0016612309368028424,0.14631924,0.0009337574592335777
42,0.9601000000000001,-0.0016889818713574747,0.14631924,0.001119400646768214
42,0.9601000000000001,-0.0017167328059121071,0.14631924,0.0013050438343028522
42,0.9601000000000001,-0.0017444847513437562,0.14631924,0.0014906868288158707
42,0.9601000000000001,-0.0017722366967754053,0.14631924,0.0016763298233288884
42,0.9601000000000001,-0.0017999886422070544,0.14631924,0.0018619728178419061
42,0.9601000000000001,-0.0018277405876387038,0.14631924,0.0020476158123549255
42,0.9601000000000001,-0.0018554925330703527,0.14631924,0.0022332588068679424
42,0.9601000000000001,-0.001883244478502002,0.14631924,0.002418901801380961
42,0.9601000000000001,-0.001910996423933651,0.14631924,0.0026045447958939778
42,0.9601000000000001,-0.0019387483693653006,0.14631924,0.002790187790406998
42,0.9601000000000001,-0.0019665003147969493,0.14631924,0.0029758307849200166
42,0.9601000000000001,-0.001994252260228599,0.14631924,0.003161473779433035
42,0.9601000000000001,-0.002022004205660248,0.14631924,0.0033471167739460538
42,0.9601000000000001,-0.002049756151091897,0.14631924,0.0035327597684590706
42,0.9601000000000001,-0.00206363262924623,0.14631924,0.003625581169204771
42,0.9601000000000001,-0.0020775091074005632,0.14631924,0.0037184025699504696
42,0.9601000000000001,-0.002091384574677879,0.14631924,0.003811224163717788
42,0.9601000000000001,-0.0021052600419551953,0.14631924,0.0039040457574851077
43,0.9651500000000001,-0.002041501151906474,0.14708886,0.003733979192563605
43,0.9651500000000001,-0.002002247371856408,0.14708886,0.0036511891701498525
43,0.9651500000000001,-0.001963043110627318,0.14708886,0.003568389661829689
43,0.9651500000000001,-0.0019239455053203303,0.14708886,0.003485569722326485
43,0.9651500000000001,-0.001885008836181515,0.14708886,0.003402718953627439
43,0.9651500000000001,-0.0018078220954024185,0.14708886,0.0032368858904885224
43,0.9651500000000001,-0.0017316733452937833,0.14708886,0.0030708539881575065
43,0.9651500000000001,-0.0016565225898848204,0.14708886,0.00290463090832803
43,0.9651500000000001,-0.0015823269763496847,0.14708886,0.0027382248599575687
43,0.9651500000000001,-0.0015090998366786403,0.14708886,0.0025716332891482395
43,0.9651500000000001,-0.0014368754531323617,0.14708886,0.0024048496287340662
43,0.9651500000000001,-0.0013656862034014878,0.14708886,0.002237867676391626
43,0.9651500000000001,-0.0012955616083216005,0.14708886,0.002070681777061327
43,0.9651500000000001,-0.001226528331873225,0.14708886,0.001903286822947407
43,0.9651500000000001,-0.0011586006583316432,0.14708886,0.0017356800777307106
43,0.9651500000000001,-0.0010917909674020992,0.14708886,0.0015678591699346345
43,0.9651500000000001,-0.0010261106865048178,0.14708886,0.0013998219105038501
43,0.9651500000000001,-0.0009615674339199496,0.14708886,0.0012315668400681452
43,0.9651500000000001,-0.0008981821599179079,0.14708886,0.001063089945359419
43,0.9651500000000001,-0.0008360453315754751,0.14708886,0.0008943738963563428
43,0.9651500000000001,-0.000775267413954829,0.14708886,0.0007253975321907646
43,0.9651500000000001,-0.0007159588721181475,0.14708886,0.0005561396919945378
43,0.9651500000000001,-0.0006582263619875327,0.14708886,0.00038657994458461773
43,0.9651500000000001,-0.0006021698734899553,0.14708886,0.0002166991357269053
43,0.9651500000000001,-0.0005478170228909605,0.14708886,4.649197520436351e-05
43,0.9651500000000001,-0.0004951754284706975,0.14708886,-0.00012404299635322604
43,0.9651500000000001,-0.00044424699479920436,0.14708886,-0.0002949061437884197
43,0.9651500000000001,-0.0003950383878716124,0.14708886,-0.0004660987440501538
43,0.9651500000000001,-0.00034756960567331607,0.14708886,-0.0006376246279852513
43,0.9651500000000001,-0.00030195301783652993,0.14708886,-0.0008095053213044139
43,0.9651500000000001,-0.00025834289453429516,0.14708886,-0.0009817703762545439
43,0.9651500000000001,-0.00021689064908459653,0.14708886,-0.0011544487978187067
43,0.9651500000000001,-0.00017774959937545627,0.14708886,-0.0013275699558225242
43,0.9651500000000001,-0.00014104163788927678,0.14708886,-0.0015011572001894739
43,0.9651500000000001,-0.00010666296555901224,0.14708886,-0.0016751906470003452
43,0.9651500000000001,-7.441836395581447e-05,0.14708886,-0.00184963289989332
43,0.9651500000000001,-4.411166236581665e-05,0.14708886,-0.002024446380085306
43,0.9651500000000001,-1.5548594645189257e-05,0.14708886,-0.0021995938736357632
43,0.9651500000000001,1.1362258567869756e-05,0.14708886,-0.002375057868102084
43,0.9651500000000001,3.599905515610266e-05,0.14708886,-0.002550957484578252
43,0.9651500000000001,5.74399832213385e-05,0.14708886,-0.002727469306860552
43,0.9651500000000001,7.474513745005034e-05,0.14708886,-0.0029047733847495363
43,0.9651500000000001,8.694985311822207e-05,0.14708886,-0.0030830545109989636
43,0.9651500000000001,9.31704097284344e-05,0.14708886,-0.0032624819725540336
43,0.9651500000000001,9.323444369228949e-05,0.14708886,-0.003443088787665911
43,0.9651500000000001,8.723527894162676e-05,0.14708886,-0.0036248570790494354
43,0.9651500000000001,7.47520054981495e-05,0.14708886,-0.003807867476909109
43,0.9651500000000001,5.45866488082431e-05,0.14708886,-0.0039923494672115915
43,0.9651500000000001,2.5422198690946984e-05,0.14708886,-0.0041785553385831915
43,0.9651500000000001,-1.4278332874036496e-05,0.14708886,-0.004366779518965235
43,0.9651500000000001,-4.02703608850944e-05,0.14708886,-0.004462068135183268
43,0.9651500000000001,-7.259698884101983e-05,0.14708886,-0.004558570217736937
43,0.9651500000000001,-0.0001140636484071134,0.14708886,-0.00465682317970874
43,0.9651500000000001,-0.00017020692468251218,0.14708886,-0.004757887618404059
43,0.9651500000000001,-0.00022842496741506805,0.14708886,-0.00484128759460217
43,0.9651500000000001,-0.0002610136382399367,0.14708886,-0.00488365415004795
43,0.9651500000000001,-0.00030015498227897155,0.14708886,-0.004927275946301835
43,0.9651500000000001,-0.0003265411581778361,0.14708886,-0.0049503924335093765
43,0.9651500000000001,-0.00034463613326139427,0.14708886,-0.004962889690637302
43,0.9651500000000001,-0.0003570204275089484,0.14708886,-0.004969777523356417
43,0.9651500000000001,-0.00037846,0.14708886,-0.0049784
43,0.9651500000000001,-0.00042376608447463747,0.14708886,-0.004982563430672218
43,0.9651500000000001,-0.0004367116194413844,0.14708886,-0.004980527821504152
43,0.9651500000000001,-0.00045618333606334017,0.14708886,-0.004975226901338717
43,0.9651500000000001,-0.0004852449076674606,0.14708886,-0.004962732075414808
43,0.9651500000000001,-0.0005278553279199149,0.14708886,-0.004934770780962135
43,0.9651500000000001,-0.0005601191714434177,0.14708886,-0.004904827479333171
43,0.9651500000000001,-0.0006048850397808788,0.14708886,-0.004841155269731721
43,0.9651500000000001,-0.0006437921880841121,0.14708886,-0.004758298845973084
43,0.9651500000000001,-0.0006787206895789184,0.14708886,-0.004674680266118494
43,0.9651500000000001,-0.0007099219475102535,0.14708886,-0.004590347689385119
43,0.9651500000000001,-0.0007369179147986938,0.14708886,-0.004505209540291827
43,0.9651500000000001,-0.000782975410599171,0.14708886,-0.004333413308023986
43,0.9651500000000001,-0.0008251028261271787,0.14708886,-0.004160864223145326
43,0.9651500000000001,-0.0008640458005524146,0.14708886,-0.00398770512151586
43,0.9651500000000001,-0.0009000595462599096,0.14708886,-0.0038139848920378644
43,0.9651500000000001,-0.0009335697346530545,0.14708886,-0.0036397850770222284
43,0.9651500000000001,-0.0009649868005749398,0.14708886,-0.0034651843000394053
43,0.9651500000000001,-0.0009947107037334498,0.14708886,-0.0032902591780258
43,0.9651500000000001,-0.0010231233104211113,0.14708886,-0.0031150828619135526
43,0.9651500000000001,-0.0010505331609840065,0.14708886,-0.0029397144561964608
43,0.9651500000000001,-0.001077225940927767,0.14708886,-0.0027642086872576715
43,0.9651500000000001,-0.0011034892403280613,0.14708886,-0.0025886206463228843
43,0.9651500000000001,-0.0011296106492605588,0.14708886,-0.002413005424617802
43,0.9651500000000001,-0.0011558301435499897,0.14708886,-0.0022374089923042663
43,0.9651500000000001,-0.001182168673466767,0.14708886,-0.0020618353626503747
43,0.9651500000000001,-0.0012085862430401024,0.14708886,-0.001886276873962488
43,0.9651500000000001,-0.0012350438085842262,0.14708886,-0.0017107260469682406
43,0.9651500000000001,-0.0012615004218433314,0.14708886,-0.0015351750375527163
43,0.9651500000000001,-0.0012879246574117981,0.14708886,-0.0013596178258137694
43,0.9651500000000001,-0.001314315563004608,0.14708886,-0.0011840542293301212
43,0.9651500000000001,-0.0013406864706120235,0.14708886,-0.0010084868019996527
43,0.9651500000000001,-0.0013670459507992138,0.14708886,-0.0008329171856138592
43,0.9651500000000001,-0.0013934054309864042,0.14708886,-0.0006573475692280657
43,0.9651500000000001,-0.0014197744340237821,0.14708886,-0.00048177977705504346
43,0.9651500000000001,-0.0014461520076263293,0.14708886,-0.0003062136266735148
43,0.9651500000000001,-0.0014725352949389889,0.14708886,-0.00013064857081964993
43,0.9651500000000001,-0.001498920486821686,0.14708886,4.491612019166032e-05
43,0.9651500000000001,-0.0015253066309894021,0.14708886,0.00022048062878169458
43,0.9651500000000001,-0.0015516899183020615,0.14708886,0.00039604568463555943
43,0.9651500000000001,-0.0015780713010446837,0.14708886,0.000571611105331978
43,0.9651500000000001,-0.0016044517315022871,0.14708886,0.0007471767084496761
43,0.9651500000000001,-0.001630830257389853,0.14708886,0.0009227426764099262
43,0.9651500000000001,-0.0016572097355624371,0.14708886,0.0010983084619488994
43,0.9651500000000001,-0.0016835892137350217,0.14708886,0.0012738742474878726
43,0.9651500000000001,-0.0017099696441926252,0.14708886,0.0014494398506055698
43,0.9651500000000001,-0.0017363500746502285,0.14708886,0.001625005453723266
43,0.9651500000000001,-0.001762730505107832,0.14708886,0.0018005710568409624
43,0.9651500000000001,-0.0017891109355654352,0.14708886,0.0019761366599586596
43,0.9651500000000001,-0.0018154913660230383,0.14708886,0.002151702263076355
43,0.9651500000000001,-0.0018418717964806418,0.14708886,0.0023272678661940514
43,0.9651500000000001,-0.0018682522269382453,0.14708886,0.0025028334693117486
43,0.9651500000000001,-0.0018946326573958483,0.14708886,0.002678399072429445
43,0.9651500000000001,-0.0019210130878534518,0.14708886,0.0028539646755471404
43,0.9651500000000001,-0.0019473935183110553,0.14708886,0.0030295302786648394
43,0.9651500000000001,-0.0019737739487686585,0.14708886,0.003205095881782535
43,0.9651500000000001,-0.0020001543792262616,0.14708886,0.0033806614849002303
43,0.9651500000000001,-0.002013345070597573,0.14708886,0.003468444195248441
43,0.9651500000000001,-0.0020265357619688837,0.14708886,0.0035562269055966498
43,0.9651500000000001,-0.002039725501055176,0.14708886,0.0036440097983661364
43,0.9651500000000001,-0.0020529152401414686,0.14708886,0.0037317926911356247
44,0.9702000000000001,-0.00199295046102877,0.14785848,0.0035566653756111686
44,0.9702000000000001,-0.00195601162884141,0.14785848,0.0034787493437337556
44,0.9702000000000001,-0.0019191192562695815,0.14785848,0.0034008243774217304
44,0.9702000000000001,-0.0018823269505619745,0.14785848,0.003322880167712078
44,0.9702000000000001,-0.0018456856386048447,0.14785848,0.0032449069210899297
44,0.9702000000000001,-0.0017730471951290117,0.14785848,0.0030888365484734066
44,0.9702000000000001,-0.00170138261667105,0.14785848,0.0029325788963621095
44,0.9702000000000001,-0.0016306543781568756,0.14785848,0.0027761411810301477
44,0.9702000000000001,-0.0015608222741499717,0.14785848,0.0026195311341997837
44,0.9702000000000001,-0.0014918988130083657,0.14785848,0.0024627463504463144
44,0.9702000000000001,-0.0014239161590812717,0.14785848,0.0023057806443919308
44,0.9702000000000001,-0.0013569046898096145,0.14785848,0.0021486281742909234
44,0.9702000000000001,-0.0012908921022718833,0.14785848,0.0019912836138457355
44,0.9702000000000001,-0.0012259034131841338,0.14785848,0.001833742152206959
44,0.9702000000000001,-0.0011619520243585388,0.14785848,0.0016760012121338408
44,0.9702000000000001,-0.0010990495506989807,0.14785848,0.0015180585600177276
44,0.9702000000000001,-0.0010372067136551978,0.14785848,0.0013599121340660157
44,0.9702000000000001,-0.0009764306608603488,0.14785848,0.0012015605597503034
44,0.9702000000000001,-0.0009167410483056204,0.14785848,0.0010430000571174866
44,0.9702000000000001,-0.0008582227541347714,0.14785848,0.0008842143036427892
44,0.9702000000000001,-0.0008009794190286031,0.14785848,0.0007251833686643828
44,0.9702000000000001,-0.0007451146836679162,0.14785848,0.0005658873215204398
44,0.9702000000000001,-0.0006907286149169321,0.14785848,0.0004063069188133296
44,0.9702000000000001,-0.0006379150254608593,0.14785848,0.0002464241198577768
44,0.9702000000000001,-0.0005866998254698977,0.14785848,8.623394198832655e-05
44,0.9702000000000001,-0.0005370901625772057,0.14785848,-7.426498932342884e-05
44,0.9702000000000001,-0.0004890878236910733,0.14785848,-0.0002350730177095835
44,0.9702000000000001,-0.0004426990629905141,0.14785848,-0.00039619134588249425
44,0.9702000000000001,-0.00039794264301256976,0.14785848,-0.000557623581979215
44,0.9702000000000001,-0.0003549239913463311,0.14785848,-0.0007193900002936725
44,0.9702000000000001,-0.0003137878475632611,0.14785848,-0.0008815184350260108
44,0.9702000000000001,-0.0002746762708723891,0.14785848,-0.0010440362049282184
44,0.9702000000000001,-0.00023773310739103347,0.14785848,-0.0012069709723843865
44,0.9702000000000001,-0.00020307271924973296,0.14785848,-0.0013703447298489468
44,0.9702000000000001,-0.0001705977199467006,0.14785848,-0.0015341387493724217
44,0.9702000000000001,-0.00014012495138224522,0.14785848,-0.0016983178086645108
44,0.9702000000000001,-0.00011147036200253067,0.14785848,-0.001862846513618861
44,0.9702000000000001,-8.445168716201011e-05,0.14785848,-0.0020276898137612217
44,0.9702000000000001,-5.8983155262779603e-05,0.14785848,-0.002192831214750768
44,0.9702000000000001,-3.564819186141705e-05,0.14785848,-0.002358382912468315
44,0.9702000000000001,-1.5311660570122747e-05,0.14785848,-0.002524511224850507
44,0.9702000000000001,1.144599370149664e-06,0.14785848,-0.002691385734338939
44,0.9702000000000001,1.2815518910681736e-05,0.14785848,-0.0028591804905925182
44,0.9702000000000001,1.8871972605066312e-05,0.14785848,-0.003028054938905877
44,0.9702000000000001,1.9152245253087948e-05,0.14785848,-0.003198040177984112
44,0.9702000000000001,1.3743895360940263e-05,0.14785848,-0.0033691193698542968
44,0.9702000000000001,2.2520161966061813e-06,0.14785848,-0.003541368457210644
44,0.9702000000000001,-1.644735755411777e-05,0.14785848,-0.003715003584644368
44,0.9702000000000001,-4.358987297353934e-05,0.14785848,-0.0038902623737529693
44,0.9702000000000001,-8.061756505142352e-05,0.14785848,-0.004067422135641551
44,0.9702000000000001,-0.00010489374359748377,0.14785848,-0.004157110144201939
44,0.9702000000000001,-0.0001351131791149911,0.14785848,-0.0042479410731285985
44,0.9702000000000001,-0.0001739079875146318,0.14785848,-0.0043404210925055715
44,0.9702000000000001,-0.00022647271119448093,0.14785848,-0.0044355491408490195
44,0.9702000000000001,-0.0002810060445417154,0.14785848,-0.004514051849745789
44,0.9702000000000001,-0.00031153739266056235,0.14785848,-0.0045539310200417935
44,0.9702000000000001,-0.000348216598750024,0.14785848,-0.004594992456579577
44,0.9702000000000001,-0.00037295065310934415,0.14785848,-0.004616752862320118
44,0.9702000000000001,-0.00038991673549954617,0.14785848,-0.004628517488309058
44,0.9702000000000001,-0.0004015304400181516,0.14785848,-0.004635001844743608
44,0.9702000000000001,-0.00042164,0.14785848,-0.00464312
44,0.9702000000000001,-0.00046415264102968805,0.14785848,-0.00464704443170573
44,0.9702000000000001,-0.00047630392330956826,0.14785848,-0.004645130210391816
44,0.9702000000000001,-0.000494583713478991,0.14785848,-0.004640143555769243
44,0.9702000000000001,-0.0005218719201568762,0.14785848,-0.0046283873113706405
44,0.9702000000000001,-0.0005618939654932725,0.14785848,-0.0046020759391148395
44,0.9702000000000001,-0.0005922086315460285,0.14785848,-0.004573897785473057
44,0.9702000000000001,-0.0006342970032379095,0.14785848,-0.004513975951514675
44,0.9702000000000001,-0.0006709106181165493,0.14785848,-0.004435997378594971
44,0.9702000000000001,-0.0007037913815780654,0.14785848,-0.004357300958217316
44,0.9702000000000001,-0.0007331751655166945,0.14785848,-0.004277932049818978
44,0.9702000000000001,-0.0007586134559517291,0.14785848,-0.00419780440174273
44,0.9702000000000001,-0.0008020457768870269,0.14785848,-0.004036117534259537
44,0.9702000000000001,-0.0008417908125665874,0.14785848,-0.0038737215819369575
44,0.9702000000000001,-0.0008785481375858174,0.14785848,-0.0037107510767423373
44,0.9702000000000001,-0.0009125571976555326,0.14785848,-0.0035472520653771437
44,0.9702000000000001,-0.0009442173667784746,0.14785848,-0.0033833013496158393
44,0.9702000000000001,-0.0009739137236910679,0.14785848,-0.0032189729821760823
44,0.9702000000000001,-0.001002021519134143,0.14785848,-0.0030543391257989777
44,0.9702000000000001,-0.0010288990282197794,0.14785848,-0.002889468678720678
44,0.9702000000000001,-0.0010548357300909038,0.14785848,-0.002724417309341463
44,0.9702000000000001,-0.001080099660990967,0.14785848,-0.002559236562476408
44,0.9702000000000001,-0.001104960644071709,0.14785848,-0.00239397832657269
44,0.9702000000000001,-0.0011296885024848708,0.14785848,-0.0022286944900774854
44,0.9702000000000001,-0.0011545083866749504,0.14785848,-0.0020634283506354564
44,0.9702000000000001,-0.0011794399526331345,0.14785848,-0.001898183688199708
44,0.9702000000000001,-0.0012044456752853402,0.14785848,-0.0017329532864961313
44,0.9702000000000001,-0.0012294889230116289,0.14785848,-0.0015677301010666648
44,0.9702000000000001,-0.0012545312772837727,0.14785848,-0.0014025067438211483
44,0.9702000000000001,-0.001279543254114992,0.14785848,-0.001237277544829923
44,0.9702000000000001,-0.0013045239600511422,0.14785848,-0.001072042332276939
44,0.9702000000000001,-0.0013294859034502509,0.14785848,-0.0009068035115868994
44,0.9702000000000001,-0.0013544371253996212,0.14785848,-0.0007415626291042577
44,0.9702000000000001,-0.001379388347348992,0.14785848,-0.0005763217466216147
44,0.9702000000000001,-0.0014043485038398112,0.14785848,-0.0004110825822994744
44,0.9702000000000001,-0.0014293167014179334,0.14785848,-0.0002458449643217876
44,0.9702000000000001,-0.001454290259720925,0.14785848,-8.060837724040062e-05
44,0.9702000000000001,-0.001479265604932206,0.14785848,8.462786620888271e-05
44,0.9702000000000001,-0.001504241843597632,0.14785848,0.0002498639378421194
44,0.9702000000000001,-0.0015292154019006235,0.14785848,0.0004151005249235064
44,0.9702000000000001,-0.0015541871732953252,0.14785848,0.0005803374556369919
44,0.9702000000000001,-0.0015791580512358823,0.14785848,0.0007455745581665292
44,0.9702000000000001,-0.0016041271422681494,0.14785848,0.0009108120043281667
44,0.9702000000000001,-0.0016290971267545614,0.14785848,0.0010760492786737524
44,0.9702000000000001,-0.0016540671112409736,0.14785848,0.0012412865530193407
44,0.9702000000000001,-0.0016790379891815307,0.14785848,0.0014065236555488771
44,0.9702000000000001,-0.0017040088671220878,0.14785848,0.0015717607580784136
44,0.9702000000000001,-0.0017289797450626447,0.14785848,0.001736997860607951
44,0.9702000000000001,-0.0017539506230032018,0.14785848,0.0019022349631374873
44,0.9702000000000001,-0.0017789215009437586,0.14785848,0.002067472065667024
44,0.9702000000000001,-0.0018038923788843155,0.14785848,0.002232709168196561
44,0.9702000000000001,-0.0018288632568248726,0.14785848,0.0023979462707260975
44,0.9702000000000001,-0.0018538341347654292,0.14785848,0.002563183373255634
44,0.9702000000000001,-0.0018788050127059863,0.14785848,0.002728420475785172
44,0.9702000000000001,-0.0019037758906465434,0.14785848,0.0028936575783147086
44,0.9702000000000001,-0.0019287467685871003,0.14785848,0.003058894680844245
44,0.9702000000000001,-0.001953717646527657,0.14785848,0.0032241317833737798
44,0.9702000000000001,-0.001966203532225008,0.14785848,0.0033067502487305256
44,0.9702000000000001,-0.001978689417922359,0.14785848,0.003389368714087268
44,0.9702000000000001,-0.001991174410165565,0.14785848,0.003471987351260061
44,0.9702000000000001,-0.0020036594024087713,0.14785848,0.003554605988432856
45,0.9752500000000001,-0.0019421079072804914,0.14862809999999999,0.0033770145910115516
45,0.9752500000000001,-0.0019075308649794862,0.14862809999999999,0.0033040930847970332
45,0.9752500000000001,-0.0018729971707242038,0.14862809999999999,0.0032311632053262
45,0.9752500000000001,-0.0018385568414904779,0.14862809999999999,0.003158215291149454
45,0.9752500000000001,-0.0018042573934053496,0.14862809999999999,0.003085240163889681
45,0.9752500000000001,-0.0017362595345613613,0.14862809999999999,0.0029391738109508323
45,0.9752500000000001,-0.0016691703174450184,0.14862809999999999,0.0027929319416776675
45,0.9752500000000001,-0.0016029547301732363,0.14862809999999999,0.0026465213190849032
45,0.9752500000000001,-0.0015375752600141402,0.14862809999999999,0.002499949189259735
45,0.9752500000000001,-0.0014730435775954249,0.14862809999999999,0.002353213297863927
45,0.9752500000000001,-0.0014093896931025901,0.14862809999999999,0.0022063078480277186
45,0.9752500000000001,-0.0013466419494886084,0.14862809999999999,0.0020592273649296753
45,0.9752500000000001,-0.001284826188857661,0.14862809999999999,0.0019119668568208384
45,0.9752500000000001,-0.0012239657524651365,0.14862809999999999,0.001764521815024729
45,0.9752500000000001,-0.0011640731445549928,0.14862809999999999,0.0016168898241789489
45,0.9752500000000001,-0.0011051592021386618,0.14862809999999999,0.0014690687909694198
45,0.9752500000000001,-0.0010472339286113088,0.14862809999999999,0.0013210567831062215
45,0.9752500000000001,-0.0009903039929030463,0.14862809999999999,0.0011728525123960755
45,0.9752500000000001,-0.0009343877345716792,0.14862809999999999,0.0010244524363074645
45,0.9752500000000001,-0.0008795643471622774,0.14862809999999999,0.0008758412575451931
45,0.9752500000000001,-0.000825930530161453,0.14862809999999999,0.0007270002973067116
45,0.9752500000000001,-0.0007735829830558176,0.14862809999999999,0.0005779108767894701
45,0.9752500000000001,-0.0007226150708669273,0.14862809999999999,0.000428554961287555
45,0.9752500000000001,-0.0006731143233024912,0.14862809999999999,0.00027891564326417654
45,0.9752500000000001,-0.0006251049152341619,0.14862809999999999,0.0001289882530186963
45,0.9752500000000001,-0.0005785935155920511,0.14862809999999999,-2.1228497642166062e-05
45,0.9752500000000001,-0.0005335817916086861,0.14862809999999999,-0.00017173493076672996
45,0.9752500000000001,-0.0004900755785979141,0.14862809999999999,-0.0003225321735241147
45,0.9752500000000001,-0.0004480923825012774,0.14862809999999999,-0.00047362360742167833
45,0.9752500000000001,-0.00040773057003791523,0.14862809999999999,-0.0006250282333102918
45,0.9752500000000001,-0.00036912518704257835,0.14862809999999999,-0.0007767721371038632
45,0.9752500000000001,-0.0003324087785012261,0.14862809999999999,-0.0009288809216438198
45,0.9752500000000001,-0.0002977155566323456,0.14862809999999999,-0.0010813805118199088
45,0.9752500000000001,-0.00026515222431771517,0.14862809999999999,-0.0012342915187246017
45,0.9752500000000001,-0.00023462791738457017,0.14862809999999999,-0.0013875963907244654
45,0.9752500000000001,-0.00020597174449881264,0.14862809999999999,-0.0015412621178667167
45,0.9752500000000001,-0.00017901198071008012,0.14862809999999999,-0.001695255529174411
45,0.9752500000000001,-0.0001535785683005381,0.14862809999999999,-0.0018495437757189244
45,0.9752500000000001,-0.00012959148010885287,0.14862809999999999,-0.0020041113991809034
45,0.9752500000000001,-0.00010759506755534743,0.14862809999999999,-0.002159063548336779
45,0.9752500000000001,-8.839627118347121e-05,0.14862809999999999,-0.0023145560945733554
45,0.9752500000000001,-7.281787024568837e-05,0.14862809999999999,-0.002470747968736477
45,0.9752500000000001,-6.170431801732389e-05,0.14862809999999999,-0.002627802288300146
45,0.9752500000000001,-5.582921039127154e-05,0.14862809999999999,-0.0027858684836847706
45,0.9752500000000001,-5.534343191129602e-05,0.14862809999999999,-0.002944975700263297
45,0.9752500000000001,-6.016528818353611e-05,0.14862809999999999,-0.003105108157668052
45,0.9752500000000001,-7.066323759663301e-05,0.14862809999999999,-0.0032663370285777225
45,0.9752500000000001,-8.78859694105656e-05,0.14862809999999999,-0.003428864881385491
45,0.9752500000000001,-0.0001129863749183,0.14862809999999999,-0.003592914412504531
45,0.9752500000000001,-0.00014730991076976162,0.14862809999999999,-0.003758745514928958
45,0.9752500000000001,-0.0001698480867894792,0.14862809999999999,-0.0038426995914605947
45,0.9752500000000001,-0.00019793147819662193,0.14862809999999999,-0.003927724800704038
45,0.9752500000000001,-0.00023401591850462285,0.14862809999999999,-0.004014295519834421
45,0.9752500000000001,-0.00028294805267176375,0.14862809999999999,-0.004103347943317537
45,0.9752500000000001,-0.0003337393792120807,0.14862809999999999,-0.004176839389618153
45,0.9752500000000001,-0.0003621810763105092,0.14862809999999999,-0.004214173495048819
45,0.9752500000000001,-0.0003963588869207948,0.14862809999999999,-0.004252615607723915
45,0.9752500000000001,-0.00041941398382662953,0.14862809999999999,-0.00427298911397403
45,0.9752500000000001,-0.0004352325719979432,0.14862809999999999,-0.004284004738962292
45,0.9752500000000001,-0.00044606285747228583,0.14862809999999999,-0.004290076780112792
45,0.9752500000000001,-0.00046482,0.14862809999999999,-0.00429768
45,0.9752500000000001,-0.0005044910214086418,0.14862809999999999,-0.0043013629634817896
45,0.9752500000000001,-0.0005158340949376253,0.14862809999999999,-0.0042995740039610784
45,0.9752500000000001,-0.0005329008347606805,0.14862809999999999,-0.004294910621057616
45,0.9752500000000001,-0.000558383878436359,0.14862809999999999,-0.004283912907543172
45,0.9752500000000001,-0.0005957703568488768,0.14862809999999999,-0.004259294396949138
45,0.9752500000000001,-0.0006240995945541823,0.14862809999999999,-0.0042329263588575415
45,0.9752500000000001,-0.0006634588652564574,0.14862809999999999,-0.0041768487093076295
45,0.9752500000000001,-0.0006977324712374047,0.14862809999999999,-0.004103868590298899
45,0.9752500000000001,-0.0007285232284678013,0.14862809999999999,-0.004030215712350012
45,0.9752500000000001,-0.0007560512116413154,0.14862809999999999,-0.003955932585839185
45,0.9752500000000001,-0.000779897945393472,0.14862809999999999,-0.0038809383766381395
45,0.9752500000000001,-0.0008206457221870174,0.14862809999999999,-0.0037296083049355704
45,0.9752500000000001,-0.0008579531646594707,0.14862809999999999,-0.003577613686524999
45,0.9752500000000001,-0.0008924729943454612,0.14862809999999999,-0.003425080603323646
45,0.9752500000000001,-0.0009244286204037127,0.14862809999999999,-0.0032720522098063694
45,0.9752500000000001,-0.0009541926693041859,0.14862809999999999,-0.0031186004837726556
45,0.9752500000000001,-0.0009821244296566193,0.14862809999999999,-0.0029647948266354317
45,0.9752500000000001,-0.0010085740202918484,0.14862809999999999,-0.0028107028685418643
45,0.9752500000000001,-0.0010338757213316952,0.14862809999999999,-0.0026563891801800834
45,0.9752500000000001,-0.001058299624445661,0.14862809999999999,-0.0025019059333779036
45,0.9752500000000001,-0.0010820958145129145,0.14862809999999999,-0.002347301435383302
45,0.9752500000000001,-0.0011055160436451517,0.14862809999999999,-0.0021926243154925746
45,0.9752500000000001,-0.0011288120639540685,0.14862809999999999,-0.0020379232030020194
45,0.9752500000000001,-0.0011521939467381663,0.14862809999999999,-0.001883238675999936
45,0.9752500000000001,-0.0011756800315552512,0.14862809999999999,-0.0017285742770178428
45,0.9752500000000001,-0.001199235306522239,0.14862809999999999,-0.0015739232430410236
45,0.9752500000000001,-0.0012228255933723108,0.14862809999999999,-0.0014192789720789208
45,0.9752500000000001,-0.0012464150466061183,0.14862809999999999,-0.0012646345400926578
45,0.9752500000000001,-0.0012699761568869534,0.14862809999999999,-0.0011099846332849584
45,0.9752500000000001,-0.0012935080905985526,0.14862809999999999,-0.000955329090631661
45,0.9752500000000001,-0.0013170225183686097,0.14862809999999999,-0.0008006701664710052
45,0.9752500000000001,-0.0013405269427434999,0.14862809999999999,-0.0006460093100204307
45,0.9752500000000001,-0.0013640313671183905,0.14862809999999999,-0.0004913484535698557
45,0.9752500000000001,-0.00138754412765592,0.14862809999999999,-0.0003366892073608796
45,0.9752500000000001,-0.0014110643907398242,0.14862809999999999,-0.00018203141036934357
45,0.9752500000000001,-0.0014345896555213121,0.14862809999999999,-2.737457952276673e-05
45,0.9752500000000001,-0.0014581165875353274,0.14862809999999999,0.0001272819292754898
45,0.9752500000000001,-0.0014816443531656073,0.14862809999999999,0.0002819382770495862
45,0.9752500000000001,-0.0015051696179470947,0.14862809999999999,0.0004365951078961639
45,0.9752500000000001,-0.0015286932154960548,0.14862809999999999,0.0005912522607910602
45,0.9752500000000001,-0.0015522159794287508,0.14862809999999999,0.0007459095747101166
45,0.9752500000000001,-0.0015757370761289194,0.14862809999999999,0.0009005672106774925
45,0.9752500000000001,-0.0015992590064453512,0.14862809999999999,0.001055224685620709
45,0.9752500000000001,-0.0016227809367617835,0.14862809999999999,0.0012098821605639248
45,0.9752500000000001,-0.0016463037006944799,0.14862809999999999,0.001364539474482982
45,0.9752500000000001,-0.0016698264646271758,0.14862809999999999,0.0015191967884020385
45,0.9752500000000001,-0.0016933492285598722,0.14862809999999999,0.001673854102321095
45,0.9752500000000001,-0.0017168719924925682,0.14862809999999999,0.0018285114162401514
45,0.9752500000000001,-0.0017403947564252641,0.14862809999999999,0.001983168730159208
45,0.9752500000000001,-0.0017639175203579601,0.14862809999999999,0.0021378260440782634
45,0.9752500000000001,-0.0017874402842906565,0.14862809999999999,0.0022924833579973207
45,0.9752500000000001,-0.0018109630482233525,0.14862809999999999,0.002447140671916377
45,0.9752500000000001,-0.0018344858121560484,0.14862809999999999,0.0026017979858354336
45,0.9752500000000001,-0.0018580085760887448,0.14862809999999999,0.00275645529975449
45,0.9752500000000001,-0.0018815313400214408,0.14862809999999999,0.0029111126136735464
45,0.9752500000000001,-0.0019050541039541367,0.14862809999999999,0.003065769927592603
45,0.9752500000000001,-0.0019168159027286168,0.14862809999999999,0.0031430985040400506
45,0.9752500000000001,-0.0019285777015030968,0.14862809999999999,0.003220427080487499
45,0.9752500000000001,-0.0019403386666613132,0.14862809999999999,0.003297755817959107
45,0.9752500000000001,-0.001952099631819529,0.14862809999999999,0.0033750845554307157
46,0.9803000000000001,-0.0018912561263471285,0.14939771999999998,0.003191948302405334
46,0.9803000000000001,-0.0018595624521541996,0.14939771999999998,0.003125135585380997
46,0.9803000000000001,-0.0018279083733581647,0.14939771999999998,0.003058315182118076
46,0.9803000000000001,-0.0017963395769554401,0.14939771999999998,0.0029914782238797456
46,0.9803000000000001,-0.001764899465592621,0.14939771999999998,0.00292461628536602
46,0.9803000000000001,-0.0017025682482739155,0.14939771999999998,0.0027907858356843664
46,0.9803000000000001,-0.0016410670113901028,0.14939771999999998,0.0026567942706170263
46,0.9803000000000001,-0.0015803637740436911,0.14939771999999998,0.0025226477982797763
46,0.9803000000000001,-0.0015204242709873684,0.14939771999999998,0.0023883530702252386
46,0.9803000000000001,-0.0014612591625202988,0.14939771999999998,0.0022539080170814875
46,0.9803000000000001,-0.0014028958608403315,0.14939771999999998,0.002119307317606424
46,0.9803000000000001,-0.0013453602552454358,0.14939771999999998,0.0019845459461825163
46,0.9803000000000001,-0.00128867595068376,0.14939771999999998,0.0018496193206290691
46,0.9803000000000001,-0.0012328642677536315,0.14939771999999998,0.0017145233022022289
46,0.9803000000000001,-0.0011779366282041548,0.14939771999999998,0.0015792556737177902
46,0.9803000000000001,-0.0011239029308845528,0.14939771999999998,0.0014438145136161074
46,0.9803000000000001,-0.001070772313194109,0.14939771999999998,0.0013081980481498136
46,0.9803000000000001,-0.0010185508667323454,0.14939771999999998,0.001172405094820667
46,0.9803000000000001,-0.0009672553433979482,0.14939771999999998,0.001036432401758497
46,0.9803000000000001,-0.0009169580809352427,0.14939771999999998,0.0009002659267966615
46,0.9803000000000001,-0.0008677474075372998,0.14939771999999998,0.0007638885237106281
46,0.9803000000000001,-0.0008197116513971912,0.14939771999999998,0.0006272830462758648
46,0.9803000000000001,-0.0007729360949082261,0.14939771999999998,0.0004904329395169619
46,0.9803000000000001,-0.0007275006903141336,0.14939771999999998,0.0003533226831444725
46,0.9803000000000001,-0.0006834275196631809,0.14939771999999998,0.0002159479906022649
46,0.9803000000000001,-0.0006407226745548902,0.14939771999999998,7.830767939209305e-05
46,0.9803000000000001,-0.000599387677889142,0.14939771999999998,-5.95985461106026e-05
46,0.9803000000000001,-0.0005594278598155185,0.14939771999999998,-0.00019777172059178526
46,0.9803000000000001,-0.000520859210782765,0.14939771999999998,-0.0003362149481093441
46,0.9803000000000001,-0.00048377158188383335,0.14939771999999998,-0.0004749456705123718
46,0.9803000000000001,-0.0004482883280090468,0.14939771999999998,-0.0006139878333903015
46,0.9803000000000001,-0.00041453051969890834,0.14939771999999998,-0.0007533649388957236
46,0.9803000000000001,-0.0003826207503938009,0.14939771999999998,-0.0008931007848057902
46,0.9803000000000001,-0.00035265648568607883,0.14939771999999998,-0.0010332142910923982
46,0.9803000000000001,-0.0003245547275322529,0.14939771999999998,-0.00117368934621698
46,0.9803000000000001,-0.0002981593786945682,0.14939771999999998,-0.0013144956486620426
46,0.9803000000000001,-0.0002733135804853294,0.14939771999999998,-0.0014556027490978144
46,0.9803000000000001,-0.000249861997116722,0.14939771999999998,-0.0015969804938190846
46,0.9803000000000001,-0.0002277315293944797,0.14939771999999998,-0.0017386146928469299
46,0.9803000000000001,-0.0002074194041295983,0.14939771999999998,-0.0018806018676004832
46,0.9803000000000001,-0.00018966270486425702,0.14939771999999998,-0.0020230851003672154
46,0.9803000000000001,-0.00017521298268950085,0.14939771999999998,-0.0021662102818679283
46,0.9803000000000001,-0.00016484158639482158,0.14939771999999998,-0.002310127145942715
46,0.9803000000000001,-0.00015925514152478816,0.14939771999999998,-0.0024549728623878293
46,0.9803000000000001,-0.00015859147051858885,0.14939771999999998,-0.0026007741852260326
46,0.9803000000000001,-0.00016277595128207784,0.14939771999999998,-0.0027475166288538407
46,0.9803000000000001,-0.0001721451446888534,0.14939771999999998,-0.002895265526299212
46,0.9803000000000001,-0.00018765695476377295,0.14939771999999998,-0.0030442068254109477
46,0.9803000000000001,-0.0002103644667742276,0.14939771999999998,-0.0031945449505729065
46,0.9803000000000001,-0.00024149666092381053,0.14939771999999998,-0.003346518470805729
46,0.9803000000000001,-0.0002619737293883621,0.14939771999999998,-0.0034234585462248825
46,0.9803000000000001,-0.00028751596285557816,0.14939771999999998,-0.0035013818689335684
46,0.9803000000000001,-0.00032036659284948916,0.14939771999999998,-0.003580723893909983
46,0.9803000000000001,-0.0003649526893228145,0.14939771999999998,-0.0036623440017526446
46,0.9803000000000001,-0.00041125902216702264,0.14939771999999998,-0.0037297050255846167
46,0.9803000000000001,-0.0004371945266708668,0.14939771999999998,-0.003763925643573355
46,0.9803000000000001,-0.00046836956821369707,0.14939771999999998,-0.0037991633578638487
46,0.9803000000000001,-0.0004894067862076121,0.14939771999999998,-0.003817840107500254
46,0.9803000000000001,-0.0005038449587721006,0.14939771999999998,-0.0038279393460320566
46,0.9803000000000001,-0.0005137321656450448,0.14939771999999998,-0.0038335068995286434
46,0.9803000000000001,-0.00053086,0.14939771999999998,-0.00384048
46,0.9803000000000001,-0.0005671021919584476,0.14939771999999998,-0.003843867062265164
46,0.9803000000000001,-0.000577468792046699,0.14939771999999998,-0.0038422311676161824
46,0.9803000000000001,-0.0005930690581758533,0.14939771999999998,-0.0038379629757357278
46,0.9803000000000001,-0.0006163680244039983,0.14939771999999998,-0.0038278927439406216
46,0.9803000000000001,-0.0006505619373333183,0.14939771999999998,-0.0038053444183019296
46,0.9803000000000001,-0.0006764826966616235,0.14939771999999998,-0.0037811901122361824
46,0.9803000000000001,-0.0007125226061577869,0.14939771999999998,-0.0037298140996608557
46,0.9803000000000001,-0.0007439391125724579,0.14939771999999998,-0.0036629475789664357
46,0.9803000000000001,-0.000772174281136688,0.14939771999999998,-0.003595463498564309
46,0.9803000000000001,-0.0007974291346347082,0.14939771999999998,-0.0035274008808965137
46,0.9803000000000001,-0.0008193214251965039,0.14939771999999998,-0.0034586855241982646
46,0.9803000000000001,-0.0008567616054177796,0.14939771999999998,-0.0033200232388810834
46,0.9803000000000001,-0.0008910592817355685,0.14939771999999998,-0.003180750932282498
46,0.9803000000000001,-0.0009228106694531001,0.14939771999999998,-0.0030409843414180987
46,0.9803000000000001,-0.0009522198371543666,0.14939771999999998,-0.0029007630799790444
46,0.9803000000000001,-0.0009796271529626678,0.14939771999999998,-0.0027601532200546954
46,0.9803000000000001,-0.0010053608018022594,0.14939771999999998,-0.0026192184687379248
46,0.9803000000000001,-0.001029740592648054,0.14939771999999998,-0.002478020907186519
46,0.9803000000000001,-0.001053071866926099,0.14939771999999998,-0.0023366198081249383
46,0.9803000000000001,-0.0010756013344170418,0.14939771999999998,-0.0021950630627320467
46,0.9803000000000001,-0.0010975574301029627,0.14939771999999998,-0.002053395014691979
46,0.9803000000000001,-0.0011191701118658222,0.14939771999999998,-0.001911660303313429
46,0.9803000000000001,-0.001140669337587582,0.14939771999999998,-0.0017699035679050934
46,0.9803000000000001,-0.0011622469926531893,0.14939771999999998,-0.0016281620571616433
46,0.9803000000000001,-0.0011839198289613302,0.14939771999999998,-0.0014864390229532495
46,0.9803000000000001,-0.0012056558656145136,0.14939771999999998,-0.0013447282571641323
46,0.9803000000000001,-0.001227423883165188,0.14939771999999998,-0.001203023699490794
46,0.9803000000000001,-0.0012491911392659221,0.14939771999999998,-0.0010613189940051754
46,0.9803000000000001,-0.0012709325060686872,0.14939771999999998,-0.0009196092629020218
46,0.9803000000000001,-0.0012926472221235427,0.14939771999999998,-0.0007778943583690522
46,0.9803000000000001,-0.0013143459477296528,0.14939771999999998,-0.000636176349778193
46,0.9803000000000001,-0.0013360355359364796,0.14939771999999998,-0.000494456567439969
46,0.9803000000000001,-0.0013577251241433065,0.14939771999999998,-0.00035273678510174466
46,0.9803000000000001,-0.0013794223268495359,0.14939771999999998,-0.00021101848088632457
46,0.9803000000000001,-0.0014011263826052278,0.14939771999999998,-6.930150698142854e-05
46,0.9803000000000001,-0.0014228350070605612,0.14939771999999998,7.241458004978536e-05
46,0.9803000000000001,-0.0014445451544157753,0.14939771999999998,0.00021413037145643623
46,0.9803000000000001,-0.0014662560632209298,0.14939771999999998,0.0003558460150508082
46,0.9803000000000001,-0.0014879646876762632,0.14939771999999998,0.0004975621020820221
46,0.9803000000000001,-0.001509671789231716,0.14939771999999998,0.0006392784847377955
46,0.9803000000000001,-0.001531378129337229,0.14939771999999998,0.0007809950152058505
46,0.9803000000000001,-0.001553082946542861,0.14939771999999998,0.000922711841298465
46,0.9803000000000001,-0.0015747885251984335,0.14939771999999998,0.0010644285195787998
46,0.9803000000000001,-0.001596494103854006,0.14939771999999998,0.0012061451978591345
46,0.9803000000000001,-0.0016182004439595186,0.14939771999999998,0.0013478617283271895
46,0.9803000000000001,-0.0016399067840650314,0.14939771999999998,0.0014895782587952436
46,0.9803000000000001,-0.001661613124170544,0.14939771999999998,0.0016312947892632985
46,0.9803000000000001,-0.0016833194642760568,0.14939771999999998,0.0017730113197313526
46,0.9803000000000001,-0.0017050258043815696,0.14939771999999998,0.0019147278501994076
46,0.9803000000000001,-0.0017267321444870822,0.14939771999999998,0.002056444380667461
46,0.9803000000000001,-0.001748438484592595,0.14939771999999998,0.0021981609111355166
46,0.9803000000000001,-0.0017701448246981073,0.14939771999999998,0.00233987744160357
46,0.9803000000000001,-0.0017918511648036203,0.14939771999999998,0.0024815939720716257
46,0.9803000000000001,-0.0018135575049091329,0.14939771999999998,0.00262331050253968
46,0.9803000000000001,-0.0018352638450146455,0.14939771999999998,0.002765027033007734
46,0.9803000000000001,-0.0018569701851201582,0.14939771999999998,0.002906743563475788
46,0.9803000000000001,-0.0018678237358978847,0.14939771999999998,0.0029776017548036756
46,0.9803000000000001,-0.0018786772866756112,0.14939771999999998,0.0030484599461315623
46,0.9803000000000001,-0.0018895300760033975,0.14939771999999998,0.0031193182852717305
46,0.9803000000000001,-0.0019003828653311838,0.14939771999999998,0.003190176624411897
47,0.9853500000000001,-0.0018398717579210084,0.15016733999999998,0.003003055884263124
47,0.9853500000000001,-0.001811948215644948,0.15016733999999998,0.0029441952707279645
47,0.9853500000000001,-0.0017840594207408854,0.15016733999999998,0.0028853278767394398
47,0.9853500000000001,-0.0017562454663303563,0.15016733999999998,0.002826445878697511
47,0.9853500000000001,-0.0017285444408788203,0.15016733999999998,0.002767541844182142
47,0.9853500000000001,-0.0016736241756528723,0.15016733999999998,0.0026496397615576152
47,0.9853500000000001,-0.0016194322688014937,0.15016733999999998,0.002531595550199067
47,0.9853500000000001,-0.0015659406551396093,0.15016733999999998,0.002413414686626522
47,0.9853500000000001,-0.001513119264826068,0.15016733999999998,0.002295103038540012
47,0.9853500000000001,-0.001460977452922561,0.15016733999999998,0.0021766587804328587
47,0.9853500000000001,-0.00140953927530201,0.15016733999999998,0.0020580772181450404
47,0.9853500000000001,-0.0013588274513999514,0.15016733999999998,0.0019393539183032021
47,0.9853500000000001,-0.0013088626959958465,0.15016733999999998,0.0018204848387139913
47,0.9853500000000001,-0.0012596637192130783,0.15016733999999998,0.0017014663283640569
47,0.9853500000000001,-0.0012112405443320301,0.15016733999999998,0.0015822964313533883
47,0.9853500000000001,-0.0011636018581957024,0.15016733999999998,0.0014629734525686451
47,0.9853500000000001,-0.0011167556794284019,0.15016733999999998,0.0013434958272898192
47,0.9853500000000001,-0.0010707073537796668,0.15016733999999998,0.00122386251237024
47,0.9853500000000001,-0.001025471582060727,0.15016733999999998,0.0011040706391565588
47,0.9853500000000001,-0.0009811118450473474,0.15016733999999998,0.0009841078202820494
47,0.9853500000000001,-0.0009377056561078314,0.15016733999999998,0.000863958930119973
47,0.9853500000000001,-0.0008953305286104812,0.15016733999999998,0.0007436088430435861
47,0.9853500000000001,-0.0008540613030488311,0.15016733999999998,0.0006230429549994895
47,0.9853500000000001,-0.000813968142385569,0.15016733999999998,0.0005022475746876138
47,0.9853500000000001,-0.0007750704249627703,0.15016733999999998,0.0003812189207012752
47,0.9853500000000001,-0.0007373734965299731,0.15016733999999998,0.0002599559498938013
47,0.9853500000000001,-0.0007008786935245625,0.15016733999999998,0.0001384584014785242
47,0.9853500000000001,-0.0006655906934773836,0.15016733999999998,1.6725362702106616e-05
47,0.9853500000000001,-0.0006315235289809744,0.15016733999999998,-0.00010524590469546602
47,0.9853500000000001,-0.0005987560498410222,0.15016733999999998,-0.00022747078712759923
47,0.9853500000000001,-0.0005673965074856742,0.15016733999999998,-0.00034997040831439685
47,0.9853500000000001,-0.0005375511486870005,0.15016733999999998,-0.0004727655007959594
47,0.9853500000000001,-0.0005093275566544558,0.15016733999999998,-0.0005958770578990552
47,0.9853500000000001,-0.00048281126338065033,0.15016733999999998,-0.0007193217699704314
47,0.9853500000000001,-0.00045792943302812685,0.15016733999999998,-0.0008430854241366853
47,0.9853500000000001,-0.00043454508076497137,0.15016733999999998,-0.0009671412897643552
47,0.9853500000000001,-0.00041252055354057664,0.15016733999999998,-0.0010914625058266437
47,0.9853500000000001,-0.00039171953474172064,0.15016733999999998,-0.0012160224720834225
47,0.9853500000000001,-0.0003720778753739459,0.15016733999999998,-0.0013408086707746298
47,0.9853500000000001,-0.00035403192224330173,0.15016733999999998,-0.001465906248747346
47,0.9853500000000001,-0.0003382285110439017,0.15016733999999998,-0.0015914414267488488
47,0.9853500000000001,-0.00032532717362501203,0.15016733999999998,-0.001717542902999761
47,0.9853500000000001,-0.0003160048155218982,0.15016733999999998,-0.0018443427659473898
47,0.9853500000000001,-0.0003108815436809827,0.15016733999999998,-0.0019719620206056546
47,0.9853500000000001,-0.00031007830568556555,0.15016733999999998,-0.0021004242681680026
47,0.9853500000000001,-0.000313529616103805,0.15016733999999998,-0.002229716730087706
47,0.9853500000000001,-0.0003215308275976822,0.15016733999999998,-0.002359897040218377
47,0.9853500000000001,-0.0003349225592820678,0.15016733999999998,-0.0024911292333741433
47,0.9853500000000001,-0.0003546289576083653,0.15016733999999998,-0.0026235936435358787
47,0.9853500000000001,-0.00038172852754589164,0.15016733999999998,-0.0027575007255446022
47,0.9853500000000001,-0.0003995879889704232,0.15016733999999998,-0.0028252952383563713
47,0.9853500000000001,-0.000421892441135907,0.15016733999999998,-0.0028939571276256756
47,0.9853500000000001,-0.00045061045630975793,0.15016733999999998,-0.0029638705321143755
47,0.9853500000000001,-0.0004896270579688096,0.15016733999999998,-0.0030357935586661435
47,0.9853500000000001,-0.0005301753544270044,0.15016733999999998,-0.0030951535747830486
47,0.9853500000000001,-0.0005528911737576409,0.15016733999999998,-0.003125310040083809
47,0.9853500000000001,-0.0005802050059097586,0.15016733999999998,-0.003156363741915583
47,0.9853500000000001,-0.0005986443631663639,0.15016733999999998,-0.003172823817922657
47,0.9853500000000001,-0.0006113036975131048,0.15016733999999998,-0.003181725055612779
47,0.9853500000000001,-0.0006199748029841746,0.15016733999999998,-0.0031866325727000528
47,0.9853500000000001,-0.000635,0.15016733999999998,-0.00319278
47,0.9853500000000001,-0.0006668102511250853,0.15016733999999998,-0.003195771841477658
47,0.9853500000000001,-0.0006759130946495937,0.15016733999999998,-0.0031943326566805184
47,0.9853500000000001,-0.0006896143194940468,0.15016733999999998,-0.003190575305621981
47,0.9853500000000001,-0.0007100826638133108,0.15016733999999998,-0.0031817075118783515
47,0.9853500000000001,-0.0007401340699548284,0.15016733999999998,-0.003161847816980803
47,0.9853500000000001,-0.000762925280004878,0.15016733999999998,-0.003140571398509725
47,0.9853500000000001,-0.0007946408258030773,0.15016733999999998,-0.0030953126391011286
47,0.9853500000000001,-0.000822321136475153,0.15016733999999998,-0.0030364045623924064
47,0.9853500000000001,-0.0008472096294509421,0.15016733999999998,-0.002976951702334379
47,0.9853500000000001,-0.000869482714465203,0.15016733999999998,-0.0029169884827672126
47,0.9853500000000001,-0.000888804945734418,0.15016733999999998,-0.002856449446237257
47,0.9853500000000001,-0.0009218818101288891,0.15016733999999998,-0.0027342849359187488
47,0.9853500000000001,-0.0009522009359803794,0.15016733999999998,-0.0026115822923109674
47,0.9853500000000001,-0.0009802855385249328,0.15016733999999998,-0.0024884436133944072
47,0.9853500000000001,-0.0010063147003720764,0.15016733999999998,-0.0023649038445825708
47,0.9853500000000001,-0.0010305871152772534,0.15016733999999998,-0.0022410212716957403
47,0.9853500000000001,-0.0010533907854968299,0.15016733999999998,-0.002116852094260855
47,0.9853500000000001,-0.001075006362881558,0.15016733999999998,-0.00199245107747818
47,0.9853500000000001,-0.001095701803127036,0.15016733999999998,-0.0018678705090746349
47,0.9853500000000001,-0.0011156936090895582,0.15016733999999998,-0.001743152636490425
47,0.9853500000000001,-0.0011351822463768041,0.15016733999999998,-0.001618336577725739
47,0.9853500000000001,-0.0011543695170338382,0.15016733999999998,-0.0014934617115674351
47,0.9853500000000001,-0.0011734572231057246,0.15016733999999998,-0.0013685674168023706
47,0.9853500000000001,-0.0011926137557029147,0.15016733999999998,-0.0012436865525507041
47,0.9853500000000001,-0.0012118538156366374,0.15016733999999998,-0.0011188219874657835
47,0.9853500000000001,-0.0012311493377218188,0.15016733999999998,-0.0009939682450275824
47,0.9853500000000001,-0.001250472924992075,0.15016733999999998,-0.0008691199791094071
47,0.9853500000000001,-0.001269795844043639,0.15016733999999998,-0.0007442715827978984
47,0.9853500000000001,-0.0012890960436596662,0.15016733999999998,-0.0006194187531130342
47,0.9853500000000001,-0.0013083728556214638,0.15016733999999998,-0.0004945613596614817
47,0.9853500000000001,-0.0013276356349907238,0.15016733999999998,-0.00036970122794991594
47,0.9853500000000001,-0.0013468903957356768,0.15016733999999998,-0.00024483953151834296
47,0.9853500000000001,-0.0013661451564806297,0.15016733999999998,-0.00011997783508676911
47,0.9853500000000001,-0.0013854065994125054,0.15016733999999998,4.8825574114649654e-06
47,0.9853500000000001,-0.0014046740563126111,0.15016733999999998,0.00012974177636969298
47,0.9853500000000001,-0.0014239455225248708,0.15016733999999998,0.0002546002129679174
47,0.9853500000000001,-0.001443218325174515,0.15016733999999998,0.0003794583887794731
47,0.9853500000000001,-0.0014624917960428512,0.15016733999999998,0.0005043164341976955
47,0.9853500000000001,-0.0014817632622551107,0.15016733999999998,0.0006291748707959195
47,0.9853500000000001,-0.0015010333920299859,0.15016733999999998,0.0007540335681808126
47,0.9853500000000001,-0.0015203028535861686,0.15016733999999998,0.0008788923959590382
47,0.9853500000000001,-0.001539570978704967,0.15016733999999998,0.001003751484523933
47,0.9853500000000001,-0.0015588397720424573,0.15016733999999998,0.0011286104426954926
47,0.9853500000000001,-0.0015781085653799477,0.15016733999999998,0.0012534694008670523
47,0.9853500000000001,-0.0015973780269361306,0.15016733999999998,0.0013783282286452796
47,0.9853500000000001,-0.0016166474884923131,0.15016733999999998,0.0015031870564235052
47,0.9853500000000001,-0.0016359169500484963,0.15016733999999998,0.0016280458842017316
47,0.9853500000000001,-0.001655186411604679,0.15016733999999998,0.0017529047119799572
47,0.9853500000000001,-0.0016744558731608614,0.15016733999999998,0.0018777635397581836
47,0.9853500000000001,-0.0016937253347170445,0.15016733999999998,0.00200262236753641
47,0.9853500000000001,-0.0017129947962732273,0.15016733999999998,0.0021274811953146356
47,0.9853500000000001,-0.00173226425782941,0.15016733999999998,0.002252340023092862
47,0.9853500000000001,-0.0017515337193855928,0.15016733999999998,0.0023771988508710885
47,0.9853500000000001,-0.0017708031809417755,0.15016733999999998,0.002502057678649315
47,0.9853500000000001,-0.0017900726424979582,0.15016733999999998,0.0026269165064275405
47,0.9853500000000001,-0.001809342104054141,0.15016733999999998,0.002751775334205766
47,0.9853500000000001,-0.0018189771689415784,0.15016733999999998,0.0028142046828982126
47,0.9853500000000001,-0.001828612233829016,0.15016733999999998,0.0028766340315906592
47,0.9853500000000001,-0.0018382466304977612,0.15016733999999998,0.002939063510676438
47,0.9853500000000001,-0.0018478810271665065,0.15016733999999998,0.00300149298976222
48,0.9904000000000002,-0.0017883503370312345,0.15093696,0.0028103298067584043
48,0.9904000000000002,-0.0017656131612589598,0.15093696,0.0027624260847013155
48,0.9904000000000002,-0.0017429041778400278,0.15093696,0.002714516833261747
48,0.9904000000000002,-0.0017202559164129117,0.15093696,0.002666595672382987
48,0.9904000000000002,-0.0016976992801341596,0.15093696,0.0026186565410111634
48,0.9904000000000002,-0.0016529769053989676,0.15093696,0.002522701611252732
48,0.9904000000000002,-0.0016088454857626935,0.15093696,0.0024266307771307564
48,0.9904000000000002,-0.0015652822504784068,0.15093696,0.0023304485046849307
48,0.9904000000000002,-0.0015222628023172527,0.15093696,0.0022341595789577874
48,0.9904000000000002,-0.0014797947315282084,0.15093696,0.0021377625112694284
48,0.9904000000000002,-0.0014378975558943575,0.15093696,0.0020412534735858275
48,0.9904000000000002,-0.0013965897088775011,0.15093696,0.0019446288505415169
48,0.9904000000000002,-0.0013558879974575164,0.15093696,0.001847885345773864
48,0.9904000000000002,-0.0013158076021323576,0.15093696,0.001751019981923071
48,0.9904000000000002,-0.0012763566553116426,0.15093696,0.0016540311639749593
48,0.9904000000000002,-0.0012375422050837073,0.15093696,0.0015569175095839103
48,0.9904000000000002,-0.0011993707573762459,0.15093696,0.001459677742738582
48,0.9904000000000002,-0.0011618466494743886,0.15093696,0.001362311012764746
48,0.9904000000000002,-0.0011249818089122416,0.15093696,0.0012648149803082768
48,0.9904000000000002,-0.0010888277409507197,0.15093696,0.0011671795436127173
48,0.9904000000000002,-0.0010534473362242035,0.15093696,0.0010693923679017635
48,0.9904000000000002,-0.0010189034853670732,0.15093696,0.000971441118399113
48,0.9904000000000002,-0.000985256910371144,0.15093696,0.000873313885665574
48,0.9904000000000002,-0.0009525645381037429,0.15093696,0.0007749995046019073
48,0.9904000000000002,-0.0009208420912234653,0.15093696,0.0006764948915140368
48,0.9904000000000002,-0.0008900939070154406,0.15093696,0.0005777991957277343
48,0.9904000000000002,-0.0008603210698009512,0.15093696,0.00047891220457444176
48,0.9904000000000002,-0.0008315273747044856,0.15093696,0.0003798331737142114
48,0.9904000000000002,-0.0008037242070995093,0.15093696,0.00028055987012719436
48,0.9904000000000002,-0.000776975541941685,0.15093696,0.000181079746368531
48,0.9904000000000002,-0.0007513692092548884,0.15093696,8.137557628510499e-05
48,0.9904000000000002,-0.0007269914125810717,0.15093696,-1.8569547273360274e-05
48,0.9904000000000002,-0.0007039294397834701,0.15093696,-0.00011877274412570166
48,0.9904000000000002,-0.0006822526874241578,0.15093696,-0.0002192476250595641
48,0.9904000000000002,-0.0006619020599932432,0.15093696,-0.00031998259963859346
48,0.9904000000000002,-0.0006427664145592785,0.15093696,-0.0004209558693357004
48,0.9904000000000002,-0.0006247340660301747,0.15093696,-0.0005221455292895188
48,0.9904000000000002,-0.0006076944136351248,0.15093696,-0.0006235298873072371
48,0.9904000000000002,-0.0005915954099525727,0.15093696,-0.0007250987352981214
48,0.9904000000000002,-0.0005767910858812285,0.15093696,-0.000826921509546021
48,0.9904000000000002,-0.0005638062529217823,0.15093696,-0.0009291011416325057
48,0.9904000000000002,-0.0005531760236271076,0.15093696,-0.0010317425834904374
48,0.9904000000000002,-0.0005454496067267496,0.15093696,-0.0011349535517439185
48,0.9904000000000002,-0.0005411301272957502,0.15093696,-0.00123883272460338
48,0.9904000000000002,-0.0005403157164101683,0.15093696,-0.0013433993485732268
48,0.9904000000000002,-0.0005429532423271654,0.15093696,-0.0014486430028941683
48,0.9904000000000002,-0.0005492823400501561,0.15093696,-0.001554610687317293
48,0.9904000000000002,-0.0005599850476657814,0.15093696,-0.0016614361703649317
48,0.9904000000000002,-0.0005758111733408337,0.15093696,-0.0017692665123442244
48,0.9904000000000002,-0.0005976357643502248,0.15093696,-0.0018782733367806413
48,0.9904000000000002,-0.0006120447249103992,0.15093696,-0.0019334625519279187
48,0.9904000000000002,-0.0006300601380558971,0.15093696,-0.001989359102695658
48,0.9904000000000002,-0.0006532792090357211,0.15093696,-0.0020462762498682672
48,0.9904000000000002,-0.0006848540598178614,0.15093696,-0.0021048322209408395
48,0.9904000000000002,-0.0007176879246012664,0.15093696,-0.0021531624876692896
48,0.9904000000000002,-0.0007360859119759473,0.15093696,-0.0021777161664870877
48,0.9904000000000002,-0.0007582145067227886,0.15093696,-0.00220300153147512
48,0.9904000000000002,-0.0007731590478053437,0.15093696,-0.0022164052484002312
48,0.9904000000000002,-0.0007834220902472456,0.15093696,-0.0022236544625612725
48,0.9904000000000002,-0.0007904533423549936,0.15093696,-0.002227651664953594
48,0.9904000000000002,-0.0008026400000000001,0.15093696,-0.00223266
48,0.9904000000000002,-0.0008284533816973472,0.15093696,-0.0022351046345323923
48,0.9904000000000002,-0.0008358430604851228,0.15093696,-0.0022339358176134117
48,0.9904000000000002,-0.000846967713178283,0.15093696,-0.002230881384404204
48,0.9904000000000002,-0.0008635910175907754,0.15093696,-0.002223669087177981
48,0.9904000000000002,-0.0008880058295704621,0.15093696,-0.0022075123073290654
48,0.9904000000000002,-0.0009065300661834108,0.15093696,-0.0021902002055444432
48,0.9904000000000002,-0.0009323276217829345,0.15093696,-0.0021533693530281423
48,0.9904000000000002,-0.0009548674510818091,0.15093696,-0.0021054269252936864
48,0.9904000000000002,-0.0009751421332217115,0.15093696,-0.0020570402329437333
48,0.9904000000000002,-0.000993294798611921,0.15093696,-0.0020082373482278016
48,0.9904000000000002,-0.0010090532826105508,0.15093696,-0.0019589648913380937
48,0.9904000000000002,-0.001036052968145255,0.15093696,-0.0018595340003503668
48,0.9904000000000002,-0.001060815156713689,0.15093696,-0.001759664267795345
48,0.9904000000000002,-0.0010837643600979192,0.15093696,-0.0016594389534130794
48,0.9904000000000002,-0.0011050458773497899,0.15093696,-0.0015588865547902036
48,0.9904000000000002,-0.0011249020542759215,0.15093696,-0.001458054603349199
48,0.9904000000000002,-0.0011435665621126756,0.15093696,-0.0013569889291640909
48,0.9904000000000002,-0.0011612671083293595,0.15093696,-0.001255734192631842
48,0.9904000000000002,-0.0011782210993430983,0.15093696,-0.0011543330337981232
48,0.9904000000000002,-0.0011946041952016438,0.15093696,-0.0010528199049691634
48,0.9904000000000002,-0.0012105790440973588,0.15093696,-0.0009512267064285063
48,0.9904000000000002,-0.0012263093785438886,0.15093696,-0.0008495855511282541
48,0.9904000000000002,-0.001241958931054878,0.15093696,-0.000747928552020508
48,0.9904000000000002,-0.001257664326111912,0.15093696,-0.0006462825053434457
48,0.9904000000000002,-0.001273437491249097,0.15093696,-0.0005446497504511933
48,0.9904000000000002,-0.0012892556557195026,0.15093696,-0.00044302582130405525
48,0.9904000000000002,-0.001305096590936839,0.15093696,-0.00034140635819661326
48,0.9904000000000002,-0.0013209369839935342,0.15093696,-0.00023978678875489308
48,0.9904000000000002,-0.001336758943588428,0.15093696,-0.0001381636039477041
48,0.9904000000000002,-0.0013525619275608798,0.15093696,-3.6536697440768106e-05
48,0.9904000000000002,-0.0013683535261598662,0.15093696,6.509244208601547e-05
48,0.9904000000000002,-0.0013841386188311578,0.15093696,0.00016672285762414077
48,0.9904000000000002,-0.0013999237115024498,0.15093696,0.0002683532731622665
48,0.9904000000000002,-0.0014157142257801535,0.15093696,0.0003699826253576073
48,0.9904000000000002,-0.0014315096195036284,0.15093696,0.00047161102054444227
48,0.9904000000000002,-0.0014473082661909504,0.15093696,0.0005732387777256055
48,0.9904000000000002,-0.0014631079971995547,0.15093696,0.0006748663222382119
48,0.9904000000000002,-0.0014789082703688004,0.15093696,0.0007764937604165401
48,0.9904000000000002,-0.0014947069170561224,0.15093696,0.0008781215175977038
48,0.9904000000000002,-0.0015105044794221619,0.15093696,0.0009797494874474238
48,0.9904000000000002,-0.0015263014996275603,0.15093696,0.0010813775636314233
48,0.9904000000000002,-0.0015420974355116763,0.15093696,0.0011830058524839792
48,0.9904000000000002,-0.0015578939135564335,0.15093696,0.001284634035002256
48,0.9904000000000002,-0.0015736903916011907,0.15093696,0.0013862622175205338
48,0.9904000000000002,-0.001589487411806589,0.15093696,0.0014878902937045329
48,0.9904000000000002,-0.0016052844320119874,0.15093696,0.001589518369888532
48,0.9904000000000002,-0.0016210814522173858,0.15093696,0.0016911464460725315
48,0.9904000000000002,-0.001636878472422784,0.15093696,0.0017927745222565293
48,0.9904000000000002,-0.0016526754926281825,0.15093696,0.0018944025984405288
48,0.9904000000000002,-0.001668472512833581,0.15093696,0.0019960306746245274
48,0.9904000000000002,-0.0016842695330389792,0.15093696,0.002097658750808527
48,0.9904000000000002,-0.0017000665532443775,0.15093696,0.0021992868269925256
48,0.9904000000000002,-0.0017158635734497761,0.15093696,0.002300914903176525
48,0.9904000000000002,-0.0017316605936551744,0.15093696,0.002402542979360524
48,0.9904000000000002,-0.0017474576138605728,0.15093696,0.0025041710555445225
48,0.9904000000000002,-0.0017632546340659713,0.15093696,0.002605799131728521
48,0.9904000000000002,-0.0017711534152489907,0.15093696,0.0026566131166533818
48,0.9904000000000002,-0.0017790521964320108,0.15093696,0.0027074271015782433
48,0.9904000000000002,-0.0017869504354543894,0.15093696,0.0027582411928373804
48,0.9904000000000002,-0.001794848674476768,0.15093696,0.0028090552840965193
49,0.99545,-0.0017403138899500757,0.15170657999999998,0.002611940138731201
49,0.99545,-0.0017267135249190292,0.15170657999999998,0.0025832950479884303
49,0.99545,-0.0017131299658203506,0.15170657999999998,0.002554646645733881
49,0.99545,-0.0016995826041144631,0.15170657999999998,0.0025259911109924245
49,0.99545,-0.0016860898616887705,0.15170657999999998,0.0024973248138376878
49,0.99545,-0.0016593373975534811,0.15170657999999998,0.002439946304143746
49,0.99545,-0.0016329372116158961,0.15170657999999998,0.002382498380068295
49,0.99545,-0.0016068757298537183,0.15170657999999998,0.002324983716293922
49,0.99545,-0.0015811384086716297,0.15170657999999998,0.0022674051785519745
49,0.99545,-0.0015557297727437293,0.15170657999999998,0.0022097618752815913
49,0.99545,-0.0015306614569462718,0.15170657999999998,0.002152051513897692
49,0.99545,-0.001505944449773497,0.15170657999999998,0.0020942719291810385
49,0.99545,-0.0014815887701466247,0.15170657999999998,0.0020364211469611473
49,0.99545,-0.001457603467413852,0.15170657999999998,0.001978497384116292
49,0.99545,-0.0014339933894402855,0.15170657999999998,0.0019204996854026888
49,0.99545,-0.001410762737709017,0.15170657999999998,0.0018624272229423942
49,0.99545,-0.001387915390512131,0.15170657999999998,0.001804279232540382
49,0.99545,-0.0013654539333776846,0.15170657999999998,0.001746055204733302
49,0.99545,-0.0013433854765078326,0.15170657999999998,0.0016877537384969398
49,0.99545,-0.0013217407230482472,0.15170657999999998,0.0016293687839540078
49,0.99545,-0.0013005571631557477,0.15170657999999998,0.0015708929538859235
49,0.99545,-0.0012798722869871544,0.15170657999999998,0.0015123188610741043
49,0.99545,-0.0012597222919352585,0.15170657999999998,0.0014536393730316419
49,0.99545,-0.0012401411130558025,0.15170657999999998,0.0013948478030520607
49,0.99545,-0.0012211381228879915,0.15170657999999998,0.0013359423043307157
49,0.99545,-0.0012027159069598816,0.15170657999999998,0.001276922367404255
49,0.99545,-0.0011848751116534872,0.15170657999999998,0.0012177878649068422
49,0.99545,-0.0011676179993058576,0.15170657999999998,0.0011585383510580448
49,0.99545,-0.0011509513569281414,0.15170657999999998,0.0010991724885165682
49,0.99545,-0.001134913321059173,0.15170657999999998,0.001039682762697992
49,0.99545,-0.0011195562486420966,0.15170657999999998,0.0009800588569694668
49,0.99545,-0.0011049315270470364,0.15170657999999998,0.0009202906457469017
49,0.99545,-0.0010910911900261307,0.15170657999999998,0.0008603678760803668
49,0.99545,-0.0010780766060282836,0.15170657999999998,0.0008002823965562531
49,0.99545,-0.0010658525472337253,0.15170657999999998,0.0007400411486127123
49,0.99545,-0.0010543527594860064,0.15170657999999998,0.0006796571872481013
49,0.99545,-0.001043510665437671,0.15170657999999998,0.0006191436311436969
49,0.99545,-0.0010332603341232773,0.15170657999999998,0.000558513471614938
49,0.99545,-0.0010235707392061465,0.15170657999999998,0.0004977728222220309
49,0.99545,-0.0010146529244138944,0.15170657999999998,0.0004368800980189875
49,0.99545,-0.0010068197386413629,0.15170657999999998,0.00037577365394039276
49,0.99545,-0.0010003901714125277,0.15170657999999998,0.00031439063494537417
49,0.99545,-0.0009956916152175494,0.15170657999999998,0.0002526665302371693
49,0.99545,-0.0009930239913109866,0.15170657999999998,0.00019054224206711584
49,0.99545,-0.000992445797265119,0.15170657999999998,0.0001280062438269075
49,0.99545,-0.0009939253603612537,0.15170657999999998,6.506477644258887e-05
49,0.99545,-0.000997605531024515,0.15170657999999998,1.689692064042118e-06
49,0.99545,-0.0010038928835417944,0.15170657999999998,-6.219912242060472e-05
49,0.99545,-0.001013234391075867,0.15170657999999998,-0.00012668974048807627
49,0.99545,-0.0010261516839121406,0.15170657999999998,-0.00019188494636934386
49,0.99545,-0.001034694750730363,0.15170657999999998,-0.00022489327229489065
49,0.99545,-0.001045387684127602,0.15170657999999998,-0.00025832521699641097
49,0.99545,-0.0010591826048106806,0.15170657999999998,-0.000292368390352741
49,0.99545,-0.0010779585452946922,0.15170657999999998,-0.0003273930448538852
49,0.99545,-0.0010974942760506423,0.15170657999999998,-0.00035630241883068006
49,0.99545,-0.001108443081368444,0.15170657999999998,-0.0003709898032044364
49,0.99545,-0.0011216157640058812,0.15170657999999998,-0.0003861153897425754
49,0.99545,-0.001130515183362186,0.15170657999999998,-0.0003941339616616213
49,0.99545,-0.0011366285187492213,0.15170657999999998,-0.00039847105544575694
49,0.99545,-0.0011408176477315055,0.15170657999999998,-0.000400862747285361
49,0.99545,-0.0011480799999999999,0.15170657999999998,-0.00040386
49,0.99545,-0.0011634701054169063,0.15170657999999998,-0.0004053262830652746
49,0.99545,-0.0011678775340316259,0.15170657999999998,-0.0004046284931832953
49,0.99545,-0.0011745137606824188,0.15170657999999998,-0.00040280362686358835
49,0.99545,-0.0011844324609036594,0.15170657999999998,-0.0003984930565756061
49,0.99545,-0.0011990050798410018,0.15170657999999998,-0.00038883452125210567
49,0.99545,-0.0012100662284865497,0.15170657999999998,-0.0003784840710156539
49,0.99545,-0.0012254816659989687,0.15170657999999998,-0.0003564616226114511
49,0.99545,-0.0012389643895034423,0.15170657999999998,-0.00032779335128623084
49,0.99545,-0.0012510968209803854,0.15170657999999998,-0.0002988590127261914
49,0.99545,-0.0012619642828556642,0.15170657999999998,-0.00026967541922190056
49,0.99545,-0.0012714045332437305,0.15170657999999998,-0.00024021060194811194
49,0.99545,-0.0012875922065489717,0.15170657999999998,-0.0001807503613209479
49,0.99545,-0.001302446070568043,0.15170657999999998,-0.00012102730128782428
49,0.99545,-0.0013162191838594786,0.15170657999999998,-6.109128557417524e-05
49,0.99545,-0.001328998161613173,0.15170657999999998,-9.593812022436828e-07
49,0.99545,-0.0013409274702092854,0.15170657999999998,5.9339945563258655e-05
49,0.99545,-0.001352146404971862,0.15170657999999998,0.00011977924738432188
49,0.99545,-0.0013627907061238718,0.15170657999999998,0.0001803317774350425
49,0.99545,-0.0013729899732591489,0.15170657999999998,0.00024097199886497465
49,0.99545,-0.0013828489202639832,0.15170657999999998,0.00030167927840842154
49,0.99545,-0.0013924645044404952,0.15170657999999998,0.00036243451118973813
49,0.99545,-0.0014019343294728195,0.15170657999999998,0.00042321846496744134
49,0.99545,-0.0014113559990450908,0.15170657999999998,0.0004840119075000481
49,0.99545,-0.00142081095729109,0.15170657999999998,0.0005447987906920167
49,0.99545,-0.0014303063144129728,0.15170657999999998,0.0006055777135191335
49,0.99545,-0.001439828496388442,0.15170657999999998,0.000666351350663988
49,0.99545,-0.0014493642523862084,0.15170657999999998,0.0007271223131262523
49,0.99545,-0.0014588996851929675,0.15170657999999998,0.0007878933392714356
49,0.99545,-0.0014684241295054865,0.15170657999999998,0.0008486665306358585
49,0.99545,-0.001477937262132758,0.15170657999999998,0.0009094419509024401
49,0.99545,-0.001487443607748881,0.15170657999999998,0.0009702187085103172
49,0.99545,-0.001496946075072919,0.15170657999999998,0.0010309962303132194
49,0.99545,-0.0015064485423969573,0.15170657999999998,0.0010917737521161219
49,0.99545,-0.0015159542416310662,0.15170657999999998,0.0011525506370898366
49,0.99545,-0.001525462849584239,0.15170657999999998,0.0012133269489172816
49,0.99545,-0.0015349733966834537,0.15170657999999998,0.0012741028786472138
49,0.99545,-0.0015444845901646828,0.15170657999999998,0.001334878681011308
49,0.99545,-0.0015539961068369188,0.15170657999999998,0.0013956544196924838
49,0.99545,-0.0015635066539361339,0.15170657999999998,0.001456430349422416
49,0.99545,-0.0015730165546533345,0.15170657999999998,0.0015172064065181855
49,0.99545,-0.0015825261321795285,0.15170657999999998,0.0015779825272968743
49,0.99545,-0.0015920350633237081,0.15170657999999998,0.0016387587754414003
49,0.99545,-0.0016015443176588947,0.15170657999999998,0.001699534959903008
49,0.99545,-0.0016110535719940813,0.15170657999999998,0.0017603111443646152
49,0.99545,-0.001620563149520275,0.15170657999999998,0.0018210872651433037
49,0.99545,-0.0016300727270464688,0.15170657999999998,0.0018818633859219922
49,0.99545,-0.0016395823045726626,0.15170657999999998,0.0019426395067006815
49,0.99545,-0.0016490918820988563,0.15170657999999998,0.0020034156274793694
49,0.99545,-0.0016586014596250498,0.15170657999999998,0.002064191748258058
49,0.99545,-0.0016681110371512438,0.15170657999999998,0.0021249678690367464
49,0.99545,-0.0016776206146774373,0.15170657999999998,0.0021857439898154358
49,0.99545,-0.0016871301922036313,0.15170657999999998,0.0022465201105941234
49,0.99545,-0.001696639769729825,0.15170657999999998,0.0023072962313728127
49,0.99545,-0.0017061493472560188,0.15170657999999998,0.0023680723521515012
49,0.99545,-0.0017156589247822123,0.15170657999999998,0.0024288484729301897
49,0.99545,-0.001725168502308406,0.15170657999999998,0.0024896245937088782
49,0.99545,-0.0017299234526670065,0.15170657999999998,0.002520012622256763
49,0.99545,-0.001734678403025607,0.15170657999999998,0.0025504006508046484
49,0.99545,-0.0017394330301932002,0.15170657999999998,0.0025807887430354514
49,0.99545,-0.0017441876573607935,0.15170657999999998,0.0026111768352662552
50,1.0,-0.0016947117518568134,0.15239999999999998,0.0024310716318908633
50,1.0,-0.0016937437567196305,0.15239999999999998,0.002428665079360268
50,1.0,-0.0016927771459715993,0.15239999999999998,0.002426258339544657
50,1.0,-0.0016918135169848177,0.15239999999999998,0.0024238511963459368
50,1.0,-0.001690854387262779,0.15239999999999998,0.0024214434444709177
50,1.0,-0.001688955322906746,0.15239999999999998,0.0024166253439421134
50,1.0,-0.0016870852774771609,0.15239999999999998,0.0024118033176312634
50,1.0,-0.0016852431328135545,0.15239999999999998,0.002406977516807033
50,1.0,-0.0016834276908868535,0.15239999999999998,0.002402148103542994
50,1.0,-0.0016816393244172142,0.15239999999999998,0.0023973150274162565
50,1.0,-0.0016798789918278955,0.15239999999999998,0.0023924781587679645
50,1.0,-0.0016781475982964192,0.15239999999999998,0.0023876373751425314
50,1.0,-0.001676445969131703,0.15239999999999998,0.0023827925648892754
50,1.0,-0.0016747748497740592,0.15239999999999998,0.0023779436271624183
50,1.0,-0.0016731346395665123,0.15239999999999998,0.0023730905079374373
50,1.0,-0.0016715256846063502,0.15239999999999998,0.002368233160393078
50,1.0,-0.0016699483043679927,0.15239999999999998,0.0023633715413097223
50,1.0,-0.0016684027118343857,0.15239999999999998,0.0023585056218742902
50,1.0,-0.0016668894927086323,0.15239999999999998,0.002353635322850815
50,1.0,-0.001665411176163221,0.15239999999999998,0.002348760302083979
50,1.0,-0.0016639708504508743,0.15239999999999998,0.0023438801417841344
50,1.0,-0.0016625716038243155,0.15239999999999998,0.0023389944241616325
50,1.0,-0.001661216418044794,0.15239999999999998,0.002334102745833363
50,1.0,-0.0016599080885134814,0.15239999999999998,0.002329204728627662
50,1.0,-0.0016586473872935584,0.15239999999999998,0.0023243002680971166
50,1.0,-0.0016574345273679715,0.15239999999999998,0.002319389335428648
50,1.0,-0.0016562695619824572,0.15239999999999998,0.0023144719234189856
50,1.0,-0.0016551526774970938,0.15239999999999998,0.002309548006856686
50,1.0,-0.0016540844329921151,0.15239999999999998,0.0023046175101074156
50,1.0,-0.0016530679699659813,0.15239999999999998,0.002299680008178256
50,1.0,-0.0016521076013233564,0.15239999999999998,0.0022947349176043524
50,1.0,-0.0016512075601003006,0.15239999999999998,0.002289781665725755
50,1.0,-0.0016503721325786102,0.15239999999999998,0.0022848196726792443
50,1.0,-0.0016496047264854276,0.15239999999999998,0.0022798484774555526
50,1.0,-0.001648902439928108,0.15239999999999998,0.0022748684726328844
50,1.0,-0.0016482598152186502,0.15239999999999998,0.0022698803965463953
50,1.0,-0.0016476713680461837,0.15239999999999998,0.002264884991132875
50,1.0,-0.0016471316673455753,0.15239999999999998,0.002259882991125845
50,1.0,-0.0016466381573214685,0.15239999999999998,0.0022548747422822552
50,1.0,-0.0016462082227068633,0.15239999999999998,0.0022498578927345136
50,1.0,-0.0016458676344382748,0.15239999999999998,0.002244828956100032
50,1.0,-0.0016456426692867151,0.15239999999999998,0.0022397843775651604
50,1.0,-0.0016455602962177733,0.15239999999999998,0.00223472050867374
50,1.0,-0.001645645221253232,0.15239999999999998,0.0022296340071085792
50,1.0,-0.0016459022631322535,0.15239999999999998,0.0022245242209737604
50,1.0,-0.0016463288128137443,0.15239999999999998,0.0022193915032295048
50,1.0,-0.0016469366376054935,0.15239999999999998,0.002214234261953184
50,1.0,-0.001647759229075823,0.15239999999999998,0.0022090479662880877
50,1.0,-0.0016488334066515923,0.15239999999999998,0.0022038276351731443
50,1.0,-0.0016502021396422387,0.15239999999999998,0.0021985674555696165
50,1.0,-0.001651058210326666,0.15239999999999998,0.002195914137023536
50,1.0,-0.0016520913763310285,0.15239999999999998,0.0021932368604020702
50,1.0,-0.0016533800686253392,0.15239999999999998,0.0021905250152887907
50,1.0,-0.0016550790725658978,0.15239999999999998,0.002187757661778362
50,1.0,-0.0016568101971885028,0.15239999999999998,0.002185493464130403
50,1.0,-0.0016577730394605756,0.15239999999999998,0.002184348204932482
50,1.0,-0.0016589190736894242,0.15239999999999998,0.002183178162884783
50,1.0,-0.0016596826306722753,0.15239999999999998,0.002182567364959922
50,1.0,-0.0016602014503782777,0.15239999999999998,0.00218224342658182
50,1.0,-0.001660554146761804,0.15239999999999998,0.0021820688372640638
50,1.0,-0.0016611599999999999,0.15239999999999998,0.00218186
50,1.0,-0.0016624201436009874,0.15239999999999998,0.002181816398673604
50,1.0,-0.0016627755888913868,0.15239999999999998,0.0021818951881045347
50,1.0,-0.0016633070147169715,0.15239999999999998,0.002182077045587287
50,1.0,-0.0016640936008637866,0.15239999999999998,0.002182478134718196
50,1.0,-0.0016652330866328013,0.15239999999999998,0.0021833389836126097
50,1.0,-0.0016660833149377307,0.15239999999999998,0.0021842389642702615
50,1.0,-0.0016672312937846172,0.15239999999999998,0.0021861136667131035
50,1.0,-0.0016681895981977388,0.15239999999999998,0.0021885215302388044
50,1.0,-0.0016690366722671005,0.15239999999999998,0.002190944441395137
50,1.0,-0.0016697795444299342,0.15239999999999998,0.0021933814493504855
50,1.0,-0.0016704048500063527,0.15239999999999998,0.0021958343621255724
50,1.0,-0.0016714336394205098,0.15239999999999998,0.0022007701964977715
50,1.0,-0.0016723525562571907,0.15239999999999998,0.002205720894817221
50,1.0,-0.0016731824462222747,0.15239999999999998,0.002210683637003792
50,1.0,-0.0016739304442444662,0.15239999999999998,0.002215657457819329
50,1.0,-0.0016746084507458956,0.15239999999999998,0.0022206407473330304
50,1.0,-0.0016752279401828004,0.15239999999999998,0.002225631953240252
50,1.0,-0.001675800094159867,0.15239999999999998,0.0022306295628543335
50,1.0,-0.0016763355884472839,0.15239999999999998,0.0022356321319196787
50,1.0,-0.00167684304885438,0.15239999999999998,0.002240638493506578
50,1.0,-0.001677330462241646,0.15239999999999998,0.002245647567124561
50,1.0,-0.0016778058687153086,0.15239999999999998,0.002250658265079886
50,1.0,-0.0016782773083815943,0.15239999999999998,0.0022556694996788114
50,1.0,-0.001678751490203315,0.15239999999999998,0.002260680363309342
50,1.0,-0.0016792289998835731,0.15239999999999998,0.002265690776735509
50,1.0,-0.0016797087192619003,0.15239999999999998,0.0022707008912259794
50,1.0,-0.0016801895568006962,0.15239999999999998,0.0022757108544477836
50,1.0,-0.0016806703677166236,0.15239999999999998,0.0022807208212712224
50,1.0,-0.0016811502734550288,0.15239999999999998,0.0022857309105502486
50,1.0,-0.0016816292473930436,0.15239999999999998,0.002290741125886496
50,1.0,-0.001682107662250824,0.15239999999999998,0.0022957514168570766
50,1.0,-0.0016825857576341849,0.15239999999999998,0.002300761751047276
50,1.0,-0.0016830638530175458,0.15239999999999998,0.0023057720852374753
50,1.0,-0.0016835422146295896,0.15239999999999998,0.0023107823834113256
50,1.0,-0.001684020815847448,0.15239999999999998,0.002315792649170462
50,1.0,-0.0016844995768025164,0.15239999999999998,0.0023208028933197886
50,1.0,-0.0016849783910033213,0.15239999999999998,0.0023258131302658458
50,1.0,-0.0016854572318269947,0.15239999999999998,0.002330823363610268
50,1.0,-0.0016859359927820629,0.15239999999999998,0.0023358336077595947
50,1.0,-0.0016864147004913947,0.15239999999999998,0.002340843859112191
50,1.0,-0.0016868933815778581,0.15239999999999998,0.0023458541140664226
50,1.0,-0.001687372009418585,0.15239999999999998,0.002350864376223924
50,1.0,-0.0016878506638821802,0.15239999999999998,0.0023558746347797904
50,1.0,-0.0016883293183457752,0.15239999999999998,0.002360884893335657
50,1.0,-0.0016888079994322386,0.15239999999999998,0.0023658951482898884
50,1.0,-0.001689286680518702,0.15239999999999998,0.00237090540324412
50,1.0,-0.0016897653616051655,0.15239999999999998,0.002375915658198351
50,1.0,-0.001690244042691629,0.15239999999999998,0.002380925913152583
50,1.0,-0.0016907227237780926,0.15239999999999998,0.002385936168106814
50,1.0,-0.001691201404864556,0.15239999999999998,0.0023909464230610455
50,1.0,-0.0016916800859510194,0.15239999999999998,0.002395956678015277
50,1.0,-0.0016921587670374828,0.15239999999999998,0.0024009669329695085
50,1.0,-0.0016926374481239462,0.15239999999999998,0.00240597718792374
50,1.0,-0.0016931161292104097,0.15239999999999998,0.0024109874428779716
50,1.0,-0.001693594810296873,0.15239999999999998,0.002415997697832203
50,1.0,-0.0016940734913833365,0.15239999999999998,0.0024210079527864346
50,1.0,-0.0016943128452380023,0.15239999999999998,0.002423513078462733
50,1.0,-0.0016945521990926683,0.15239999999999998,0.0024260182041390315
50,1.0,-0.0016947915263244657,0.15239999999999998,0.0024285233334169643
50,1.0,-0.0016950308535562634,0.15239999999999998,0.0024310284626948976
