station_idx,r_over_R,X,Y,Z
0,0.0,7.962391999999999e-05,0.0,0.015875
0,0.0,0.00039446590769230764,0.0,0.015557500000000002
0,0.0,0.0007086170153846153,0.0,0.01524
0,0.0,0.0010212800738461536,0.0,0.014922499999999998
0,0.0,0.0013316977723076921,0.0,0.014605
0,0.0,0.001942953852307692,0.0,0.01397
0,0.0,0.002539728024615384,0.0,0.013335000000000003
0,0.0,0.003122578307692307,0.0,0.0127
0,0.0,0.003692102578461538,0.0,0.012065
0,0.0,0.00424811483076923,0.0,0.01143
0,0.0,0.004790136763076922,0.0,0.010794999999999999
0,0.0,0.005317716646153845,0.0,0.010159999999999999
0,0.0,0.005830442609230769,0.0,0.009525000000000002
0,0.0,0.00632794264,0.0,0.008890000000000002
0,0.0,0.0068100174461538454,0.0,0.008255000000000002
0,0.0,0.007276494307692306,0.0,0.007619999999999998
0,0.0,0.00772721379076923,0.0,0.006984999999999998
0,0.0,0.008162069606153845,0.0,0.006349999999999998
0,0.0,0.008580769458461538,0.0,0.005715000000000001
0,0.0,0.008982051163076923,0.0,0.005080000000000001
0,0.0,0.009364373526153843,0.0,0.004445000000000001
0,0.0,0.009726195353846154,0.0,0.003810000000000001
0,0.0,0.010066028596923076,0.0,0.0031750000000000007
0,0.0,0.010382478209230767,0.0,0.002539999999999997
0,0.0,0.01067515889230769,0.0,0.0019050000000000004
0,0.0,0.010943964356923077,0.0,0.0012700000000000003
0,0.0,0.011188868030769229,0.0,0.0006350000000000001
0,0.0,0.011409776910769229,0.0,0.0
0,0.0,0.011606411987692305,0.0,-0.0006350000000000001
0,0.0,0.011777205495384614,0.0,-0.0012699999999999986
0,0.0,0.011920005076923076,0.0,-0.0019050000000000004
0,0.0,0.012032698233846152,0.0,-0.0025400000000000006
0,0.0,0.012113145895384612,0.0,-0.003174999999999999
0,0.0,0.012159647433846153,0.0,-0.003809999999999999
0,0.0,0.012173651039999999,0.0,-0.004445000000000001
0,0.0,0.012157880375384613,0.0,-0.0050799999999999994
0,0.0,0.012115072387692306,0.0,-0.005715
0,0.0,0.01204793745230769,0.0,-0.00635
0,0.0,0.011957751039999999,0.0,-0.006985
0,0.0,0.01183583729230769,0.0,-0.00762
0,0.0,0.01166933521230769,0.0,-0.008255
0,0.0,0.011445131366153844,0.0,-0.00889
0,0.0,0.011149766879999998,0.0,-0.009524999999999999
0,0.0,0.01077091220307692,0.0,-0.01016
0,0.0,0.01030616254153846,0.0,-0.010794999999999999
0,0.0,0.009756819938461538,0.0,-0.01143
0,0.0,0.009117011913846153,0.0,-0.012065
0,0.0,0.008370024486153845,0.0,-0.0127
0,0.0,0.007497482904615384,0.0,-0.013335
0,0.0,0.006477943316923076,0.0,-0.01397
0,0.0,0.005882484473846153,0.0,-0.0142875
0,0.0,0.0051986461353846145,0.0,-0.014605
0,0.0,0.004387287292307692,0.0,-0.0149225
0,0.0,0.0033711622461538456,0.0,-0.01524
0,0.0,0.0023726546399999993,0.0,-0.015494
0,0.0,0.0018248532307692307,0.0,-0.015621
0,0.0,0.0011856297969230767,0.0,-0.015748
0,0.0,0.0007709290769230769,0.0,-0.0158115
0,0.0,0.0004951882399999999,0.0,-0.01584325
0,0.0,0.00031076313846153844,0.0,-0.015859125
0,0.0,0.0,0.0,-0.015875
0,0.0,-0.0006204633846153845,0.0,-0.015859125
0,0.0,-0.000789436689230769,0.0,-0.01584325
0,0.0,-0.0010378213353846152,0.0,-0.0158115
0,0.0,-0.001396720209230769,0.0,-0.015748
0,0.0,-0.0018980865107692307,0.0,-0.015621
0,0.0,-0.0022550987507692303,0.0,-0.015494
0,0.0,-0.0026934089661538457,0.0,-0.01524
0,0.0,-0.0030034147938461536,0.0,-0.0149225
0,0.0,-0.0032579110707692304,0.0,-0.014605
0,0.0,-0.0034604053415384613,0.0,-0.0142875
0,0.0,-0.0036042279569230766,0.0,-0.01397
0,0.0,-0.003781172953846153,0.0,-0.013335
0,0.0,-0.0039032859938461536,0.0,-0.0127
0,0.0,-0.0039809701353846145,0.0,-0.012065
0,0.0,-0.004017786067692307,0.0,-0.01143
0,0.0,-0.00401967270153846,0.0,-0.010794999999999999
0,0.0,-0.003992356369230768,0.0,-0.01016
0,0.0,-0.0039414172553846145,0.0,-0.009524999999999999
0,0.0,-0.0038721831076923073,0.0,-0.00889
0,0.0,-0.00378895864,0.0,-0.008255
0,0.0,-0.003695729698461538,0.0,-0.00762
0,0.0,-0.003596508701538461,0.0,-0.006985
0,0.0,-0.003495308067692307,0.0,-0.00635
0,0.0,-0.003395475907692307,0.0,-0.005715
0,0.0,-0.0032973045169230764,0.0,-0.0050799999999999994
0,0.0,-0.0032002358769230763,0.0,-0.004445000000000001
0,0.0,-0.003103725255384615,0.0,-0.003809999999999999
0,0.0,-0.0030072013476923074,0.0,-0.003174999999999999
0,0.0,-0.00291022571076923,0.0,-0.0025400000000000006
0,0.0,-0.002812785058461538,0.0,-0.0019050000000000004
0,0.0,-0.0027150653969230765,0.0,-0.0012699999999999986
0,0.0,-0.0026171863015384614,0.0,-0.0006350000000000001
0,0.0,-0.002519307206153846,0.0,0.0
0,0.0,-0.0024215609723076924,0.0,0.0006350000000000001
0,0.0,-0.0023239343138461536,0.0,0.0012700000000000003
0,0.0,-0.0022263873723076923,0.0,0.0019050000000000004
0,0.0,-0.0021288670030769233,0.0,0.002539999999999997
0,0.0,-0.0020313599199999997,0.0,0.0031750000000000007
0,0.0,-0.0019338129784615382,0.0,0.003810000000000001
0,0.0,-0.0018362394646153845,0.0,0.004445000000000001
0,0.0,-0.0017386526646153842,0.0,0.005080000000000001
0,0.0,-0.0016410392923076921,0.0,0.005715000000000001
0,0.0,-0.001543439206153846,0.0,0.006349999999999998
0,0.0,-0.0014458391199999995,0.0,0.006984999999999998
0,0.0,-0.0013482523199999997,0.0,0.007619999999999998
0,0.0,-0.0012506655199999996,0.0,0.008255000000000002
0,0.0,-0.00115307872,0.0,0.008890000000000002
0,0.0,-0.0010554919199999998,0.0,0.009525000000000002
0,0.0,-0.0009579051199999998,0.0,0.010159999999999999
0,0.0,-0.0008603183199999998,0.0,0.010794999999999999
0,0.0,-0.0007627315199999999,0.0,0.01143
0,0.0,-0.0006651447199999999,0.0,0.012065
0,0.0,-0.0005675579199999999,0.0,0.0127
0,0.0,-0.0004699711199999999,0.0,0.013335000000000003
0,0.0,-0.0003723843199999999,0.0,0.01397
0,0.0,-0.00027479751999999995,0.0,0.014605
0,0.0,-0.00022601076307692306,0.0,0.014922499999999998
0,0.0,-0.00017722400615384612,0.0,0.01524
0,0.0,-0.00012842396307692305,0.0,0.015557500000000002
0,0.0,-7.962391999999999e-05,0.0,0.015875
1,0.023999999999999997,-0.000277117256996198,0.004572,0.014704196990156022
1,0.023999999999999997,1.0449899630153326e-05,0.004572,0.014404505332344608
1,0.023999999999999997,0.0002973961310792643,0.004572,0.014104804269301597
1,0.023999999999999997,0.0005830049852235505,0.004572,0.013805082948836683
1,0.023999999999999997,0.0008665958325418063,0.004572,0.013505331061369079
1,0.023999999999999997,0.0014251681607785067,0.004572,0.012905696879280379
1,0.023999999999999997,0.00197072494203075,0.004572,0.012305865549067822
1,0.023999999999999997,0.0025037676927878445,0.004572,0.011705844667264608
1,0.023999999999999997,0.0030248337521454802,0.004572,0.01110564237301347
1,0.023999999999999997,0.0035337559479405537,0.004572,0.010505256134136678
1,0.023999999999999997,0.004030104408896513,0.004572,0.009904679439320038
1,0.023999999999999997,0.004513473145474395,0.004572,0.00930390613898905
1,0.023999999999999997,0.004983491990741613,0.004572,0.008702930626178728
1,0.023999999999999997,0.0054398266003719605,0.004572,0.008101747836533588
1,0.023999999999999997,0.005882297861333544,0.004572,0.007500355057006056
1,0.023999999999999997,0.0063107505423320494,0.004572,0.006898749936288237
1,0.023999999999999997,0.006725041352941962,0.004572,0.006296930303942069
1,0.023999999999999997,0.007125074766212939,0.004572,0.005694894713008838
1,0.023999999999999997,0.007510588083031527,0.004572,0.0050926391843521095
1,0.023999999999999997,0.00788044692086239,0.004572,0.004490146535337223
1,0.023999999999999997,0.008233266138925527,0.004572,0.003887395785062933
1,0.023999999999999997,0.008567660596440943,0.004572,0.0032843659526279843
1,0.023999999999999997,0.008882292916103809,0.004572,0.0026810367806104664
1,0.023999999999999997,0.009175909306690853,0.004572,0.002077389277677359
1,0.023999999999999997,0.00944816348300708,0.004572,0.0014734181986033393
1,0.023999999999999997,0.009698959918102138,0.004572,0.0008691220964296975
1,0.023999999999999997,0.009928274730238447,0.004572,0.0002645006094167644
1,0.023999999999999997,0.010136024333334452,0.004572,-0.0003404475285243326
1,0.023999999999999997,0.010321957969145501,0.004572,-0.0009457261156602011
1,0.023999999999999997,0.010484666615154011,0.004572,-0.0015513564946317646
1,0.023999999999999997,0.010622215850615497,0.004572,-0.0021573679663528574
1,0.023999999999999997,0.010732707077391863,0.004572,-0.002763789289127778
1,0.023999999999999997,0.010814217815607425,0.004572,-0.0033706495830005123
1,0.023999999999999997,0.01086521963405667,0.004572,-0.003977971999310378
1,0.023999999999999997,0.010887014087438042,0.004572,-0.004585736823244986
1,0.023999999999999997,0.010882049053854115,0.004572,-0.005193906976487464
1,0.023999999999999997,0.010852784352276273,0.004572,-0.005802445199851101
1,0.023999999999999997,0.010801655919938303,0.004572,-0.006411314595888859
1,0.023999999999999997,0.010729810080244337,0.004572,-0.007020497801096252
1,0.023999999999999997,0.010629449445872498,0.004572,-0.007630112923477766
1,0.023999999999999997,0.01048901525583108,0.004572,-0.008240335045036972
1,0.023999999999999997,0.010296721872621315,0.004572,-0.008851342684304379
1,0.023999999999999997,0.010040473196155811,0.004572,-0.009463319062426293
1,0.023999999999999997,0.009709188100194593,0.004572,-0.010076432026612757
1,0.023999999999999997,0.009300705287486116,0.004572,-0.010690714314304524
1,0.023999999999999997,0.008816194963172092,0.004572,-0.011306148200257424
1,0.023999999999999997,0.008250379263245988,0.004572,-0.01192281362894004
1,0.023999999999999997,0.007588236574766105,0.004572,-0.012540938134609086
1,0.023999999999999997,0.006813252676191616,0.004572,-0.013160771860251077
1,0.023999999999999997,0.005906155005290487,0.004572,-0.013782606729785202
1,0.023999999999999997,0.005375593536558953,0.004572,-0.01409469068457507
1,0.023999999999999997,0.00476560140861585,0.004572,-0.014407977785530022
1,0.023999999999999997,0.0040410008219967635,0.004572,-0.014723000875194004
1,0.023999999999999997,0.003132367565538726,0.004572,-0.015040811530807514
1,0.023999999999999997,0.002238647023332966,0.004572,-0.015297586806940868
1,0.023999999999999997,0.001748154817660172,0.004572,-0.015426635343397084
1,0.023999999999999997,0.0011754974938221927,0.004572,-0.01555692844521138
1,0.023999999999999997,0.0008037080339511288,0.004572,-0.015623369481552005
1,0.023999999999999997,0.0005563476819032167,0.004572,-0.01565752102721552
1,0.023999999999999997,0.0003908267016283079,0.004572,-0.01567523056796105
1,0.023999999999999997,0.00011176,0.004572,-0.01569466
1,0.023999999999999997,-0.000446108792078679,0.004572,-0.015687907734935
1,0.023999999999999997,-0.0005982029808309086,0.004572,-0.01567500915102125
1,0.023999999999999997,-0.0008218979618012151,0.004572,-0.015647992739613054
1,0.023999999999999997,-0.0011453775282760353,0.004572,-0.015592083030483515
1,0.023999999999999997,-0.0015978199085863996,0.004572,-0.015477317242556781
1,0.023999999999999997,-0.0019205247494599482,0.004572,-0.015360586303835758
1,0.023999999999999997,-0.002318137522013047,0.004572,-0.015123371015507089
1,0.023999999999999997,-0.0026013582023987174,0.004572,-0.014823613521074495
1,0.023999999999999997,-0.0028346899329668987,0.004572,-0.014523100352457036
1,0.023999999999999997,-0.0030212851030789645,0.004572,-0.014221879259292053
1,0.023999999999999997,-0.003155149396600788,0.004572,-0.013919859444920663
1,0.023999999999999997,-0.003323386664860492,0.004572,-0.013314312808684278
1,0.023999999999999997,-0.0034423439676111544,0.004572,-0.012708019722624787
1,0.023999999999999997,-0.0035213710051177557,0.004572,-0.012101121807825665
1,0.023999999999999997,-0.003563667930216844,0.004572,-0.0114936675374036
1,0.023999999999999997,-0.0035745723112589234,0.004572,-0.010885737760176366
1,0.023999999999999997,-0.003559230662693814,0.004572,-0.010277410431044312
1,0.023999999999999997,-0.003522658149414607,0.004572,-0.009668761515339571
1,0.023999999999999997,-0.003469643059807329,0.004572,-0.009059863541867344
1,0.023999999999999997,-0.003404054235360938,0.004572,-0.008450775112455273
1,0.023999999999999997,-0.003329473936713357,0.004572,-0.007841550488054882
1,0.023999999999999997,-0.003249508306240097,0.004572,-0.007232244291357368
1,0.023999999999999997,-0.0031677634863166676,0.004572,-0.0066229111450539346
1,0.023999999999999997,-0.003087248575878926,0.004572,-0.006013596628343856
1,0.023999999999999997,-0.0030082262740403196,0.004572,-0.0054043047203635765
1,0.023999999999999997,-0.0029301950643115388,0.004572,-0.004795027824579887
1,0.023999999999999997,-0.0028526653710720666,0.004572,-0.00418575852532941
1,0.023999999999999997,-0.0027751237369638025,0.004572,-0.003576489045209094
1,0.023999999999999997,-0.0026971761133165726,0.004572,-0.002967213415514272
1,0.023999999999999997,-0.002618810559261586,0.004572,-0.0023579314553751063
1,0.023999999999999997,-0.002540194246961944,0.004572,-0.001748645696969333
1,0.023999999999999997,-0.0024614346442367856,0.004572,-0.001139357768125503
1,0.023999999999999997,-0.0023826750415116265,0.004572,-0.0005300698392816678
1,0.023999999999999997,-0.0023040348474743988,0.004572,7.921628086378363e-05
1,0.023999999999999997,-0.002225502121256308,0.004572,0.0006885007731806878
1,0.023999999999999997,-0.0021470410402509763,0.004572,0.0012977841802785627
1,0.023999999999999997,-0.0020686038409832306,0.004572,0.0019070672256367542
1,0.023999999999999997,-0.001990178582584278,0.004572,0.0025163500901251128
1,0.023999999999999997,-0.001911717501578946,0.004572,0.003125633497222984
1,0.023999999999999997,-0.001833232538836028,0.004572,0.003734917266060532
1,0.023999999999999997,-0.0017547356352243168,0.004572,0.004344201215767923
1,0.023999999999999997,-0.0016762148498750194,0.004572,0.0049534855272149875
1,0.023999999999999997,-0.0015977060053945153,0.004572,0.005562769657792215
1,0.023999999999999997,-0.0015191971609140112,0.004572,0.006172053788369443
1,0.023999999999999997,-0.0014407002573023004,0.004572,0.006781337738076831
1,0.023999999999999997,-0.0013622033536905892,0.004572,0.0073906216877842185
1,0.023999999999999997,-0.0012837064500788782,0.004572,0.007999905637491606
1,0.023999999999999997,-0.001205209546467167,0.004572,0.008609189587198997
1,0.023999999999999997,-0.001126712642855456,0.004572,0.009218473536906382
1,0.023999999999999997,-0.001048215739243745,0.004572,0.009827757486613773
1,0.023999999999999997,-0.0009697188356320339,0.004572,0.01043704143632116
1,0.023999999999999997,-0.0008912219320203227,0.004572,0.011046325386028549
1,0.023999999999999997,-0.0008127250284086119,0.004572,0.011655609335735936
1,0.023999999999999997,-0.0007342281247969006,0.004572,0.012264893285443328
1,0.023999999999999997,-0.0006557312211851896,0.004572,0.012874177235150708
1,0.023999999999999997,-0.0005772343175734784,0.004572,0.0134834611848581
1,0.023999999999999997,-0.0005379918362020196,0.004572,0.013788103069276875
1,0.023999999999999997,-0.0004987493548305606,0.004572,0.014092744953695651
1,0.023999999999999997,-0.00045949493259030854,0.004572,0.014397387018984263
1,0.023999999999999997,-0.0004202405103500565,0.004572,0.014702029084272879
2,0.047999999999999994,-0.0012267919639987752,0.009144,0.013504761546894884
2,0.047999999999999994,-0.0009557378269089967,0.009144,0.013228599986085866
2,0.047999999999999994,-0.0006852410679361461,0.009144,0.012952405771678825
2,0.047999999999999994,-0.000415944815676679,0.009144,0.012676141226445295
2,0.047999999999999994,-0.00014846004229722757,0.009144,0.012399770557018207
2,0.047999999999999994,0.00037878124249427045,0.009144,0.011846576463468466
2,0.047999999999999994,0.0008943390244501629,0.009144,0.01129269790026801
2,0.047999999999999994,0.0013986634935879694,0.009144,0.010738161241476758
2,0.047999999999999994,0.0018922369963550309,0.009144,0.010182994745016088
2,0.047999999999999994,0.0023749094694121755,0.009144,0.00962718961953268
2,0.047999999999999994,0.0028462950356015274,0.009144,0.00907072325868944
2,0.047999999999999994,0.003306029255385098,0.009144,0.008513574312056908
2,0.047999999999999994,0.0037537798456547177,0.009144,0.007955723313067029
2,0.047999999999999994,0.00418924667973204,0.009144,0.00739715267901318
2,0.047999999999999994,0.004612268975467954,0.009144,0.006837852990588238
2,0.047999999999999994,0.005022707388333222,0.009144,0.006277816084392707
2,0.047999999999999994,0.005420433292608559,0.009144,0.00571703442498088
2,0.047999999999999994,0.005805360937814434,0.009144,0.005155502988722305
2,0.047999999999999994,0.006177254510132147,0.009144,0.0045932079606331964
2,0.047999999999999994,0.006535095722617312,0.009144,0.004030089685101802
2,0.047999999999999994,0.00687764119331678,0.009144,0.0034660753194863878
2,0.047999999999999994,0.0072036475402774075,0.009144,0.002901092021145222
2,0.047999999999999994,0.007511914256785807,0.009144,0.0023350694592518192
2,0.047999999999999994,0.007801315867798186,0.009144,0.0017679416986563293
2,0.047999999999999994,0.008071541527826253,0.009144,0.0011996905286983314
2,0.047999999999999994,0.00832250548639048,0.009144,0.0006303109257473453
2,0.047999999999999994,0.008554186305870992,0.009144,5.9801633895770895e-05
2,0.047999999999999994,0.0087665089545982,0.009144,-0.0005118417425330566
2,0.047999999999999994,0.00895924833756334,0.009144,-0.0010846323905691051
2,0.047999999999999994,0.00913113963519339,0.009144,-0.0016586444087617128
2,0.047999999999999994,0.009280446400277918,0.009144,-0.002233979525627783
2,0.047999999999999994,0.00940546434203631,0.009144,-0.0028107375858227833
2,0.047999999999999994,0.00950446773206809,0.009144,-0.003389019689909803
2,0.047999999999999994,0.00957608456270081,0.009144,-0.003968906215976269
2,0.047999999999999994,0.009621483184218037,0.009144,-0.0045503287170571075
2,0.047999999999999994,0.009642860952657657,0.009144,-0.005133158462621674
2,0.047999999999999994,0.0096424259428675,0.009144,-0.005717266094185524
2,0.047999999999999994,0.009622364792075516,0.009144,-0.006302523509171829
2,0.047999999999999994,0.009583706506036032,0.009144,-0.006888870424015012
2,0.047999999999999994,0.009519451701857622,0.009144,-0.0074767168925517075
2,0.047999999999999994,0.009419224571517483,0.009144,-0.008066670774068054
2,0.047999999999999994,0.009272445649603916,0.009144,-0.008659351858972552
2,0.047999999999999994,0.00906825678164677,0.009144,-0.009255396264472707
2,0.047999999999999994,0.00879671091202087,0.009144,-0.009855386731702345
2,0.047999999999999994,0.008455867936126911,0.009144,-0.010459436920300713
2,0.047999999999999994,0.008046778297339099,0.009144,-0.011067485290794626
2,0.047999999999999994,0.0075647042816635495,0.009144,-0.011679809398767223
2,0.047999999999999994,0.00699616162619458,0.009144,-0.01229719921010897
2,0.047999999999999994,0.0063263262167838966,0.009144,-0.012920523184936332
2,0.047999999999999994,0.00553789789418685,0.009144,-0.013550794840695423
2,0.047999999999999994,0.005074552768174351,0.009144,-0.013869980656659675
2,0.047999999999999994,0.004539906118434837,0.009144,-0.014193343621354755
2,0.047999999999999994,0.0039023803308823523,0.009144,-0.014522733686699034
2,0.047999999999999994,0.003099656244520377,0.009144,-0.014861801776132234
2,0.047999999999999994,0.0023077352005561142,0.009144,-0.015141828762376576
2,0.047999999999999994,0.0018726081470498538,0.009144,-0.015284136798713186
2,0.047999999999999994,0.0013637249623401084,0.009144,-0.015430765785202654
2,0.047999999999999994,0.001032568847238056,0.009144,-0.015508574543851256
2,0.047999999999999994,0.0008118157155161332,0.009144,-0.015550711315402246
2,0.047999999999999994,0.0006638804396221807,0.009144,-0.015573980051320978
2,0.047999999999999994,0.00041401999999999997,0.009144,-0.015603219999999998
2,0.047999999999999994,-8.740094913704984e-05,0.009144,-0.015617993333723813
2,0.047999999999999994,-0.0002245752988616846,0.009144,-0.015611427541144115
2,0.047999999999999994,-0.00042666850049919824,0.009144,-0.015594062919364982
2,0.047999999999999994,-0.0007196258130172765,0.009144,-0.015552817399141083
2,0.047999999999999994,-0.0011309310241158122,0.009144,-0.015460096991160938
2,0.047999999999999994,-0.001425776365206229,0.009144,-0.015360553865056857
2,0.047999999999999994,-0.001793030303493047,0.009144,-0.015148436315425041
2,0.047999999999999994,-0.00206018279376433,0.009144,-0.014872046179429908
2,0.047999999999999994,-0.0022825520961024404,0.009144,-0.014593032452424944
2,0.047999999999999994,-0.002462967976331782,0.009144,-0.014311560914215461
2,0.047999999999999994,-0.0025960495918620104,0.009144,-0.014027316331989843
2,0.047999999999999994,-0.002772903698494705,0.009144,-0.013453595056410339
2,0.047999999999999994,-0.0029055212765012146,0.009144,-0.012877282215465212
2,0.047999999999999994,-0.003002295154065281,0.009144,-0.012298869496986126
2,0.047999999999999994,-0.00306609797225107,0.009144,-0.011718525192593629
2,0.047999999999999994,-0.0031017210391021763,0.009144,-0.011136529997639893
2,0.047999999999999994,-0.003113784161703134,0.009144,-0.010553154560216174
2,0.047999999999999994,-0.003106789240229134,0.009144,-0.009968662620921824
2,0.047999999999999994,-0.0030850345174664824,0.009144,-0.009383305989233856
2,0.047999999999999994,-0.0030519928878360416,0.009144,-0.008797288122186064
2,0.047999999999999994,-0.0030108799943200856,0.009144,-0.008210797405920844
2,0.047999999999999994,-0.002964932917520773,0.009144,-0.007624023482488218
2,0.047999999999999994,-0.0029173887380402634,0.009144,-0.007037155993938199
2,0.047999999999999994,-0.0028709485959836694,0.009144,-0.006450353184630404
2,0.047999999999999994,-0.0028258483051696905,0.009144,-0.005863628869548611
2,0.047999999999999994,-0.0027816376755808083,0.009144,-0.005276956674632882
2,0.047999999999999994,-0.0027378772360094443,0.009144,-0.004690310853777087
2,0.047999999999999994,-0.00269410607762814,0.009144,-0.004103664404967483
2,0.047999999999999994,-0.0026499704797088436,0.009144,-0.00351699660572841
2,0.047999999999999994,-0.0026054597234416157,0.009144,-0.002930306828106055
2,0.047999999999999994,-0.002560723872165628,0.009144,-0.002343603863453732
2,0.047999999999999994,-0.0025158593951703483,0.009144,-0.0017568933633557143
2,0.047999999999999994,-0.0024709949181750696,0.009144,-0.001170182863257695
2,0.047999999999999994,-0.002426237629279201,0.009144,-0.0005834786426977545
2,0.047999999999999994,-0.002381576809672799,0.009144,3.219926277910762e-06
2,0.047999999999999994,-0.0023369803029260434,0.009144,0.0005899147275307305
2,0.047999999999999994,-0.00229240523379917,0.009144,0.0011766082728759293
2,0.047999999999999994,-0.002247840883482237,0.009144,0.001763301190267328
2,0.047999999999999994,-0.0022032443767354814,0.009144,0.0023499959915201443
2,0.047999999999999994,-0.0021586264323688433,0.009144,0.0029366920486805816
2,0.047999999999999994,-0.002113997769192265,0.009144,0.0035233887337948223
2,0.047999999999999994,-0.002069347668395805,0.009144,0.004110086674816681
2,0.047999999999999994,-0.0020247082864092852,0.009144,0.004696783987884728
2,0.047999999999999994,-0.0019800689044227656,0.009144,0.00528348130095278
2,0.047999999999999994,-0.0019354402412461874,0.009144,0.005870177986067024
2,0.047999999999999994,-0.001890811578069609,0.009144,0.006456874671181265
2,0.047999999999999994,-0.0018461829148930305,0.009144,0.007043571356295509
2,0.047999999999999994,-0.001801554251716452,0.009144,0.007630268041409753
2,0.047999999999999994,-0.0017569255885398736,0.009144,0.008216964726523994
2,0.047999999999999994,-0.0017122969253632952,0.009144,0.008803661411638235
2,0.047999999999999994,-0.0016676682621867168,0.009144,0.009390358096752479
2,0.047999999999999994,-0.0016230395990101383,0.009144,0.00997705478186672
2,0.047999999999999994,-0.0015784109358335599,0.009144,0.010563751466980964
2,0.047999999999999994,-0.0015337822726569814,0.009144,0.011150448152095208
2,0.047999999999999994,-0.0014891536094804028,0.009144,0.011737144837209446
2,0.047999999999999994,-0.0014445249463038243,0.009144,0.01232384152232369
2,0.047999999999999994,-0.0014222159741205057,0.009144,0.01261718955090391
2,0.047999999999999994,-0.0013999070019371869,0.009144,0.012910537579484124
2,0.047999999999999994,-0.0013775873109439273,0.009144,0.013203886236018151
2,0.047999999999999994,-0.0013552676199506677,0.009144,0.013497234892552178
3,0.07200000000000001,-0.0026114320583880395,0.013716,0.012312429316423512
3,0.07200000000000001,-0.0023481033131455406,0.013716,0.012062283767992864
3,0.07200000000000001,-0.002085274999553185,0.013716,0.011812074941776482
3,0.07200000000000001,-0.0018235245387457537,0.013716,0.011561729824944689
3,0.07200000000000001,-0.0015634004808012907,0.013716,0.011311179055309265
3,0.07200000000000001,-0.0010500910422153167,0.013716,0.010809200145201665
3,0.07200000000000001,-0.0005472714209112018,0.013716,0.010305894835354722
3,0.07200000000000001,-5.453742209459778e-05,0.013716,0.009801314234749219
3,0.07200000000000001,0.0004285440200855812,0.013716,0.009295513103007417
3,0.07200000000000001,0.0009018381740312187,0.013716,0.008788474403802392
3,0.07200000000000001,0.0013649985870614455,0.013716,0.008280154329436334
3,0.07200000000000001,0.0018176980538665548,0.013716,0.007770511505972414
3,0.07200000000000001,0.0022596382401935734,0.013716,0.007259508210115298
3,0.07200000000000001,0.0026905496828462713,0.013716,0.0067471103692111276
3,0.07200000000000001,0.0031102880265409553,0.013716,0.0062332997300524814
3,0.07200000000000001,0.0035187281633650854,0.013716,0.005718060473192926
3,0.07200000000000001,0.003915754609091709,0.013716,0.005201377996066528
3,0.07200000000000001,0.0043012903742361865,0.013716,0.004683242563629324
3,0.07200000000000001,0.004675123737715764,0.013716,0.004163627404510432
3,0.07200000000000001,0.005036340449400375,0.013716,0.003642416915062844
3,0.07200000000000001,0.005383824161762772,0.013716,0.0031194699371491566
3,0.07200000000000001,0.005716458527275714,0.013716,0.0025946453126319755
3,0.07200000000000001,0.0060331656931542745,0.013716,0.0020678067508958856
3,0.07200000000000001,0.006332935172412585,0.013716,0.0015388264794889278
3,0.07200000000000001,0.0066154878781688395,0.013716,0.0010076692088767554
3,0.07200000000000001,0.006880746820938397,0.013716,0.0004743252040154064
3,0.07200000000000001,0.0071286927533500966,0.013716,-6.120796885610881e-05
3,0.07200000000000001,0.007359258309604885,0.013716,-0.0005989388279012513
3,0.07200000000000001,0.007572241392305583,0.013716,-0.0011388929276104128
3,0.07200000000000001,0.007766506406553797,0.013716,-0.0016812138598819807
3,0.07200000000000001,0.007940494315285606,0.013716,-0.002226098759356117
3,0.07200000000000001,0.008092674952493849,0.013716,-0.002773741110031494
3,0.07200000000000001,0.008221498904800192,0.013716,-0.003324336829667776
3,0.07200000000000001,0.008325734340450435,0.013716,-0.0038780416789683005
3,0.07200000000000001,0.008406430241172767,0.013716,-0.004434723017959132
3,0.07200000000000001,0.008465559462511024,0.013716,-0.004994131386138835
3,0.07200000000000001,0.008505104483694613,0.013716,-0.005556016106125477
3,0.07200000000000001,0.0085270285365818,0.013716,-0.006120128934298119
3,0.07200000000000001,0.008532255494988232,0.013716,-0.006686353050129256
3,0.07200000000000001,0.008514501092230372,0.013716,-0.007255483076582003
3,0.07200000000000001,0.008464449600667084,0.013716,-0.007828696953975334
3,0.07200000000000001,0.008372602442631218,0.013716,-0.00840719574335763
3,0.07200000000000001,0.008229210824630552,0.013716,-0.008992212144670131
3,0.07200000000000001,0.008025343966447135,0.013716,-0.009584875423012024
3,0.07200000000000001,0.007759259980991051,0.013716,-0.01018540583375287
3,0.07200000000000001,0.0074319019894490985,0.013716,-0.010793684122604176
3,0.07200000000000001,0.007039016322795062,0.013716,-0.011410248150744649
3,0.07200000000000001,0.006568496384569697,0.013716,-0.012036628753836761
3,0.07200000000000001,0.006007032617616295,0.013716,-0.012674508877604835
3,0.07200000000000001,0.005339092393409242,0.013716,-0.013325852567167496
3,0.07200000000000001,0.00494305432115953,0.013716,-0.013659372682700111
3,0.07200000000000001,0.004482999492433743,0.013716,-0.014000987487284206
3,0.07200000000000001,0.003930576529514126,0.013716,-0.014354281910857494
3,0.07200000000000001,0.003229833324440382,0.013716,-0.014726330896616808
3,0.07200000000000001,0.0025347958728331684,0.013716,-0.015040969905736768
3,0.07200000000000001,0.002152112199921388,0.013716,-0.015202735891624785
3,0.07200000000000001,0.001703207946535785,0.013716,-0.015372875232197597
3,0.07200000000000001,0.0014098791021491682,0.013716,-0.015466654116185363
3,0.07200000000000001,0.001213676758434424,0.013716,-0.015519807450526286
3,0.07200000000000001,0.001081854192305831,0.013716,-0.015550648066950565
3,0.07200000000000001,0.0008585199999999999,0.013716,-0.015593059999999999
3,0.07200000000000001,0.0004073300700256122,0.013716,-0.015635939220831854
3,0.07200000000000001,0.0002831722234201273,0.013716,-0.01563746640868905
3,0.07200000000000001,9.972979470182324e-05,0.013716,-0.01563231779298792
3,0.07200000000000001,-0.0001672900774743793,0.013716,-0.01560939299269101
3,0.07200000000000001,-0.0005445599837336929,0.013716,-0.01554372040883672
3,0.07200000000000001,-0.0008172685461697143,0.013716,-0.015464826418406309
3,0.07200000000000001,-0.0011629749478921049,0.013716,-0.015281785733517175
3,0.07200000000000001,-0.0014228006715835983,0.013716,-0.015031197240586415
3,0.07200000000000001,-0.0016424186369231619,0.013716,-0.014775524620948334
3,0.07200000000000001,-0.0018243694969038333,0.013716,-0.014515089131053566
3,0.07200000000000001,-0.0019638221613646092,0.013716,-0.014249279896893712
3,0.07200000000000001,-0.0021625429420362137,0.013716,-0.013707522380291241
3,0.07200000000000001,-0.0023215467723204535,0.013716,-0.013160742797886685
3,0.07200000000000001,-0.002448368998026222,0.013716,-0.012609893967107481
3,0.07200000000000001,-0.002545588766888875,0.013716,-0.01205530201192624
3,0.07200000000000001,-0.0026175078663625327,0.013716,-0.011497510877924142
3,0.07200000000000001,-0.0026682741049320396,0.013716,-0.010937045040594447
3,0.07200000000000001,-0.002701929430540864,0.013716,-0.010374415589744982
3,0.07200000000000001,-0.00272233294110646,0.013716,-0.009810110494454159
3,0.07200000000000001,-0.0027326027107566473,0.013716,-0.009244524024002302
3,0.07200000000000001,-0.00273562584516533,0.013716,-0.008678021242537852
3,0.07200000000000001,-0.002734308697377573,0.013716,-0.008110969647970243
3,0.07200000000000001,-0.002731557620438444,0.013716,-0.007543736738208906
3,0.07200000000000001,-0.0027297977831140224,0.013716,-0.0069766291671385355
3,0.07200000000000001,-0.0027292409064870616,0.013716,-0.006409673706130017
3,0.07200000000000001,-0.002729482795763215,0.013716,-0.005842819246202566
3,0.07200000000000001,-0.002730128879833715,0.013716,-0.005276015895255899
3,0.07200000000000001,-0.002730765340218636,0.013716,-0.004709211327428735
3,0.07200000000000001,-0.002731074595293847,0.013716,-0.004142365385664749
3,0.07200000000000001,-0.0027310470213737694,0.013716,-0.0035754768530834435
3,0.07200000000000001,-0.0027308173500565176,0.013716,-0.003008562766011748
3,0.07200000000000001,-0.00273047219451231,0.013716,-0.002441634076374115
3,0.07200000000000001,-0.0027301270389681023,0.013716,-0.0018747053867364805
3,0.07200000000000001,-0.002729878120279692,0.013716,-0.0013077888659037955
3,0.07200000000000001,-0.0027297158147614985,0.013716,-0.0007408832969955613
3,0.07200000000000001,-0.0027296112513567825,0.013716,-0.00017398502937029936
3,0.07200000000000001,-0.002729525935323226,0.013716,0.00039291080449397123
3,0.07200000000000001,-0.0027294502429752506,0.013716,0.0009598054214777531
3,0.07200000000000001,-0.0027293456795705346,0.013716,0.001526703689103015
3,0.07200000000000001,-0.00272922186879466,0.013716,0.0020936043904892683
3,0.07200000000000001,-0.002729088434333206,0.013716,0.0026605063087560173
3,0.07200000000000001,-0.0027289357525005914,0.013716,0.003227410660783754
3,0.07200000000000001,-0.002728792694353557,0.013716,0.0037943137959309953
3,0.07200000000000001,-0.002728649636206523,0.013716,0.00436121693107824
3,0.07200000000000001,-0.002728516201745069,0.013716,0.004928118849344985
3,0.07200000000000001,-0.002728382767283614,0.013716,0.005495020767611734
3,0.07200000000000001,-0.00272824933282216,0.013716,0.006061922685878483
3,0.07200000000000001,-0.0027281158983607054,0.013716,0.006628824604145232
3,0.07200000000000001,-0.0027279824638992505,0.013716,0.007195726522411978
3,0.07200000000000001,-0.0027278490294377965,0.013716,0.007762628440678727
3,0.07200000000000001,-0.0027277155949763415,0.013716,0.008329530358945472
3,0.07200000000000001,-0.0027275821605148875,0.013716,0.008896432277212221
3,0.07200000000000001,-0.002727448726053433,0.013716,0.00946333419547897
3,0.07200000000000001,-0.0027273152915919785,0.013716,0.010030236113745719
3,0.07200000000000001,-0.002727181857130524,0.013716,0.010597138032012465
3,0.07200000000000001,-0.002727048422669069,0.013716,0.011164039950279214
3,0.07200000000000001,-0.002726986517281132,0.013716,0.011447490300972342
3,0.07200000000000001,-0.0027269246118931945,0.013716,0.011730940651665463
3,0.07200000000000001,-0.0027268530828196778,0.013716,0.012014392219239091
3,0.07200000000000001,-0.00272678155374616,0.013716,0.012297843786812708
4,0.09599999999999999,-0.004271773743123323,0.018288,0.011166193306773823
4,0.09599999999999999,-0.004009439504507346,0.018288,0.0109418853887529
4,0.09599999999999999,-0.0037475552253626323,0.018288,0.010717481337941152
4,0.09599999999999999,-0.0034866400896944824,0.018288,0.010492870231887615
4,0.09599999999999999,-0.0032271873223079345,0.018288,0.010267946694263886
4,0.09599999999999999,-0.002714520648665218,0.018288,0.009816766700897421
4,0.09599999999999999,-0.002211285817785493,0.018288,0.009363571616338585
4,0.09599999999999999,-0.0017171194008650473,0.018288,0.008908439086303031
4,0.09599999999999999,-0.0012316320098999028,0.018288,0.008451452302628983
4,0.09599999999999999,-0.0007549447878246306,0.018288,0.007992585383411216
4,0.09599999999999999,-0.00028736924504241387,0.018288,0.007531771775179157
4,0.09599999999999999,0.00017080041417707852,0.018288,0.007068948621877267
4,0.09599999999999999,0.0006192959447644392,0.018288,0.00660405861357255
4,0.09599999999999999,0.001057875060850527,0.018288,0.0061370499864545555
4,0.09599999999999999,0.001486407966434017,0.018288,0.005667895009910547
4,0.09599999999999999,0.0019047821716470944,0.018288,0.005196569650742819
4,0.09599999999999999,0.0023128938396886965,0.018288,0.004723051724461174
4,0.09599999999999999,0.002710673746024786,0.018288,0.004247326441405488
4,0.09599999999999999,0.003097931523186748,0.018288,0.0037693531300104187
4,0.09599999999999999,0.003473845129832858,0.018288,0.003288956163061938
4,0.09599999999999999,0.0038374108102195294,0.018288,0.0028059210904882066
4,0.09599999999999999,0.004187624808603181,0.018288,0.0023200334622173607
4,0.09599999999999999,0.004523517981507243,0.018288,0.0018310862230076289
4,0.09599999999999999,0.004844181756922441,0.018288,0.0013388852585698302
4,0.09599999999999999,0.005149365195912877,0.018288,0.000843376956386005
4,0.09599999999999999,0.005438999073944514,0.018288,0.00034454652679602113
4,0.09599999999999999,0.005713066084883837,0.018288,-0.00015760972761514995
4,0.09599999999999999,0.005971505657263565,0.018288,-0.0006631047478001199
4,0.09599999999999999,0.0062141360766818365,0.018288,-0.0011719773566167251
4,0.09599999999999999,0.006439936281261565,0.018288,-0.0016844457015518458
4,0.09599999999999999,0.006647504474188428,0.018288,-0.002200809273223069
4,0.09599999999999999,0.006835464817848377,0.018288,-0.0027213620161254254
4,0.09599999999999999,0.007002424168493851,0.018288,-0.003246401572168982
4,0.09599999999999999,0.007147274933580205,0.018288,-0.003776164575915786
4,0.09599999999999999,0.007270960297383741,0.018288,-0.004310449518246591
4,0.09599999999999999,0.007375254138589237,0.018288,-0.004848877414120635
4,0.09599999999999999,0.007461938988948234,0.018288,-0.005391067429789629
4,0.09599999999999999,0.007532780074078755,0.018288,-0.0059366424289203235
4,0.09599999999999999,0.007588608088389291,0.018288,-0.0064854249355911844
4,0.09599999999999999,0.007623772579288793,0.018288,-0.007038622155810125
4,0.09599999999999999,0.007629897378158395,0.018288,-0.007598023638452583
4,0.09599999999999999,0.00759844190811087,0.018288,-0.008165454057836797
4,0.09599999999999999,0.007520640612523366,0.018288,-0.00874278615467642
4,0.09599999999999999,0.007388463445447208,0.018288,-0.009331735529546255
4,0.09599999999999999,0.007200344201799739,0.018288,-0.009932636798506679
4,0.09599999999999999,0.006957130882122945,0.018288,-0.010545308788221141
4,0.09599999999999999,0.006654998830911106,0.018288,-0.01117056862741168
4,0.09599999999999999,0.006283062490186382,0.018288,-0.01181074199013336
4,0.09599999999999999,0.005829354668626557,0.018288,-0.012468385638880738
4,0.09599999999999999,0.005279909316489003,0.018288,-0.013146483387584548
4,0.09599999999999999,0.004949378686383614,0.018288,-0.013497455501060551
4,0.09599999999999999,0.0045612878562237185,0.018288,-0.013860725216932629
4,0.09599999999999999,0.004090144891348978,0.018288,-0.014241738827542764
4,0.09599999999999999,0.0034856408616456055,0.018288,-0.014651244718388669
4,0.09599999999999999,0.0028811542953150393,0.018288,-0.015004675875063166
4,0.09599999999999999,0.002547292706226851,0.018288,-0.015188146630663684
4,0.09599999999999999,0.002153889364797253,0.018288,-0.01538433834268143
4,0.09599999999999999,0.0018952576953166534,0.018288,-0.015495665398381934
4,0.09599999999999999,0.0017214001994548004,0.018288,-0.01556084514817052
4,0.09599999999999999,0.001604151105614224,0.018288,-0.01559991289420069
4,0.09599999999999999,0.00140462,0.018288,-0.015656559999999996
4,0.09599999999999999,0.0009976576567536758,0.018288,-0.01572948880399339
4,0.09599999999999999,0.0008847438279770214,0.018288,-0.01573959482917988
4,0.09599999999999999,0.0007172464934194171,0.018288,-0.015747344742187874
4,0.09599999999999999,0.0004720446980212281,0.018288,-0.015743660530310878
4,0.09599999999999999,0.00012259956466440414,0.018288,-0.015706176661122114
4,0.09599999999999999,-0.00013282999839894175,0.018288,-0.015648606584772594
4,0.09599999999999999,-0.0004641206832251049,0.018288,-0.015495102053702626
4,0.09599999999999999,-0.0007233052055422469,0.018288,-0.0152701212061459
4,0.09599999999999999,-0.0009463372149568451,0.018288,-0.01503741645858755
4,0.09599999999999999,-0.0011355011210922275,0.018288,-0.014797475869811784
4,0.09599999999999999,-0.0012864530844373663,0.018288,-0.0145493713886456
4,0.09599999999999999,-0.0015162596589246746,0.018288,-0.014037758995290361
4,0.09599999999999999,-0.001710355026913946,0.018288,-0.013518516986016811
4,0.09599999999999999,-0.001875514539674373,0.018288,-0.012993092898809936
4,0.09599999999999999,-0.0020140572190963054,0.018288,-0.01246198218728401
4,0.09599999999999999,-0.0021298509860192467,0.018288,-0.011926011223698659
4,0.09599999999999999,-0.002226625312214615,0.018288,-0.011385976800993257
4,0.09599999999999999,-0.0023080144857195286,0.018288,-0.010842655376324502
4,0.09599999999999999,-0.0023774883863027555,0.018288,-0.010296788281406292
4,0.09599999999999999,-0.0024378506075929287,0.018288,-0.009748974497473785
4,0.09599999999999999,-0.0024916970696165584,0.018288,-0.009199768636781774
4,0.09599999999999999,-0.002541640998533667,0.018288,-0.00864972900900007
4,0.09599999999999999,-0.0025902956205042745,0.018288,-0.008099413923798489
4,0.09599999999999999,-0.0026398415083506515,0.018288,-0.0075492892554710495
4,0.09599999999999999,-0.002690469029541408,0.018288,-0.006999395675583107
4,0.09599999999999999,-0.002741814755272832,0.018288,-0.006449655538418985
4,0.09599999999999999,-0.002793523909807968,0.018288,-0.005899993046970534
4,0.09599999999999999,-0.002845224411276349,0.018288,-0.005350328706814567
4,0.09599999999999999,-0.0028966307084750584,0.018288,-0.00480060151060306
4,0.09599999999999999,-0.0029477341483373416,0.018288,-0.004250809609628491
4,0.09599999999999999,-0.002998655873797769,0.018288,-0.003700978885796088
4,0.09599999999999999,-0.0030494737624571365,0.018288,-0.003151125977473494
4,0.09599999999999999,-0.003100291651116504,0.018288,-0.0026012730691509015
4,0.09599999999999999,-0.003151196070443421,0.018288,-0.002051438647903468
4,0.09599999999999999,-0.003202178367371135,0.018288,-0.0015016208650236763
4,0.09599999999999999,-0.003253212582699377,0.018288,-0.0009518141743889812
4,0.09599999999999999,-0.00330426410416113,0.018288,-0.00040201118116931986
4,0.09599999999999999,-0.0033553242786896376,0.018288,0.00014778996334282798
4,0.09599999999999999,-0.003406358494017881,0.018288,0.0006975966539775197
4,0.09599999999999999,-0.003457375403212615,0.018288,0.0012474070420272522
4,0.09599999999999999,-0.0035083836593405924,0.018288,0.0017972192787844947
4,0.09599999999999999,-0.003559374609335061,0.018288,0.002347035212956771
4,0.09599999999999999,-0.003610374212396283,0.018288,0.0028968492984215236
4,0.09599999999999999,-0.0036613738154575057,0.018288,0.0034466633838862865
4,0.09599999999999999,-0.003712382071585484,0.018288,0.003996475620643529
4,0.09599999999999999,-0.003763390327713462,0.018288,0.0045462878574007715
4,0.09599999999999999,-0.0038143985838414393,0.018288,0.005096100094158014
4,0.09599999999999999,-0.0038654068399694183,0.018288,0.00564591233091526
4,0.09599999999999999,-0.003916415096097395,0.018288,0.006195724567672499
4,0.09599999999999999,-0.003967423352225373,0.018288,0.0067455368044297415
4,0.09599999999999999,-0.0040184316083533515,0.018288,0.007295349041186984
4,0.09599999999999999,-0.00406943986448133,0.018288,0.00784516127794423
4,0.09599999999999999,-0.004120448120609308,0.018288,0.008394973514701472
4,0.09599999999999999,-0.004171456376737286,0.018288,0.008944785751458715
4,0.09599999999999999,-0.004222464632865262,0.018288,0.009494597988215954
4,0.09599999999999999,-0.0042734728889932405,0.018288,0.0100444102249732
4,0.09599999999999999,-0.004298981343590608,0.018288,0.010319315418998064
4,0.09599999999999999,-0.004324489798187975,0.018288,0.010594220613022926
4,0.09599999999999999,-0.004349989599718586,0.018288,0.010869127655755303
4,0.09599999999999999,-0.004375489401249197,0.018288,0.011144034698487685
5,0.12,-0.006053841736031819,0.02286,0.010105198014792975
5,0.12,-0.005787832328099929,0.02286,0.009904403952566882
5,0.12,-0.00552222874110154,0.02286,0.00970348273321519
5,0.12,-0.005257499229959921,0.02286,0.00950228763697758
5,0.12,-0.004994088636852182,0.02286,0.009300679280081763
5,0.12,-0.004472894313964673,0.02286,0.008895699483837075
5,0.12,-0.003960206622183244,0.02286,0.008488054278613412
5,0.12,-0.00345569778306161,0.02286,0.008077846368242991
5,0.12,-0.0029590166054073146,0.02286,0.007665185792546051
5,0.12,-0.0024702723487024557,0.02286,0.007250038316911851
5,0.12,-0.001989745965900994,0.02286,0.006832315909484202
5,0.12,-0.0015177028014594519,0.02286,0.006411935429065596
5,0.12,-0.0010543847870881852,0.02286,0.005988821070446546
5,0.12,-0.0006000104417513857,0.02286,0.005562904364405562
5,0.12,-0.00015469682917987164,0.02286,0.005134148631002575
5,0.12,0.000281454595392981,0.02286,0.00470252208095618
5,0.12,0.0007083501809825197,0.02286,0.0042679953703143175
5,0.12,0.0011259274935989721,0.02286,0.0038305489364422775
5,0.12,0.0015340148397704739,0.02286,0.0033901289820946166
5,0.12,0.0019318708158685156,0.02286,0.002946503200984177
5,0.12,0.0023185901290414396,0.02286,0.0024993879349076813
5,0.12,0.002693267486437588,0.02286,0.002048499525661874
5,0.12,0.0030550288122001903,0.02286,0.0015935640963608382
5,0.12,0.00340305466021352,0.02286,0.0011343248874240291
5,0.12,0.003737118707264667,0.02286,0.000670710984300639
5,0.12,0.004057158519363861,0.02286,0.0002027028243559506
5,0.12,0.004363158488013658,0.02286,-0.00026970448306871085
5,0.12,0.004655063983473012,0.02286,-0.0007465280552787154
5,0.12,0.004932711116518775,0.02286,-0.0012278192441901713
5,0.12,0.005195178985801853,0.02286,-0.0017138665986650183
5,0.12,0.005441203303029411,0.02286,-0.002205066262056101
5,0.12,0.005669543192654784,0.02286,-0.0027018070417282377
5,0.12,0.005878942170633861,0.02286,-0.0032044826357049278
5,0.12,0.006068401293130336,0.02286,-0.0037134060461415045
5,0.12,0.006238771223254814,0.02286,-0.004228310732140065
5,0.12,0.006391651831995132,0.02286,-0.004748695401186217
5,0.12,0.0065286507945878595,0.02286,-0.00527405631543623
5,0.12,0.006651360177772112,0.02286,-0.005803894627705048
5,0.12,0.006760529189425125,0.02286,-0.0063379755863761725
5,0.12,0.006851061655131969,0.02286,-0.006877895991507652
5,0.12,0.006915403062130545,0.02286,-0.007426022921899159
5,0.12,0.006945850616933053,0.02286,-0.007984769917607796
5,0.12,0.006934498615584941,0.02286,-0.008556614097253473
5,0.12,0.00687410471527296,0.02286,-0.009143824726462324
5,0.12,0.006763256346978574,0.02286,-0.009746844409844614
5,0.12,0.0066027183270764575,0.02286,-0.010365433505125176
5,0.12,0.0063890411776318535,0.02286,-0.011000672847871627
5,0.12,0.00611240715375352,0.02286,-0.011655638662391806
5,0.12,0.0057620229794600715,0.02286,-0.012333712839160868
5,0.12,0.00532529259731553,0.02286,-0.013038842139731163
5,0.12,0.005056593904116034,0.02286,-0.013407177941585007
5,0.12,0.004735981348423273,0.02286,-0.013791780074198592
5,0.12,0.004340463613504663,0.02286,-0.01419985247780316
5,0.12,0.0038246667972952862,0.02286,-0.014645612297172787
5,0.12,0.0033030039896929523,0.02286,-0.015036381403527418
5,0.12,0.003013655861064608,0.02286,-0.015240701190107637
5,0.12,0.00267060669698585,0.02286,-0.015461847287866115
5,0.12,0.002443227106849013,0.02286,-0.015589921558821043
5,0.12,0.0022893649414883403,0.02286,-0.01566654602706847
5,0.12,0.0021850877712890023,0.02286,-0.015713426695194304
5,0.12,0.0020066,0.02286,-0.01578356
5,0.12,0.0016380879784217625,0.02286,-0.015884819828530204
5,0.12,0.0015347799368865347,0.02286,-0.01590298247547929
5,0.12,0.001380772294445528,0.02286,-0.015922823804306596
5,0.12,0.0011537416985431595,0.02286,-0.01593713127941553
5,0.12,0.0008268117184063832,0.02286,-0.01592591181470913
5,0.12,0.0005846749006251863,0.02286,-0.01588812384673986
5,0.12,0.0002623550345246411,0.02286,-0.01576180243636864
5,0.12,-8.136268727417656e-07,0.02286,-0.015560118274263332
5,0.12,-0.00023137613711305023,0.02286,-0.015348217526181745
5,0.12,-0.00043139281785867494,0.02286,-0.015126745759069245
5,0.12,-0.0005969459362515856,0.02286,-0.014894475417597901
5,0.12,-0.0008630271726925666,0.02286,-0.01440956025060678
5,0.12,-0.0010969002746612539,0.02286,-0.013914553209435646
5,0.12,-0.0013046759689063266,0.02286,-0.013411368986956544
5,0.12,-0.0014884457940850635,0.02286,-0.012900662931432199
5,0.12,-0.001651698249375827,0.02286,-0.01238352810507692
5,0.12,-0.0017977969659774447,0.02286,-0.011861018444835607
5,0.12,-0.0019300197283528128,0.02286,-0.011334160989030426
5,0.12,-0.00205149604023912,0.02286,-0.010803936314726125
5,0.12,-0.0021647544782220285,0.02286,-0.010271136708628377
5,0.12,-0.0022721363169178914,0.02286,-0.009736495769538733
5,0.12,-0.0023759984394405046,0.02286,-0.009200751986917421
5,0.12,-0.0024786977289036607,0.02286,-0.008664643850224675
5,0.12,-0.0025822008559851003,0.02286,-0.008128787582453792
5,0.12,-0.002686679514156686,0.02286,-0.007593236980850224
5,0.12,-0.002791805924972129,0.02286,-0.007057889341581754
5,0.12,-0.0028972601142338615,0.02286,-0.0065226444061454985
5,0.12,-0.003002706499246874,0.02286,-0.0059873970253799015
5,0.12,-0.0031078875398033645,0.02286,-0.0054520665034168015
5,0.12,-0.0032127954316546158,0.02286,-0.00491665039492685
5,0.12,-0.0033175394342827213,0.02286,-0.0043811829345207914
5,0.12,-0.003422189785926172,0.02286,-0.0038456861301626715
5,0.12,-0.003526840137569624,0.02286,-0.003310189325804548
5,0.12,-0.003631568531700288,0.02286,-0.0027747169747398114
5,0.12,-0.003736367164069442,0.02286,-0.002239266631639123
5,0.12,-0.0038412126219309227,0.02286,-0.001703830960514463
5,0.12,-0.003946073688289845,0.02286,-0.0011684001800484848
5,0.12,-0.004050942558897489,0.02286,-0.0006329718449118414
5,0.12,-0.004155788016758971,0.02286,-9.75361737871848e-05
5,0.12,-0.00426061786612301,0.02286,0.0004379043879961554
5,0.12,-0.0043654399112383275,0.02286,0.0009733473951088305
5,0.12,-0.004470246347856203,0.02286,0.0015087952928801787
5,0.12,-0.004575060588722798,0.02286,0.002044240745322192
5,0.12,-0.004679874829589393,0.02286,0.002579686197764202
5,0.12,-0.004784696874704711,0.02286,0.003115129204876877
5,0.12,-0.004889518919820029,0.02286,0.0036505722119895487
5,0.12,-0.004994340964935346,0.02286,0.004186015219102227
5,0.12,-0.005099163010050665,0.02286,0.004721458226214902
5,0.12,-0.005203985055165981,0.02286,0.00525690123332757
5,0.12,-0.0053088071002812985,0.02286,0.005792344240440249
5,0.12,-0.005413629145396616,0.02286,0.006327787247552924
5,0.12,-0.005518451190511934,0.02286,0.006863230254665596
5,0.12,-0.00562327323562725,0.02286,0.007398673261778267
5,0.12,-0.005728095280742568,0.02286,0.007934116268890946
5,0.12,-0.005832917325857885,0.02286,0.008469559276003617
5,0.12,-0.005937739370973202,0.02286,0.009005002283116289
5,0.12,-0.005990154295655221,0.02286,0.009272722564007959
5,0.12,-0.006042569220337242,0.02286,0.009540442844899626
5,0.12,-0.00609497634077054,0.02286,0.009808165571120634
5,0.12,-0.0061473834612038375,0.02286,0.010075888297341642
6,0.14400000000000002,-0.007801930720846282,0.027432,0.009171700215381488
6,0.14400000000000002,-0.007529595589187086,0.027432,0.008990385883453397
6,0.14400000000000002,-0.007257628407312288,0.027432,0.008808918241865697
6,0.14400000000000002,-0.00698645373266542,0.027432,0.008627120394857288
6,0.14400000000000002,-0.006716474894817845,0.027432,0.008444824291455145
6,0.14400000000000002,-0.0061816189844025055,0.027432,0.00807810638725507
6,0.14400000000000002,-0.005654475867544723,0.027432,0.0077081748767285005
6,0.14400000000000002,-0.005134748354034024,0.027432,0.007335153586908203
6,0.14400000000000002,-0.004622118025787752,0.027432,0.006959175189614999
6,0.14400000000000002,-0.0041166839462094,0.027432,0.006580198409171293
6,0.14400000000000002,-0.0036187008497650937,0.027432,0.006198117108120436
6,0.14400000000000002,-0.0031284093190061626,0.027432,0.005812831045531142
6,0.14400000000000002,-0.002646028708611772,0.027432,0.005424248825260179
6,0.14400000000000002,-0.0021717571453889026,0.027432,0.005032287895952371
6,0.14400000000000002,-0.0017057007686984396,0.027432,0.0046369040336674446
6,0.14400000000000002,-0.0012479515659864818,0.027432,0.004238058910990498
6,0.14400000000000002,-0.000798594448741734,0.027432,0.0038357171487693117
6,0.14400000000000002,-0.0003576860246233371,0.027432,0.0034298551609024154
6,0.14400000000000002,7.46180353060808e-05,0.027432,0.0030204080856107256
6,0.14400000000000002,0.0004976455150942547,0.027432,0.002607095837939194
6,0.14400000000000002,0.0009105756036836827,0.027432,0.0021895764194163753
6,0.14400000000000002,0.0013125874900168665,0.027432,0.0017675078315708206
6,0.14400000000000002,0.0017028886668658707,0.027432,0.0013405598689818325
6,0.14400000000000002,0.0020807361587045097,0.027432,0.0009084229640674985
6,0.14400000000000002,0.002445924762768409,0.027432,0.00047101161720996057
6,0.14400000000000002,0.0027983978713984298,0.027432,2.8302242307733788e-05
6,0.14400000000000002,0.0031381413326797875,0.027432,-0.00041971105716455057
6,0.14400000000000002,0.003465105614910738,0.027432,-0.0008730489190456811
6,0.14400000000000002,0.0037791421229860403,0.027432,-0.001331773256852041
6,0.14400000000000002,0.004079415893933413,0.027432,-0.001796231965580446
6,0.14400000000000002,0.004364780622655308,0.027432,-0.0022669026637858417
6,0.14400000000000002,0.004634111231926355,0.027432,-0.0027442541252351224
6,0.14400000000000002,0.004886268492606408,0.027432,-0.003228761020220544
6,0.14400000000000002,0.005120346682149253,0.027432,-0.003720800726365773
6,0.14400000000000002,0.005337117079910652,0.027432,-0.004220051883038157
6,0.14400000000000002,0.005538030257156008,0.027432,-0.004725910096387304
6,0.14400000000000002,0.005724543861108129,0.027432,-0.005237768024300132
6,0.14400000000000002,0.005898101387075036,0.027432,-0.005755024221188929
6,0.14400000000000002,0.006059382126966386,0.027432,-0.0062773956538359505
6,0.14400000000000002,0.006203765480605033,0.027432,-0.00680680753777441
6,0.14400000000000002,0.006324401921235284,0.027432,-0.007346113791283242
6,0.14400000000000002,0.006414307478910978,0.027432,-0.007898224349632402
6,0.14400000000000002,0.006466314208793765,0.027432,-0.008466125802921647
6,0.14400000000000002,0.006473855622423636,0.027432,-0.009052554138922527
6,0.14400000000000002,0.006435650971512592,0.027432,-0.009658042993180994
6,0.14400000000000002,0.006352393699885075,0.027432,-0.01028230343595394
6,0.14400000000000002,0.006220956234373708,0.027432,-0.010926638599348063
6,0.14400000000000002,0.006032437020579037,0.027432,-0.01159475739782092
6,0.14400000000000002,0.005777050009427577,0.027432,-0.01229073727866566
6,0.14400000000000002,0.00544337460568823,0.027432,-0.01301933673785564
6,0.14400000000000002,0.005230900516617223,0.027432,-0.013402651287636607
6,0.14400000000000002,0.004971357158972949,0.027432,-0.01380557768079723
6,0.14400000000000002,0.004643898762277833,0.027432,-0.0142368014992071
6,0.14400000000000002,0.0042073857102533155,0.027432,-0.014713463942115961
6,0.14400000000000002,0.003759324143863929,0.027432,-0.015135981126150482
6,0.14400000000000002,0.0035094378123579446,0.027432,-0.015358012670018205
6,0.14400000000000002,0.0032108618180358675,0.027432,-0.015600331209420419
6,0.14400000000000002,0.0030109311938184753,0.027432,-0.015742591195157037
6,0.14400000000000002,0.0028745423910331576,0.027432,-0.01582889737019564
6,0.14400000000000002,0.002781553834938045,0.027432,-0.015882381170162673
6,0.14400000000000002,0.0026212799999999997,0.027432,-0.0159639
6,0.14400000000000002,0.0022855999813150424,0.027432,-0.016089024901744197
6,0.14400000000000002,0.002190375146733622,0.027432,-0.016113961940931634
6,0.14400000000000002,0.0020476245063519565,0.027432,-0.016143961780547895
6,0.14400000000000002,0.0018355504354480344,0.027432,-0.016173367337899678
6,0.14400000000000002,0.0015266696395599885,0.027432,-0.01618415125346694
6,0.14400000000000002,0.00129466912073877,0.027432,-0.016162902294963248
6,0.14400000000000002,0.000977508350900364,0.027432,-0.01605922203071974
6,0.14400000000000002,0.0007077488677319475,0.027432,-0.015876834531174364
6,0.14400000000000002,0.00046755273454836396,0.027432,-0.01568212919013166
6,0.14400000000000002,0.00025505189859805757,0.027432,-0.015475884348940433
6,0.14400000000000002,7.379849049193995e-05,0.027432,-0.01525661997973288
6,0.14400000000000002,-0.00022975144872804457,0.027432,-0.014793526316627564
6,0.14400000000000002,-0.0005040989117902016,0.027432,-0.014318265173421848
6,0.14400000000000002,-0.0007547843733326652,0.027432,-0.013833145039797975
6,0.14400000000000002,-0.0009837041899365593,0.027432,-0.013338956050155486
6,0.14400000000000002,-0.00119402131455622,0.027432,-0.012837016077914515
6,0.14400000000000002,-0.0013887854848277088,0.027432,-0.012328595824292228
6,0.14400000000000002,-0.0015709686028557734,0.027432,-0.01181493355961627
6,0.14400000000000002,-0.0017434081275547035,0.027432,-0.011297211537223264
6,0.14400000000000002,-0.0019083966691195932,0.027432,-0.010776384994223105
6,0.14400000000000002,-0.002068057014768116,0.027432,-0.010253338409421251
6,0.14400000000000002,-0.002224526103632733,0.027432,-0.009728962158148526
6,0.14400000000000002,-0.002379940874845904,0.027432,-0.00920414661573576
6,0.14400000000000002,-0.0025360844696704775,0.027432,-0.008679634744379532
6,0.14400000000000002,-0.0026931125591690814,0.027432,-0.008155491405858912
6,0.14400000000000002,-0.0028507279531312436,0.027432,-0.007631592773141136
6,0.14400000000000002,-0.0030086405373038806,0.027432,-0.007107817967456121
6,0.14400000000000002,-0.0031665460455191246,0.027432,-0.006584040213508422
6,0.14400000000000002,-0.003324210971183032,0.027432,-0.00606016221862944
6,0.14400000000000002,-0.0034816282383382103,0.027432,-0.0055361810345564855
6,0.14400000000000002,-0.0036388969103881516,0.027432,-0.0050121379369671495
6,0.14400000000000002,-0.003796080670949386,0.027432,-0.004488059460225596
6,0.14400000000000002,-0.00395326443151062,0.027432,-0.003963980983484043
6,0.14400000000000002,-0.004110518951645778,0.027432,-0.0034399319893693384
6,0.14400000000000002,-0.004267837155397466,0.027432,-0.0029159095296187945
6,0.14400000000000002,-0.004425197814893506,0.027432,-0.0023919047594443636
6,0.14400000000000002,-0.00458257262630433,0.027432,-0.0018679058857953013
6,0.14400000000000002,-0.004739954513672548,0.027432,-0.0013439099604089233
6,0.14400000000000002,-0.004897315173168588,0.027432,-0.0008199051902344923
6,0.14400000000000002,-0.005054661680749846,0.027432,-0.00029589452353468923
6,0.14400000000000002,-0.005212001112373708,0.027432,0.0002281190914277982
6,0.14400000000000002,-0.005369326392082787,0.027432,0.0007521386029156543
6,0.14400000000000002,-0.005526658747749259,0.027432,0.0012761551661408278
6,0.14400000000000002,-0.00568399110341573,0.027432,0.0018001717293659944
6,0.14400000000000002,-0.005841330535039595,0.027432,0.002324185344328482
6,0.14400000000000002,-0.005998669966663459,0.027432,0.0028481989592909693
6,0.14400000000000002,-0.006156009398287322,0.027432,0.0033722125742534567
6,0.14400000000000002,-0.0063133488299111865,0.027432,0.003896226189215944
6,0.14400000000000002,-0.006470688261535051,0.027432,0.004420239804178432
6,0.14400000000000002,-0.0066280276931589156,0.027432,0.004944253419140916
6,0.14400000000000002,-0.006785367124782778,0.027432,0.005468267034103403
6,0.14400000000000002,-0.006942706556406643,0.027432,0.0059922806490658904
6,0.14400000000000002,-0.007100045988030506,0.027432,0.006516294264028378
6,0.14400000000000002,-0.007257385419654368,0.027432,0.007040307878990865
6,0.14400000000000002,-0.007414724851278233,0.027432,0.007564321493953353
6,0.14400000000000002,-0.0075720642829020975,0.027432,0.00808833510891584
6,0.14400000000000002,-0.0076507375366927245,0.027432,0.008350340442265736
6,0.14400000000000002,-0.007729410790483355,0.027432,0.008612345775615638
6,0.14400000000000002,-0.007808076968316589,0.027432,0.008874354057228223
6,0.14400000000000002,-0.007886743146149825,0.027432,0.009136362338840812
7,0.16799999999999998,-0.009362641805860786,0.032004,0.008398250467646994
7,0.16799999999999998,-0.009083454436059894,0.032004,0.008231067661051982
7,0.16799999999999998,-0.008804603121493863,0.032004,0.008063712483485627
7,0.16799999999999998,-0.008526475618202904,0.032004,0.007895986045365611
7,0.16799999999999998,-0.008249440294425222,0.032004,0.007727699401588725
7,0.16799999999999998,-0.007700029181953151,0.032004,0.007388736124220759
7,0.16799999999999998,-0.00715766230421171,0.032004,0.00704615968610733
7,0.16799999999999998,-0.006622068231972741,0.032004,0.006700109309956053
7,0.16799999999999998,-0.006092956148206083,0.032004,0.006350734162953672
7,0.16799999999999998,-0.00557041652932112,0.032004,0.005997987837530975
7,0.16799999999999998,-0.0050546820289419855,0.032004,0.005641750999938581
7,0.16799999999999998,-0.004545972375491467,0.032004,0.005281910946079837
7,0.16799999999999998,-0.004044487909590343,0.032004,0.004918364916337212
7,0.16799999999999998,-0.0035504095840573867,0.032004,0.004551020095572289
7,0.16799999999999998,-0.0030638343379026456,0.032004,0.004179826761389487
7,0.16799999999999998,-0.0025848461849348383,0.032004,0.003804741821045971
7,0.16799999999999998,-0.0021135226763620077,0.032004,0.00342572549662528
7,0.16799999999999998,-0.0016499155129895146,0.032004,0.0030427512695164333
7,0.16799999999999998,-0.0011941668720321097,0.032004,0.0026557462135392527
7,0.16799999999999998,-0.0007468907005534669,0.032004,0.002264395420188397
7,0.16799999999999998,-0.00030883666023134426,0.032004,0.0018683143696047143
7,0.16799999999999998,0.0001192455872565069,0.032004,0.0014671185419290536
7,0.16799999999999998,0.0005366322306350115,0.032004,0.0010604366766077504
7,0.16799999999999998,0.0009426446968337845,0.032004,0.0006479207168717561
7,0.16799999999999998,0.0013370955704333906,0.032004,0.00022947453275627347
7,0.16799999999999998,0.0017199331506284688,0.032004,-0.00019492839434966797
7,0.16799999999999998,0.0020911445122176733,0.032004,-0.0006252946940988185
7,0.16799999999999998,0.0024506844169963175,0.032004,-0.0010616475702757769
7,0.16799999999999998,0.0027984171503503234,0.032004,-0.0015040566342343579
7,0.16799999999999998,0.003133580125400594,0.032004,-0.0019529130354864511
7,0.16799999999999998,0.0034551264008385414,0.032004,-0.002408753775904323
7,0.16799999999999998,0.003762028423157587,0.032004,-0.002872105912881121
7,0.16799999999999998,0.004053245713649813,0.032004,-0.00334350313346273
7,0.16799999999999998,0.004327951059429423,0.032004,-0.0038233697354247663
7,0.16799999999999998,0.004586848883969478,0.032004,-0.004311344402692686
7,0.16799999999999998,0.004831264020407389,0.032004,-0.004806747595860229
7,0.16799999999999998,0.005062527764481238,0.032004,-0.005308896460694764
7,0.16799999999999998,0.005281958486727769,0.032004,-0.005817114772616412
7,0.16799999999999998,0.005490176596811327,0.032004,-0.006331084308293454
7,0.16799999999999998,0.005682962016494207,0.032004,-0.006852969649346806
7,0.16799999999999998,0.005854058948327561,0.032004,-0.007385979547704546
7,0.16799999999999998,0.005997088805449798,0.032004,-0.007933385736995827
7,0.16799999999999998,0.006105504973381906,0.032004,-0.008498546136335473
7,0.16799999999999998,0.006173310158701846,0.032004,-0.009084536904596686
7,0.16799999999999998,0.006199334630688295,0.032004,-0.0096919580253528
7,0.16799999999999998,0.006184211724206939,0.032004,-0.010320484645619358
7,0.16799999999999998,0.006125084969761508,0.032004,-0.010971581918652778
7,0.16799999999999998,0.006013824415708764,0.032004,-0.01164941989602902
7,0.16799999999999998,0.00584149228532168,0.032004,-0.012358582982620544
7,0.16799999999999998,0.005597657941118391,0.032004,-0.013104421308191738
7,0.16799999999999998,0.005434060225993644,0.032004,-0.013498719443663466
7,0.16799999999999998,0.005227473291210058,0.032004,-0.013915067804161655
7,0.16799999999999998,0.004958858315192929,0.032004,-0.01436323186817818
7,0.16799999999999998,0.0045906417376451285,0.032004,-0.014862484036239774
7,0.16799999999999998,0.004205785944242791,0.032004,-0.015308193895105715
7,0.16799999999999998,0.003989743704692345,0.032004,-0.015543161200101928
7,0.16799999999999998,0.00372923230992956,0.032004,-0.015800937825363785
7,0.16799999999999998,0.003552723779550828,0.032004,-0.01595355035033903
7,0.16799999999999998,0.00343120327741109,0.032004,-0.016046919681576455
7,0.16799999999999998,0.0033477980735924884,0.032004,-0.01610521949880261
7,0.16799999999999998,0.0032029399999999996,0.032004,-0.016195039999999997
7,0.16799999999999998,0.002894834392611129,0.032004,-0.01633755567921521
7,0.16799999999999998,0.002806340881200409,0.032004,-0.016367426928657548
7,0.16799999999999998,0.002672918249497464,0.032004,-0.016404824182968653
7,0.16799999999999998,0.002473135393247282,0.032004,-0.01644522073832875
7,0.16799999999999998,0.002178845445666112,0.032004,-0.01647201532744927
7,0.16799999999999998,0.001954771654367757,0.032004,-0.016462794328038145
7,0.16799999999999998,0.0016407359608811218,0.032004,-0.01637556305234441
7,0.16799999999999998,0.0013639009777242223,0.032004,-0.016207173648949996
7,0.16799999999999998,0.001114066740167838,0.032004,-0.01602493490097342
7,0.16799999999999998,0.0008895271216350096,0.032004,-0.015829721922576884
7,0.16799999999999998,0.0006935263476622283,0.032004,-0.01561987067092165
7,0.16799999999999998,0.0003553711885016086,0.032004,-0.015172549034279784
7,0.16799999999999998,4.388718230731968e-05,0.032004,-0.014711547109200728
7,0.16799999999999998,-0.00024598588724548476,0.032004,-0.014239460404733745
7,0.16799999999999998,-0.0005159799971364456,0.032004,-0.013757177294346529
7,0.16799999999999998,-0.0007689839298651857,0.032004,-0.013266179505427357
7,0.16799999999999998,-0.001007783066320607,0.032004,-0.012767895728142558
7,0.16799999999999998,-0.0012350916987842317,0.032004,-0.012263718189568364
7,0.16799999999999998,-0.001453501330124854,0.032004,-0.011754976135079944
7,0.16799999999999998,-0.00166510584295965,0.032004,-0.011242743568421823
7,0.16799999999999998,-0.0018718440174897103,0.032004,-0.010728014937505593
7,0.16799999999999998,-0.002075667559117464,0.032004,-0.010211791319895597
7,0.16799999999999998,-0.0022785281732453427,0.032004,-0.009695073793156178
7,0.16799999999999998,-0.002482054435242264,0.032004,-0.009178697693533067
7,0.16799999999999998,-0.002686388522322971,0.032004,-0.00866273594720646
7,0.16799999999999998,-0.002891259005259314,0.032004,-0.008147049331468727
7,0.16799999999999998,-0.0030964009174238097,0.032004,-0.007631501938438617
7,0.16799999999999998,-0.0033015363669876337,0.032004,-0.0071159512305821356
7,0.16799999999999998,-0.0035064520881286695,0.032004,-0.006600287818629006
7,0.16799999999999998,-0.0037111416182462435,0.032004,-0.0060845083877528565
7,0.16799999999999998,-0.003915695433749742,0.032004,-0.005568659345522895
7,0.16799999999999998,-0.004120171698045195,0.032004,-0.005052770525376471
7,0.16799999999999998,-0.004324647962340651,0.032004,-0.004536881705230046
7,0.16799999999999998,-0.004529188852642809,0.032004,-0.004021026033347341
7,0.16799999999999998,-0.004733787906350999,0.032004,-0.0035052001949019834
7,0.16799999999999998,-0.004938425735663211,0.032004,-0.002989394245414858
7,0.16799999999999998,-0.005143076490176762,0.032004,-0.0024735949255804794
7,0.16799999999999998,-0.005347733707290985,0.032004,-0.001957798920572471
7,0.16799999999999998,-0.005552371536603198,0.032004,-0.0014419929710853437
7,0.16799999999999998,-0.00575699644071407,0.032004,-0.000926180391945473
7,0.16799999999999998,-0.00596161488222427,0.032004,-0.0004103644979792341
7,0.16799999999999998,-0.00616622039853313,0.032004,0.00010545802563975346
7,0.16799999999999998,-0.006370832377442659,0.032004,0.0006212772344323624
7,0.16799999999999998,-0.0065754443563521905,0.032004,0.0011370964432249747
7,0.16799999999999998,-0.006780062797862392,0.032004,0.0016529123371912154
7,0.16799999999999998,-0.006984681239372594,0.032004,0.0021687282311574595
7,0.16799999999999998,-0.007189299680882796,0.032004,0.0026845441251237
7,0.16799999999999998,-0.007393918122392994,0.032004,0.0032003600190899407
7,0.16799999999999998,-0.007598536563903196,0.032004,0.0037161759130561814
7,0.16799999999999998,-0.007803155005413398,0.032004,0.004231991807022422
7,0.16799999999999998,-0.008007773446923598,0.032004,0.004747807700988663
7,0.16799999999999998,-0.0082123918884338,0.032004,0.005263623594954907
7,0.16799999999999998,-0.008417010329944002,0.032004,0.005779439488921151
7,0.16799999999999998,-0.008621628771454202,0.032004,0.0062952553828873915
7,0.16799999999999998,-0.008826247212964402,0.032004,0.006811071276853629
7,0.16799999999999998,-0.009030865654474602,0.032004,0.007326887170819866
7,0.16799999999999998,-0.00913317810653004,0.032004,0.0075847934603898055
7,0.16799999999999998,-0.009235490558585475,0.032004,0.007842699749959738
7,0.16799999999999998,-0.00933779654804024,0.032004,0.008100609354356046
7,0.16799999999999998,-0.009440102537495006,0.032004,0.00835851895875235
8,0.19199999999999998,-0.010576669975387896,0.036576,0.00782669751048485
8,0.19199999999999998,-0.010292310346978705,0.036576,0.007667286638309158
8,0.19199999999999998,-0.01000826040266969,0.036576,0.007507693000811836
8,0.19199999999999998,-0.009724877470268754,0.036576,0.007347705714929476
8,0.19199999999999998,-0.009442501011193403,0.036576,0.007187124441751826
8,0.19199999999999998,-0.00888204198220096,0.036576,0.006863427783917821
8,0.19199999999999998,-0.008328074408385355,0.036576,0.0065359000837651
8,0.19199999999999998,-0.007780348160281058,0.036576,0.00620468895943805
8,0.19199999999999998,-0.007238595242032144,0.036576,0.005869952573234236
8,0.19199999999999998,-0.006702899030127126,0.036576,0.005531641719105529
8,0.19199999999999998,-0.00617347392125074,0.036576,0.005189629867213878
8,0.19199999999999998,-0.0056505224011608,0.036576,0.0048437975171566824
8,0.19199999999999998,-0.005134229089224718,0.036576,0.0044940357126845125
8,0.19199999999999998,-0.004624760738419514,0.036576,0.004140246041701105
8,0.19199999999999998,-0.0041222066806971625,0.036576,0.0037823757834406016
8,0.19199999999999998,-0.0036266443370827073,0.036576,0.0034203792465726003
8,0.19199999999999998,-0.0031381451731377326,0.036576,0.003054214254484426
8,0.19199999999999998,-0.002656756832569953,0.036576,0.0026838526894342705
8,0.19199999999999998,-0.0021826103355756027,0.036576,0.002309217227632235
8,0.19199999999999998,-0.0017162714511838508,0.036576,0.0019299739708945642
8,0.19199999999999998,-0.0012584310131566415,0.036576,0.0015457152119653268
8,0.19199999999999998,-0.0008097798552559087,0.036576,0.001156033243588584
8,0.19199999999999998,-0.0003709849893897355,0.036576,0.000760534417379298
8,0.19199999999999998,5.7328260778056854e-05,0.036576,0.00035884968797648617
8,0.19199999999999998,0.000474987186806981,0.036576,-4.912287143383001e-05
8,0.19199999999999998,0.0008819441449893209,0.036576,-0.00046341137859344517
8,0.19199999999999998,0.0012781872243981442,0.036576,-0.0008840228629378027
8,0.19199999999999998,0.0016636747367891978,0.036576,-0.0013109819274909704
8,0.19199999999999998,0.0020382816174297153,0.036576,-0.0017443623813251444
8,0.19199999999999998,0.0024013051216308255,0.036576,-0.0021845789611317015
8,0.19199999999999998,0.0027517804643112063,0.036576,-0.0026322010511818737
8,0.19199999999999998,0.0030887607267799187,0.036576,-0.0030877874915937065
8,0.19199999999999998,0.0034112870794191005,0.036576,-0.003551904151920698
8,0.19199999999999998,0.0037185972229052365,0.036576,-0.0040250009160314685
8,0.19199999999999998,0.0040113403027560056,0.036576,-0.0045066946796941485
8,0.19199999999999998,0.004290737188981735,0.036576,-0.004996264925775401
8,0.19199999999999998,0.0045580147070562104,0.036576,-0.0054929876224241656
8,0.19199999999999998,0.00481438777152629,0.036576,-0.005996145767224827
8,0.19199999999999998,0.005060428106884612,0.036576,-0.006505401947275922
8,0.19199999999999998,0.00529224679548854,0.036576,-0.007023051273250957
8,0.19199999999999998,0.005504078948703964,0.036576,-0.007552495991906372
8,0.19199999999999998,0.005690046524090938,0.036576,-0.00809720512963535
8,0.19199999999999998,0.005844116637159426,0.036576,-0.008660739095491891
8,0.19199999999999998,0.005960762617813921,0.036576,-0.009246359547523491
8,0.19199999999999998,0.00603890652716726,0.036576,-0.009854702649638118
8,0.19199999999999998,0.006079132000639009,0.036576,-0.010485423959498863
8,0.19199999999999998,0.006078806723377645,0.036576,-0.011140076982339552
8,0.19199999999999998,0.0060304387223442096,0.036576,-0.011823083233056465
8,0.19199999999999998,0.005925791591566624,0.036576,-0.01253930356626133
8,0.19199999999999998,0.005755253213012394,0.036576,-0.013294410736360028
8,0.19199999999999998,0.0056315742621178295,0.036576,-0.013694632493367689
8,0.19199999999999998,0.005468279568254154,0.036576,-0.01411823415267269
8,0.19199999999999998,0.0052478243360535096,0.036576,-0.014575570072688736
8,0.19199999999999998,0.004935583500930447,0.036576,-0.015087074822260798
8,0.19199999999999998,0.004602593008226092,0.036576,-0.01554537922851704
8,0.19199999999999998,0.0044143364983728435,0.036576,-0.01578737421020717
8,0.19199999999999998,0.004185100444417001,0.036576,-0.01605355396455334
8,0.19199999999999998,0.004027859165420151,0.036576,-0.01621179867647418
8,0.19199999999999998,0.003918582777735691,0.036576,-0.016309013041916797
8,0.19199999999999998,0.0038430766399121384,0.036576,-0.016369935795541576
8,0.19199999999999998,0.0037109400000000002,0.036576,-0.016464279999999998
8,0.19199999999999998,0.0034256582056510225,0.036576,-0.016616282360788204
8,0.19199999999999998,0.003342754970769319,0.036576,-0.016648847583893275
8,0.19199999999999998,0.0032170942802234063,0.036576,-0.01669028531792868
8,0.19199999999999998,0.0030275727435077767,0.036576,-0.016736688560181758
8,0.19199999999999998,0.0027455441699211977,0.036576,-0.016772240292970593
8,0.19199999999999998,0.00252822170688173,0.036576,-0.01676960461769259
8,0.19199999999999998,0.0022171645586282567,0.036576,-0.01669139584493658
8,0.19199999999999998,0.00193497271892032,0.036576,-0.0165307056155095
8,0.19199999999999998,0.00167766280556911,0.036576,-0.01635533089543325
8,0.19199999999999998,0.0014436625762198688,0.036576,-0.016166199570186855
8,0.19199999999999998,0.0012359616735320217,0.036576,-0.015961547251473078
8,0.19199999999999998,0.0008701807897466196,0.036576,-0.01552295798597254
8,0.19199999999999998,0.0005289781036812288,0.036576,-0.015069863480426736
8,0.19199999999999998,0.00020769048744276406,0.036576,-0.014605015758813237
8,0.19199999999999998,-9.527812317739436e-05,0.036576,-0.014129356765481965
8,0.19199999999999998,-0.00038258982034809416,0.036576,-0.013644457579255368
8,0.19199999999999998,-0.0006568114088227476,0.036576,-0.013151833043472314
8,0.19199999999999998,-0.0009204441832566489,0.036576,-0.012652959339576712
8,0.19199999999999998,-0.0011758762844992603,0.036576,-0.012149245869375724
8,0.19199999999999998,-0.001425037282713237,0.036576,-0.011641831401411791
8,0.19199999999999998,-0.0016697138169380777,0.036576,-0.01113177035100199
8,0.19199999999999998,-0.001911704437140208,0.036576,-0.01062012416289885
8,0.19199999999999998,-0.002152807693286053,0.036576,-0.010107954281854896
8,0.19199999999999998,-0.0023945243621687944,0.036576,-0.009596146416736472
8,0.19199999999999998,-0.0026369854639846585,0.036576,-0.009084777891333497
8,0.19199999999999998,-0.002879940869268116,0.036576,-0.008573701087501578
8,0.19199999999999998,-0.003123146404017103,0.036576,-0.008062771901814054
8,0.19199999999999998,-0.0033663459833026257,0.036576,-0.007551839201408804
8,0.19199999999999998,-0.003609343076830338,0.036576,-0.007040787000600953
8,0.19199999999999998,-0.003852131729136777,0.036576,-0.006529611784672776
8,0.19199999999999998,-0.004094795316710451,0.036576,-0.006018362759672401
8,0.19199999999999998,-0.004337387438722543,0.036576,-0.0055070715580593475
8,0.19199999999999998,-0.004579979560734638,0.036576,-0.004995780356446289
8,0.19199999999999998,-0.004822631237381382,0.036576,-0.004484524302010469
8,0.19199999999999998,-0.005065336513199312,0.036576,-0.00397329988003416
8,0.19199999999999998,-0.005308077521798031,0.036576,-0.003462096546364193
8,0.19199999999999998,-0.005550830441323676,0.036576,-0.0029509002421296768
8,0.19199999999999998,-0.005793589316312791,0.036576,-0.0024397074526128788
8,0.19199999999999998,-0.0060363303249115095,0.036576,-0.0019285041189429156
8,0.19199999999999998,-0.006279059422583297,0.036576,-0.0014172937558375003
8,0.19199999999999998,-0.006521782564791621,0.036576,-0.0009060798780143597
8,0.19199999999999998,-0.0067644937960730156,0.036576,-0.00039485897075577925
8,0.19199999999999998,-0.007007210982817873,0.036576,0.00011635842178508299
8,0.19199999999999998,-0.007249928169562734,0.036576,0.0006275758143259452
8,0.19199999999999998,-0.007492651311771054,0.036576,0.0011387896921490788
8,0.19199999999999998,-0.007735374453979379,0.036576,0.0016500035699722158
8,0.19199999999999998,-0.007978097596187703,0.036576,0.0021612174477953564
8,0.19199999999999998,-0.008220820738396025,0.036576,0.0026724313256184934
8,0.19199999999999998,-0.00846354388060435,0.036576,0.003183645203441627
8,0.19199999999999998,-0.008706267022812672,0.036576,0.003694859081264764
8,0.19199999999999998,-0.008948990165020997,0.036576,0.004206072959087901
8,0.19199999999999998,-0.009191713307229319,0.036576,0.004717286836911038
8,0.19199999999999998,-0.009434436449437644,0.036576,0.005228500714734179
8,0.19199999999999998,-0.00967715959164597,0.036576,0.005739714592557316
8,0.19199999999999998,-0.009919882733854291,0.036576,0.006250928470380453
8,0.19199999999999998,-0.010162605876062613,0.036576,0.006762142348203586
8,0.19199999999999998,-0.010283970424898509,0.036576,0.007017747529756296
8,0.19199999999999998,-0.0104053349737344,0.036576,0.007273352711309002
8,0.19199999999999998,-0.01052669356710683,0.036576,0.007528961407579433
8,0.19199999999999998,-0.01064805216047926,0.036576,0.007784570103849864
9,0.21600000000000003,-0.011289502575755166,0.041148000000000004,0.007496359725057796
9,0.21600000000000003,-0.011003771135161277,0.041148000000000004,0.007337674757271925
9,0.21600000000000003,-0.010718328272358014,0.041148000000000004,0.007178806161048705
9,0.21600000000000003,-0.010433506961719182,0.041148000000000004,0.00701954205742196
9,0.21600000000000003,-0.01014962352889989,0.041148000000000004,0.00685968116137382
9,0.21600000000000003,-0.009585857905319805,0.041148000000000004,0.0065374132903673506
9,0.21600000000000003,-0.009028141316197107,0.041148000000000004,0.006211296284808706
9,0.21600000000000003,-0.008476240679470129,0.041148000000000004,0.0058814784599742105
9,0.21600000000000003,-0.007929906264358518,0.041148000000000004,0.005548118725088494
9,0.21600000000000003,-0.007389215764882834,0.041148000000000004,0.005211167641726119
9,0.21600000000000003,-0.006854368965667354,0.041148000000000004,0.00487049808250738
9,0.21600000000000003,-0.006325554552190567,0.041148000000000004,0.004525989982684778
9,0.21600000000000003,-0.005802944561212269,0.041148000000000004,0.004177533871459124
9,0.21600000000000003,-0.005286694380773566,0.041148000000000004,0.003825030871979534
9,0.21600000000000003,-0.004776887254467908,0.041148000000000004,0.003468428014504466
9,0.21600000000000003,-0.004273595326742953,0.041148000000000004,0.003107679391924578
9,0.21600000000000003,-0.003776885192473464,0.041148000000000004,0.0027427426284466414
9,0.21600000000000003,-0.0032868012482426085,0.041148000000000004,0.002373589473541826
9,0.21600000000000003,-0.0028034655846541218,0.041148000000000004,0.0020001422382558837
9,0.21600000000000003,-0.002327405411133178,0.041148000000000004,0.0016220654475590165
9,0.21600000000000003,-0.0018592644781357977,0.041148000000000004,0.0012389494687832965
9,0.21600000000000003,-0.0013996865361179962,0.041148000000000004,0.0008503846692607883
9,0.21600000000000003,-0.0009492931372441999,0.041148000000000004,0.0004559755415879628
9,0.21600000000000003,-0.0005086669866685642,0.041148000000000004,5.5351297574012664e-05
9,0.21600000000000003,-7.796902200508937e-05,0.041148000000000004,-0.00035159047094803983
9,0.21600000000000003,0.0003427563601630509,0.041148000000000004,-0.0007648780145070207
9,0.21600000000000003,0.0007534980606900624,0.041148000000000004,-0.001184518395735138
9,0.21600000000000003,0.0011542172325656698,0.041148000000000004,-0.001610536333845114
9,0.21600000000000003,0.0015447973347590422,0.041148000000000004,-0.0020430059864751052
9,0.21600000000000003,0.0019245835176683688,0.041148000000000004,-0.0024823440489252536
9,0.21600000000000003,0.002292676750484393,0.041148000000000004,-0.002929122594404237
9,0.21600000000000003,0.002648194651116537,0.041148000000000004,-0.0033839031021724135
9,0.21600000000000003,0.002990243738328435,0.041148000000000004,-0.0038472541141223553
9,0.21600000000000003,0.0033181136667893175,0.041148000000000004,-0.004319627638715231
9,0.21600000000000003,0.003632409339944919,0.041148000000000004,-0.004800638762495825
9,0.21600000000000003,0.003934268420239057,0.041148000000000004,-0.005289563565663038
9,0.21600000000000003,0.004224834119688453,0.041148000000000004,-0.005785674597099676
9,0.21600000000000003,0.004505238551164026,0.041148000000000004,-0.006288251468320743
9,0.21600000000000003,0.004776014473663858,0.041148000000000004,-0.0067969551729803596
9,0.21600000000000003,0.005033538016086415,0.041148000000000004,-0.007314091660493724
9,0.21600000000000003,0.005272437191867715,0.041148000000000004,-0.007843079244848455
9,0.21600000000000003,0.00548723457255873,0.041148000000000004,-0.008387403335038124
9,0.21600000000000003,0.005672308440815123,0.041148000000000004,-0.00895064115427498
9,0.21600000000000003,0.005822508792988778,0.041148000000000004,-0.009536069763902526
9,0.21600000000000003,0.005936831156385391,0.041148000000000004,-0.010144328332135383
9,0.21600000000000003,0.0060158193891488385,0.041148000000000004,-0.01077507078999547
9,0.21600000000000003,0.006057020580058789,0.041148000000000004,-0.011429857979200273
9,0.21600000000000003,0.006053453366411218,0.041148000000000004,-0.012113132295407251
9,0.21600000000000003,0.005997442688890015,0.041148000000000004,-0.012829777548786732
9,0.21600000000000003,0.005880031536839938,0.041148000000000004,-0.013585493283528809
9,0.21600000000000003,0.005785533990417758,0.041148000000000004,-0.013986126374105567
9,0.21600000000000003,0.00565412068508686,0.041148000000000004,-0.014410249779398882
9,0.21600000000000003,0.005469442579093622,0.041148000000000004,-0.01486826675664793
9,0.21600000000000003,0.005199234455616742,0.041148000000000004,-0.01538070837767503
9,0.21600000000000003,0.004905540423468611,0.041148000000000004,-0.015839994160454365
9,0.21600000000000003,0.004738415268030075,0.041148000000000004,-0.016082540480884065
9,0.21600000000000003,0.004533103501489479,0.041148000000000004,-0.01634938578741789
9,0.21600000000000003,0.004390729324997639,0.041148000000000004,-0.01650808207003333
9,0.21600000000000003,0.0042909758102660555,0.041148000000000004,-0.016605607660980782
9,0.21600000000000003,0.004221653349470295,0.041148000000000004,-0.016666744188079105
9,0.21600000000000003,0.0040995599999999995,0.041148000000000004,-0.01676146
9,0.21600000000000003,0.003832683785141955,0.041148000000000004,-0.016914254133732078
9,0.21600000000000003,0.003754393156458909,0.041148000000000004,-0.016947047083655062
9,0.21600000000000003,0.003635221569989341,0.041148000000000004,-0.016988828381651312
9,0.21600000000000003,0.003454466314999059,0.041148000000000004,-0.01703574651044392
9,0.21600000000000003,0.003183358347505422,0.041148000000000004,-0.017072057628712726
9,0.21600000000000003,0.0029725464895342182,0.041148000000000004,-0.017070000997523413
9,0.21600000000000003,0.0026660875103437266,0.041148000000000004,-0.016992605863377194
9,0.21600000000000003,0.00238237611428423,0.041148000000000004,-0.016832635496529864
9,0.21600000000000003,0.0021218508337870643,0.041148000000000004,-0.01665791129100458
9,0.21600000000000003,0.0018830465816075058,0.041148000000000004,-0.0164693655142525
9,0.21600000000000003,0.0016687492433396893,0.041148000000000004,-0.016265225445589972
9,0.21600000000000003,0.0012863936081791982,0.041148000000000004,-0.01582752238249547
9,0.21600000000000003,0.0009269410603633078,0.041148000000000004,-0.015375245577844256
9,0.21600000000000003,0.0005860462843139173,0.041148000000000004,-0.014911160052144911
9,0.21600000000000003,0.0002622219944947157,0.041148000000000004,-0.014436212198113014
9,0.21600000000000003,-4.701246817911259e-05,0.041148000000000004,-0.013951980514046565
9,0.21600000000000003,-0.00034404896962603616,0.041148000000000004,-0.01345998699718592
9,0.21600000000000003,-0.0006312183304626635,0.041148000000000004,-0.012961714800294302
9,0.21600000000000003,-0.0009107459294205597,0.041148000000000004,-0.012458579981128978
9,0.21600000000000003,-0.0011844298281182527,0.041148000000000004,-0.011951726686107288
9,0.21600000000000003,-0.0014539348984247448,0.041148000000000004,-0.011442214310060105
9,0.21600000000000003,-0.001720937111354833,0.041148000000000004,-0.01093110931045051
9,0.21600000000000003,-0.0019871124379233157,0.041148000000000004,-0.010419478144741583
9,0.21600000000000003,-0.0022538593705001587,0.041148000000000004,-0.009908210704591254
9,0.21600000000000003,-0.002521299999689087,0.041148000000000004,-0.00939738467895379
9,0.21600000000000003,-0.002789201243428436,0.041148000000000004,-0.00888685175255287
9,0.21600000000000003,-0.0030573355692294487,0.041148000000000004,-0.008376467141428269
9,0.21600000000000003,-0.0033254643454575647,0.041148000000000004,-0.007866078998987565
9,0.21600000000000003,-0.0035934044362071907,0.041148000000000004,-0.007355570791799363
9,0.21600000000000003,-0.0038611502919054354,0.041148000000000004,-0.006844938988547558
9,0.21600000000000003,-0.004128779606572851,0.041148000000000004,-0.006334233027657591
9,0.21600000000000003,-0.004396342326365504,0.041148000000000004,-0.005823484690974394
9,0.21600000000000003,-0.0046639050461581575,0.041148000000000004,-0.005312736354291192
9,0.21600000000000003,-0.004931523261679778,0.041148000000000004,-0.0048020233307690206
9,0.21600000000000003,-0.005199191423357469,0.041148000000000004,-0.004291342089091776
9,0.21600000000000003,-0.00546689288247254,0.041148000000000004,-0.0037806820353111503
9,0.21600000000000003,-0.005734605440733402,0.041148000000000004,-0.0032700290441627297
9,0.21600000000000003,-0.006002323548567163,0.041148000000000004,-0.0027593795843304098
9,0.21600000000000003,-0.0062700250076822344,0.041148000000000004,-0.002248719530549781
9,0.21600000000000003,-0.006537715367651512,0.041148000000000004,-0.0017380524141369473
9,0.21600000000000003,-0.006805400178047895,0.041148000000000004,-0.0012273817664080096
9,0.21600000000000003,-0.007073073889298484,0.041148000000000004,-0.0007167040560468671
9,0.21600000000000003,-0.007340753150121963,0.041148000000000004,-0.00020602987700183567
9,0.21600000000000003,-0.007608432410945449,0.041148000000000004,0.00030464430204320617
9,0.21600000000000003,-0.007876117221341829,0.041148000000000004,0.0008153149497721439
9,0.21600000000000003,-0.008143802031738211,0.041148000000000004,0.0013259855975010816
9,0.21600000000000003,-0.008411486842134594,0.041148000000000004,0.0018366562452300159
9,0.21600000000000003,-0.008679171652530973,0.041148000000000004,0.0023473268929589536
9,0.21600000000000003,-0.008946856462927352,0.041148000000000004,0.002857997540687888
9,0.21600000000000003,-0.009214541273323731,0.041148000000000004,0.0033686681884168256
9,0.21600000000000003,-0.009482226083720114,0.041148000000000004,0.0038793388361457633
9,0.21600000000000003,-0.009749910894116493,0.041148000000000004,0.0043900094838746975
9,0.21600000000000003,-0.010017595704512876,0.041148000000000004,0.004900680131603635
9,0.21600000000000003,-0.010285280514909258,0.041148000000000004,0.005411350779332573
9,0.21600000000000003,-0.010552965325305638,0.041148000000000004,0.005922021427061507
9,0.21600000000000003,-0.010820650135702017,0.041148000000000004,0.0064326920747904415
9,0.21600000000000003,-0.010954495315686655,0.041148000000000004,0.0066880256329968565
9,0.21600000000000003,-0.011088340495671294,0.041148000000000004,0.006943359191203275
9,0.21600000000000003,-0.011222180126083038,0.041148000000000004,0.007198696280725794
9,0.21600000000000003,-0.011356019756494778,0.041148000000000004,0.0074540333702483134
10,0.24,-0.011348702256825643,0.04572,0.0074424297095135004
10,0.24,-0.011067583600645912,0.04572,0.007276878467171885
10,0.24,-0.010786737237365469,0.04572,0.007111152745230127
10,0.24,-0.010506477351098865,0.04572,0.006945051221072654
10,0.24,-0.010227102416754938,0.04572,0.006778382638214696
10,0.24,-0.0096721279938437,0.04572,0.006442626245735172
10,0.24,-0.009122861249013616,0.04572,0.006103212492406359
10,0.24,-0.008579082253384494,0.04572,0.005760282304059141
10,0.24,-0.008040555368870415,0.04572,0.005413986672655191
10,0.24,-0.007507353905098107,0.04572,0.005064278622917542
10,0.24,-0.006979666372536313,0.04572,0.004711037361276867
10,0.24,-0.006457670808849942,0.04572,0.00435414880491768
10,0.24,-0.005941529542498186,0.04572,0.003993508937155273
10,0.24,-0.005431389192734507,0.04572,0.0036290238074357245
10,0.24,-0.004927328305587543,0.04572,0.0032606430851051423
10,0.24,-0.004429414954282113,0.04572,0.0028883231502634873
10,0.24,-0.003937711975641134,0.04572,0.0025120237383876518
10,0.24,-0.0034522612608798766,0.04572,0.0021317180064622243
10,0.24,-0.002973178010840346,0.04572,0.0017473321361948374
10,0.24,-0.002500959683703929,0.04572,0.0013585473667775266
10,0.24,-0.002036213702092105,0.04572,0.0009649744744868703
10,0.24,-0.0015795474886263518,0.04572,0.0005662242355994711
10,0.24,-0.0011315475203205186,0.04572,0.000161920847899618
10,0.24,-0.0006927636193750789,0.04572,-0.00024828800318991984
10,0.24,-0.0002633476414454078,0.04572,-0.0006644996235999866
10,0.24,0.00015665852225322553,0.04572,-0.0010867408563459934
10,0.24,0.0005672443989169999,0.04572,-0.0015150184121817956
10,0.24,0.0009683733337325527,0.04572,-0.0019493557787458714
10,0.24,0.0013599353622597843,0.04572,-0.002389823418953668
10,0.24,0.001741312589073397,0.04572,-0.002836817267282441
10,0.24,0.0021116567170640825,0.04572,-0.003290880894794207
10,0.24,0.0024701351583282603,0.04572,-0.0037525478064201843
10,0.24,0.002815904852158528,0.04572,-0.0042223582178454525
10,0.24,0.0031482955391104956,0.04572,-0.004700741617316536
10,0.24,0.003467877986992278,0.04572,-0.005187332268748504
10,0.24,0.0037757256581952836,0.04572,-0.005681442319871537
10,0.24,0.004072917251512832,0.04572,-0.006182380563038889
10,0.24,0.004360520992934425,0.04572,-0.006689462501357664
10,0.24,0.004639039577043355,0.04572,-0.007202366018642969
10,0.24,0.00490505363339284,0.04572,-0.0077232821760274545
10,0.24,0.005153494324934663,0.04572,-0.008255458978375445
10,0.24,0.0053791933229843285,0.04572,-0.008802208182712856
10,0.24,0.005576846152407699,0.04572,-0.009366928785865682
10,0.24,0.005741593432232933,0.04572,-0.009952734577621206
10,0.24,0.005872487373714444,0.04572,-0.010560232881203026
10,0.24,0.0059700411442393415,0.04572,-0.011189094869672402
10,0.24,0.0060319402541637104,0.04572,-0.011840803619630604
10,0.24,0.006051597309885632,0.04572,-0.012519580195250481
10,0.24,0.006021770367564523,0.04572,-0.013230065082820631
10,0.24,0.005934007874518747,0.04572,-0.013977673860699546
10,0.24,0.0058563544538817285,0.04572,-0.014373118753122948
10,0.24,0.005743868487743946,0.04572,-0.0147908836128578
10,0.24,0.005581123536080553,0.04572,-0.015240853380327967
10,0.24,0.005337675158190789,0.04572,-0.01574253621698095
10,0.24,0.005069763921205842,0.04572,-0.01619075710195892
10,0.24,0.00491667449013673,0.04572,-0.016427128091735344
10,0.24,0.0047275533775296185,0.04572,-0.016686587430139264
10,0.24,0.004595515892761092,0.04572,-0.01684033153200028
10,0.24,0.004502542771548627,0.04572,-0.016934475385657143
10,0.24,0.004437707858652154,0.04572,-0.01699330455323412
10,0.24,0.00432308,0.04572,-0.017084039999999998
10,0.24,0.004070688448828235,0.04572,-0.017228482921974285
10,0.24,0.003996240307338827,0.04572,-0.01725890342525078
10,0.24,0.003882642609630707,0.04572,-0.01729712583594591
10,0.24,0.0037097853568274324,0.04572,-0.01733875191097553
10,0.24,0.0034493718383236324,0.04572,-0.017367344970910973
10,0.24,0.003245851826564545,0.04572,-0.01735948186054592
10,0.24,0.002947477615468483,0.04572,-0.017274124857848395
10,0.24,0.002668265009583744,0.04572,-0.017107352258305734
10,0.24,0.002410930090876125,0.04572,-0.016926560893966436
10,0.24,0.002174090449241567,0.04572,-0.016732636584338947
10,0.24,0.0019603747584385454,0.04572,-0.016523894930206447
10,0.24,0.0015765730775409194,0.04572,-0.016078454621394386
10,0.24,0.0012143820273230379,0.04572,-0.015619166672008912
10,0.24,0.000869701505089907,0.04572,-0.015148658342183045
10,0.24,0.0005411281551298301,0.04572,-0.014667828872932939
10,0.24,0.00022632130578934418,0.04572,-0.0141781781177445
10,0.24,-7.697593215446642e-05,0.04572,-0.013681152244072813
10,0.24,-0.00037096284750351427,0.04572,-0.013178160510226777
10,0.24,-0.000657739237423436,0.04572,-0.0126705484223537
10,0.24,-0.0009390016961328468,0.04572,-0.012159403122577597
10,0.24,-0.0012163211442045444,0.04572,-0.011645731223976247
10,0.24,-0.0014912789750151402,0.04572,-0.011130546050381291
10,0.24,-0.0017654565819412472,0.04572,-0.010614860925624369
10,0.24,-0.002040173538264015,0.04572,-0.01009952140469082
10,0.24,-0.002315545044825446,0.04572,-0.009584601305873016
10,0.24,-0.0025913511727453506,0.04572,-0.009069959703340066
10,0.24,-0.0028673772295454477,0.04572,-0.008555459026638004
10,0.24,-0.003143398049943634,0.04572,-0.00804095499455902
10,0.24,-0.0034192408326769036,0.04572,-0.007526336879664551
10,0.24,-0.0036949003413433486,0.04572,-0.007011601326577674
10,0.24,-0.003970449885569697,0.04572,-0.00649679531057535
10,0.24,-0.004245936592973133,0.04572,-0.0059819490300499194
10,0.24,-0.004521423300376569,0.04572,-0.005467102749524484
10,0.24,-0.0047969623717991,0.04572,-0.00495229002276831
10,0.24,-0.005072548570838813,0.04572,-0.004437507494404467
10,0.24,-0.005348166188289982,0.04572,-0.003922745098302184
10,0.24,-0.005623794278544968,0.04572,-0.0034079894129537547
10,0.24,-0.005899427605201868,0.04572,-0.002893237082982246
10,0.24,-0.006175045222653037,0.04572,-0.002378474686879961
10,0.24,-0.006450652367300389,0.04572,-0.0018637055800238243
10,0.24,-0.00672625427554583,0.04572,-0.0013489331177907599
10,0.24,-0.0070018457109874525,0.04572,-0.0008341539448038469
10,0.24,-0.007277442382830984,0.04572,-0.00031937812719385825
10,0.24,-0.007553039054674516,0.04572,0.00019539769041613045
10,0.24,-0.007828640962919957,0.04572,0.0007101701526491914
10,0.24,-0.008104242871165401,0.04572,0.001224942614882256
10,0.24,-0.008379844779410842,0.04572,0.001739715077115317
10,0.24,-0.008655446687656283,0.04572,0.002254487539348378
10,0.24,-0.008931048595901724,0.04572,0.0027692600015814424
10,0.24,-0.009206650504147165,0.04572,0.0032840324638145034
10,0.24,-0.009482252412392606,0.04572,0.0037988049260475644
10,0.24,-0.00975785432063805,0.04572,0.004313577388280629
10,0.24,-0.010033456228883492,0.04572,0.004828349850513693
10,0.24,-0.010309058137128934,0.04572,0.005343122312746758
10,0.24,-0.010584660045374374,0.04572,0.005857894774979815
10,0.24,-0.010860261953619815,0.04572,0.006372667237212876
10,0.24,-0.01099806552594349,0.04572,0.0066300517906409465
10,0.24,-0.011135869098267167,0.04572,0.00688743634406902
10,0.24,-0.01127366743418893,0.04572,0.0071448242528740075
10,0.24,-0.011411465770110697,0.04572,0.007402212161679005
11,0.26398666666666665,-0.010946277676738154,0.05028946,0.007584197781646828
11,0.26398666666666665,-0.010674248118073701,0.05028946,0.007407076717791231
11,0.26398666666666665,-0.010402477764713076,0.05028946,0.007229796001374213
11,0.26398666666666665,-0.010131265699699157,0.05028946,0.007052171417901831
11,0.26398666666666665,-0.009860896051922675,0.05028946,0.006874027963604836
11,0.26398666666666665,-0.009323750737601617,0.05028946,0.00651552741084193
11,0.26398666666666665,-0.00879203876522617,0.05028946,0.006153680294772344
11,0.26398666666666665,-0.008265550776666308,0.05028946,0.005788615565541843
11,0.26398666666666665,-0.007744062459639881,0.05028946,0.005420471384020884
11,0.26398666666666665,-0.0072276436001902245,0.05028946,0.005049204766827544
11,0.26398666666666665,-0.006716473648143068,0.05028946,0.0046747051852654604
11,0.26398666666666665,-0.0062107220838893695,0.05028946,0.00429686825112139
11,0.26398666666666665,-0.005710543433667956,0.05028946,0.003915598786906803
11,0.26398666666666665,-0.005216077269565498,0.05028946,0.0035308108258578566
11,0.26398666666666665,-0.004727398362342717,0.05028946,0.00314245831435106
11,0.26398666666666665,-0.004244571513325569,0.05028946,0.002750501339246054
11,0.26398666666666665,-0.0037676565391226314,0.05028946,0.0023549030576440616
11,0.26398666666666665,-0.0032966933174729497,0.05028946,0.00195563890761255
11,0.26398666666666665,-0.0028317915121589196,0.05028946,0.0015526413438370773
11,0.26398666666666665,-0.0023734246713317565,0.05028946,0.0011456186933688842
11,0.26398666666666665,-0.001922171022207696,0.05028946,0.000734214808186355
11,0.26398666666666665,-0.0014786087920029608,0.05028946,0.00031807354026784987
11,0.26398666666666665,-0.0010432962690642648,0.05028946,-0.00010314897744198234
11,0.26398666666666665,-0.000616756848716633,0.05028946,-0.0005297751203075553
11,0.26398666666666665,-0.00019913508776413062,0.05028946,-0.0009618939253342694
11,0.26398666666666665,0.00020952913605419825,0.05028946,-0.0013995299544546647
11,0.26398666666666665,0.0006092258533035855,0.05028946,-0.0018426893481518596
11,0.26398666666666665,0.0009999201709623663,0.05028946,-0.002291393598116819
11,0.26398666666666665,0.00138150740996553,0.05028946,-0.0027457071794224214
11,0.26398666666666665,0.0017533993736620875,0.05028946,-0.00320599238057343
11,0.26398666666666665,0.002114788537836268,0.05028946,-0.0036727465807034967
11,0.26398666666666665,0.002464882332424447,0.05028946,-0.004146457948221577
11,0.26398666666666665,0.002802878217928237,0.05028946,-0.004627620792019761
11,0.26398666666666665,0.003128138150522833,0.05028946,-0.005116628103018462
11,0.26398666666666665,0.0034412054644027976,0.05028946,-0.0056131452248870135
11,0.26398666666666665,0.003743102026631291,0.05028946,-0.006116542758104436
11,0.26398666666666665,0.004034854688988862,0.05028946,-0.006626188232908182
11,0.26398666666666665,0.004317480333821291,0.05028946,-0.0071414553200188375
11,0.26398666666666665,0.004591457493997185,0.05028946,-0.007662049276246084
11,0.26398666666666665,0.004853531149066561,0.05028946,-0.008189974969332372
11,0.26398666666666665,0.005098876092604328,0.05028946,-0.00872820439311335
11,0.26398666666666665,0.0053225724085551596,0.05028946,-0.009279767876014429
11,0.26398666666666665,0.005519570578211803,0.05028946,-0.009847775572741723
11,0.26398666666666665,0.005685244783844426,0.05028946,-0.010435076667468257
11,0.26398666666666665,0.005818692791607015,0.05028946,-0.011042226873917437
11,0.26398666666666665,0.005920403103802934,0.05028946,-0.011668925308415814
11,0.26398666666666665,0.005988172475349657,0.05028946,-0.012316529017735459
11,0.26398666666666665,0.00601573013178152,0.05028946,-0.012988900365766094
11,0.26398666666666665,0.0059961822089602,0.05028946,-0.01369028549659317
11,0.26398666666666665,0.005921483373032296,0.05028946,-0.014425639780103826
11,0.26398666666666665,0.005851985020317719,0.05028946,-0.014813118444837526
11,0.26398666666666665,0.005749328327582808,0.05028946,-0.015221020356466669
11,0.26398666666666665,0.005598828317422281,0.05028946,-0.015658390446643983
11,0.26398666666666665,0.005371503842981327,0.05028946,-0.016143079099832806
11,0.26398666666666665,0.005120007761611953,0.05028946,-0.01657372129705754
11,0.26398666666666665,0.004976045563616036,0.05028946,-0.0168002610583512
11,0.26398666666666665,0.0047977835253194675,0.05028946,-0.01704792715185886
11,0.26398666666666665,0.004672976883873296,0.05028946,-0.017193733917498837
11,0.26398666666666665,0.004584914730430025,0.05028946,-0.017282441368778583
11,0.26398666666666665,0.004523417204004352,0.05028946,-0.01733755322086488
11,0.26398666666666665,0.00441452,0.05028946,-0.017421859999999997
11,0.26398666666666665,0.004174038362749793,0.05028946,-0.017552746452209056
11,0.26398666666666665,0.004102947391550555,0.05028946,-0.017579299955530432
11,0.26398666666666665,0.003994367429019349,0.05028946,-0.017611710463778386
11,0.26398666666666665,0.0038289339162225757,0.05028946,-0.0176446715835464
11,0.26398666666666665,0.0035792679367702305,0.05028946,-0.017660579587976177
11,0.26398666666666665,0.0033837609116655915,0.05028946,-0.017643129417793963
11,0.26398666666666665,0.0030961897165528275,0.05028946,-0.01754451542445687
11,0.26398666666666665,0.002825974595015165,0.05028946,-0.017366276792671335
11,0.26398666666666665,0.0025765856226965286,0.05028946,-0.01717521069162405
11,0.26398666666666665,0.0023467068342082576,0.05028946,-0.01697212766508838
11,0.26398666666666665,0.00213884055767576,0.05028946,-0.016755486451798307
11,0.26398666666666665,0.0017646406698316663,0.05028946,-0.016296622772492247
11,0.26398666666666665,0.0014110127106201531,0.05028946,-0.01582508820624429
11,0.26398666666666665,0.0010740536463316706,0.05028946,-0.015343286752200428
11,0.26398666666666665,0.0007524275727080337,0.05028946,-0.014852041235100286
11,0.26398666666666665,0.00044390632107980683,0.05028946,-0.01435272405292376
11,0.26398666666666665,0.00014634147825565245,0.05028946,-0.013846658479785692
11,0.26398666666666665,-0.00014236053706456926,0.05028946,-0.013335134017143702
11,0.26398666666666665,-0.0004241985965507556,0.05028946,-0.012819381831865657
11,0.26398666666666665,-0.000700787748634444,0.05028946,-0.012300396682218866
11,0.26398666666666665,-0.000973623408530023,0.05028946,-0.01177909964067306
11,0.26398666666666665,-0.0012442109608866402,0.05028946,-0.011256417920181092
11,0.26398666666666665,-0.0015140557903534444,0.05028946,-0.010733278733695829
11,0.26398666666666665,-0.001784414045710522,0.05028946,-0.010210455782091836
11,0.26398666666666665,-0.0020553953907402603,0.05028946,-0.009688016610683563
11,0.26398666666666665,-0.0023267904673126456,0.05028946,-0.009165832269325252
11,0.26398666666666665,-0.0025983949020150464,0.05028946,-0.0086437768781127
11,0.26398666666666665,-0.0028699943520000644,0.05028946,-0.008121718416658584
11,0.26398666666666665,-0.003141424321594118,0.05028946,-0.007599555566991231
11,0.26398666666666665,-0.003412679826079828,0.05028946,-0.007077285258869075
11,0.26398666666666665,-0.0036838306515005314,0.05028946,-0.0065549504756740404
11,0.26398666666666665,-0.003954921660312657,0.05028946,-0.0060325788495802155
11,0.26398666666666665,-0.004226012669124785,0.05028946,-0.005510207223486392
11,0.26398666666666665,-0.004497153525110726,0.05028946,-0.004987866299808226
11,0.26398666666666665,-0.004768339243553096,0.05028946,-0.00446555300830415
11,0.26398666666666665,-0.0050395548702997575,0.05028946,-0.003943258138249467
11,0.26398666666666665,-0.005310780466481176,0.05028946,-0.0034209694086779208
11,0.26398666666666665,-0.0055820110473799815,0.05028946,-0.002898683749347937
11,0.26398666666666665,-0.005853226674126638,0.05028946,-0.002376388879293258
11,0.26398666666666665,-0.0061244323314385354,0.05028946,-0.0018540878687554416
11,0.26398666666666665,-0.006395633004033051,0.05028946,-0.001331783787976066
11,0.26398666666666665,-0.006666823707192805,0.05028946,-0.0008094735667135526
11,0.26398666666666665,-0.006938019395069937,0.05028946,-0.00028716641569261417
11,0.26398666666666665,-0.0072092150829470725,0.05028946,0.0002351407353283312
11,0.26398666666666665,-0.007480415755541587,0.05028946,0.0007574448161077087
11,0.26398666666666665,-0.007751616428136104,0.05028946,0.0012797488968870861
11,0.26398666666666665,-0.008022817100730618,0.05028946,0.0018020529776664636
11,0.26398666666666665,-0.008294017773325134,0.05028946,0.002324357058445841
11,0.26398666666666665,-0.008565218445919646,0.05028946,0.0028466611392252185
11,0.26398666666666665,-0.008836419118514164,0.05028946,0.003368965220004596
11,0.26398666666666665,-0.009107619791108678,0.05028946,0.0038912693007839734
11,0.26398666666666665,-0.009378820463703195,0.05028946,0.004413573381563354
11,0.26398666666666665,-0.00965002113629771,0.05028946,0.004935877462342732
11,0.26398666666666665,-0.009921221808892227,0.05028946,0.005458181543122106
11,0.26398666666666665,-0.010192422481486739,0.05028946,0.005980485623901483
11,0.26398666666666665,-0.010463623154081256,0.05028946,0.006502789704680864
11,0.26398666666666665,-0.010599225982737204,0.05028946,0.006763940209949769
11,0.26398666666666665,-0.01073482881139315,0.05028946,0.007025090715218674
11,0.26398666666666665,-0.010870426655331718,0.05028946,0.007286244290729146
11,0.26398666666666665,-0.011006024499270286,0.05028946,0.007547397866239616
12,0.2876533333333333,-0.01054107000846834,0.05479796,0.007745281039132437
12,0.2876533333333333,-0.010278043466976628,0.05479796,0.00755678439844823
12,0.2876533333333333,-0.010015264404454343,0.05479796,0.00736814191750499
12,0.2876533333333333,-0.009753018373558516,0.05479796,0.007179185319080791
12,0.2876533333333333,-0.009491576649313332,0.05479796,0.006989754739814769
12,0.2876533333333333,-0.008972124591918295,0.05479796,0.006608871449998971
12,0.2876533333333333,-0.008457860074459339,0.05479796,0.006224931123984447
12,0.2876533333333333,-0.00794858321007654,0.05479796,0.005838051555826552
12,0.2876533333333333,-0.0074440798342771276,0.05479796,0.005448358953441746
12,0.2876533333333333,-0.006944416576014401,0.05479796,0.005055814052144916
12,0.2876533333333333,-0.006449764766882589,0.05479796,0.004660315885602881
12,0.2876533333333333,-0.005960286220054003,0.05479796,0.004261769096723222
12,0.2876533333333333,-0.005476128471068115,0.05479796,0.0038600867422745808
12,0.2876533333333333,-0.004997424777831537,0.05479796,0.003455190292886722
12,0.2876533333333333,-0.004524246528508524,0.05479796,0.003047037679254159
12,0.2876533333333333,-0.004056655592841438,0.05479796,0.0026355924413121352
12,0.2876533333333333,-0.0035947090813616828,0.05479796,0.002220820923616258
12,0.2876533333333333,-0.0031384450677568645,0.05479796,0.0018027006892036117
12,0.2876533333333333,-0.0026879682546678933,0.05479796,0.001381170036426134
12,0.2876533333333333,-0.0022437307671350666,0.05479796,0.0009559625263490835
12,0.2876533333333333,-0.0018062846736286529,0.05479796,0.0005267528230100196
12,0.2876533333333333,-0.0013761820426189085,0.05479796,9.321559044651526e-05
12,0.2876533333333333,-0.0009539559057322958,0.05479796,-0.0003449632888224072
12,0.2876533333333333,-0.0005401059801186207,0.05479796,-0.0007880782999351577
12,0.2876533333333333,-0.00013477028289544772,0.05479796,-0.0012362107768823342
12,0.2876533333333333,0.00026201311224961863,0.05479796,-0.0016893831566268738
12,0.2876533333333333,0.0006502346868946796,0.05479796,-0.0021476010484095098
12,0.2876533333333333,0.0010298611265630768,0.05479796,-0.002610884084572794
12,0.2876533333333333,0.001400792487824853,0.05479796,-0.003079291162144414
12,0.2876533333333333,0.0017624671837878428,0.05479796,-0.003553153226327533
12,0.2876533333333333,0.0021141142222780617,0.05479796,-0.0040329246256214125
12,0.2876533333333333,0.002454976888754375,0.05479796,-0.004519051294664218
12,0.2876533333333333,0.002784288950253745,0.05479796,-0.005011984777334841
12,0.2876533333333333,0.003101441227774505,0.05479796,-0.005512084065040111
12,0.2876533333333333,0.0034069524753102647,0.05479796,-0.00601904345416015
12,0.2876533333333333,0.0037017983311058798,0.05479796,-0.006532287997519967
12,0.2876533333333333,0.003986959192617162,0.05479796,-0.007051239943324211
12,0.2876533333333333,0.00426340593887802,0.05479796,-0.007575327149018249
12,0.2876533333333333,0.0045315954541397035,0.05479796,-0.008104280371046968
12,0.2876533333333333,0.004788419973651518,0.05479796,-0.008639931026509241
12,0.2876533333333333,0.005029272581213344,0.05479796,-0.00918499398791917
12,0.2876533333333333,0.00524945593561701,0.05479796,-0.009742237415577813
12,0.2876533333333333,0.005444148956169624,0.05479796,-0.010314502389915731
12,0.2876533333333333,0.005608935095109095,0.05479796,-0.010904391598632398
12,0.2876533333333333,0.005742952935253372,0.05479796,-0.011512412678014025
12,0.2876533333333333,0.00584666887927561,0.05479796,-0.012138290775264762
12,0.2876533333333333,0.0059179793559356745,0.05479796,-0.012783265532586296
12,0.2876533333333333,0.005950897277857796,0.05479796,-0.01345086516239882
12,0.2876533333333333,0.005938840656297386,0.05479796,-0.014144968454668243
12,0.2876533333333333,0.005874128124780288,0.05479796,-0.014870102066664986
12,0.2876533333333333,0.005811077327996279,0.05479796,-0.015250757271712646
12,0.2876533333333333,0.005716368259969331,0.05479796,-0.015650068811433673
12,0.2876533333333333,0.005575980285239174,0.05479796,-0.016076299097425743
12,0.2876533333333333,0.005362243351339413,0.05479796,-0.01654575419249567
12,0.2876533333333333,0.005124767627240668,0.05479796,-0.016960498815061974
12,0.2876533333333333,0.004988639608378051,0.05479796,-0.017178119209161794
12,0.2876533333333333,0.0048197634589648205,0.05479796,-0.017415038195998753
12,0.2876533333333333,0.004701263711485246,0.05479796,-0.01755357035737533
12,0.2876533333333333,0.004617515799377594,0.05479796,-0.017637273221396625
12,0.2876533333333333,0.004558965568153103,0.05479796,-0.01768895204316907
12,0.2876533333333333,0.00445516,0.05479796,-0.0177673
12,0.2876533333333333,0.004225392472630294,0.05479796,-0.017885527884608673
12,0.2876533333333333,0.004157352451781577,0.05479796,-0.0179084491599464
12,0.2876533333333333,0.004053354251101681,0.05479796,-0.017935385764735932
12,0.2876533333333333,0.0038947441817755624,0.05479796,-0.01796015542877899
12,0.2876533333333333,0.003655051589507496,0.05479796,-0.017964007491106066
12,0.2876533333333333,0.0034670678242169637,0.05479796,-0.01793738735315862
12,0.2876533333333333,0.003189863439281344,0.05479796,-0.01782594559543244
12,0.2876533333333333,0.0029285692505756256,0.05479796,-0.017636428072935077
12,0.2876533333333333,0.0026871590452212306,0.05479796,-0.01743519284654936
12,0.2876533333333333,0.002464376391527219,0.05479796,-0.017222980336051862
12,0.2876533333333333,0.0022626104133907582,0.05479796,-0.016998382622018953
12,0.2876533333333333,0.001898732202757672,0.05479796,-0.016525819097065204
12,0.2876533333333333,0.0015544952557174315,0.05479796,-0.01604168090386176
12,0.2876533333333333,0.0012261731100957716,0.05479796,-0.015548164060155044
12,0.2876533333333333,0.0009124902973579492,0.05479796,-0.015046020204203099
12,0.2876533333333333,0.0006113194502090757,0.05479796,-0.014536503001309443
12,0.2876533333333333,0.0003206093487294736,0.05479796,-0.014020821242851736
12,0.2876533333333333,3.836112431991612e-05,0.05479796,-0.013500152869383619
12,0.2876533333333333,-0.00023733366661075807,0.05479796,-0.01297562253367178
12,0.2876533333333333,-0.0005080170084105209,0.05479796,-0.012448138932714747
12,0.2876533333333333,-0.0007751166643645332,0.05479796,-0.011918543452622256
12,0.2876533333333333,-0.001040069916179857,0.05479796,-0.011387683088744785
12,0.2876533333333333,-0.0013043140455635486,0.05479796,-0.010856404836432812
12,0.2876533333333333,-0.0015690483736751472,0.05479796,-0.010325415460018516
12,0.2876533333333333,-0.0018343776031555627,0.05479796,-0.009794776661149944
12,0.2876533333333333,-0.00210010184714487,0.05479796,-0.009264370645771737
12,0.2876533333333333,-0.0023660259779941014,0.05479796,-0.00873408242444889
12,0.2876533333333333,-0.002631945349632382,0.05479796,-0.00820379139850568
12,0.2876533333333333,-0.0028977029080983433,0.05479796,-0.0076734050154700344
12,0.2876533333333333,-0.0031632938941810384,0.05479796,-0.007142920470721582
12,0.2876533333333333,-0.003428784936833771,0.05479796,-0.006612377028945449
12,0.2876533333333333,-0.0036942188689550962,0.05479796,-0.006081799931724925
12,0.2876533333333333,-0.003959652801076423,0.05479796,-0.005551222834504403
12,0.2876533333333333,-0.0042251343253072535,0.05479796,-0.0050206737834875385
12,0.2876533333333333,-0.004490658682436642,0.05479796,-0.004490149974053965
12,0.2876533333333333,-0.004756211594831732,0.05479796,-0.003959642992342586
12,0.2876533333333333,-0.005021774025648721,0.05479796,-0.003429141619871944
12,0.2876533333333333,-0.0052873412156766615,0.05479796,-0.0028986430520216624
12,0.2876533333333333,-0.005552894128071752,0.05479796,-0.0023681360703102835
12,0.2876533333333333,-0.0058184375220449395,0.05479796,-0.0018376234793581782
12,0.2876533333333333,-0.006083976156807178,0.05479796,-0.0013071080837856984
12,0.2876533333333333,-0.006349505273147517,0.05479796,-0.0007765870789724905
12,0.2876533333333333,-0.006615039148698803,0.05479796,-0.0002460688787796518
12,0.2876533333333333,-0.006880573024250089,0.05479796,0.00028444932141318685
12,0.2876533333333333,-0.0071461116590123275,0.05479796,0.0008149647169856632
12,0.2876533333333333,-0.007411650293774566,0.05479796,0.0013454801125581395
12,0.2876533333333333,-0.0076771889285368045,0.05479796,0.0018759955081306158
12,0.2876533333333333,-0.007942727563299043,0.05479796,0.0024065109037030886
12,0.2876533333333333,-0.008208266198061278,0.05479796,0.002937026299275565
12,0.2876533333333333,-0.008473804832823516,0.05479796,0.003467541694848038
12,0.2876533333333333,-0.008739343467585755,0.05479796,0.003998057090420514
12,0.2876533333333333,-0.009004882102347993,0.05479796,0.0045285724859929904
12,0.2876533333333333,-0.00927042073711023,0.05479796,0.005059087881565463
12,0.2876533333333333,-0.009535959371872469,0.05479796,0.00558960327713794
12,0.2876533333333333,-0.009801498006634707,0.05479796,0.0061201186727104125
12,0.2876533333333333,-0.010067036641396944,0.05479796,0.006650634068282889
12,0.2876533333333333,-0.010199808338383538,0.05479796,0.006915890363758944
12,0.2876533333333333,-0.010332580035370133,0.05479796,0.007181146659234996
12,0.2876533333333333,-0.010465346973145778,0.05479796,0.00744640575933142
12,0.2876533333333333,-0.010598113910921421,0.05479796,0.007711664859427838
13,0.3113066666666666,-0.010124746573877536,0.059303919999999996,0.007915527798864334
13,0.3113066666666666,-0.00987078380990429,0.059303919999999996,0.007715857548735765
13,0.3113066666666666,-0.009617057798420035,0.059303919999999996,0.007516054405617707
13,0.3113066666666666,-0.009363841715373597,0.059303919999999996,0.007315965031445368
13,0.3113066666666666,-0.009111395077916367,0.059303919999999996,0.0071154437550572
13,0.3113066666666666,-0.008609784467320363,0.059303919999999996,0.006712558589868946
13,0.3113066666666666,-0.008113136553128127,0.059303919999999996,0.006306887783170297
13,0.3113066666666666,-0.0076212601121754785,0.059303919999999996,0.005898538671606609
13,0.3113066666666666,-0.007133950262500792,0.059303919999999996,0.005487626258726484
13,0.3113066666666666,-0.006651270745158793,0.059303919999999996,0.005074114765648122
13,0.3113066666666666,-0.0061733854657187864,0.059303919999999996,0.004657912189532664
13,0.3113066666666666,-0.005700449223885105,0.059303919999999996,0.004238931638810044
13,0.3113066666666666,-0.005232603160564647,0.059303919999999996,0.0038170938888134748
13,0.3113066666666666,-0.0047699747578668645,0.059303919999999996,0.003392327381779369
13,0.3113066666666666,-0.004312632309778967,0.059303919999999996,0.0029645937831915305
13,0.3113066666666666,-0.0038606350044232025,0.059303919999999996,0.002533859869802594
13,0.3113066666666666,-0.003414037476989335,0.059303919999999996,0.0021000949739995965
13,0.3113066666666666,-0.0029728761509372117,0.059303919999999996,0.0016632786507072318
13,0.3113066666666666,-0.002537251190781402,0.059303919999999996,0.001223354675968416
13,0.3113066666666666,-0.002107595125107555,0.059303919999999996,0.0007800802645138889
13,0.3113066666666666,-0.0016844360940834104,0.059303919999999996,0.0003331589627517187
13,0.3113066666666666,-0.0012683022378767103,0.059303919999999996,-0.00011770568291002634
13,0.3113066666666666,-0.0008597034849252734,0.059303919999999996,-0.0005727999035256212
13,0.3113066666666666,-0.00045911789313955644,0.059303919999999996,-0.001032392040708454
13,0.3113066666666666,-6.66774975614879e-05,0.059303919999999996,-0.0014965562078565094
13,0.3113066666666666,0.00031758127834908244,0.059303919999999996,-0.00196531285004509
13,0.3113066666666666,0.0006936493287271945,0.059303919999999996,-0.0024386670785430282
13,0.3113066666666666,0.0010614947830454866,0.059303919999999996,-0.0029166367827912106
13,0.3113066666666666,0.0014210220297218665,0.059303919999999996,-0.0033992756311123154
13,0.3113066666666666,0.0017716938227236327,0.059303919999999996,-0.003886885188367101
13,0.3113066666666666,0.00211277258698894,0.059303919999999996,-0.004379879467330507
13,0.3113066666666666,0.0024435344062533866,0.059303919999999996,-0.004878664813874233
13,0.3113066666666666,0.0027632462583876078,0.059303919999999996,-0.005383652685138804
13,0.3113066666666666,0.0030713253680340977,0.059303919999999996,-0.0058951702023291135
13,0.3113066666666666,0.0033682680048332343,0.059303919999999996,-0.006412938801294116
13,0.3113066666666666,0.0036550075199435206,0.059303919999999996,-0.006936434576979109
13,0.3113066666666666,0.003932481817455947,0.059303919999999996,-0.0074651310686949714
13,0.3113066666666666,0.004201619695596541,0.059303919999999996,-0.00799850692702141
13,0.3113066666666666,0.004462858235883428,0.059303919999999996,-0.008536316811054757
13,0.3113066666666666,0.004713224373406832,0.059303919999999996,-0.009080229550066835
13,0.3113066666666666,0.004948310869525605,0.059303919999999996,-0.009632718998169625
13,0.3113066666666666,0.005163623979881477,0.059303919999999996,-0.010196307566528957
13,0.3113066666666666,0.005354551583871677,0.059303919999999996,-0.010773584112805408
13,0.3113066666666666,0.00551686856015428,0.059303919999999996,-0.011366920265734434
13,0.3113066666666666,0.005649750827950316,0.059303919999999996,-0.01197677859514482
13,0.3113066666666666,0.005753644574642874,0.059303919999999996,-0.012602908648864073
13,0.3113066666666666,0.005826537404075561,0.059303919999999996,-0.013246440017302833
13,0.3113066666666666,0.005862701727187884,0.059303919999999996,-0.013910587688552904
13,0.3113066666666666,0.005855840838359283,0.059303919999999996,-0.014598886105007754
13,0.3113066666666666,0.005798606304566195,0.059303919999999996,-0.015315460060610289
13,0.3113066666666666,0.00574062489963653,0.059303919999999996,-0.015690229602559513
13,0.3113066666666666,0.0056523573878464375,0.059303919999999996,-0.016081999224625367
13,0.3113066666666666,0.005520390830108303,0.059303919999999996,-0.016498297825789154
13,0.3113066666666666,0.005318254476980376,0.059303919999999996,-0.016953983864529235
13,0.3113066666666666,0.0050929409277251534,0.059303919999999996,-0.017354234908273754
13,0.3113066666666666,0.004963647737813718,0.059303919999999996,-0.017563698718291863
13,0.3113066666666666,0.004803025819503815,0.059303919999999996,-0.01779074784870722
13,0.3113066666666666,0.0046901295225857745,0.059303919999999996,-0.017922563089410204
13,0.3113066666666666,0.004610245154183271,0.059303919999999996,-0.01800162583790366
13,0.3113066666666666,0.004554349494570274,0.059303919999999996,-0.018050112155134253
13,0.3113066666666666,0.00445516,0.059303919999999996,-0.0181229
13,0.3113066666666666,0.004235234457010544,0.059303919999999996,-0.018229236571155702
13,0.3113066666666666,0.004170026665574159,0.059303919999999996,-0.018248727573681914
13,0.3113066666666666,0.004070302400552582,0.059303919999999996,-0.01827048204715493
13,0.3113066666666666,0.003918099650859797,0.059303919999999996,-0.018287471175795152
13,0.3113066666666666,0.003687861421581916,0.059303919999999996,-0.018279818148484502
13,0.3113066666666666,0.0035070908037048982,0.059303919999999996,-0.018244398153274395
13,0.3113066666666666,0.0032400320227866384,0.059303919999999996,-0.01812052363751138
13,0.3113066666666666,0.002987726526236304,0.059303919999999996,-0.017919923136456403
13,0.3113066666666666,0.0027544431815895885,0.059303919999999996,-0.01770864519482306
13,0.3113066666666666,0.0025389800146716317,0.059303919999999996,-0.017487364500096435
13,0.3113066666666666,0.002343622597587657,0.059303919999999996,-0.017254798123801107
13,0.3113066666666666,0.0019908427968474097,0.059303919999999996,-0.016768371825279633
13,0.3113066666666666,0.0016568529484542738,0.059303919999999996,-0.01627139842353487
13,0.3113066666666666,0.0013380881062760005,0.059303919999999996,-0.015765878980312353
13,0.3113066666666666,0.0010333280844078106,0.059303919999999996,-0.015252498405634819
13,0.3113066666666666,0.0007405377220309102,0.059303919999999996,-0.014732399068084974
13,0.3113066666666666,0.00045775470524619596,0.059303919999999996,-0.014206682446094906
13,0.3113066666666666,0.00018306680241184786,0.059303919999999996,-0.013676421906118163
13,0.3113066666666666,-8.535171239682209e-05,0.059303919999999996,-0.013142642257554439
13,0.3113066666666666,-0.00034897598930350333,0.059303919999999996,-0.01260617152595361
13,0.3113066666666666,-0.0006091719080523524,0.059303919999999996,-0.01206777640163964
13,0.3113066666666666,-0.0008673144542524856,0.059303919999999996,-0.011528228686205313
13,0.3113066666666666,-0.0011247786135130215,0.059303919999999996,-0.01098830018124342
13,0.3113066666666666,-0.001382711724819052,0.059303919999999996,-0.010448634906626088
13,0.3113066666666666,-0.0016412139526851468,0.059303919999999996,-0.009909289086310405
13,0.3113066666666666,-0.0019000940739471242,0.059303919999999996,-0.009370155383651019
13,0.3113066666666666,-0.002159165418373285,0.059303919999999996,-0.008831129017636987
13,0.3113066666666666,-0.002418232209866965,0.059303919999999996,-0.00829210009598854
13,0.3113066666666666,-0.0026771442016563065,0.059303919999999996,-0.007752984282770048
13,0.3113066666666666,-0.00293589684080883,0.059303919999999996,-0.007213779022347091
13,0.3113066666666666,-0.0031945538683792627,0.059303919999999996,-0.006674520093601458
13,0.3113066666666666,-0.00345315626075993,0.059303919999999996,-0.006135230497242867
13,0.3113066666666666,-0.003711758653140596,0.059303919999999996,-0.005595940900884274
13,0.3113066666666666,-0.0039704065748460676,0.059303919999999996,-0.005056676860869814
13,0.3113066666666666,-0.004229095472943863,0.059303919999999996,-0.004517435821565071
13,0.3113066666666666,-0.004487811688636543,0.059303919999999996,-0.003978210116066812
13,0.3113066666666666,-0.004746537010194184,0.059303919999999996,-0.0034389895218373753
13,0.3113066666666666,-0.0050052668846843045,0.059303919999999996,-0.002899771483242353
13,0.3113066666666666,-0.005263983100376983,0.059303919999999996,-0.0023605457777440934
13,0.3113066666666666,-0.005522690210204703,0.059303919999999996,-0.0018213149609770038
13,0.3113066666666666,-0.005781392767099941,0.059303919999999996,-0.0012820815885755017
13,0.3113066666666666,-0.006040086218130217,0.059303919999999996,-0.0007428431049051713
13,0.3113066666666666,-0.006298784222092974,0.059303919999999996,-0.0002036071768692603
13,0.3113066666666666,-0.006557482226055731,0.059303919999999996,0.0003356287511666542
13,0.3113066666666666,-0.006816184782950969,0.059303919999999996,0.0008748621235681563
13,0.3113066666666666,-0.007074887339846207,0.059303919999999996,0.0014140954959696583
13,0.3113066666666666,-0.0073335898967414465,0.059303919999999996,0.0019533288683711604
13,0.3113066666666666,-0.007592292453636684,0.059303919999999996,0.0024925622407726625
13,0.3113066666666666,-0.00785099501053192,0.059303919999999996,0.0030317956131741576
13,0.3113066666666666,-0.008109697567427158,0.059303919999999996,0.003571028985575663
13,0.3113066666666666,-0.008368400124322398,0.059303919999999996,0.004110262357977162
13,0.3113066666666666,-0.008627102681217635,0.059303919999999996,0.004649495730378667
13,0.3113066666666666,-0.008885805238112873,0.059303919999999996,0.005188729102780169
13,0.3113066666666666,-0.00914450779500811,0.059303919999999996,0.005727962475181671
13,0.3113066666666666,-0.009403210351903349,0.059303919999999996,0.0062671958475831735
13,0.3113066666666666,-0.009661912908798587,0.059303919999999996,0.006806429219984672
13,0.3113066666666666,-0.009791266463712445,0.059303919999999996,0.007076044628368215
13,0.3113066666666666,-0.009920620018626305,0.059303919999999996,0.007345660036751762
13,0.3113066666666666,-0.010049969020607683,0.059303919999999996,0.007615278000769717
13,0.3113066666666666,-0.010179318022589062,0.059303919999999996,0.007884895964787676
14,0.33496,-0.00969866829471158,0.06380988,0.008091049316281625
14,0.33496,-0.009453861085655303,0.06380988,0.007880527918246547
14,0.33496,-0.009209280860378399,0.06380988,0.007669885697624265
14,0.33496,-0.008965189523241678,0.06380988,0.007458983243737234
14,0.33496,-0.008721835883387917,0.06380988,0.007247688116441789
14,0.33496,-0.008238275821082844,0.06380988,0.006823422610209077
14,0.33496,-0.007759473687999221,0.06380988,0.006396624476667653
14,0.33496,-0.007285246151084482,0.06380988,0.00596739130329179
14,0.33496,-0.006815396782068012,0.06380988,0.0055358276480896515
14,0.33496,-0.0063499866919673395,0.06380988,0.005101900981903145
14,0.33496,-0.005889173023398949,0.06380988,0.00466552765832574
14,0.33496,-0.005433104188833969,0.06380988,0.0042266286779734895
14,0.33496,-0.004981915505525488,0.06380988,0.003785132011996352
14,0.33496,-0.0045357291955085526,0.06380988,0.003340972602078114
14,0.33496,-0.004094610734873364,0.06380988,0.002894115595549404
14,0.33496,-0.0036586168695647674,0.06380988,0.0024445307867634186
14,0.33496,-0.003227799980454924,0.06380988,0.001992190293584644
14,0.33496,-0.0028021949881252787,0.06380988,0.001537075527922746
14,0.33496,-0.002381897924174794,0.06380988,0.001079135372529294
14,0.33496,-0.0019673234705080917,0.06380988,0.0006181490938315035
14,0.33496,-0.0015589779755560782,0.06380988,0.00015384716451946265
14,0.33496,-0.0011573677877496618,0.06380988,-0.0003140399427167574
14,0.33496,-0.0007629817952290261,0.06380988,-0.0007857724611418926
14,0.33496,-0.00037627833062560054,0.06380988,-0.0012615943594416548
14,0.33496,2.616018952893498e-06,0.06380988,-0.0017415730194435125
14,0.33496,0.000373666332925013,0.06380988,-0.0022257270292378173
14,0.33496,0.0007368638811453962,0.06380988,-0.0027140610358471484
14,0.33496,0.0010921781081052826,0.06380988,-0.0032065913038505506
14,0.33496,0.0014395173472783866,0.06380988,-0.0037033666269851682
14,0.33496,0.0017783665200884402,0.06380988,-0.004204661179583499
14,0.33496,0.0021080184847612473,0.06380988,-0.004710851370474918
14,0.33496,0.0024277791947406513,0.06380988,-0.005222306637954912
14,0.33496,0.0027369458733251355,0.06380988,-0.005739401067341561
14,0.33496,0.0030349597912116277,0.06380988,-0.00626243206808029
14,0.33496,0.003322296741322276,0.06380988,-0.006791146377440226
14,0.33496,0.0035998515635565246,0.06380988,-0.0073250676756064295
14,0.33496,0.0038685234628865047,0.06380988,-0.007863717319252665
14,0.33496,0.004129202914138981,0.06380988,-0.008406621312075285
14,0.33496,0.004382308964291257,0.06380988,-0.008953556596990216
14,0.33496,0.00462499122088314,0.06380988,-0.009506040426871396
14,0.33496,0.004853024293560169,0.06380988,-0.010066321960649872
14,0.33496,0.005062099855586956,0.06380988,-0.010636694503971235
14,0.33496,0.005247796088338422,0.06380988,-0.011219511773774688
14,0.33496,0.005406062204367318,0.06380988,-0.01181692998853958
14,0.33496,0.00553610812551852,0.06380988,-0.01242936970380983
14,0.33496,0.00563836162891469,0.06380988,-0.01305660321547879
14,0.33496,0.0057108933524311675,0.06380988,-0.013699657515537695
14,0.33496,0.005748212034636221,0.06380988,-0.014361455581192385
14,0.33496,0.005744280780013091,0.06380988,-0.015045210828560248
14,0.33496,0.005692054361255884,0.06380988,-0.015754673404867216
14,0.33496,0.00563778861562613,0.06380988,-0.01612439017910103
14,0.33496,0.00555448640652748,0.06380988,-0.016509562950451882
14,0.33496,0.005429288229843972,0.06380988,-0.016917036783187185
14,0.33496,0.005236815553012742,0.06380988,-0.017360320571960946
14,0.33496,0.005021857346204931,0.06380988,-0.01774740705573477
14,0.33496,0.004898428267227461,0.06380988,-0.01794944040788411
14,0.33496,0.004744963123137322,0.06380988,-0.018167461841236448
14,0.33496,0.004636989725919838,0.06380988,-0.01829310192823232
14,0.33496,0.004560533815689607,0.06380988,-0.018367882246107883
14,0.33496,0.004507010645902962,0.06380988,-0.01841341398861423
14,0.33496,0.004411979999999999,0.06380988,-0.01848104
14,0.33496,0.004201062701745567,0.06380988,-0.018576268895098495
14,0.33496,0.004138479303310746,0.06380988,-0.018592540229458675
14,0.33496,0.004042737461378542,0.06380988,-0.018609420108556974
14,0.33496,0.0038965501367168925,0.06380988,-0.018619068790072343
14,0.33496,0.0036752825213545565,0.06380988,-0.018600516154149895
14,0.33496,0.003501441420662931,0.06380988,-0.01855671856803553
14,0.33496,0.0032443432075398345,0.06380988,-0.018420905889466932
14,0.33496,0.003001124884939161,0.06380988,-0.018209538733321422
14,0.33496,0.0027761438359964934,0.06380988,-0.01798846394699627
14,0.33496,0.00256824768152425,0.06380988,-0.017758294937472663
14,0.33496,0.0023796276880079063,0.06380988,-0.017517865302081822
14,0.33496,0.0020387574865469056,0.06380988,-0.01701764653521187
14,0.33496,0.0017159019400372175,0.06380988,-0.016507838637238186
14,0.33496,0.0014076431965702229,0.06380988,-0.01599026091750272
14,0.33496,0.001112811416667618,0.06380988,-0.01546553607703183
14,0.33496,0.0008294554128413412,0.06380988,-0.014934702725373228
14,0.33496,0.0005556938387662122,0.06380988,-0.01439876229589393
14,0.33496,0.0002896933639165338,0.06380988,-0.013858690663336745
14,0.33496,2.970359414753397e-05,0.06380988,-0.013315419555729926
14,0.33496,-0.00022568975408918286,0.06380988,-0.012769701790732212
14,0.33496,-0.000477796202597686,0.06380988,-0.01222223442173132
14,0.33496,-0.0007279340033274047,0.06380988,-0.011673719149137556
14,0.33496,-0.0009774214082277684,0.06380988,-0.011124857673361226
14,0.33496,-0.0012273584156141963,0.06380988,-0.010576235519248012
14,0.33496,-0.0014778410570856527,0.06380988,-0.010027903804046348
14,0.33496,-0.0017286859995895689,0.06380988,-0.009479764940281955
14,0.33496,-0.001979714275146054,0.06380988,-0.008931723663991841
14,0.33496,-0.00223073818562986,0.06380988,-0.008383680064190433
14,0.33496,-0.002481613683642538,0.06380988,-0.007835557465005085
14,0.33496,-0.0027323364041114077,0.06380988,-0.007287353542924504
14,0.33496,-0.0029829674580539927,0.06380988,-0.006739100827106782
14,0.33496,-0.0032335461311244137,0.06380988,-0.006190820229153552
14,0.33496,-0.0034841248041948356,0.06380988,-0.00564253963120032
14,0.33496,-0.0037347471279920615,0.06380988,-0.005094282268360012
14,0.33496,-0.003985408737443408,0.06380988,-0.004546045817121336
14,0.33496,-0.004236096537330836,0.06380988,-0.003997823306950414
14,0.33496,-0.004486793067363623,0.06380988,-0.00344960544380208
14,0.33496,-0.004737493962469091,0.06380988,-0.0029013899041650353
14,0.33496,-0.0049881817623565194,0.06380988,-0.002353167393994115
14,0.33496,-0.005238860832098586,0.06380988,-0.0018049402368006083
14,0.33496,-0.005489535536767974,0.06380988,-0.0012567107560958121
14,0.33496,-0.005740201511291999,0.06380988,-0.0007084766283684298
14,0.33496,-0.005990871850888705,0.06380988,-0.00016024482415234048
14,0.33496,-0.006241542190485411,0.06380988,0.00038798698006375226
14,0.33496,-0.0064922168951547995,0.06380988,0.0009362164607685519
14,0.33496,-0.006742891599824186,0.06380988,0.001484445941473348
14,0.33496,-0.006993566304493574,0.06380988,0.0020326754221781443
14,0.33496,-0.0072442410091629605,0.06380988,0.0025809049028829474
14,0.33496,-0.007494915713832347,0.06380988,0.00312913438358774
14,0.33496,-0.007745590418501735,0.06380988,0.0036773638642925432
14,0.33496,-0.007996265123171122,0.06380988,0.004225593344997343
14,0.33496,-0.008246939827840508,0.06380988,0.004773822825702139
14,0.33496,-0.008497614532509896,0.06380988,0.005322052306406939
14,0.33496,-0.008748289237179283,0.06380988,0.005870281787111735
14,0.33496,-0.008998963941848669,0.06380988,0.006418511267816535
14,0.33496,-0.009249638646518055,0.06380988,0.006966740748521331
14,0.33496,-0.009374978181389089,0.06380988,0.007240854327118081
14,0.33496,-0.009500317716260124,0.06380988,0.007514967905714837
14,0.33496,-0.009625652886058477,0.06380988,0.007789083807822884
14,0.33496,-0.00975098805585683,0.06380988,0.00806319970993093
15,0.35862666666666665,-0.009258929893458494,0.06831838,0.00827268829101931
15,0.35862666666666665,-0.009023291678247641,0.06831838,0.008051740659754298
15,0.35862666666666665,-0.008787871781634616,0.06831838,0.007830683323528015
15,0.35862666666666665,-0.008552922109693845,0.06831838,0.0076093896996928395
15,0.35862666666666665,-0.008318681973196023,0.06831838,0.0073877395347335395
15,0.35862666666666665,-0.007853228771527996,0.06831838,0.006942918103332703
15,0.35862666666666665,-0.007392351863545272,0.06831838,0.006495797087166789
15,0.35862666666666665,-0.006935874914995753,0.06831838,0.006046465094089116
15,0.35862666666666665,-0.006483608996323626,0.06831838,0.005595017061085405
15,0.35862666666666665,-0.006035612885612921,0.06831838,0.005141423452204544
15,0.35862666666666665,-0.00559203772650829,0.06831838,0.004685608317857956
15,0.35862666666666665,-0.005153026265785241,0.06831838,0.004227499927878669
15,0.35862666666666665,-0.004718708654915554,0.06831838,0.0037670328812320734
15,0.35862666666666665,-0.004289202450067295,0.06831838,0.003304148106015939
15,0.35862666666666665,-0.003864570627759068,0.06831838,0.002838813956568372
15,0.35862666666666665,-0.0034448677676403253,0.06831838,0.0023710030066490424
15,0.35862666666666665,-0.003030144250925959,0.06831838,0.0019006899397284414
15,0.35862666666666665,-0.002620433665092556,0.06831838,0.001427857878120213
15,0.35862666666666665,-0.0022158283757007374,0.06831838,0.0009524604081868962
15,0.35862666666666665,-0.0018167272340349969,0.06831838,0.0004742971074030919
15,0.35862666666666665,-0.0014236172585058854,0.06831838,-6.876750683264959e-06
15,0.35862666666666665,-0.0010369854675239482,0.06831838,-0.000491305892524229
15,0.35862666666666665,-0.0006573020857614364,0.06831838,-0.0009792266057286995
15,0.35862666666666665,-0.0002850079488485816,0.06831838,-0.001470860409930011
15,0.35862666666666665,7.97751886119722e-05,0.06831838,-0.001966268486741172
15,0.35862666666666665,0.00043701373914364385,0.06831838,-0.002465467713848545
15,0.35862666666666665,0.0007866993058772815,0.06831838,-0.0029684623106737036
15,0.35862666666666665,0.0011288024997708696,0.06831838,-0.00347526704519221
15,0.35862666666666665,0.0014632351536983624,0.06831838,-0.003985926221330729
15,0.35862666666666665,0.001789501852380066,0.06831838,-0.004500688784962912
15,0.35862666666666665,0.002106922449415047,0.06831838,-0.005019896509237332
15,0.35862666666666665,0.002414829393706089,0.06831838,-0.005543884838170187
15,0.35862666666666665,0.0027125467372868333,0.06831838,-0.006072993435199242
15,0.35862666666666665,0.0029995370805318495,0.06831838,-0.006607492343306097
15,0.35862666666666665,0.0032762580528096696,0.06831838,-0.007147151604014242
15,0.35862666666666665,0.003543570333207891,0.06831838,-0.0076915387266109705
15,0.35862666666666665,0.0038023387992486965,0.06831838,-0.008240219110672797
15,0.35862666666666665,0.0040534199315851085,0.06831838,-0.008792762375197808
15,0.35862666666666665,0.004297216779936204,0.06831838,-0.009348965987949816
15,0.35862666666666665,0.004530987766525375,0.06831838,-0.009910207590077083
15,0.35862666666666665,0.004750668806685306,0.06831838,-0.010478529381627863
15,0.35862666666666665,0.004952116045491788,0.06831838,-0.011056013647155503
15,0.35862666666666665,0.005131076468721689,0.06831838,-0.011644797523693972
15,0.35862666666666665,0.005283653929090647,0.06831838,-0.012246838822859792
15,0.35862666666666665,0.005409088509940825,0.06831838,-0.012862519402306611
15,0.35862666666666665,0.005507791657860441,0.06831838,-0.013491632510376647
15,0.35862666666666665,0.005577907664767938,0.06831838,-0.014135110639240705
15,0.35862666666666665,0.005614154899969634,0.06831838,-0.014795607805077202
15,0.35862666666666665,0.005610726928450145,0.06831838,-0.015476041737913766
15,0.35862666666666665,0.005560847476807565,0.06831838,-0.016179817510971365
15,0.35862666666666665,0.005508829947203388,0.06831838,-0.01654531197726386
15,0.35862666666666665,0.0054288844308151545,0.06831838,-0.01692484023975577
15,0.35862666666666665,0.005308642339388833,0.06831838,-0.017324617506445213
15,0.35862666666666665,0.005123693974313102,0.06831838,-0.01775690963588651
15,0.35862666666666665,0.00491708315125834,0.06831838,-0.01813221599922695
15,0.35862666666666665,0.004798436659798768,0.06831838,-0.0183275780641372
15,0.35862666666666665,0.004650900740037769,0.06831838,-0.01853745704901861
15,0.35862666666666665,0.004547084583913511,0.06831838,-0.018657495741609523
15,0.35862666666666665,0.004473565063883413,0.06831838,-0.018728374824215337
15,0.35862666666666665,0.004422093989122223,0.06831838,-0.01877120679213922
15,0.35862666666666665,0.0043307,0.06831838,-0.0188341
15,0.35862666666666665,0.00412782570985366,0.06831838,-0.018919076421666715
15,0.35862666666666665,0.00406762262338979,0.06831838,-0.018932360651143343
15,0.35862666666666665,0.003975518097923163,0.06831838,-0.018944707549636546
15,0.35862666666666665,0.003834876202560886,0.06831838,-0.018947508877717168
15,0.35862666666666665,0.0036219849110414237,0.06831838,-0.018918744345049716
15,0.35862666666666665,0.003454709611164891,0.06831838,-0.01886705780460917
15,0.35862666666666665,0.003207284925684635,0.06831838,-0.018719904005338087
15,0.35862666666666665,0.0029731749406585973,0.06831838,-0.01849818843934418
15,0.35862666666666665,0.0027566060152813547,0.06831838,-0.018267658501654373
15,0.35862666666666665,0.0025564697628254586,0.06831838,-0.018028871155918186
15,0.35862666666666665,0.002374873797446891,0.06831838,-0.017780767327317204
15,0.35862666666666665,0.0020466632235575776,0.06831838,-0.017266981559782485
15,0.35862666666666665,0.0017357795891538028,0.06831838,-0.01674448901580234
15,0.35862666666666665,0.001438935519964382,0.06831838,-0.0162149415989282
15,0.35862666666666665,0.0011550058355235702,0.06831838,-0.015678904711652765
15,0.35862666666666665,0.0008821138355769396,0.06831838,-0.015137321394700809
15,0.35862666666666665,0.000618449994823236,0.06831838,-0.014591100933424389
15,0.35862666666666665,0.00036225097074151814,0.06831838,-0.014041129406356843
15,0.35862666666666665,0.00011183319106774538,0.06831838,-0.013488252807526434
15,0.35862666666666665,-0.0001341636369999533,0.06831838,-0.012933154683230301
15,0.35862666666666665,-0.0003769990438336774,0.06831838,-0.012376467946706545
15,0.35862666666666665,-0.000617940956674677,0.06831838,-0.011818829730614846
15,0.35862666666666665,-0.0008582573027641986,0.06831838,-0.011260877167614897
15,0.35862666666666665,-0.001099006087614809,0.06831838,-0.010703141904826692
15,0.35862666666666665,-0.0013402796767871287,0.06831838,-0.010145670355887693
15,0.35862666666666665,-0.0015819017360290616,0.06831838,-0.00958837391294457
15,0.35862666666666665,-0.0018237001295230903,0.06831838,-0.009031166077854777
15,0.35862666666666665,-0.002065494324582544,0.06831838,-0.008473956133054192
15,0.35862666666666665,-0.002307145772866493,0.06831838,-0.007916674458086628
15,0.35862666666666665,-0.002548650275940364,0.06831838,-0.007359318943241279
15,0.35862666666666665,-0.0027900666118881885,0.06831838,-0.006801919124469265
15,0.35862666666666665,-0.0030314325666211273,0.06831838,-0.006244493989167727
15,0.35862666666666665,-0.003272798521354068,0.06831838,-0.005687068853866191
15,0.35862666666666665,-0.0035142064604327446,0.06831838,-0.005129664815672591
15,0.35862666666666665,-0.0037556521854225835,0.06831838,-0.004572279764876133
15,0.35862666666666665,-0.003997123101019866,0.06831838,-0.004014907372344433
15,0.35862666666666665,-0.004238602413486293,0.06831838,-0.0034575391992343277
15,0.35862666666666665,-0.004480085924387298,0.06831838,-0.0029001731358350123
15,0.35862666666666665,-0.0047215568399845784,0.06831838,-0.0023428007433033173
15,0.35862666666666665,-0.004963019358712711,0.06831838,-0.0017854241313500357
15,0.35862666666666665,-0.005204477679006274,0.06831838,-0.0012280454096859558
15,0.35862666666666665,-0.005445927602430688,0.06831838,-0.0006706624686002895
15,0.35862666666666665,-0.005687381724289672,0.06831838,-0.000113281637225425
15,0.35862666666666665,-0.0059288358461486584,0.06831838,0.0004440991941494464
15,0.35862666666666665,-0.006170294166442219,0.06831838,0.0010014779158135229
15,0.35862666666666665,-0.006411752486735783,0.06831838,0.0015588566374776062
15,0.35862666666666665,-0.006653210807029342,0.06831838,0.0021162353591416827
15,0.35862666666666665,-0.006894669127322903,0.06831838,0.002673614080805759
15,0.35862666666666665,-0.007136127447616462,0.06831838,0.003230992802469832
15,0.35862666666666665,-0.007377585767910023,0.06831838,0.003788371524133905
15,0.35862666666666665,-0.007619044088203585,0.06831838,0.0043457502457979885
15,0.35862666666666665,-0.007860502408497144,0.06831838,0.004903128967462065
15,0.35862666666666665,-0.008101960728790705,0.06831838,0.005460507689126141
15,0.35862666666666665,-0.008343419049084266,0.06831838,0.006017886410790218
15,0.35862666666666665,-0.008584877369377825,0.06831838,0.006575265132454291
15,0.35862666666666665,-0.008826335689671387,0.06831838,0.007132643854118374
15,0.35862666666666665,-0.008947066949035453,0.06831838,0.007411332160095013
15,0.35862666666666665,-0.00906779820839952,0.06831838,0.007690020466071656
15,0.35862666666666665,-0.009188525269329015,0.06831838,0.007968710881759093
15,0.35862666666666665,-0.009309252330258509,0.06831838,0.008247401297446524
16,0.38228,-0.008810365238675514,0.07282434,0.008448833400354655
16,0.38228,-0.00858398632410156,0.07282434,0.008218005205851118
16,0.38228,-0.008357817892415492,0.07282434,0.007987077572267954
16,0.38228,-0.008132102808487949,0.07282434,0.007755935762205589
16,0.38228,-0.007907071793946042,0.07282434,0.007524470775134431
16,0.38228,-0.007459928191057741,0.07282434,0.007060162039907267
16,0.38228,-0.007017196633319384,0.07282434,0.006593768908587892
16,0.38228,-0.0065787071153215184,0.07282434,0.006125371697355997
16,0.38228,-0.006144277488411172,0.07282434,0.0056550564592612665
16,0.38228,-0.00571396442105816,0.07282434,0.005182796422243806
16,0.38228,-0.005287913632184863,0.07282434,0.004708522743863859
16,0.38228,-0.004866262745217975,0.07282434,0.004232170406261681
16,0.38228,-0.0044491372403406655,0.07282434,0.003753680128447491
16,0.38228,-0.004036650454492558,0.07282434,0.0032729983663014814
16,0.38228,-0.003628863103891323,0.07282434,0.002790096435473767
16,0.38228,-0.0032258278092589234,0.07282434,0.002304949476194435
16,0.38228,-0.0028275931435694885,0.07282434,0.0018175345409835765
16,0.38228,-0.0024341914888057732,0.07282434,0.0013278363315212434
16,0.38228,-0.002045711895420345,0.07282434,0.0008358127774276032
16,0.38228,-0.00166253889945838,0.07282434,0.0003412822111533223
16,0.38228,-0.00128514203966978,0.07282434,-0.00015597719294076912
16,0.38228,-0.0009139908548044485,0.07282434,-0.0006561872604938374
16,0.38228,-0.0005495386926209133,0.07282434,-0.00115956216798508
16,0.38228,-0.0001922105666427908,0.07282434,-0.0016663027058637508
16,0.38228,0.00015787613844244017,0.07282434,-0.0021764643305396472
16,0.38228,0.0005006890406520346,0.07282434,-0.00269006234033271
16,0.38228,0.0008362200444902977,0.07282434,-0.0032071005598229216
16,0.38228,0.0011644408157223248,0.07282434,-0.0037275923750402316
16,0.38228,0.0014852663516433918,0.07282434,-0.004251577944074495
16,0.38228,0.0017982190180079066,0.07282434,-0.004779282917144863
16,0.38228,0.0021026430796651477,0.07282434,-0.005311017085230182
16,0.38228,0.002397894944707917,0.07282434,-0.0058470845024393165
16,0.38228,0.002683322925733336,0.07282434,-0.006387793047461112
16,0.38228,0.0029584089110173727,0.07282434,-0.006933387493414661
16,0.38228,0.0032235941050750244,0.07282434,-0.007483659400690741
16,0.38228,0.0034797082962143046,0.07282434,-0.008038216749840808
16,0.38228,0.0037275853204910745,0.07282434,-0.008596665609126346
16,0.38228,0.003968050918465509,0.07282434,-0.009158615871388803
16,0.38228,0.004201493673930631,0.07282434,-0.009723883956788866
16,0.38228,0.004425270407544316,0.07282434,-0.010293718590691874
16,0.38228,0.004635462899393588,0.07282434,-0.010869970869810912
16,0.38228,0.004828076022356433,0.07282434,-0.011454528224368928
16,0.38228,0.004999009407866896,0.07282434,-0.012049327804128686
16,0.38228,0.005144506745925757,0.07282434,-0.012656144214203562
16,0.38228,0.005263835394173257,0.07282434,-0.01327532357908226
16,0.38228,0.005357392031898105,0.07282434,-0.013906678494345478
16,0.38228,0.005423387554553259,0.07282434,-0.014551054192170064
16,0.38228,0.005456729895350987,0.07282434,-0.015210856333367027
16,0.38228,0.005451821019023059,0.07282434,-0.015888729614996492
16,0.38228,0.005402127860549281,0.07282434,-0.016587760473106932
16,0.38228,0.0053511753315926116,0.07282434,-0.016949609216471085
16,0.38228,0.005273297183977755,0.07282434,-0.017324178512867723
16,0.38228,0.005156568752556332,0.07282434,-0.017717101968615808
16,0.38228,0.004977456431363414,0.07282434,-0.018139497637733808
16,0.38228,0.004777619537028609,0.07282434,-0.018504128864228423
16,0.38228,0.004662910619239288,0.07282434,-0.018693431985109633
16,0.38228,0.004520349148535505,0.07282434,-0.01889589357343169
16,0.38228,0.0044200986818642134,0.07282434,-0.0190108106270716
16,0.38228,0.004349137666501656,0.07282434,-0.019078112666629787
16,0.38228,0.004299473850375054,0.07282434,-0.019118464350543853
16,0.38228,0.00421132,0.07282434,-0.019177
16,0.38228,0.004015767203990154,0.07282434,-0.019252496756143222
16,0.38228,0.003957764975214602,0.07282434,-0.019263010073749167
16,0.38228,0.0038690463858798005,0.07282434,-0.019271145962119207
16,0.38228,0.0037336126865872275,0.07282434,-0.019267573905603404
16,0.38228,0.003528683100380596,0.07282434,-0.019229278588588156
16,0.38228,0.00336773229449886,0.07282434,-0.019170206240800517
16,0.38228,0.003129829545993763,0.07282434,-0.01901237770329346
16,0.38228,0.0029049240116350186,0.07282434,-0.018780853435232524
16,0.38228,0.002696929967768443,0.07282434,-0.018541339619581428
16,0.38228,0.002504778808963224,0.07282434,-0.018294341100898292
16,0.38228,0.0023305025046370426,0.07282434,-0.018038897909606697
16,0.38228,0.002015675731020762,0.07282434,-0.017512078326803023
16,0.38228,0.0017175540127566061,0.07282434,-0.016977366723198824
16,0.38228,0.0014329679632827368,0.07282434,-0.01643626042185851
16,0.38228,0.0011608327861769635,0.07282434,-0.01588927191650017
16,0.38228,0.000899339138153028,0.07282434,-0.015337256000750607
16,0.38228,0.0006467424398901708,0.07282434,-0.014781036871596744
16,0.38228,0.000401342637293918,0.07282434,-0.014221417690835578
16,0.38228,0.0001615165834788334,0.07282434,-0.01365916528675425
16,0.38228,-7.40471918565357e-05,0.07282434,-0.013094899241310444
16,0.38228,-0.00030656301306538486,0.07282434,-0.012529193241502014
16,0.38228,-0.0005372532999965958,0.07282434,-0.011962624798906807
16,0.38228,-0.0007673404724990529,0.07282434,-0.011395771425102664
16,0.38228,-0.0009978445630294411,0.07282434,-0.010829115017167785
16,0.38228,-0.0012288546220403278,0.07282434,-0.010262697645482011
16,0.38228,-0.0014602006441222634,0.07282434,-0.00969643899386565
16,0.38228,-0.0016917166716136486,0.07282434,-0.009130260658428983
16,0.38228,-0.0019232286513571886,0.07282434,-0.008564080410702326
16,0.38228,-0.002154603007674033,0.07282434,-0.007997835145115912
16,0.38228,-0.0023858356928163375,0.07282434,-0.00743152294937975
16,0.38228,-0.0026169833752539206,0.07282434,-0.006865170595553733
16,0.38228,-0.002848082484717373,0.07282434,-0.006298795294247806
16,0.38228,-0.003079181594180827,0.07282434,-0.005732419992941875
16,0.38228,-0.0033103211811227216,0.07282434,-0.005166063814535875
16,0.38228,-0.003541497197795211,0.07282434,-0.004599724846739811
16,0.38228,-0.003772697500954765,0.07282434,-0.004033397352683701
16,0.38228,-0.004003905899610006,0.07282434,-0.003467073683207582
16,0.38228,-0.00423511834601309,0.07282434,-0.002900751926021454
16,0.38228,-0.004466318649172644,0.07282434,-0.002334424431965347
16,0.38228,-0.004697510856836509,0.07282434,-0.001768093113329254
16,0.38228,-0.0049286990167525324,0.07282434,-0.0012017598824031646
16,0.38228,-0.005159879081172865,0.07282434,-0.0006354228268970925
16,0.38228,-0.00539106319334104,0.07282434,-6.908768368101698e-05
16,0.38228,-0.005622247305509218,0.07282434,0.000497247459535062
16,0.38228,-0.00585343546542524,0.07282434,0.001063580690461148
16,0.38228,-0.006084623625341263,0.07282434,0.0016299139213872375
16,0.38228,-0.006315811785257281,0.07282434,0.00219624715231332
16,0.38228,-0.006546999945173305,0.07282434,0.0027625803832394095
16,0.38228,-0.0067781881050893245,0.07282434,0.003328913614165492
16,0.38228,-0.007009376265005348,0.07282434,0.003895246845091578
16,0.38228,-0.0072405644249213695,0.07282434,0.004461580076017664
16,0.38228,-0.007471752584837389,0.07282434,0.00502791330694375
16,0.38228,-0.007702940744753411,0.07282434,0.005594246537869836
16,0.38228,-0.007934128904669435,0.07282434,0.006160579768795922
16,0.38228,-0.008165317064585453,0.07282434,0.006726912999722008
16,0.38228,-0.008396505224501475,0.07282434,0.007293246230648091
16,0.38228,-0.008512101328333407,0.07282434,0.007576411889966141
16,0.38228,-0.008627697432165338,0.07282434,0.007859577549284187
16,0.38228,-0.008743289488249428,0.07282434,0.008142745120892227
16,0.38228,-0.008858881544333518,0.07282434,0.008425912692500266
17,0.40593333333333337,-0.008415732777673858,0.0773303,0.008583815439897273
17,0.40593333333333337,-0.008198055625138836,0.0773303,0.00834429595979383
17,0.40593333333333337,-0.007980581882408341,0.0773303,0.008104685937930012
17,0.40593333333333337,-0.007763546253102978,0.0773303,0.007864880903043842
17,0.40593333333333337,-0.007547171705662321,0.0773303,0.007624781607436439
17,0.40593333333333337,-0.007117242965955299,0.0773303,0.007143327619890255
17,0.40593333333333337,-0.0066915780086892985,0.0773303,0.006659975737751542
17,0.40593333333333337,-0.00627001254132989,0.0773303,0.006174799090903679
17,0.40593333333333337,-0.005852370536161624,0.0773303,0.005687876032793141
17,0.40593333333333337,-0.005438706757362637,0.0773303,0.005199182186792148
17,0.40593333333333337,-0.005029162027105295,0.0773303,0.0047086548701435055
17,0.40593333333333337,-0.004623869344107945,0.0773303,0.004216234882465433
17,0.40593333333333337,-0.004222949971907899,0.0773303,0.003721868246939243
17,0.40593333333333337,-0.0038265134388614343,0.0773303,0.0032255062103093424
17,0.40593333333333337,-0.003434618420873707,0.0773303,0.0027271226547602445
17,0.40593333333333337,-0.0030473157703958505,0.0773303,0.0022266949448518543
17,0.40593333333333337,-0.0026646524281519835,0.0773303,0.0017242021863317705
17,0.40593333333333337,-0.002286659687958186,0.0773303,0.0012196304496983994
17,0.40593333333333337,-0.0019134236078086836,0.0773303,0.0007129414288223578
17,0.40593333333333337,-0.001545315801769435,0.0773303,0.00020396971087217539
17,0.40593333333333337,-0.0011827900301736114,0.0773303,-0.0003074866819252897
17,0.40593333333333337,-0.0008263000533543863,0.0773303,-0.00082162972734319
17,0.40593333333333337,-0.00047628398473689455,0.0773303,-0.0013386544384038773
17,0.40593333333333337,-0.00013315255565719396,0.0773303,-0.001858743639815811
17,0.40593333333333337,0.00020298079380141757,0.0773303,-0.0023819478260222703
17,0.40593333333333337,0.0005320847698228634,0.0773303,-0.002908280926524856
17,0.40593333333333337,0.0008541515489531243,0.0773303,-0.00343774642369897
17,0.40593333333333337,0.0011691537491031255,0.0773303,-0.003970356505858504
17,0.40593333333333337,0.0014770092240056565,0.0773303,-0.004506147737945155
17,0.40593333333333337,0.0017772563898735242,0.0773303,-0.005045325580107462
17,0.40593333333333337,0.0020692615469310913,0.0773303,-0.005588172104752766
17,0.40593333333333337,0.0023524027305837506,0.0773303,-0.006134964160725294
17,0.40593333333333337,0.0026260501527828714,0.0773303,-0.006685982079244675
17,0.40593333333333337,0.002889703112471165,0.0773303,-0.007241448732336456
17,0.40593333333333337,0.003143787987892729,0.0773303,-0.007801174330541387
17,0.40593333333333337,0.003389106683084638,0.0773303,-0.008364801930381048
17,0.40593333333333337,0.003626465013810974,0.0773303,-0.00893197284718934
17,0.40593333333333337,0.0038566609723817984,0.0773303,-0.009502331878675536
17,0.40593333333333337,0.004080070084590084,0.0773303,-0.010075711870820488
17,0.40593333333333337,0.004294137992698227,0.0773303,-0.010653249819192013
17,0.40593333333333337,0.0044950781449604425,0.0773303,-0.011236631193483292
17,0.40593333333333337,0.0046790296668177515,0.0773303,-0.0118275745459538
17,0.40593333333333337,0.0048420299788089136,0.0773303,-0.012427843699743204
17,0.40593333333333337,0.004980448998268547,0.0773303,-0.0130390544770367
17,0.40593333333333337,0.005093578702607822,0.0773303,-0.013661522032807913
17,0.40593333333333337,0.005181802441073729,0.0773303,-0.014295075730662285
17,0.40593333333333337,0.0052433912303278,0.0773303,-0.014940485175563024
17,0.40593333333333337,0.005273424117791316,0.0773303,-0.01559994078163619
17,0.40593333333333337,0.005266491185009297,0.0773303,-0.016275850611470286
17,0.40593333333333337,0.0052162789045874245,0.0773303,-0.01697102494201242
17,0.40593333333333337,0.005165944081024786,0.0773303,-0.017329841897351858
17,0.40593333333333337,0.005089588449390899,0.0773303,-0.017700241233268833
17,0.40593333333333337,0.004975688061913981,0.0773303,-0.018087352488726276
17,0.40593333333333337,0.004801500137757252,0.0773303,-0.01850129892900948
17,0.40593333333333337,0.004607502972100638,0.0773303,-0.018856780473399032
17,0.40593333333333337,0.0044962109387773905,0.0773303,-0.019040883545448032
17,0.40593333333333337,0.004358002311897579,0.0773303,-0.019236967730057772
17,0.40593333333333337,0.004260901768246319,0.0773303,-0.019347471502728458
17,0.40593333333333337,0.0041922158816361495,0.0773303,-0.019411686152747337
17,0.40593333333333337,0.004144166246887641,0.0773303,-0.019449894599456063
17,0.40593333333333337,0.00405892,0.0773303,-0.01950466
17,0.40593333333333337,0.0038699933007490584,0.0773303,-0.019571934445318885
17,0.40593333333333337,0.0038139949087556617,0.0773303,-0.019580039850231
17,0.40593333333333337,0.003728367076544017,0.0773303,-0.019584513313772436
17,0.40593333333333337,0.003597703403304635,0.0773303,-0.019575391936096878
17,0.40593333333333337,0.003400098089820557,0.0773303,-0.019528785233119773
17,0.40593333333333337,0.0032449936903013203,0.0773303,-0.019463260525786848
17,0.40593333333333337,0.0030159610501766408,0.0773303,-0.019296077983979535
17,0.40593333333333337,0.0027997077662732985,0.0773303,-0.01905592471155345
17,0.40593333333333337,0.002599797677818195,0.0773303,-0.018808496756918563
17,0.40593333333333337,0.0024151980888806597,0.0773303,-0.018554253793627563
17,0.40593333333333337,0.002247872686419769,0.0773303,-0.018292321745455267
17,0.40593333333333337,0.0019458143909462204,0.0773303,-0.017753950073197855
17,0.40593333333333337,0.0016598997928433936,0.0773303,-0.017208392519304325
17,0.40593333333333337,0.001387066009862374,0.0773303,-0.01665701243374343
17,0.40593333333333337,0.0011262646991644512,0.0773303,-0.016100276454818662
17,0.40593333333333337,0.0008757473187761067,0.0773303,-0.015538962893431726
17,0.40593333333333337,0.0006338279143559833,0.0773303,-0.014973822201481135
17,0.40593333333333337,0.0003988635605598344,0.0773303,-0.014405585677800712
17,0.40593333333333337,0.00016928565485660723,0.0773303,-0.013834951538657981
17,0.40593333333333337,-5.617320230497536e-05,0.0773303,-0.013262483928867603
17,0.40593333333333337,-0.0002786865290279449,0.0773303,-0.012688705204739449
17,0.40593333333333337,-0.0004994356668693561,0.0773303,-0.01211414120495879
17,0.40593333333333337,-0.00071960195738626,0.0773303,-0.011539317768210895
17,0.40593333333333337,-0.0009401711557852051,0.0773303,-0.010964673673796057
17,0.40593333333333337,-0.0011612293200604137,0.0773303,-0.01039024722784366
17,0.40593333333333337,-0.0013826121576774623,0.0773303,-0.009815965300470332
17,0.40593333333333337,-0.0016041592878289343,0.0773303,-0.009241756502980385
17,0.40593333333333337,-0.001825702506253398,0.0773303,-0.008667545964302739
17,0.40593333333333337,-0.002047112725959515,0.0773303,-0.008093276225243308
17,0.40593333333333337,-0.0022683860352202814,0.0773303,-0.007518945544614391
17,0.40593333333333337,-0.002489577198213834,0.0773303,-0.006944578299043781
17,0.40593333333333337,-0.0027107214204832655,0.0773303,-0.00637019015922078
17,0.40593333333333337,-0.002931865642752697,0.0773303,-0.005795802019397776
17,0.40593333333333337,-0.0031530489822922288,0.0773303,-0.005221431291451769
17,0.40593333333333337,-0.003374267527374854,0.0773303,-0.004647076234195056
17,0.40593333333333337,-0.003595509542819538,0.0773303,-0.004072731624064543
17,0.40593333333333337,-0.0038167593817182406,0.0773303,-0.0034983904963094316
17,0.40593333333333337,-0.004038013132343956,0.0773303,-0.0029240511097420145
17,0.40593333333333337,-0.00425925514778864,0.0773303,-0.0023497064996115015
17,0.40593333333333337,-0.0044804893397793035,0.0773303,-0.00177535840710559
17,0.40593333333333337,-0.004701719620042959,0.0773303,-0.001201008573411974
17,0.40593333333333337,-0.004922942076852591,0.0773303,-0.0006266552573429632
17,0.40593333333333337,-0.005144168445389234,0.0773303,-5.2303682461653234e-05
17,0.40593333333333337,-0.00536539481392588,0.0773303,0.0005220478924196602
17,0.40593333333333337,-0.005586625094189533,0.0773303,0.0010963977261132726
17,0.40593333333333337,-0.005807855374453185,0.0773303,0.001670747559806885
17,0.40593333333333337,-0.006029085654716841,0.0773303,0.002245097393500494
17,0.40593333333333337,-0.006250315934980496,0.0773303,0.00281944722719411
17,0.40593333333333337,-0.006471546215244146,0.0773303,0.003393797060887719
17,0.40593333333333337,-0.0066927764955078,0.0773303,0.003968146894581331
17,0.40593333333333337,-0.006914006775771455,0.0773303,0.004542496728274947
17,0.40593333333333337,-0.007135237056035111,0.0773303,0.005116846561968556
17,0.40593333333333337,-0.0073564673362987625,0.0773303,0.005691196395662172
17,0.40593333333333337,-0.007577697616562418,0.0773303,0.006265546229355785
17,0.40593333333333337,-0.00779892789682607,0.0773303,0.006839896063049394
17,0.40593333333333337,-0.008020158177089724,0.0773303,0.007414245896743003
17,0.40593333333333337,-0.008130775273085058,0.0773303,0.007701419942995967
17,0.40593333333333337,-0.008241392369080388,0.0773303,0.007988593989248921
17,0.40593333333333337,-0.00835200555334871,0.0773303,0.008275769776689576
17,0.40593333333333337,-0.008462618737617032,0.0773303,0.008562945564130231
18,0.4295866666666667,-0.008084203520566498,0.08183626000000001,0.008677200720592158
18,0.4295866666666667,-0.007874429744969366,0.08183626000000001,0.00843027501074095
18,0.4295866666666667,-0.007664853283962141,0.08183626000000001,0.008183266254525479
18,0.4295866666666667,-0.00745570180822548,0.08183626000000001,0.007936078629217764
18,0.4295866666666667,-0.0072471916049060125,0.08183626000000001,0.007688621103226205
18,0.4295866666666667,-0.006832907040946339,0.08183626000000001,0.007192554581461744
18,0.4295866666666667,-0.006422758494351987,0.08183626000000001,0.006694747280138781
18,0.4295866666666667,-0.006016586595646491,0.08183626000000001,0.006195266275166908
18,0.4295866666666667,-0.005614220591819359,0.08183626000000001,0.0056941834335921294
18,0.4295866666666667,-0.005215713606029411,0.08183626000000001,0.0051914763967779165
18,0.4295866666666667,-0.004821202240685043,0.08183626000000001,0.004687087671087459
18,0.4295866666666667,-0.004430815509171964,0.08183626000000001,0.0041809629569749054
18,0.4295866666666667,-0.004044671041341846,0.08183626000000001,0.003673052746030799
18,0.4295866666666667,-0.0036628750835123298,0.08183626000000001,0.0031633123209820653
18,0.4295866666666667,-0.0032854845533535795,0.08183626000000001,0.0026517177261467136
18,0.4295866666666667,-0.0029125487795130744,0.08183626000000001,0.002138248199933676
18,0.4295866666666667,-0.002544113296126946,0.08183626000000001,0.00162288457779736
18,0.4295866666666667,-0.0021802084592859494,0.08183626000000001,0.0011056140833740312
18,0.4295866666666667,-0.0018209177482396582,0.08183626000000001,0.0005864015816634226
18,0.4295866666666667,-0.0014666016415657824,0.08183626000000001,6.509535334622146e-05
18,0.4295866666666667,-0.001117700302580267,0.08183626000000001,-0.00045848985885169405
18,0.4295866666666667,-0.0007746538945990543,0.08183626000000001,-0.000984539312204432
18,0.4295866666666667,-0.00043788740289270626,0.08183626000000001,-0.0015132318758042523
18,0.4295866666666667,-0.00010779925115238188,0.08183626000000001,-0.0020447352394251245
18,0.4295866666666667,0.00021550051979293524,0.08183626000000001,-0.002579095717385585
18,0.4295866666666667,0.0005319815538524903,0.08183626000000001,-0.0031163260860493647
18,0.4295866666666667,0.0008416362620035952,0.08183626000000001,-0.0036564295395074
18,0.4295866666666667,0.0011444380826668397,0.08183626000000001,-0.004199417257077955
18,0.4295866666666667,0.0014403073311039932,0.08183626000000001,-0.004745322776715825
18,0.4295866666666667,0.0017287962549764222,0.08183626000000001,-0.005294334549786053
18,0.4295866666666667,0.002009290143446348,0.08183626000000001,-0.005846711297654225
18,0.4295866666666667,0.00228118566921002,0.08183626000000001,-0.006402706950549508
18,0.4295866666666667,0.0025438719159410024,0.08183626000000001,-0.00696257863279201
18,0.4295866666666667,0.0027968631861872203,0.08183626000000001,-0.007526530766201451
18,0.4295866666666667,0.0030405730816852063,0.08183626000000001,-0.008094389272821977
18,0.4295866666666667,0.003275779477260547,0.08183626000000001,-0.008665826758332952
18,0.4295866666666667,0.0035032640422501754,0.08183626000000001,-0.009240514231368277
18,0.4295866666666667,0.003723800856968335,0.08183626000000001,-0.009818125894652783
18,0.4295866666666667,0.003937754194504081,0.08183626000000001,-0.010398508431821683
18,0.4295866666666667,0.004142646238949566,0.08183626000000001,-0.010982704713564613
18,0.4295866666666667,0.0043348039033234784,0.08183626000000001,-0.011572260679893155
18,0.4295866666666667,0.004510482004928963,0.08183626000000001,-0.01216875261468275
18,0.4295866666666667,0.004665836703774212,0.08183626000000001,-0.012773798324990978
18,0.4295866666666667,0.004797346693331691,0.08183626000000001,-0.013388879869010759
18,0.4295866666666667,0.004904325167048073,0.08183626000000001,-0.014014286311971533
18,0.4295866666666667,0.004987143987035101,0.08183626000000001,-0.014649861143417578
18,0.4295866666666667,0.005044125979278584,0.08183626000000001,-0.015296310257445099
18,0.4295866666666667,0.005070497648507352,0.08183626000000001,-0.015955642737250957
18,0.4295866666666667,0.005061011185532199,0.08183626000000001,-0.016630067296715345
18,0.4295866666666667,0.0050095422490433715,0.08183626000000001,-0.01732216156722121
18,0.4295866666666667,0.004959335079883699,0.08183626000000001,-0.0176785088472104
18,0.4295866666666667,0.00488388682126154,0.08183626000000001,-0.018045479673642822
18,0.4295866666666667,0.004772018842756497,0.08183626000000001,-0.018427778942462815
18,0.4295866666666667,0.004601669855412633,0.08183626000000001,-0.01883469187601267
18,0.4295866666666667,0.0044123813420572445,0.08183626000000001,-0.01918253294801971
18,0.4295866666666667,0.004303871940927367,0.08183626000000001,-0.01936228908815786
18,0.4295866666666667,0.004169252507237151,0.08183626000000001,-0.01955303449815107
18,0.4295866666666667,0.00407478547270067,0.08183626000000001,-0.019659837257551493
18,0.4295866666666667,0.004008019708287488,0.08183626000000001,-0.01972145942879057
18,0.4295866666666667,0.003961340858330363,0.08183626000000001,-0.01975786656172476
18,0.4295866666666667,0.00387858,0.08183626000000001,-0.01980946
18,0.4295866666666667,0.00369538355820624,0.08183626000000001,-0.019869803478472496
18,0.4295866666666667,0.0036411322009155186,0.08183626000000001,-0.019875876157902025
18,0.4295866666666667,0.0035582082873062072,0.08183626000000001,-0.019877255833271334
18,0.4295866666666667,0.0034317361043077017,0.08183626000000001,-0.019863442643203964
18,0.4295866666666667,0.0032406043281098347,0.08183626000000001,-0.01980980039241977
18,0.4295866666666667,0.003090699917668118,0.08183626000000001,-0.019738806242641932
18,0.4295866666666667,0.002869634796202231,0.08183626000000001,-0.01956367605556523
18,0.4295866666666667,0.002661242222734437,0.08183626000000001,-0.019316169021164214
18,0.4295866666666667,0.002468703117663256,0.08183626000000001,-0.019061989530804114
18,0.4295866666666667,0.0022910157299937846,0.08183626000000001,-0.01880155920448809
18,0.4295866666666667,0.0021300849044208767,0.08183626000000001,-0.018534076325391956
18,0.4295866666666667,0.0018398391217960219,0.08183626000000001,-0.017985803984372717
18,0.4295866666666667,0.001565253287489219,0.08183626000000001,-0.01743094063671319
18,0.4295866666666667,0.0013033562991178575,0.08183626000000001,-0.016870736769013652
18,0.4295866666666667,0.001053131227641656,0.08183626000000001,-0.016305620389459125
18,0.4295866666666667,0.0008128819264897002,0.08183626000000001,-0.015736305377373146
18,0.4295866666666667,0.0005809729612725818,0.08183626000000001,-0.01516348005935177
18,0.4295866666666667,0.0003558106372256839,0.08183626000000001,-0.014587815194490941
18,0.4295866666666667,0.0001358733552999287,0.08183626000000001,-0.014009951198022726
18,0.4295866666666667,-8.00683061802465e-05,0.08183626000000001,-0.013430405512678278
18,0.4295866666666667,-0.0002931527006181417,0.08183626000000001,-0.012849657252097541
18,0.4295866666666667,-0.0005045257704397424,0.08183626000000001,-0.012268188724011413
18,0.4295866666666667,-0.0007153334580710384,0.08183626000000001,-0.011686482236150774
18,0.4295866666666667,-0.000926531980370801,0.08183626000000001,-0.011104940243973184
18,0.4295866666666667,-0.0011382048165886048,0.08183626000000001,-0.010523597882478909
18,0.4295866666666667,-0.0013501925972479868,0.08183626000000001,-0.009942388075758356
18,0.4295866666666667,-0.0015623397473838317,0.08183626000000001,-0.009361245344947394
18,0.4295866666666667,-0.0017744831030083326,0.08183626000000001,-0.008780101017090966
18,0.4295866666666667,-0.0019864974452471255,0.08183626000000001,-0.008198902389688678
18,0.4295866666666667,-0.002198378979588867,0.08183626000000001,-0.007617647865695061
18,0.4295866666666667,-0.002410180829192378,0.08183626000000001,-0.007036359803746645
18,0.4295866666666667,-0.0026219371446597555,0.08183626000000001,-0.006455052577252636
18,0.4295866666666667,-0.0028336934601271356,0.08183626000000001,-0.0058737453507586215
18,0.4295866666666667,-0.0030454877207079577,0.08183626000000001,-0.005292454094719274
18,0.4295866666666667,-0.0032573161318908794,0.08183626000000001,-0.004711177212089126
18,0.4295866666666667,-0.0034691673101418653,0.08183626000000001,-0.004129909911731778
18,0.4295866666666667,-0.00368102607741554,0.08183626000000001,-0.003548645805465364
18,0.4295866666666667,-0.0038928886392005607,0.08183626000000001,-0.002967383296244415
18,0.4295866666666667,-0.004104739817451549,0.08183626000000001,-0.0023861159958870615
18,0.4295866666666667,-0.004316583406679847,0.08183626000000001,-0.0018048455014387822
18,0.4295866666666667,-0.0045284232013968004,0.08183626000000001,-0.0012235734099450314
18,0.4295866666666667,-0.004740255407091068,0.08183626000000001,-0.0006422981243603514
18,0.4295866666666667,-0.004952091407296676,0.08183626000000001,-6.1024435821135925e-05
18,0.4295866666666667,-0.005163927407502286,0.08183626000000001,0.000520249252718076
18,0.4295866666666667,-0.005375767202219238,0.08183626000000001,0.0011015213442118234
18,0.4295866666666667,-0.0055876069969361935,0.08183626000000001,0.0016827934357055777
18,0.4295866666666667,-0.005799446791653149,0.08183626000000001,0.0022640655271993285
18,0.4295866666666667,-0.006011286586370101,0.08183626000000001,0.002845337618693076
18,0.4295866666666667,-0.006223126381087055,0.08183626000000001,0.0034266097101868197
18,0.4295866666666667,-0.006434966175804009,0.08183626000000001,0.0040078818016805705
18,0.4295866666666667,-0.006646805970520964,0.08183626000000001,0.004589153893174321
18,0.4295866666666667,-0.0068586457652379165,0.08183626000000001,0.005170425984668065
18,0.4295866666666667,-0.007070485559954872,0.08183626000000001,0.005751698076161816
18,0.4295866666666667,-0.007282325354671826,0.08183626000000001,0.006332970167655567
18,0.4295866666666667,-0.007494165149388778,0.08183626000000001,0.006914242259149314
18,0.4295866666666667,-0.007706004944105732,0.08183626000000001,0.007495514350643058
18,0.4295866666666667,-0.007811926738719882,0.08183626000000001,0.007786149597867203
18,0.4295866666666667,-0.007917848533334031,0.08183626000000001,0.008076784845091344
18,0.4295866666666667,-0.008023766533436836,0.08183626000000001,0.008367421689360954
18,0.4295866666666667,-0.008129684533539641,0.08183626000000001,0.00865805853363056
19,0.45324,-0.0078122296487445975,0.08634222,0.008729587189687867
19,0.45324,-0.007609690324184738,0.08634222,0.00847646082713437
19,0.45324,-0.007407343046756383,0.08634222,0.008223257783760339
19,0.45324,-0.0072054094093035636,0.08634222,0.007969889581695914
19,0.45324,-0.007004099925028124,0.08634222,0.007716272166964747
19,0.45324,-0.006604143763819784,0.08634222,0.0072079741284330305
19,0.45324,-0.00620821320594483,0.08634222,0.006698068741932354
19,0.45324,-0.005816153136412427,0.08634222,0.006186617941971603
19,0.45324,-0.0054277973605895485,0.08634222,0.005673688086953177
19,0.45324,-0.005043197583473138,0.08634222,0.005159258532040776
19,0.45324,-0.0046624867607696205,0.08634222,0.0046432761905124895
19,0.45324,-0.004285790461757282,0.08634222,0.004125690924908727
19,0.45324,-0.003913223176072214,0.08634222,0.003606457021663411
19,0.45324,-0.003544888313708294,0.08634222,0.0030855331911039327
19,0.45324,-0.0031808412728765384,0.08634222,0.0025628973137628366
19,0.45324,-0.002821130065359818,0.08634222,0.002038530219434981
19,0.45324,-0.0024657990097269452,0.08634222,0.0015124142125464077
19,0.45324,-0.002114877651690456,0.08634222,0.0009845374960477937
19,0.45324,-0.0017684472419598335,0.08634222,0.00045486762805353395
19,0.45324,-0.0014268586358714688,0.08634222,-7.673548139697922e-05
19,0.45324,-0.0010905402462571753,0.08634222,-0.0006104428895187843
19,0.45324,-0.000759920485948762,0.08634222,-0.001146425653526923
19,0.45324,-0.00043541299492176784,0.08634222,-0.0016848489321117967
19,0.45324,-0.00011740556065326178,0.08634222,-0.0022258675615456393
19,0.45324,0.0001939947136488018,0.08634222,-0.002769524306132202
19,0.45324,0.0004987582822718862,0.08634222,-0.0033158309629208113
19,0.45324,0.0007968777587878556,0.08634222,-0.003864790481173788
19,0.45324,0.0010883272906982394,0.08634222,-0.004416413183309289
19,0.45324,0.0013730293205076243,0.08634222,-0.004970730036581756
19,0.45324,0.0016505480489560644,0.08634222,-0.005527915047468563
19,0.45324,0.0019202851753646558,0.08634222,-0.006088207106218312
19,0.45324,0.002181653478696693,0.08634222,-0.006651840679186104
19,0.45324,0.002434058351487335,0.08634222,-0.007219053181989376
19,0.45324,0.0026770270623359678,0.08634222,-0.007790033367417144
19,0.45324,0.0029109621715759284,0.08634222,-0.008364620500672512
19,0.45324,0.0031366207880910166,0.08634222,-0.008942512282366817
19,0.45324,0.0033547637139791026,0.08634222,-0.009523404938480242
19,0.45324,0.00356614436490992,0.08634222,-0.010106997644255291
19,0.45324,0.0037711172894339313,0.08634222,-0.010693148835100204
19,0.45324,0.003967270818765176,0.08634222,-0.011282821445165191
19,0.45324,0.004151029921686483,0.08634222,-0.011877442917417188
19,0.45324,0.004318749395913405,0.08634222,-0.012478468712815242
19,0.45324,0.004466688015595743,0.08634222,-0.013087392632728677
19,0.45324,0.004591418478079024,0.08634222,-0.013705583134877857
19,0.45324,0.004692272311617061,0.08634222,-0.014333307127503497
19,0.45324,0.00476961145118845,0.08634222,-0.014970420096751511
19,0.45324,0.004821803496175435,0.08634222,-0.015617573829596464
19,0.45324,0.004844202383281325,0.08634222,-0.016276623412042907
19,0.45324,0.004831700397451011,0.08634222,-0.016949608258990907
19,0.45324,0.0047783366911798315,0.08634222,-0.017638908425139457
19,0.45324,0.004727835453917042,0.08634222,-0.01799306914190715
19,0.45324,0.004652766956678418,0.08634222,-0.01835703910517901
19,0.45324,0.0045422509908216255,0.08634222,-0.01873516257836472
19,0.45324,0.004374815209759249,0.08634222,-0.01913601306705287
19,0.45324,0.004189272384388842,0.08634222,-0.019477294055367064
19,0.45324,0.00408300596750164,0.08634222,-0.019653322851798098
19,0.45324,0.003951326544617186,0.08634222,-0.019839498585269892
19,0.45324,0.003859054500095128,0.08634222,-0.019943140387247867
19,0.45324,0.0037939076584225526,0.08634222,-0.020002551952154505
19,0.45324,0.0037483932154943646,0.08634222,-0.02003742484220713
19,0.45324,0.00366776,0.08634222,-0.020086319999999998
19,0.45324,0.003489535841515682,0.08634222,-0.020140781740504918
19,0.45324,0.0034368144834671403,0.08634222,-0.020145132564788476
19,0.45324,0.0033562677233978833,0.08634222,-0.02014389372467781
19,0.45324,0.0032334986856359816,0.08634222,-0.02012611379686572
19,0.45324,0.0030481230672688734,0.08634222,-0.020066532199576957
19,0.45324,0.002902874219743232,0.08634222,-0.019990928734689314
19,0.45324,0.002689018103017039,0.08634222,-0.01980912025899484
19,0.45324,0.0024878231083776863,0.08634222,-0.01955545713069758
19,0.45324,0.00230205836211161,0.08634222,-0.01929563299339635
19,0.45324,0.0021307488557050364,0.08634222,-0.0190300371497185
19,0.45324,0.0019757485826197626,0.08634222,-0.018757929334819602
19,0.45324,0.001696519896058151,0.08634222,-0.018201427078161813
19,0.45324,0.001432533103952382,0.08634222,-0.01763883901868943
19,0.45324,0.0011808964196877423,0.08634222,-0.017071319792604005
19,0.45324,0.0009406200618941882,0.08634222,-0.016499264601057547
19,0.45324,0.0007100531638836267,0.08634222,-0.015923332604180444
19,0.45324,0.00048760395039304256,0.08634222,-0.01534415936800446
19,0.45324,0.00027172127151415745,0.08634222,-0.014762364237618552
19,0.45324,6.092414840597757e-05,0.08634222,-0.014178538540119561
19,0.45324,-0.00014598402028931107,0.08634222,-0.013593160056004683
19,0.45324,-0.00035011119879190585,0.08634222,-0.013006671174623171
19,0.45324,-0.0005525727377501373,0.08634222,-0.012419517234586615
19,0.45324,-0.0007544839878123382,0.08634222,-0.011832143574506591
19,0.45324,-0.0009567756389234723,0.08634222,-0.011244921801436481
19,0.45324,-0.0011595289417930237,0.08634222,-0.010657884357261891
19,0.45324,-0.0013625887814301607,0.08634222,-0.010070969307473934
19,0.45324,-0.001565803736058127,0.08634222,-0.009484116192194867
19,0.45324,-0.0017690149974720253,0.08634222,-0.008897261602284639
19,0.45324,-0.001972100689607634,0.08634222,-0.00831035687491483
19,0.45324,-0.002175057119250887,0.08634222,-0.007723400535454271
19,0.45324,-0.0023779359913987273,0.08634222,-0.007136413228739265
19,0.45324,-0.002580770544977758,0.08634222,-0.00654940822645029
19,0.45324,-0.0027836050985567892,0.08634222,-0.005962403224161316
19,0.45324,-0.0029864765842764936,0.08634222,-0.0053754129681839805
19,0.45324,-0.003189381308922804,0.08634222,-0.004788435983887125
19,0.45324,-0.003392308192853519,0.08634222,-0.0042014678473772556
19,0.45324,-0.003595242463212367,0.08634222,-0.003614502660129717
19,0.45324,-0.003798180426785285,0.08634222,-0.0030275389475133314
19,0.45324,-0.004001107310715999,0.08634222,-0.002440570811003462
19,0.45324,-0.004204026808218578,0.08634222,-0.0018535997252312648
19,0.45324,-0.0044069426125070916,0.08634222,-0.0012666271648278972
19,0.45324,-0.00460985103036747,0.08634222,-0.0006796516551622056
19,0.45324,-0.004812763141441912,0.08634222,-9.267762012768119e-05
19,0.45324,-0.005015675252516358,0.08634222,0.0004942964149068432
19,0.45324,-0.0052185910568048706,0.08634222,0.0010812689753102109
19,0.45324,-0.0054215068610933845,0.08634222,0.0016682415357135785
19,0.45324,-0.005624422665381897,0.08634222,0.0022552140961169392
19,0.45324,-0.005827338469670411,0.08634222,0.0028421866565203034
19,0.45324,-0.006030254273958921,0.08634222,0.003429159216923664
19,0.45324,-0.006233170078247433,0.08634222,0.004016131777327028
19,0.45324,-0.006436085882535946,0.08634222,0.004603104337730389
19,0.45324,-0.0066390016868244596,0.08634222,0.005190076898133753
19,0.45324,-0.006841917491112972,0.08634222,0.005777049458537117
19,0.45324,-0.007044833295401486,0.08634222,0.0063640220189404816
19,0.45324,-0.007247749099689996,0.08634222,0.006950994579343846
19,0.45324,-0.0074506649039785084,0.08634222,0.00753796713974721
19,0.45324,-0.007552124652729797,0.08634222,0.007831452682633307
19,0.45324,-0.0076535844014810886,0.08634222,0.00812493822551941
19,0.45324,-0.007755040457018309,0.08634222,0.00841842524303667
19,0.45324,-0.007856496512555534,0.08634222,0.008711912260553935
20,0.47689333333333334,-0.007597149643124178,0.09084818,0.008747626354922378
20,0.47689333333333334,-0.007401030819750786,0.09084818,0.008489480512307378
20,0.47689333333333334,-0.007205099979496466,0.09084818,0.008231263243582664
20,0.47689333333333334,-0.0070095740259601535,0.09084818,0.007972892134006267
20,0.47689333333333334,-0.0068146590175608215,0.09084818,0.007714288889573307
20,0.47689333333333334,-0.006427435459009305,0.09084818,0.007196092050224666
20,0.47689333333333334,-0.0060441523158383526,0.09084818,0.006676398009730158
20,0.47689333333333334,-0.005664657755528709,0.09084818,0.006155264458409165
20,0.47689333333333334,-0.005288789100381181,0.09084818,0.005632753207318163
20,0.47689333333333334,-0.004916596961235515,0.09084818,0.005108845026350693
20,0.47689333333333334,-0.004548211480251073,0.09084818,0.0045834904666615765
20,0.47689333333333334,-0.004183755569467247,0.09084818,0.004056642826563692
20,0.47689333333333334,-0.0038233412957434823,0.09084818,0.0035282595251070192
20,0.47689333333333334,-0.0034670698807592825,0.09084818,0.002998302102078635
20,0.47689333333333334,-0.0031149955504143774,0.09084818,0.002466749953793042
20,0.47689333333333334,-0.0027671653004885384,0.09084818,0.0019335852237228196
20,0.47689333333333334,-0.00242362251170155,0.09084818,0.00139879142891957
20,0.47689333333333334,-0.0020843961045332675,0.09084818,0.0008623575807510317
20,0.47689333333333334,-0.0017495656103033038,0.09084818,0.0003242534604784783
20,0.47689333333333334,-0.0014194744597099576,0.09084818,-0.0002156514219062121
20,0.47689333333333334,-0.001094541999711166,0.09084818,-0.0007575164015708666
20,0.47689333333333334,-0.0007751875772648571,0.09084818,-0.0013015008136832915
20,0.47689333333333334,-0.00046181607908903684,0.09084818,-0.0018477584990951763
20,0.47689333333333334,-0.00015480708648183024,0.09084818,-0.002396433683604978
20,0.47689333333333334,0.00014573456381727825,0.09084818,-0.0029475662010046456
20,0.47689333333333334,0.0004397799513284331,0.09084818,-0.003501167039926447
20,0.47689333333333334,0.0007273218459316689,0.09084818,-0.004057238947528453
20,0.47689333333333334,0.0010083349422071101,0.09084818,-0.004615791538863878
20,0.47689333333333334,0.0012827433238951328,0.09084818,-0.00517685365909243
20,0.47689333333333334,0.0015501204139178391,0.09084818,-0.005740587390539981
20,0.47689333333333334,0.0018098805725581188,0.09084818,-0.006307215253009868
20,0.47689333333333334,0.002061449005278808,0.09084818,-0.006876955645568322
20,0.47689333333333334,0.0023042436874227768,0.09084818,-0.0074500297144396346
20,0.47689333333333334,0.002537801891312309,0.09084818,-0.008026613277740026
20,0.47689333333333334,0.002762517658485459,0.09084818,-0.008606556615354907
20,0.47689333333333334,0.002979132076238572,0.09084818,-0.00918957814358253
20,0.47689333333333334,0.003188389846927975,0.09084818,-0.009775394905142117
20,0.47689333333333334,0.0033910284427900303,0.09084818,-0.010363726689910957
20,0.47689333333333334,0.0035873949095830246,0.09084818,-0.010954441634301888
20,0.47689333333333334,0.0037751286131386037,0.09084818,-0.0115484366854234
20,0.47689333333333334,0.00395073017539403,0.09084818,-0.012147041467779346
20,0.47689333333333334,0.004110631532146903,0.09084818,-0.012751611703875202
20,0.47689333333333334,0.004251170627635288,0.09084818,-0.013363538829271307
20,0.47689333333333334,0.004368992686195734,0.09084818,-0.013984097525310196
20,0.47689333333333334,0.004463443381971469,0.09084818,-0.014613536409796821
20,0.47689333333333334,0.004534876990840744,0.09084818,-0.015251720871985962
20,0.47689333333333334,0.0045816956562914415,0.09084818,-0.015899258033810162
20,0.47689333333333334,0.004599351632865997,0.09084818,-0.01655787585769282
20,0.47689333333333334,0.004582845292609071,0.09084818,-0.01722947400343644
20,0.47689333333333334,0.004526341928709447,0.09084818,-0.017916269427600138
20,0.47689333333333334,0.004474774917404646,0.09084818,-0.018268526037654713
20,0.47689333333333334,0.004399160527098469,0.09084818,-0.018629919695436186
20,0.47689333333333334,0.00428884879108345,0.09084818,-0.01900449696477549
20,0.47689333333333334,0.00412282175062327,0.09084818,-0.01940024383416995
20,0.47689333333333334,0.003939497730304248,0.09084818,-0.019736030228775216
20,0.47689333333333334,0.0038346262909698977,0.09084818,-0.01990894248386409
20,0.47689333333333334,0.0037048796238982546,0.09084818,-0.02009130633627839
20,0.47689333333333334,0.003614133306070062,0.09084818,-0.020192318967624055
20,0.47689333333333334,0.003550151625897759,0.09084818,-0.02024989578136877
20,0.47689333333333334,0.0035054936156340938,0.09084818,-0.02028349720917243
20,0.47689333333333334,0.0034264599999999997,0.09084818,-0.02033016
20,0.47689333333333334,0.003252114061483989,0.09084818,-0.020379771363588838
20,0.47689333333333334,0.0032006150912819867,0.09084818,-0.02038270576448145
20,0.47689333333333334,0.003121986270217772,0.09084818,-0.020379315270005856
20,0.47689333333333334,0.0030022421055242924,0.09084818,-0.020358280651430197
20,0.47689333333333334,0.0028216431032468386,0.09084818,-0.02029383581183284
20,0.47689333333333334,0.0026803217276756323,0.09084818,-0.020214467036042953
20,0.47689333333333334,0.002472698701283155,0.09084818,-0.020027224972372307
20,0.47689333333333334,0.002277895759743273,0.09084818,-0.01976857914698933
20,0.47689333333333334,0.0020981965388088856,0.09084818,-0.019504194508406868
20,0.47689333333333334,0.001932646662644701,0.09084818,-0.01923443368148961
20,0.47689333333333334,0.0017830608913617669,0.09084818,-0.01895860712956304
20,0.47689333333333334,0.001514010028567317,0.09084818,-0.018395509365207723
20,0.47689333333333334,0.0012598785183192715,0.09084818,-0.017826742840183603
20,0.47689333333333334,0.0010178357686515932,0.09084818,-0.01725338306687344
20,0.47689333333333334,0.0007869129434890615,0.09084818,-0.016675798164458064
20,0.47689333333333334,0.0005654941110196476,0.09084818,-0.016094602122765173
20,0.47689333333333334,0.0003520211803910373,0.09084818,-0.015510386954357953
20,0.47689333333333334,0.00014497582641072055,0.09084818,-0.014923729562430228
20,0.47689333333333334,-5.7091589974152e-05,0.09084818,-0.014335180752174189
20,0.47689333333333334,-0.0002553523481978021,0.09084818,-0.0137451855631965
20,0.47689333333333334,-0.00045089096625488016,0.09084818,-0.013154156069207033
20,0.47689333333333334,-0.0006447991922600015,0.09084818,-0.012562507091073725
20,0.47689333333333334,-0.0008381687743277788,0.09084818,-0.011970653449664513
20,0.47689333333333334,-0.0010319107075737201,0.09084818,-0.011378941286895693
20,0.47689333333333334,-0.0012261045233174328,0.09084818,-0.010787400821505984
20,0.47689333333333334,-0.0014205983890396641,0.09084818,-0.010195974363176007
20,0.47689333333333334,-0.0016152440872811463,0.09084818,-0.009604605595165412
20,0.47689333333333334,-0.001809886170462648,0.09084818,-0.009013235453575784
20,0.47689333333333334,-0.0020044053416047544,0.09084818,-0.00842181861029904
20,0.47689333333333334,-0.0021987979856474865,0.09084818,-0.007830353691756138
20,0.47689333333333334,-0.002393114713430592,0.09084818,-0.007238859928053549
20,0.47689333333333334,-0.002587388060493911,0.09084818,-0.006647349681402567
20,0.47689333333333334,-0.002781661407557231,0.09084818,-0.006055839434751581
20,0.47689333333333334,-0.0029759709052203727,0.09084818,-0.005464342923890928
20,0.47689333333333334,-0.003170312938423354,0.09084818,-0.004872858775241564
20,0.47689333333333334,-0.003364676661986228,0.09084818,-0.004281382868066404
20,0.47689333333333334,-0.003559047615669065,0.09084818,-0.003689909708049312
20,0.47689333333333334,-0.0037534221844118857,0.09084818,-0.0030984379216112447
20,0.47689333333333334,-0.00394778590797476,0.09084818,-0.0025069620144360857
20,0.47689333333333334,-0.00414214240141767,0.09084818,-0.0019154833601028563
20,0.47689333333333334,-0.004336495279800597,0.09084818,-0.0013240033321905952
20,0.47689333333333334,-0.004530840928063561,0.09084818,-0.0007325205571202704
20,0.47689333333333334,-0.0047251901913865045,0.09084818,-0.0001410391556289775
20,0.47689333333333334,-0.004919539454709451,0.09084818,0.00045044224586231543
20,0.47689333333333334,-0.005113892333092378,0.09084818,0.0010419222737745766
20,0.47689333333333334,-0.005308245211475306,0.09084818,0.0016334023016868378
20,0.47689333333333334,-0.005502598089858235,0.09084818,0.002224882329599099
20,0.47689333333333334,-0.00569695096824116,0.09084818,0.0028163623575113567
20,0.47689333333333334,-0.005891303846624087,0.09084818,0.003407842385423618
20,0.47689333333333334,-0.0060856567250070145,0.09084818,0.0039993224133358755
20,0.47689333333333334,-0.006280009603389942,0.09084818,0.004590802441248137
20,0.47689333333333334,-0.006474362481772871,0.09084818,0.005182282469160398
20,0.47689333333333334,-0.006668715360155798,0.09084818,0.0057737624970726625
20,0.47689333333333334,-0.006863068238538725,0.09084818,0.00636524252498492
20,0.47689333333333334,-0.007057421116921652,0.09084818,0.006956722552897178
20,0.47689333333333334,-0.00725177399530458,0.09084818,0.007548202580809439
20,0.47689333333333334,-0.007348952242026035,0.09084818,0.007843941907976056
20,0.47689333333333334,-0.007446130488747487,0.09084818,0.008139681235142669
20,0.47689333333333334,-0.0075433051204089625,0.09084818,0.008435421935888317
20,0.47689333333333334,-0.007640479752070434,0.09084818,0.008731162636633961
21,0.5005466666666667,-0.00743912413477744,0.09535414,0.00873260848684192
21,0.5005466666666667,-0.007248697820931298,0.09535414,0.008470605600271415
21,0.5005466666666667,-0.007058456549166346,0.09535414,0.008208535611027641
21,0.5005466666666667,-0.006868613829576267,0.09535414,0.007946321092949155
21,0.5005466666666667,-0.0066793724967500615,0.09535414,0.007683888491182567
21,0.5005466666666667,-0.006303455510723398,0.09535414,0.007158092883275895
21,0.5005466666666667,-0.005931417291398628,0.09535414,0.006630890700102778
21,0.5005466666666667,-0.005563108381710174,0.09535414,0.006102336139976232
21,0.5005466666666667,-0.005198368649087772,0.09535414,0.00557248727251735
21,0.5005466666666667,-0.004837247912553287,0.09535414,0.005041326031621791
21,0.5005466666666667,-0.004479874278162924,0.09535414,0.004508805961592682
21,0.5005466666666667,-0.004126368734969769,0.09535414,0.003974883187605201
21,0.5005466666666667,-0.0037768415965222296,0.09535414,0.003439517706142592
21,0.5005466666666667,-0.0034313925008640197,0.09535414,0.002902673384996172
21,0.5005466666666667,-0.003090074825518557,0.09535414,0.0023643308676255838
21,0.5005466666666667,-0.002752934831006147,0.09535414,0.001824473378362515
21,0.5005466666666667,-0.002420015219345522,0.09535414,0.0012830854319746642
21,0.5005466666666667,-0.0020913444585491736,0.09535414,0.0007401567049738454
21,0.5005466666666667,-0.001767000835651452,0.09535414,0.00019565880776752434
21,0.5005466666666667,-0.001447322408300685,0.09535414,-0.00035053085106660775
21,0.5005466666666667,-0.0011327219626779952,0.09535414,-0.0008985619621073686
21,0.5005466666666667,-0.0008236122849644987,0.09535414,-0.0014485842159335655
21,0.5005466666666667,-0.0005203919273350705,0.09535414,-0.0020007421413799215
21,0.5005466666666667,-0.0002234345324536543,0.09535414,-0.0025551712342289784
21,0.5005466666666667,6.715670313446912e-05,0.09535414,-0.0031119089171254416
21,0.5005466666666667,0.00035135331141681074,0.09535414,-0.0036709655135575107
21,0.5005466666666667,0.0006291481753902465,0.09535414,-0.004232343604397226
21,0.5005466666666667,0.0009005163855438474,0.09535414,-0.004796052222696766
21,0.5005466666666667,0.0011653832133448247,0.09535414,-0.005362118467612633
21,0.5005466666666667,0.0014233287556089363,0.09535414,-0.005930694610595692
21,0.5005466666666667,0.0016737765350832404,0.09535414,-0.006501989702281875
21,0.5005466666666667,0.001916160750019479,0.09535414,-0.007076208921999044
21,0.5005466666666667,0.0021499084816662714,0.09535414,-0.007653560029947094
21,0.5005466666666667,0.0023745642418237633,0.09535414,-0.008234208201937144
21,0.5005466666666667,0.0025905159071621425,0.09535414,-0.00881801278044254
21,0.5005466666666667,0.0027984929705014896,0.09535414,-0.00940470922607831
21,0.5005466666666667,0.002999228483163449,0.09535414,-0.009994031709023457
21,0.5005466666666667,0.003193448379466539,0.09535414,-0.010585716980329033
21,0.5005466666666667,0.0033814942755606508,0.09535414,-0.011179641158136704
21,0.5005466666666667,0.0035610424699262107,0.09535414,-0.011776646897170319
21,0.5005466666666667,0.003728648333051811,0.09535414,-0.012377983339501361
21,0.5005466666666667,0.00388079962389638,0.09535414,-0.012984924145485782
21,0.5005466666666667,0.0040138915803782475,0.09535414,-0.013598776526816157
21,0.5005466666666667,0.004124621913048465,0.09535414,-0.014220738008123008
21,0.5005466666666667,0.004212346533124422,0.09535414,-0.014851042158326722
21,0.5005466666666667,0.004277414173759132,0.09535414,-0.015489562514696922
21,0.5005466666666667,0.004318251977262473,0.09535414,-0.016136869449956334
21,0.5005466666666667,0.004330383348670237,0.09535414,-0.016794586332623485
21,0.5005466666666667,0.00430888688032305,0.09535414,-0.017464497835719923
21,0.5005466666666667,0.004248019150700862,0.09535414,-0.018148686722988815
21,0.5005466666666667,0.004194634730069709,0.09535414,-0.01849910383376175
21,0.5005466666666667,0.00411757915705232,0.09535414,-0.01885810492496809
21,0.5005466666666667,0.004006369086048897,0.09535414,-0.01922949162113531
21,0.5005466666666667,0.0038403153889816333,0.09535414,-0.019620766517308482
21,0.5005466666666667,0.003657760164515477,0.09535414,-0.019951813825505982
21,0.5005466666666667,0.003553479787577152,0.09535414,-0.020122052732837393
21,0.5005466666666667,0.003424713361395036,0.09535414,-0.020301171130451764
21,0.5005466666666667,0.00333486195262925,0.09535414,-0.020399965979884603
21,0.5005466666666667,0.0032716188614592026,0.09535414,-0.02045600592403592
21,0.5005466666666667,0.003227528326403137,0.09535414,-0.0204885475839406
21,0.5005466666666667,0.0031496,0.09535414,-0.02053336
21,0.5005466666666667,0.0029781129519666828,0.09535414,-0.02057899424488124
21,0.5005466666666667,0.0029275509039918563,0.09535414,-0.02058077689278595
21,0.5005466666666667,0.002850414667067401,0.09535414,-0.020575643359355814
21,0.5005466666666667,0.002733068763920832,0.09535414,-0.02055198543787175
21,0.5005466666666667,0.002556344948062418,0.09535414,-0.02048364839206837
21,0.5005466666666667,0.0024182842516682944,0.09535414,-0.02040129075886137
21,0.5005466666666667,0.0022160088832816056,0.09535414,-0.02020979636407184
21,0.5005466666666667,0.002026877864003802,0.09535414,-0.0199473237587885
21,0.5005466666666667,0.0018526142642494039,0.09535414,-0.019679459711795785
21,0.5005466666666667,0.0016922786396062095,0.09535414,-0.019406544898204103
21,0.5005466666666667,0.0015476573578580275,0.09535414,-0.01912793151912927
21,0.5005466666666667,0.0012880642293710011,0.09535414,-0.018559952848025446
21,0.5005466666666667,0.0010431570368277503,0.09535414,-0.017986648547449482
21,0.5005466666666667,0.0008101494735057234,0.09535414,-0.017409029028808382
21,0.5005466666666667,0.0005880878609864706,0.09535414,-0.016827440128956647
21,0.5005466666666667,0.0003753815490720614,0.09535414,-0.01624245867279712
21,0.5005466666666667,0.0001704968235895451,0.09535414,-0.015654640838256267
21,0.5005466666666667,-2.8060886116855997e-05,0.09535414,-0.01506452860846427
21,0.5005466666666667,-0.0002217185391732491,0.09535414,-0.01447263944826686
21,0.5005466666666667,-0.00041162909008551907,0.09535414,-0.013879391458935905
21,0.5005466666666667,-0.0005988600893220776,0.09535414,-0.013285171771278675
21,0.5005466666666667,-0.0007844862043544579,0.09535414,-0.012690370096974503
21,0.5005466666666667,-0.0009695821026541943,0.09535414,-0.012095376147702718
21,0.5005466666666667,-0.001155044526614751,0.09535414,-0.011500515113341428
21,0.5005466666666667,-0.0013409517632704806,0.09535414,-0.010905815383483173
21,0.5005466666666667,-0.0015271543555558011,0.09535414,-0.010311222759814935
21,0.5005466666666667,-0.001713506404906701,0.09535414,-0.009716684334459713
21,0.5005466666666667,-0.0018998548957560408,0.09535414,-0.009122144618668466
21,0.5005466666666667,-0.002086082397552292,0.09535414,-0.008527561028052395
21,0.5005466666666667,-0.0022721853517938956,0.09535414,-0.007932932272175473
21,0.5005466666666667,-0.0024582135775027105,0.09535414,-0.007338276417142046
21,0.5005466666666667,-0.0026441991011927892,0.09535414,-0.0067436050768763245
21,0.5005466666666667,-0.002830184624882868,0.09535414,-0.006148933736610605
21,0.5005466666666667,-0.00301620573358856,0.09535414,-0.005554275300705127
21,0.5005466666666667,-0.003202258868808305,0.09535414,-0.004959628478723867
21,0.5005466666666667,-0.003388333355037418,0.09535414,-0.004364989399358751
21,0.5005466666666667,-0.0035744149582696534,0.09535414,-0.0037703529008656853
21,0.5005466666666667,-0.0037605001200034507,0.09535414,-0.0031757176928086453
21,0.5005466666666667,-0.003946574606232564,0.09535414,-0.002581078613443529
21,0.5005466666666667,-0.0041326419754585545,0.09535414,-0.0019864369532063657
21,0.5005466666666667,-0.004318705786182983,0.09535414,-0.0013917940025331768
21,0.5005466666666667,-0.00450476247990429,0.09535414,-0.0007971484709879441
21,0.5005466666666667,-0.004690822732127156,0.09535414,-0.0002025042298787333
21,0.5005466666666667,-0.004876882984350023,0.09535414,0.0003921400112304775
21,0.5005466666666667,-0.005062946795074452,0.09535414,0.0009867829619036664
21,0.5005466666666667,-0.005249010605798881,0.09535414,0.0015814259125768518
21,0.5005466666666667,-0.005435074416523311,0.09535414,0.002176068863250037
21,0.5005466666666667,-0.00562113822724774,0.09535414,0.002770711813923226
21,0.5005466666666667,-0.005807202037972165,0.09535414,0.0033653547645964114
21,0.5005466666666667,-0.005993265848696596,0.09535414,0.003959997715269597
21,0.5005466666666667,-0.006179329659421025,0.09535414,0.004554640665942786
21,0.5005466666666667,-0.006365393470145453,0.09535414,0.005149283616615975
21,0.5005466666666667,-0.006551457280869882,0.09535414,0.00574392656728916
21,0.5005466666666667,-0.006737521091594311,0.09535414,0.006338569517962345
21,0.5005466666666667,-0.00692358490231874,0.09535414,0.006933212468635531
21,0.5005466666666667,-0.0071096487130431684,0.09535414,0.00752785541930872
21,0.5005466666666667,-0.0072026823976561625,0.09535414,0.007825176249427301
21,0.5005466666666667,-0.007295716082269158,0.09535414,0.008122497079545887
21,0.5005466666666667,-0.007388746208380593,0.09535414,0.00841981920010049
21,0.5005466666666667,-0.007481776334492026,0.09535414,0.008717141320655094
22,0.5242133333333333,-0.00732948495411361,0.09986263999999999,0.008685024295992286
22,0.5242133333333333,-0.007144102377919249,0.09986263999999999,0.00842030305693436
22,0.5242133333333333,-0.006958902930882818,0.09986263999999999,0.008155518259790308
22,0.5242133333333333,-0.00677409791587886,0.09986263999999999,0.007890596568306922
22,0.5242133333333333,-0.006589888070638181,0.09986263999999999,0.0076254683130436395
22,0.5242133333333333,-0.006224007536365855,0.09986263999999999,0.007094330545207608
22,0.5242133333333333,-0.005861965670980967,0.09986263999999999,0.006561860502104812
22,0.5242133333333333,-0.005503614562471339,0.09986263999999999,0.0060281095191125
22,0.5242133333333333,-0.0051487957336810684,0.09986263999999999,0.005493132598420592
22,0.5242133333333333,-0.004797558488614212,0.09986263999999999,0.004956912628236675
22,0.5242133333333333,-0.004450029608995494,0.09986263999999999,0.004419405606808809
22,0.5242133333333333,-0.004106328833120487,0.09986263999999999,0.003880569976926842
22,0.5242133333333333,-0.003766565334141037,0.09986263999999999,0.0033403678481932833
22,0.5242133333333333,-0.003430837720065256,0.09986263999999999,0.0027987649970232925
22,0.5242133333333333,-0.003099198816611782,0.09986263999999999,0.0022557430893535707
22,0.5242133333333333,-0.002771694406070099,0.09986263999999999,0.0017112862356625826
22,0.5242133333333333,-0.002448366749015113,0.09986263999999999,0.0011653797686996883
22,0.5242133333333333,-0.002129244019163429,0.09986263999999999,0.0006180139102977891
22,0.5242133333333333,-0.001814403694235712,0.09986263999999999,6.916177049737932e-05
22,0.5242133333333333,-0.0015041803371166457,0.09986263999999999,-0.0004812927664358084
22,0.5242133333333333,-0.0011989824666970047,0.09986263999999999,-0.0010334914839246513
22,0.5242133333333333,-0.0008992186018675595,0.09986263999999999,-0.0015875761653920406
22,0.5242133333333333,-0.0006052831746607831,0.09986263999999999,-0.0021436837051773128
22,0.5242133333333333,-0.00031754596510711556,0.09986263999999999,-0.002701942441723587
22,0.5242133333333333,-3.610910292925094e-05,0.09986263999999999,-0.0032623878208865933
22,0.5242133333333333,0.00023899923815620585,0.09986263999999999,-0.0038250296208334235
22,0.5242133333333333,0.0005077720147201046,0.09986263999999999,-0.004389870286105858
22,0.5242133333333333,0.0007701845747604156,0.09986263999999999,-0.004956918372600098
22,0.5242133333333333,0.00102616296227105,0.09986263999999999,-0.005526199548004774
22,0.5242133333333333,0.0012752916149320831,0.09986263999999999,-0.006097858040284537
22,0.5242133333333333,0.0015170000149822642,0.09986263999999999,-0.006672091857323079
22,0.5242133333333333,0.001750728209804067,0.09986263999999999,-0.007249095340191417
22,0.5242133333333333,0.0019759092033508137,0.09986263999999999,-0.007829065274502355
22,0.5242133333333333,0.0021920922161568278,0.09986263999999999,-0.008412158110929413
22,0.5242133333333333,0.0023996611151108492,0.09986263999999999,-0.00899824062194592
22,0.5242133333333333,0.002599337851700883,0.09986263999999999,-0.009587062242020048
22,0.5242133333333333,0.002791847899129509,0.09986263999999999,-0.010178371183349097
22,0.5242133333333333,0.0029779096871701575,0.09986263999999999,-0.010771918102672128
22,0.5242133333333333,0.003157861300422087,0.09986263999999999,-0.011367585661983991
22,0.5242133333333333,0.003329403059267411,0.09986263999999999,-0.01196617200417386
22,0.5242133333333333,0.0034891259439969215,0.09986263999999999,-0.01256886028746029
22,0.5242133333333333,0.003633554022324469,0.09986263999999999,-0.013176856893208685
22,0.5242133333333333,0.0037591197973849406,0.09986263999999999,-0.013791399981827514
22,0.5242133333333333,0.0038625551180521533,0.09986263999999999,-0.014413623820699852
22,0.5242133333333333,0.003943222553987916,0.09986263999999999,-0.015043749640856238
22,0.5242133333333333,0.0040014672332206415,0.09986263999999999,-0.01568165765974975
22,0.5242133333333333,0.004035732557907901,0.09986263999999999,-0.016327888121112417
22,0.5242133333333333,0.004041588211113552,0.09986263999999999,-0.016983978641719997
22,0.5242133333333333,0.004014163661579496,0.09986263999999999,-0.017651619622209135
22,0.5242133333333333,0.003947774861980669,0.09986263999999999,-0.01833278380779134
22,0.5242133333333333,0.0038918671640257286,0.09986263999999999,-0.01868124893666774
22,0.5242133333333333,0.0038125330207136963,0.09986263999999999,-0.019037844611484042
22,0.5242133333333333,0.003699397460904765,0.09986263999999999,-0.01940617164227317
22,0.5242133333333333,0.003531985236056221,0.09986263999999999,-0.01979333631197176
22,0.5242133333333333,0.0033488571035558317,0.09986263999999999,-0.02012014317202114
22,0.5242133333333333,0.0032444246922462847,0.09986263999999999,-0.020288012779866697
22,0.5242133333333333,0.003115759362941826,0.09986263999999999,-0.02046429283368527
22,0.5242133333333333,0.0030262217870718113,0.09986263999999999,-0.02056118065333236
22,0.5242133333333333,0.0029633249733587476,0.09986263999999999,-0.02061591620254641
22,0.5242133333333333,0.0029195364786292074,0.09986263999999999,-0.020647566814341264
22,0.5242133333333333,0.0028422599999999997,0.09986263999999999,-0.02069084
22,0.5242133333333333,0.002672699504023287,0.09986263999999999,-0.02073323578080666
22,0.5242133333333333,0.002622813912755639,0.09986263999999999,-0.02073409635233344
22,0.5242133333333333,0.0025467826081746673,0.09986263999999999,-0.020727578167338157
22,0.5242133333333333,0.002431264831164038,0.09986263999999999,-0.020701858292353846
22,0.5242133333333333,0.0022575980075797953,0.09986263999999999,-0.020630507749637025
22,0.5242133333333333,0.002122194612859775,0.09986263999999999,-0.020545877233733634
22,0.5242133333333333,0.0019244704442932118,0.09986263999999999,-0.020351251636481143
22,0.5242133333333333,0.0017403697722043786,0.09986263999999999,-0.02008608549082037
22,0.5242133333333333,0.0015709828236125287,0.09986263999999999,-0.019815812697393975
22,0.5242133333333333,0.001415379865869695,0.09986263999999999,-0.01954075593571611
22,0.5242133333333333,0.0012753287996928445,0.09986263999999999,-0.019260301625801533
22,0.5242133333333333,0.0010245695931832947,0.09986263999999999,-0.01868920904494242
22,0.5242133333333333,0.0007883445027273696,0.09986263999999999,-0.01811307215213292
22,0.5242133333333333,0.000563896025812353,0.09986263999999999,-0.0175328479854775
22,0.5242133333333333,0.0003502803429319746,0.09986263999999999,-0.016948864113573863
22,0.5242133333333333,0.00014592324767092766,0.09986263999999999,-0.01636166689150847
22,0.5242133333333333,-5.069311895288366e-05,0.09986263999999999,-0.01577178311803359
22,0.5242133333333333,-0.00024104787706122474,0.09986263999999999,-0.015179726146921738
22,0.5242133333333333,-0.00042655323419892293,0.09986263999999999,-0.014585986108798573
22,0.5242133333333333,-0.0006083502258884825,0.09986263999999999,-0.013990959019431464
22,0.5242133333333333,-0.0007874953665025931,0.09986263999999999,-0.01339501156008649
22,0.5242133333333333,-0.0009650522138430939,0.09986263999999999,-0.01279851285657151
22,0.5242133333333333,-0.0011420843257118258,0.09986263999999999,-0.012201832034694377
22,0.5242133333333333,-0.0013194791741818475,0.09986263999999999,-0.011605277106718595
22,0.5242133333333333,-0.0014973142369738234,0.09986263999999999,-0.011008874962603681
22,0.5242133333333333,-0.0016754416020755762,0.09986263999999999,-0.010412574266972384
22,0.5242133333333333,-0.0018537168791895055,0.09986263999999999,-0.009816324906718339
22,0.5242133333333333,-0.0020319886345888604,0.09986263999999999,-0.009220074324193405
22,0.5242133333333333,-0.0022101406516926415,0.09986263999999999,-0.008623782184458315
22,0.5242133333333333,-0.0023881694087862777,0.09986263999999999,-0.008027447265242186
22,0.5242133333333333,-0.002566124209873825,0.09986263999999999,-0.007431086678337426
22,0.5242133333333333,-0.0027440367503864635,0.09986263999999999,-0.006834711424182028
22,0.5242133333333333,-0.002921949290899104,0.09986263999999999,-0.006238336170026625
22,0.5242133333333333,-0.0030998970485575004,0.09986263999999999,-0.005641973138580093
22,0.5242133333333333,-0.0032778765016470766,0.09986263999999999,-0.005045621107571542
22,0.5242133333333333,-0.0034558770850241067,0.09986263999999999,-0.004449276410188319
22,0.5242133333333333,-0.0036338847118302874,0.09986263999999999,-0.003852934157346867
22,0.5242133333333333,-0.0038118958603510452,0.09986263999999999,-0.0032565931267763
22,0.5242133333333333,-0.003989896443728075,0.09986263999999999,-0.00266024842939307
22,0.5242133333333333,-0.004167889983675954,0.09986263999999999,-0.00206390128746807
22,0.5242133333333333,-0.004345880001909257,0.09986263999999999,-0.0014675529232721814
22,0.5242133333333333,-0.00452386297671341,0.09986263999999999,-0.0008712021145345188
22,0.5242133333333333,-0.004701849473232137,0.09986263999999999,-0.0002748525280677483
22,0.5242133333333333,-0.0048798359697508654,0.09986263999999999,0.0003214970583990291
22,0.5242133333333333,-0.00505782598798417,0.09986263999999999,0.0009178454225949179
22,0.5242133333333333,-0.005235816006217472,0.09986263999999999,0.0015141937867908066
22,0.5242133333333333,-0.005413806024450777,0.09986263999999999,0.002110542150986692
22,0.5242133333333333,-0.00559179604268408,0.09986263999999999,0.0027068905151825806
22,0.5242133333333333,-0.005769786060917383,0.09986263999999999,0.0033032388793784694
22,0.5242133333333333,-0.005947776079150686,0.09986263999999999,0.003899587243574358
22,0.5242133333333333,-0.006125766097383989,0.09986263999999999,0.004495935607770243
22,0.5242133333333333,-0.006303756115617294,0.09986263999999999,0.005092283971966132
22,0.5242133333333333,-0.006481746133850597,0.09986263999999999,0.005688632336162021
22,0.5242133333333333,-0.0066597361520839005,0.09986263999999999,0.006284980700357913
22,0.5242133333333333,-0.006837726170317204,0.09986263999999999,0.006881329064553798
22,0.5242133333333333,-0.007015716188550507,0.09986263999999999,0.00747767742874968
22,0.5242133333333333,-0.0071047129585244465,0.09986263999999999,0.007775850999712185
22,0.5242133333333333,-0.007193709728498386,0.09986263999999999,0.008074024570674684
22,0.5242133333333333,-0.007282702976757751,0.09986263999999999,0.008372199363908078
22,0.5242133333333333,-0.007371696225017115,0.09986263999999999,0.008670374157141461
23,0.5478666666666666,-0.007267116899257155,0.10436859999999999,0.008610215636867865
23,0.5478666666666666,-0.0070861546514389175,0.10436859999999999,0.008343894480139953
23,0.5478666666666666,-0.006905374672461769,0.10436859999999999,0.008077512625267062
23,0.5478666666666666,-0.006724987272526968,0.10436859999999999,0.0078110000359280715
23,0.5478666666666666,-0.006545192246325705,0.10436859999999999,0.007544290177617912
23,0.5478666666666666,-0.00618812942150828,0.10436859999999999,0.007010028857872056
23,0.5478666666666666,-0.0058348872320136864,0.10436859999999999,0.006474495211625752
23,0.5478666666666666,-0.005485318460701039,0.10436859999999999,0.005937738264303775
23,0.5478666666666666,-0.0051392653749194,0.10436859999999999,0.00539981054314698
23,0.5478666666666666,-0.004796777047049061,0.10436859999999999,0.0048606957063471005
23,0.5478666666666666,-0.004457979663210777,0.10436859999999999,0.004320351732111462
23,0.5478666666666666,-0.004122992399185255,0.10436859999999999,0.0037787389331914237
23,0.5478666666666666,-0.0037919239152431543,0.10436859999999999,0.003235821124154409
23,0.5478666666666666,-0.0034648723561450513,0.10436859999999999,0.0026915656213838852
23,0.5478666666666666,-0.003141890299441266,0.10436859999999999,0.002145954915799577
23,0.5478666666666666,-0.0028230233123420676,0.10436859999999999,0.0015989738328652352
23,0.5478666666666666,-0.002508313456887711,0.10436859999999999,0.001050608365316643
23,0.5478666666666666,-0.0021977887744383594,0.10436859999999999,0.0005008491749776377
23,0.5478666666666666,-0.0018915263787344775,0.10436859999999999,-5.0329418136176723e-05
23,0.5478666666666666,-0.001589859260928052,0.10436859999999999,-0.0006030383048665974
23,0.5478666666666666,-0.0012931940207415145,0.10436859999999999,-0.001157412888767792
23,0.5478666666666666,-0.0010019372578972921,0.10436859999999999,-0.001713588573393949
23,0.5478666666666666,-0.0007164815514377333,0.10436859999999999,-0.002271696093211161
23,0.5478666666666666,-0.00043719494421503484,0.10436859999999999,-0.0028318580117813984
23,0.5478666666666666,-0.0001641790861598067,0.10436859999999999,-0.0033941081799932007
23,0.5478666666666666,0.00010253798136778671,0.10436859999999999,-0.003958455936022731
23,0.5478666666666666,0.0003629492480276995,0.10436859999999999,-0.0045249036144140165
23,0.5478666666666666,0.00061703017762979,0.10436859999999999,-0.005093459386071197
23,0.5478666666666666,0.0008647071616036152,0.10436859999999999,-0.00566414776370666
23,0.5478666666666666,0.001105566589886703,0.10436859999999999,-0.0062371064854186194
23,0.5478666666666666,0.0013390406249356632,0.10436859999999999,-0.006812524649274119
23,0.5478666666666666,0.0015645719447171633,0.10436859999999999,-0.00739058785152414
23,0.5478666666666666,0.0017815962168578323,0.10436859999999999,-0.007971484022963705
23,0.5478666666666666,0.0019896647795949905,0.10436859999999999,-0.008555362574411213
23,0.5478666666666666,0.002189159696460919,0.10436859999999999,-0.009142096273216624
23,0.5478666666666666,0.0023807995273099113,0.10436859999999999,-0.009731445828616085
23,0.5478666666666666,0.002565306337166283,0.10436859999999999,-0.010323170782573735
23,0.5478666666666666,0.002743395180714307,0.10436859999999999,-0.010917033011597745
23,0.5478666666666666,0.0029154025542759924,0.10436859999999999,-0.01151292045757431
23,0.5478666666666666,0.0030790395818276633,0.10436859999999999,-0.012111595349131688
23,0.5478666666666666,0.0032309132587890472,0.10436859999999999,-0.012714187605584045
23,0.5478666666666666,0.00336756398234947,0.10436859999999999,-0.013321849324413897
23,0.5478666666666666,0.003485441015277717,0.10436859999999999,-0.013935762952176255
23,0.5478666666666666,0.003581291559794352,0.10436859999999999,-0.014557011717304537
23,0.5478666666666666,0.003654481180125585,0.10436859999999999,-0.015185806896034132
23,0.5478666666666666,0.0037053533829334664,0.10436859999999999,-0.015822034095707208
23,0.5478666666666666,0.00373235888306874,0.10436859999999999,-0.016466209250556058
23,0.5478666666666666,0.0037310881766450584,0.10436859999999999,-0.01711980078878029
23,0.5478666666666666,0.003696693613523456,0.10436859999999999,-0.01778442304758185
23,0.5478666666666666,0.0036235178492901297,0.10436859999999999,-0.018461960003999026
23,0.5478666666666666,0.0035643233731233875,0.10436859999999999,-0.018808256803092643
23,0.5478666666666666,0.0034818125059773264,0.10436859999999999,-0.019162318295655085
23,0.5478666666666666,0.003365659016970245,0.10436859999999999,-0.01952758326505364
23,0.5478666666666666,0.003195483847600374,0.10436859999999999,-0.019910838230805403
23,0.5478666666666666,0.0030103764869118897,0.10436859999999999,-0.020233748993508962
23,0.5478666666666666,0.0029050149153111177,0.10436859999999999,-0.02039946958681731
23,0.5478666666666666,0.0027755342687962306,0.10436859999999999,-0.020573222178886783
23,0.5478666666666666,0.002685707443698891,0.10436859999999999,-0.020668452640759824
23,0.5478666666666666,0.0026227511684674115,0.10436859999999999,-0.020722076404412936
23,0.5478666666666666,0.002578990915098284,0.10436859999999999,-0.02075297840739325
23,0.5478666666666666,0.0025019,0.10436859999999999,-0.020794979999999998
23,0.5478666666666666,0.0023333135483303187,0.10436859999999999,-0.020834792503188506
23,0.5478666666666666,0.0022838397843123566,0.10436859999999999,-0.020834938768635333
23,0.5478666666666666,0.0022085206073876157,0.10436859999999999,-0.02082736271885049
23,0.5478666666666666,0.00209425540284547,0.10436859999999999,-0.020800097837542077
23,0.5478666666666666,0.0019228242134023562,0.10436859999999999,-0.02072655321373957
23,0.5478666666666666,0.001789476696236799,0.10436859999999999,-0.02064032617945317
23,0.5478666666666666,0.0015955209501803149,0.10436859999999999,-0.02044364888194696
23,0.5478666666666666,0.0014158345842497015,0.10436859999999999,-0.02017690283820422
23,0.5478666666666666,0.0012507928186665926,0.10436859999999999,-0.019905279931967074
23,0.5478666666666666,0.001099470288545458,0.10436859999999999,-0.019629088323048483
23,0.5478666666666666,0.0009636265892368128,0.10436859999999999,-0.01934774204089502
23,0.5478666666666666,0.000721144267234027,0.10436859999999999,-0.018775323766127748
23,0.5478666666666666,0.000493127781907677,0.10436859999999999,-0.018198088159739036
23,0.5478666666666666,0.00027683258513136423,0.10436859999999999,-0.017616949195719565
23,0.5478666666666666,7.131929133947449e-05,0.10436859999999999,-0.017032219702970378
23,0.5478666666666666,-0.00012497891046735297,0.10436859999999999,-0.016444421452083854
23,0.5478666666666666,-0.0003135727485681452,0.10436859999999999,-0.015854057537300084
23,0.5478666666666666,-0.0004959343943716998,0.10436859999999999,-0.015261618212866949
23,0.5478666666666666,-0.0006734694210564136,0.10436859999999999,-0.014667571554863975
23,0.5478666666666666,-0.0008473135037090737,0.10436859999999999,-0.014072295759425242
23,0.5478666666666666,-0.0010185181933359635,0.10436859999999999,-0.013476141008156375
23,0.5478666666666666,-0.0011881420512834069,0.10436859999999999,-0.012879459817207048
23,0.5478666666666666,-0.0013572436388977296,0.10436859999999999,-0.012282604702726928
23,0.5478666666666666,-0.0015267062590242106,0.10436859999999999,-0.011685869817264735
23,0.5478666666666666,-0.0016966070254033085,0.10436859999999999,-0.011089280840804891
23,0.5478666666666666,-0.0018667987208941445,0.10436859999999999,-0.010492788747922603
23,0.5478666666666666,-0.0020371376335258603,0.10436859999999999,-0.009896345680465105
23,0.5478666666666666,-0.0022074730409875564,0.10436859999999999,-0.009299901445735588
23,0.5478666666666666,-0.002377689272668539,0.10436859999999999,-0.008703417523757431
23,0.5478666666666666,-0.002547782823398789,0.10436859999999999,-0.008106892747258619
23,0.5478666666666666,-0.0027178027655585997,0.10436859999999999,-0.007510343458047412
23,0.5478666666666666,-0.0028877806456781576,0.10436859999999999,-0.006913780161571981
23,0.5478666666666666,-0.0030577585257977173,0.10436859999999999,-0.0063172168650965504
23,0.5478666666666666,-0.003227771457617487,0.10436859999999999,-0.005720665241341303
23,0.5478666666666666,-0.003397815935967442,0.10436859999999999,-0.005124124123034226
23,0.5478666666666666,-0.0035678814453375253,0.10436859999999999,-0.004527590008359263
23,0.5478666666666666,-0.0037379539650476495,0.10436859999999999,-0.003931058228228344
23,0.5478666666666666,-0.003908029989927795,0.10436859999999999,-0.0033345276153694363
23,0.5478666666666666,-0.004078095499297878,0.10436859999999999,-0.0027379935006944696
23,0.5478666666666666,-0.00424815399832792,0.10436859999999999,-0.002141457051475469
23,0.5478666666666666,-0.004418208992187938,0.10436859999999999,-0.0015449194349844535
23,0.5478666666666666,-0.004588256975707916,0.10436859999999999,-0.0009483794839493936
23,0.5478666666666666,-0.0047583084643979135,0.10436859999999999,-0.00035184070018636285
23,0.5478666666666666,-0.004928359953087913,0.10436859999999999,0.0002446980835766818
23,0.5478666666666666,-0.005098414946947932,0.10436859999999999,0.0008412357000676975
23,0.5478666666666666,-0.005268469940807952,0.10436859999999999,0.00143777331655872
23,0.5478666666666666,-0.005438524934667972,0.10436859999999999,0.0020343109330497357
23,0.5478666666666666,-0.005608579928527993,0.10436859999999999,0.0026308485495407583
23,0.5478666666666666,-0.005778634922388011,0.10436859999999999,0.003227386166031774
23,0.5478666666666666,-0.005948689916248032,0.10436859999999999,0.003823923782522793
23,0.5478666666666666,-0.006118744910108052,0.10436859999999999,0.004420461399013812
23,0.5478666666666666,-0.006288799903968072,0.10436859999999999,0.005016999015504831
23,0.5478666666666666,-0.006458854897828091,0.10436859999999999,0.00561353663199585
23,0.5478666666666666,-0.006628909891688111,0.10436859999999999,0.006210074248486873
23,0.5478666666666666,-0.006798964885548129,0.10436859999999999,0.0068066118649778885
23,0.5478666666666666,-0.006969019879408149,0.10436859999999999,0.007403149481468908
23,0.5478666666666666,-0.0070540491289231705,0.10436859999999999,0.007701417706078406
23,0.5478666666666666,-0.007139078378438189,0.10436859999999999,0.007999685930687905
23,0.5478666666666666,-0.00722410412278319,0.10436859999999999,0.008297955322569429
23,0.5478666666666666,-0.00730912986712819,0.10436859999999999,0.008596224714450946
24,0.57152,-0.007221624925950786,0.10887456000000001,0.008506643847028886
24,0.57152,-0.007045255213484196,0.10887456000000001,0.008239601035560769
24,0.57152,-0.006869066385605253,0.10887456000000001,0.007972500316214659
24,0.57152,-0.006693267155299701,0.10887456000000001,0.007705274872208241
24,0.57152,-0.0065180557999039955,0.10887456000000001,0.007437861227598312
24,0.57152,-0.0061701411234912785,0.10887456000000001,0.006902231023377718
24,0.57152,-0.005826018066319591,0.10887456000000001,0.006365386980945194
24,0.57152,-0.005485540529298907,0.10887456000000001,0.005827375872048339
24,0.57152,-0.0051485519776899216,0.10887456000000001,0.005288247809273897
24,0.57152,-0.004815101111189305,0.10887456000000001,0.004747987202039318
24,0.57152,-0.004485313157588508,0.10887456000000001,0.004206553960275226
24,0.57152,-0.0041593063875794475,0.10887456000000001,0.0036639102211383084
24,0.57152,-0.003837188636204764,0.10887456000000001,0.0031200214626243804
24,0.57152,-0.003519057302857798,0.10887456000000001,0.002574856503568347
24,0.57152,-0.0032049645657849925,0.10887456000000001,0.0020283986397746506
24,0.57152,-0.0028949556461332544,0.10887456000000001,0.0014806333942737789
24,0.57152,-0.0025890722864997336,0.10887456000000001,0.0009315474037092757
24,0.57152,-0.002287342315282532,0.10887456000000001,0.00038113175917683234
24,0.57152,-0.001989842260576418,0.10887456000000001,-0.00017063803881040007
24,0.57152,-0.0016969025846088255,0.10887456000000001,-0.0007238677834910737
24,0.57152,-0.0014089267991521889,0.10887456000000001,-0.0012786866539776578
24,0.57152,-0.0011263184159789512,0.10887456000000001,-0.0018352238293826081
24,0.57152,-0.0008494670326625008,0.10887456000000001,-0.002393604034366243
24,0.57152,-0.0005787378969278919,0.10887456000000001,-0.00295394419829759
24,0.57152,-0.00031423188671823475,0.10887456000000001,-0.0035162766159547686
24,0.57152,-5.597683043162636e-05,0.10887456000000001,-0.004080610196242094
24,0.57152,0.00019602031483240741,0.10887456000000001,-0.004646947166385643
24,0.57152,0.00044173519922552926,0.10887456000000001,-0.00521529532167668
24,0.57152,0.0006810947732027285,0.10887456000000001,-0.005785678047989011
24,0.57152,0.0009136885678920422,0.10887456000000001,-0.0063582267516611776
24,0.57152,0.0011389530582319582,0.10887456000000001,-0.0069331218380054155
24,0.57152,0.0013563351548102538,0.10887456000000001,-0.007510540371494843
24,0.57152,0.0015652748111151813,0.10887456000000001,-0.008090661643828653
24,0.57152,0.0017653267727771528,0.10887456000000001,-0.008673628197475771
24,0.57152,0.001956870201720272,0.10887456000000001,-0.009259318648615003
24,0.57152,0.0021406182006458293,0.10887456000000001,-0.00984750470657346
24,0.57152,0.002317287350804884,0.10887456000000001,-0.010437956967065218
24,0.57152,0.002487587276348966,0.10887456000000001,-0.011030448253030428
24,0.57152,0.0026518519180552683,0.10887456000000001,-0.01162487165761739
24,0.57152,0.002807809782928936,0.10887456000000001,-0.012221954370140238
24,0.57152,0.0029520936347999576,0.10887456000000001,-0.012822774368020215
24,0.57152,0.0030812701450528344,0.10887456000000001,-0.013428430787326293
24,0.57152,0.0031918155427782457,0.10887456000000001,-0.014040051718066455
24,0.57152,0.0032805017337966752,0.10887456000000001,-0.014658670593140403
24,0.57152,0.003346699100601127,0.10887456000000001,-0.015284488976508102
24,0.57152,0.0033907485410683167,0.10887456000000001,-0.01591739773409178
24,0.57152,0.0034111125362032606,0.10887456000000001,-0.016557889082854448
24,0.57152,0.0034034150704048455,0.10887456000000001,-0.01720736394799851
24,0.57152,0.003362845309351661,0.10887456000000001,-0.017867362456356173
24,0.57152,0.0032837888737271767,0.10887456000000001,-0.01853968197937154
24,0.57152,0.003221825749222274,0.10887456000000001,-0.01888302398817088
24,0.57152,0.003136723311697823,0.10887456000000001,-0.019233773750902166
24,0.57152,0.0030182337535537658,0.10887456000000001,-0.01959521197157675
24,0.57152,0.0028461327864714517,0.10887456000000001,-0.01997381319640034
24,0.57152,0.0026598566726247384,0.10887456000000001,-0.02029225135040673
24,0.57152,0.002554007994869538,0.10887456000000001,-0.020455539569452515
24,0.57152,0.0024242234161991967,0.10887456000000001,-0.020626490559816062
24,0.57152,0.002334435146214461,0.10887456000000001,-0.020719936183514212
24,0.57152,0.0022716351763200898,0.10887456000000001,-0.020772391318478845
24,0.57152,0.0022280463530054214,0.10887456000000001,-0.020802520986047984
24,0.57152,0.00215138,0.10887456000000001,-0.02084324
24,0.57152,0.001984234800158135,0.10887456000000001,-0.020880574123914815
24,0.57152,0.001935297678342472,0.10887456000000001,-0.020880065449556114
24,0.57152,0.0018608723386595483,0.10887456000000001,-0.020871541235346347
24,0.57152,0.0017481185701782253,0.10887456000000001,-0.02084293684442654
24,0.57152,0.0015792766088452304,0.10887456000000001,-0.020767587306190136
24,0.57152,0.0014482290906808156,0.10887456000000001,-0.020680138362290684
24,0.57152,0.001258320919021509,0.10887456000000001,-0.020482130776717317
24,0.57152,0.0010832173986684375,0.10887456000000001,-0.0202146826101032
24,0.57152,0.0009226472592227136,0.10887456000000001,-0.019942581768214326
24,0.57152,0.0007756921635470601,0.10887456000000001,-0.019666122244892857
24,0.57152,0.0006440983436222078,0.10887456000000001,-0.019384745006393474
24,0.57152,0.0004098939803928992,0.10887456000000001,-0.018812711905558117
24,0.57152,0.00019004559203305476,0.10887456000000001,-0.01823608292371297
24,0.57152,-1.8170525921291838e-05,0.10887456000000001,-0.017655730019867158
24,0.57152,-0.00021568662480646707,0.10887456000000001,-0.01707195164231499
24,0.57152,-0.0004040576163662668,0.10887456000000001,-0.01648524557608467
24,0.57152,-0.0005847827555482909,0.10887456000000001,-0.015896091788395777
24,0.57152,-0.0007593230332527514,0.10887456000000001,-0.015304957996724471
24,0.57152,-0.000929073347934373,0.10887456000000001,-0.014712290759899183
24,0.57152,-0.0010951607497161776,0.10887456000000001,-0.01411845088854438
24,0.57152,-0.0012586288035268882,0.10887456000000001,-0.013523772466571602
24,0.57152,-0.0014205280313947517,0.10887456000000001,-0.012928591805118472
24,0.57152,-0.0015819089553480155,0.10887456000000001,-0.012333245215322612
24,0.57152,-0.0017436481699268083,0.10887456000000001,-0.011738013327669713
24,0.57152,-0.0019058222032259024,0.10887456000000001,-0.011142920641646622
24,0.57152,-0.002068284956155276,0.10887456000000001,-0.010547920385505727
24,0.57152,-0.002230893808174672,0.10887456000000001,-0.009952966901112446
24,0.57152,-0.0023934991816443045,0.10887456000000001,-0.009358012303106126
24,0.57152,-0.0025559862844220147,0.10887456000000001,-0.0087630198422565
24,0.57152,-0.002718351637958041,0.10887456000000001,-0.008167988404950526
24,0.57152,-0.002880643941949057,0.10887456000000001,-0.007572933581770745
24,0.57152,-0.003042894503342924,0.10887456000000001,-0.006977865395234501
24,0.57152,-0.0032051450647367905,0.10887456000000001,-0.006382797208698257
24,0.57152,-0.0033674304116282816,0.10887456000000001,-0.005787740158292398
24,0.57152,-0.003529747065467635,0.10887456000000001,-0.005192693130403884
24,0.57152,-0.0036920845906055623,0.10887456000000001,-0.004597652784193603
24,0.57152,-0.003854429072843013,0.10887456000000001,-0.004002614665209403
24,0.57152,-0.004016777033630228,0.10887456000000001,-0.003407577659838238
24,0.57152,-0.004179114558768156,0.10887456000000001,-0.002812537313627954
24,0.57152,-0.004341445126806558,0.10887456000000001,-0.002217494740191596
24,0.57152,-0.004503772216295198,0.10887456000000001,-0.001622451053142196
24,0.57152,-0.0046660923486843125,0.10887456000000001,-0.0010274051388667223
24,0.57152,-0.004828415959623189,0.10887456000000001,-0.0004323603382042872
24,0.57152,-0.004990739570562066,0.10887456000000001,0.00016268446245814444
24,0.57152,-0.005153066660050706,0.10887456000000001,0.0007577281495075409
24,0.57152,-0.005315393749539347,0.10887456000000001,0.001352771836556941
24,0.57152,-0.005477720839027986,0.10887456000000001,0.0019478155236063374
24,0.57152,-0.005640047928516627,0.10887456000000001,0.0025428592106557374
24,0.57152,-0.005802375018005266,0.10887456000000001,0.0031379028977051304
24,0.57152,-0.005964702107493907,0.10887456000000001,0.003732946584754527
24,0.57152,-0.006127029196982546,0.10887456000000001,0.004327990271803923
24,0.57152,-0.0062893562864711865,0.10887456000000001,0.004923033958853323
24,0.57152,-0.0064516833759598255,0.10887456000000001,0.005518077645902716
24,0.57152,-0.006614010465448466,0.10887456000000001,0.006113121332952116
24,0.57152,-0.006776337554937105,0.10887456000000001,0.0067081650200015094
24,0.57152,-0.006938664644425746,0.10887456000000001,0.007303208707050909
24,0.57152,-0.007019829928444948,0.10887456000000001,0.007600729993769092
24,0.57152,-0.0071009952124641475,0.10887456000000001,0.007898251280487264
24,0.57152,-0.007182157017933587,0.10887456000000001,0.008195773680818481
24,0.57152,-0.007263318823403026,0.10887456000000001,0.008493296081149702
25,0.5951733333333333,-0.007187100302498917,0.11338052,0.00837611090742255
25,0.5951733333333333,-0.00701548190511009,0.11338052,0.008109291437136474
25,0.5951733333333333,-0.0068440425872448776,0.11338052,0.007842416760844528
25,0.5951733333333333,-0.006672988979122831,0.11338052,0.007575423179309173
25,0.5951733333333333,-0.006502517379452531,0.11338052,0.00730825017825475
25,0.5951733333333333,-0.00616405718658357,0.11338052,0.006773138723641464
25,0.5951733333333333,-0.005829350776036508,0.11338052,0.0062368700662128775
25,0.5951733333333333,-0.0054982535066576575,0.11338052,0.005699488795435248
25,0.5951733333333333,-0.005170610405782351,0.11338052,0.005161042685736753
25,0.5951733333333333,-0.004846469687128485,0.11338052,0.004621516873961954
25,0.5951733333333333,-0.004525955328827793,0.11338052,0.004080873140568323
25,0.5951733333333333,-0.004209184421338023,0.11338052,0.003539075389321269
25,0.5951733333333333,-0.003896263723605944,0.11338052,0.002996090708948053
25,0.5951733333333333,-0.0035872896630673454,0.11338052,0.0024518893731378215
25,0.5951733333333333,-0.003282313897277119,0.11338052,0.0019064554570811972
25,0.5951733333333333,-0.002981381196116166,0.11338052,0.001359775159276707
25,0.5951733333333333,-0.002684532885628397,0.11338052,0.0008118357398768407
25,0.5951733333333333,-0.002391796516509756,0.11338052,0.00026262870564993865
25,0.5951733333333333,-0.002103247853174077,0.11338052,-0.0002878692997911117
25,0.5951733333333333,-0.001819214060135652,0.11338052,-0.0008397591335724056
25,0.5951733333333333,-0.0015400946224856222,0.11338052,-0.001393163947553195
25,0.5951733333333333,-0.0012662890253151231,0.11338052,-0.0019482068935927147
25,0.5951733333333333,-0.000998182978367324,0.11338052,-0.00250500687693438
25,0.5951733333333333,-0.0007361380845264439,0.11338052,-0.003063675371243881
25,0.5951733333333333,-0.00048025421506526795,0.11338052,-0.0036242431644860247
25,0.5951733333333333,-0.0002305589206797339,0.11338052,-0.004186718749892501
25,0.5951733333333333,1.2940910956171087e-05,0.11338052,-0.004751104250771205
25,0.5951733333333333,0.0002502211729834979,0.11338052,-0.005317407098699866
25,0.5951733333333333,0.0004812095448254051,0.11338052,-0.005885649588411614
25,0.5951733333333333,0.0007054996537167678,0.11338052,-0.006455956995073613
25,0.5951733333333333,0.0009225335980647905,0.11338052,-0.007028501306627225
25,0.5951733333333333,0.0011317638077876558,0.11338052,-0.007603451326051927
25,0.5951733333333333,0.0013326358251295588,0.11338052,-0.008180977979635115
25,0.5951733333333333,0.0015247088389554525,0.11338052,-0.008761217159083545
25,0.5951733333333333,0.001708358227497527,0.11338052,-0.009344053144115688
25,0.5951733333333333,0.0018842899773392563,0.11338052,-0.009929268295669943
25,0.5951733333333333,0.0020532135189011112,0.11338052,-0.010516643913030763
25,0.5951733333333333,0.0022158313949295753,0.11338052,-0.011105963418790507
25,0.5951733333333333,0.002372474213775934,0.11338052,-0.011697124894169112
25,0.5951733333333333,0.0025208931498840424,0.11338052,-0.012290821599201808
25,0.5951733333333333,0.002657754569045094,0.11338052,-0.012888081214920903
25,0.5951733333333333,0.0027796594041474246,0.11338052,-0.013489951593783927
25,0.5951733333333333,0.0028831190483175635,0.11338052,-0.014097508191251346
25,0.5951733333333333,0.002964937620826409,0.11338052,-0.014711736222197111
25,0.5951733333333333,0.003024491787178306,0.11338052,-0.015332827845987801
25,0.5951733333333333,0.003062119043398524,0.11338052,-0.015960679020535433
25,0.5951733333333333,0.00307629721353635,0.11338052,-0.01659575899688989
25,0.5951733333333333,0.003062693950655134,0.11338052,-0.017239403335731582
25,0.5951733333333333,0.0030165464281941556,0.11338052,-0.017893080304485814
25,0.5951733333333333,0.0029322962932474103,0.11338052,-0.0185585034126424
25,0.5951733333333333,0.0028679601990904734,0.11338052,-0.018898062103929254
25,0.5951733333333333,0.0027807157012589775,0.11338052,-0.019244682917351368
25,0.5951733333333333,0.0026604172559728185,0.11338052,-0.019601493485471945
25,0.5951733333333333,0.0024870423949572094,0.11338052,-0.019974666264408608
25,0.5951733333333333,0.0023002321033585536,0.11338052,-0.020288035793365147
25,0.5951733333333333,0.0021942431771883844,0.11338052,-0.020448599841409596
25,0.5951733333333333,0.002064557208672358,0.11338052,-0.020616469130345913
25,0.5951733333333333,0.0019750666830585387,0.11338052,-0.020708002032198622
25,0.5951733333333333,0.001912594269332388,0.11338052,-0.020759233346878923
25,0.5951733333333333,0.0018692908576473561,0.11338052,-0.020788569039691403
25,0.5951733333333333,0.0017932399999999998,0.11338052,-0.020828
25,0.5951733333333333,0.0016279123228382995,0.11338052,-0.020862980365677603
25,0.5951733333333333,0.0015796131143580281,0.11338052,-0.020861883606520523
25,0.5951733333333333,0.0015062296025643831,0.11338052,-0.02085253347886875
25,0.5951733333333333,0.0013951992754489663,0.11338052,-0.020822816440432684
25,0.5951733333333333,0.0012292387258270574,0.11338052,-0.020746088020568463
25,0.5951733333333333,0.0011006954651293943,0.11338052,-0.020657824730439724
25,0.5951733333333333,0.0009150754490038291,0.11338052,-0.020459266707225112
25,0.5951733333333333,0.0007447106082802976,0.11338052,-0.02019206079489796
25,0.5951733333333333,0.0005887341185117133,0.11338052,-0.019920419292330113
25,0.5951733333333333,0.0004462368067320382,0.11338052,-0.019644622476166745
25,0.5951733333333333,0.0003189474791115412,0.11338052,-0.01936413739612044
25,0.5951733333333333,9.306287369262008e-05,0.11338052,-0.018794321535241455
25,0.5951733333333333,-0.00011860901645797603,0.11338052,-0.018220124228473685
25,0.5951733333333333,-0.0003187647157054255,0.11338052,-0.017642376750867023
25,0.5951733333333333,-0.0005083271723637377,0.11338052,-0.01706136362568248
25,0.5951733333333333,-0.0006888357815685894,0.11338052,-0.016477559412239735
25,0.5951733333333333,-0.0008617748370637777,0.11338052,-0.015891421683395107
25,0.5951733333333333,-0.0010285907503861822,0.11338052,-0.015303396333811382
25,0.5951733333333333,-0.0011906645001698198,0.11338052,-0.014713909086726117
25,0.5951733333333333,-0.0013491118896002841,0.11338052,-0.014123303918022025
25,0.5951733333333333,-0.001504966069775346,0.11338052,-0.013531899323886806
25,0.5951733333333333,-0.0016592670794667594,0.11338052,-0.01294001592381608
25,0.5951733333333333,-0.0018130549574462795,0.11338052,-0.012347974337305466
25,0.5951733333333333,-0.001967197550636035,0.11338052,-0.011756042101152626
25,0.5951733333333333,-0.0021217706234498614,0.11338052,-0.01116424257174466
25,0.5951733333333333,-0.00227662953473407,0.11338052,-0.010572531159615295
25,0.5951733333333333,-0.0024316330871719674,0.11338052,-0.009980864336952203
25,0.5951733333333333,-0.0025866331957728724,0.11338052,-0.009389196452635154
25,0.5951733333333333,-0.0027415162139160284,0.11338052,-0.008797492472083501
25,0.5951733333333333,-0.0028962786977644464,0.11338052,-0.008205751333643279
25,0.5951733333333333,-0.0030509688610360196,0.11338052,-0.007613987900469918
25,0.5951733333333333,-0.003205617698263682,0.11338052,-0.0070222117274490545
25,0.5951733333333333,-0.0033602665354913455,0.11338052,-0.006430435554428187
25,0.5951733333333333,-0.0035149498110889337,0.11338052,-0.005838669997946909
25,0.5951733333333333,-0.003669664081219455,0.11338052,-0.005246913996351264
25,0.5951733333333333,-0.0038243990143719325,0.11338052,-0.004655164364679366
25,0.5951733333333333,-0.003979140835198394,0.11338052,-0.004063416856315401
25,0.5951733333333333,-0.004133886099861848,0.11338052,-0.003471670409605384
25,0.5951733333333333,-0.004288621033014325,0.11338052,-0.0028799207779334896
25,0.5951733333333333,-0.0044433490784928165,0.11338052,-0.0022881690229536802
25,0.5951733333333333,-0.004598073680134316,0.11338052,-0.0016964162063199117
25,0.5951733333333333,-0.00475279139410183,0.11338052,-0.0011046612663782214
25,0.5951733333333333,-0.004907512551906336,0.11338052,-0.0005129073880904972
25,0.5951733333333333,-0.005062233709710842,0.11338052,7.88464901972305e-05
25,0.5951733333333333,-0.005216958311352342,0.11338052,0.000670599306830999
25,0.5951733333333333,-0.005371682912993841,0.11338052,0.001262352123464771
25,0.5951733333333333,-0.00552640751463534,0.11338052,0.001854104940098536
25,0.5951733333333333,-0.00568113211627684,0.11338052,0.002445857756732308
25,0.5951733333333333,-0.005835856717918338,0.11338052,0.003037610573366073
25,0.5951733333333333,-0.005990581319559837,0.11338052,0.0036293633899998415
25,0.5951733333333333,-0.006145305921201336,0.11338052,0.0042211162066336134
25,0.5951733333333333,-0.006300030522842837,0.11338052,0.004812869023267382
25,0.5951733333333333,-0.0064547551244843356,0.11338052,0.005404621839901147
25,0.5951733333333333,-0.006609479726125833,0.11338052,0.005996374656534922
25,0.5951733333333333,-0.006764204327767332,0.11338052,0.0065881274731686874
25,0.5951733333333333,-0.006918928929408831,0.11338052,0.007179880289802456
25,0.5951733333333333,-0.006996292952148077,0.11338052,0.007475756167292357
25,0.5951733333333333,-0.007073656974887325,0.11338052,0.007771632044782269
25,0.5951733333333333,-0.0071510175537895775,0.11338052,0.008067508983926133
25,0.5951733333333333,-0.00722837813269183,0.11338052,0.008363385923069993
26,0.6188266666666666,-0.0071660637051871425,0.11788648,0.008219977659246678
26,0.6188266666666666,-0.006999513044172287,0.11788648,0.007954344390055549
26,0.6188266666666666,-0.006833138947774413,0.11788648,0.007688658626237178
26,0.6188266666666666,-0.006667145144397727,0.11788648,0.007422859797067808
26,0.6188266666666666,-0.006501725176026226,0.11788648,0.00715689036035989
26,0.6188266666666666,-0.0061733333756071205,0.11788648,0.0066242236287470425
26,0.6188266666666666,-0.005848642641197796,0.11788648,0.006090456528986144
26,0.6188266666666666,-0.0055275103629153005,0.11788648,0.0055556314605838195
26,0.6188266666666666,-0.005209783744456481,0.11788648,0.005019793851582875
26,0.6188266666666666,-0.004895510322448984,0.11788648,0.004482929568814433
26,0.6188266666666666,-0.004584812333935338,0.11788648,0.003945002269844254
26,0.6188266666666666,-0.004277805225011256,0.11788648,0.00340597763126221
26,0.6188266666666666,-0.003974594255352252,0.11788648,0.0028658243581943764
26,0.6188266666666666,-0.003675274498213617,0.11788648,0.0023245141843029893
26,0.6188266666666666,-0.0033798968856964045,0.11788648,0.0017820319669071168
26,0.6188266666666666,-0.0030885055589548616,0.11788648,0.0012383645823499552
26,0.6188266666666666,-0.0028011412636698265,0.11788648,0.0006934999164867443
26,0.6188266666666666,-0.002517831163628529,0.11788648,0.0001474298932209947
26,0.6188266666666666,-0.0022386499592458474,0.11788648,-0.0003998676967126684
26,0.6188266666666666,-0.0019639202204951066,0.11788648,-0.0009484887569601863
26,0.6188266666666666,-0.0016940358222911115,0.11788648,-0.0014985503909207866
26,0.6188266666666666,-0.001429390639548661,0.11788648,-0.002050169701993728
26,0.6188266666666666,-0.0011703649652889474,0.11788648,-0.0026034597555299847
26,0.6188266666666666,-0.000917315324219333,0.11788648,-0.003158526550296123
26,0.6188266666666666,-0.0006703401850685167,0.11788648,-0.003715399362141953
26,0.6188266666666666,-0.00042946671162372727,0.11788648,-0.004274086267163968
26,0.6188266666666666,-0.00019470169483177136,0.11788648,-0.004834589284386303
26,0.6188266666666666,3.3931096993525256e-05,0.11788648,-0.005396915480393387
26,0.6188266666666666,0.0002563603589106926,0.11788648,-0.005961086054938534
26,0.6188266666666666,0.0004721854250581193,0.11788648,-0.006527220130445108
26,0.6188266666666666,0.0006808562287444449,0.11788648,-0.007095481247867224
26,0.6188266666666666,0.0008818328896985183,0.11788648,-0.007666029919622813
26,0.6188266666666666,0.001074568736702382,0.11788648,-0.00823902867715392
26,0.6188266666666666,0.0012586291491603926,0.11788648,-0.008814606738004542
26,0.6188266666666666,0.0014343842336735275,0.11788648,-0.00939265406535987
26,0.6188266666666666,0.0016025300622894952,0.11788648,-0.009972963709247105
26,0.6188266666666666,0.0017637661025294129,0.11788648,-0.01055532771018139
26,0.6188266666666666,0.0019187850309675858,0.11788648,-0.011139540127701988
26,0.6188266666666666,0.002067912813050747,0.11788648,-0.0117255040486509
26,0.6188266666666666,0.002208932204646433,0.11788648,-0.012313878684404903
26,0.6188266666666666,0.0023385563875000896,0.11788648,-0.012905641242640424
26,0.6188266666666666,0.002453434029362497,0.11788648,-0.013501788111763084
26,0.6188266666666666,0.002550125515675945,0.11788648,-0.014103341927492127
26,0.6188266666666666,0.0026254798471220184,0.11788648,-0.01471123951702149
26,0.6188266666666666,0.00267888244301469,0.11788648,-0.01532566360203447
26,0.6188266666666666,0.0027106660597474978,0.11788648,-0.01594651525034895
26,0.6188266666666666,0.002719329898076112,0.11788648,-0.016574240666296532
26,0.6188266666666666,0.002700602452458972,0.11788648,-0.01721010981605174
26,0.6188266666666666,0.0026497877831790874,0.11788648,-0.017855518854796932
26,0.6188266666666666,0.002561405596163264,0.11788648,-0.018512097135000863
26,0.6188266666666666,0.002495315396939703,0.11788648,-0.018846897123149478
26,0.6188266666666666,0.002406638508636293,0.11788648,-0.01918841238553739
26,0.6188266666666666,0.002285371866606424,0.11788648,-0.019539616944700515
26,0.6188266666666666,0.0021117741884823494,0.11788648,-0.019906380103769834
26,0.6188266666666666,0.0019254612825366818,0.11788648,-0.020213893514537458
26,0.6188266666666666,0.0018198977697475864,0.11788648,-0.020371338976997392
26,0.6188266666666666,0.0016909700044692472,0.11788648,-0.02053573089195892
26,0.6188266666666666,0.0016022047186814775,0.11788648,-0.0206251519272705
26,0.6188266666666666,0.0015403438764432557,0.11788648,-0.020675058908267662
26,0.6188266666666666,0.0014975157165184028,0.11788648,-0.020703549729033
26,0.6188266666666666,0.0014223999999999999,0.11788648,-0.02074164
26,0.6188266666666666,0.00125952698566953,0.11788648,-0.02077430642948882
26,0.6188266666666666,0.001212038948535613,0.11788648,-0.020772667620072092
26,0.6188266666666666,0.0011399517604805379,0.11788648,-0.020762584880425792
26,0.6188266666666666,0.0010310122118781452,0.11788648,-0.02073194369446134
26,0.6188266666666666,0.0008684453764158076,0.11788648,-0.020654216371035424
26,0.6188266666666666,0.0007427703594821189,0.11788648,-0.020565520699051192
26,0.6188266666666666,0.0005618831896834504,0.11788648,-0.020367179960763152
26,0.6188266666666666,0.0003965684809874568,0.11788648,-0.0201011792291813
26,0.6188266666666666,0.0002454400601711406,0.11788648,-0.019830960756202606
26,0.6188266666666666,0.00010760152225598708,0.11788648,-0.019556791053011557
26,0.6188266666666666,-1.5242605109464218e-05,0.11788648,-0.019278163344552814
26,0.6188266666666666,-0.0002326397754426955,0.11788648,-0.018712496673131143
26,0.6188266666666666,-0.00043602382703982574,0.11788648,-0.01814266374542782
26,0.6188266666666666,-0.0006280534155757691,0.11788648,-0.017569455009387728
26,0.6188266666666666,-0.0008096385279226532,0.11788648,-0.016993141014243592
26,0.6188266666666666,-0.000982296940691827,0.11788648,-0.01641417301188733
26,0.6188266666666666,-0.0011474921029201845,0.11788648,-0.01583298610201784
26,0.6188266666666666,-0.0013066501134371819,0.11788648,-0.015250004279701346
26,0.6188266666666666,-0.001461132557077607,0.11788648,-0.014665632359274886
26,0.6188266666666666,-0.0016120395672241834,0.11788648,-0.014080197422646684
26,0.6188266666666666,-0.0017603897858979507,0.11788648,-0.013494002323435474
26,0.6188266666666666,-0.0019072086460667553,0.11788648,-0.012907351934284104
26,0.6188266666666666,-0.0020535215806984433,0.11788648,-0.012320551127835434
26,0.6188266666666666,-0.0022001842490906886,0.11788648,-0.011733854301129193
26,0.6188266666666666,-0.0023472713516583667,0.11788648,-0.011147283663430756
26,0.6188266666666666,-0.0024946402785185314,0.11788648,-0.010560796815233505
26,0.6188266666666666,-0.0026421518152616435,0.11788648,-0.009974352366542871
26,0.6188266666666666,-0.0027896599565313514,0.11788648,-0.009387906908340175
26,0.6188266666666666,-0.0029370526517053415,0.11788648,-0.008801427126727358
26,0.6188266666666666,-0.0030843265053102096,0.11788648,-0.008214912012192356
26,0.6188266666666666,-0.0032315290539736063,0.11788648,-0.007628375697904043
26,0.6188266666666666,-0.00337869085695616,0.11788648,-0.007041827269470981
26,0.6188266666666666,-0.003525852659938715,0.11788648,-0.006455278841037918
26,0.6188266666666666,-0.0036730484176553035,0.11788648,-0.0058687405077254805
26,0.6188266666666666,-0.0038202747346325243,0.11788648,-0.0052822112600216
26,0.6188266666666666,-0.003967521424450165,0.11788648,-0.004695688069390098
26,0.6188266666666666,-0.004114774905214613,0.11788648,-0.004109166897782724
26,0.6188266666666666,-0.004262031781452464,0.11788648,-0.0035226467356874076
26,0.6188266666666666,-0.0044092784712701045,0.11788648,-0.002936123545055909
26,0.6188266666666666,-0.00455651837014094,0.11788648,-0.0023495983354002783
26,0.6188266666666666,-0.00470375487353837,0.11788648,-0.0017630721162325905
26,0.6188266666666666,-0.004850984585988994,0.11788648,-0.0011765438780407741
26,0.6188266666666666,-0.00499821769391302,0.11788648,-0.0005900166493610255
26,0.6188266666666666,-0.005145450801837047,0.11788648,-3.489420681276889e-06
26,0.6188266666666666,-0.005292687305234479,0.11788648,0.0005830367984864179
26,0.6188266666666666,-0.005439923808631909,0.11788648,0.0011695630176541058
26,0.6188266666666666,-0.00558716031202934,0.11788648,0.0017560892368217972
26,0.6188266666666666,-0.0057343968154267705,0.11788648,0.002342615455989485
26,0.6188266666666666,-0.0058816333188241995,0.11788648,0.0029291416751571694
26,0.6188266666666666,-0.006028869822221631,0.11788648,0.003515667894324861
26,0.6188266666666666,-0.006176106325619062,0.11788648,0.004102194113492552
26,0.6188266666666666,-0.006323342829016493,0.11788648,0.0046887203326602435
26,0.6188266666666666,-0.006470579332413924,0.11788648,0.005275246551827931
26,0.6188266666666666,-0.006617815835811354,0.11788648,0.005861772770995619
26,0.6188266666666666,-0.006765052339208784,0.11788648,0.006448298990163307
26,0.6188266666666666,-0.006912288842606214,0.11788648,0.007034825209330995
26,0.6188266666666666,-0.006985908792041632,0.11788648,0.00732808781415881
26,0.6188266666666666,-0.00705952874147705,0.11788648,0.007621350418986626
26,0.6188266666666666,-0.007133145295439063,0.11788648,0.007914614033326498
26,0.6188266666666666,-0.007206761849401077,0.11788648,0.008207877647666378
27,0.6424799999999999,-0.007151200886569802,0.12239243999999999,0.008036830482541724
27,0.6424799999999999,-0.0069900104245797755,0.12239243999999999,0.0077734240947752616
27,0.6424799999999999,-0.006828993403803009,0.12239243999999999,0.007509967905065248
27,0.6424799999999999,-0.0066683499487163326,0.12239243999999999,0.007246404449630633
27,0.6424799999999999,-0.006508270177572743,0.12239243999999999,0.006982679137879446
27,0.6424799999999999,-0.006190515464415532,0.12239243999999999,0.006454537991274989
27,0.6424799999999999,-0.005876396345920828,0.12239243999999999,0.005925352919315095
27,0.6424799999999999,-0.005565772734954844,0.12239243999999999,0.005395164146646491
27,0.6424799999999999,-0.005258494538159955,0.12239243999999999,0.0048640147711049506
27,0.6424799999999999,-0.004954608451247421,0.12239243999999999,0.004331891384474901
27,0.6424799999999999,-0.004654234548903345,0.12239243999999999,0.003798759508487723
27,0.6424799999999999,-0.0043574862349979315,0.12239243999999999,0.0032645865803341625
27,0.6424799999999999,-0.004064466907177548,0.12239243999999999,0.0027293429103940198
27,0.6424799999999999,-0.0037752699568647154,0.12239243999999999,0.0021930016822361426
27,0.6424799999999999,-0.0034899454151786427,0.12239243999999999,0.0016555485299152746
27,0.6424799999999999,-0.003208536642422646,0.12239243999999999,0.0011169710029455306
27,0.6424799999999999,-0.0029310836634920904,0.12239243999999999,0.0005772576085706985
27,0.6424799999999999,-0.0026576131616505546,0.12239243999999999,3.640068495330481e-05
27,0.6424799999999999,-0.0023881985158728776,0.12239243999999999,-0.0005056208379596895
27,0.6424799999999999,-0.002123156589914049,0.12239243999999999,-0.001048897944488255
27,0.6424799999999999,-0.0018628742910959514,0.12239243999999999,-0.001593541731275721
27,0.6424799999999999,-0.0016077385267404631,0.12239243999999999,-0.0021396632949654236
27,0.6424799999999999,-0.0013581228625376793,0.12239243999999999,-0.002687369901281954
27,0.6424799999999999,-0.0011143775163220601,0.12239243999999999,-0.003236762111842123
27,0.6424799999999999,-0.0008765992149240766,0.12239243999999999,-0.00378786770080676
27,0.6424799999999999,-0.0006448146416073053,0.12239243999999999,-0.004340694330013339
27,0.6424799999999999,-0.000419030467187642,0.12239243999999999,-0.004895243914921223
27,0.6424799999999999,-0.00019927003952071687,0.12239243999999999,-0.0054515231596382
27,0.6424799999999999,1.4396597826576941e-05,0.12239243999999999,-0.006009552176487637
27,0.6424799999999999,0.0002215758667164652,0.12239243999999999,-0.006569443977572229
27,0.6424799999999999,0.0004217274310614912,0.12239243999999999,-0.007131353715100765
27,0.6424799999999999,0.0006143209609980424,0.12239243999999999,-0.007695433668092982
27,0.6424799999999999,0.0007988194558466116,0.12239243999999999,-0.008261838031027985
27,0.6424799999999999,0.0009747959833899501,0.12239243999999999,-0.008830689393305315
27,0.6424799999999999,0.0011426141030943086,0.12239243999999999,-0.009401883362389426
27,0.6424799999999999,0.0013029575735888732,0.12239243999999999,-0.00997522360369512
27,0.6424799999999999,0.0014565134889107784,0.12239243999999999,-0.010550512824907517
27,0.6424799999999999,0.0016039622722812642,0.12239243999999999,-0.01112755564917111
27,0.6424799999999999,0.0017456241228632657,0.12239243999999999,-0.011706260134436241
27,0.6424799999999999,0.0018793210192672284,0.12239243999999999,-0.012287251678186487
27,0.6424799999999999,0.0020018242866002116,0.12239243999999999,-0.012871457362755849
27,0.6424799999999999,0.0021098418772182758,0.12239243999999999,-0.01345982246734232
27,0.6424799999999999,0.0021999950228708534,0.12239243999999999,-0.014053317172115677
27,0.6424799999999999,0.002269188464982895,0.12239243999999999,-0.014652830250222564
27,0.6424799999999999,0.0023168184947159488,0.12239243999999999,-0.01525853505073576
27,0.6424799999999999,0.0023432119820488433,0.12239243999999999,-0.015870337716146248
27,0.6424799999999999,0.0023468946766688936,0.12239243999999999,-0.016488661562974304
27,0.6424799999999999,0.002323670635378457,0.12239243999999999,-0.017114711415162256
27,0.6424799999999999,0.0022689269889864822,0.12239243999999999,-0.017749811812862917
27,0.6424799999999999,0.0021772803890661024,0.12239243999999999,-0.01839550853178607
27,0.6424799999999999,0.002109945375550106,0.12239243999999999,-0.018724533768843858
27,0.6424799999999999,0.0020204232283689847,0.12239243999999999,-0.019059929823758846
27,0.6424799999999999,0.0018988878357101319,0.12239243999999999,-0.019404518168179757
27,0.6424799999999999,0.0017259471357682192,0.12239243999999999,-0.01976386704248869
27,0.6424799999999999,0.0015409989267915684,0.12239243999999999,-0.0200647256256197
27,0.6424799999999999,0.0014363372416639818,0.12239243999999999,-0.02021865446145012
27,0.6424799999999999,0.0013087246144513488,0.12239243999999999,-0.020379173435235348
27,0.6424799999999999,0.0012210467861665446,0.12239243999999999,-0.02046628739347552
27,0.6424799999999999,0.001160038859615659,0.12239243999999999,-0.0205147742861434
27,0.6424799999999999,0.0011178476268930426,0.12239243999999999,-0.020542373617289673
27,0.6424799999999999,0.00104394,0.12239243999999999,-0.02057908
27,0.6424799999999999,0.0008840688838700983,0.12239243999999999,-0.020609500890833125
27,0.6424799999999999,0.0008375416006037392,0.12239243999999999,-0.02060737621154849
27,0.6424799999999999,0.0007669710190434516,0.12239243999999999,-0.020596670797180163
27,0.6424799999999999,0.0006604413841915179,0.12239243999999999,-0.020565321607513835
27,0.6424799999999999,0.0005017159099483979,0.12239243999999999,-0.02048702181163071
27,0.6424799999999999,0.000379229643052179,0.12239243999999999,-0.02039831628273218
27,0.6424799999999999,0.00020347349498112967,0.12239243999999999,-0.020201030418535156
27,0.6424799999999999,4.349712148390473e-05,0.12239243999999999,-0.019937275417163766
27,0.6424799999999999,-0.00010254391760969816,0.12239243999999999,-0.01966951902117311
27,0.6424799999999999,-0.000235530169997754,0.12239243999999999,-0.019398014071199725
27,0.6424799999999999,-0.0003537872608907419,0.12239243999999999,-0.019122279786942312
27,0.6424799999999999,-0.0005625108236602075,0.12239243999999999,-0.01856283141470136
27,0.6424799999999999,-0.0007574691578313612,0.12239243999999999,-0.017999430492055015
27,0.6424799999999999,-0.0009412738878269019,0.12239243999999999,-0.017432826921345762
27,0.6424799999999999,-0.0011148189029766928,0.12239243999999999,-0.016863277374128884
27,0.6424799999999999,-0.0012795951306331561,0.12239243999999999,-0.01629120995557307
27,0.6424799999999999,-0.0014370401316215582,0.12239243999999999,-0.01571703744717208
27,0.6424799999999999,-0.001588554777279745,0.12239243999999999,-0.015141162095393144
27,0.6424799999999999,-0.001735476566194565,0.12239243999999999,-0.0145639679498395
27,0.6424799999999999,-0.0018788861705409277,0.12239243999999999,-0.013985765314928723
27,0.6424799999999999,-0.002019784212703009,0.12239243999999999,-0.013406841509565982
27,0.6424799999999999,-0.0021591779858808795,0.12239243999999999,-0.01282748576811581
27,0.6424799999999999,-0.002298074783274608,0.12239243999999999,-0.01224798732494274
27,0.6424799999999999,-0.002437315127686905,0.12239243999999999,-0.011668587527927108
27,0.6424799999999999,-0.0025769723980926086,0.12239243999999999,-0.011089307447121964
27,0.6424799999999999,-0.002716906507357934,0.12239243999999999,-0.01051010685788058
27,0.6424799999999999,-0.0028569807037570434,0.12239243999999999,-0.009930946493285922
27,0.6424799999999999,-0.0029970515647482062,0.12239243999999999,-0.009351785170961578
27,0.6424799999999999,-0.0031370090218691624,0.12239243999999999,-0.008772591285827983
27,0.6424799999999999,-0.0032768497397119645,0.12239243999999999,-0.00819336388015545
27,0.6424799999999999,-0.003416620413987874,0.12239243999999999,-0.007614116362159558
27,0.6424799999999999,-0.0035563510633684174,0.12239243999999999,-0.007034857351407457
27,0.6424799999999999,-0.00369608171274896,0.12239243999999999,-0.006455598340655358
27,0.6424799999999999,-0.003835845716208976,0.12239243999999999,-0.005876348907200098
27,0.6424799999999999,-0.003975639738340516,0.12239243999999999,-0.005297108093311992
27,0.6424799999999999,-0.00411545377291974,0.12239243999999999,-0.00471787302580199
27,0.6424799999999999,-0.004255274478314858,0.12239243999999999,-0.004138639873751352
27,0.6424799999999999,-0.004395098519117924,0.12239243999999999,-0.0035594076794304014
27,0.6424799999999999,-0.004534912553697148,0.12239243999999999,-0.0029801726119203995
27,0.6424799999999999,-0.004674719917460478,0.12239243999999999,-0.0024009356289510266
27,0.6424799999999999,-0.004814523945815861,0.12239243999999999,-0.0018216976882519768
27,0.6424799999999999,-0.004954321303355348,0.12239243999999999,-0.0012424578320935527
27,0.6424799999999999,-0.005094121996302783,0.12239243999999999,-0.0006632189336648157
27,0.6424799999999999,-0.005233922689250219,0.12239243999999999,-8.39800352360788e-05
27,0.6424799999999999,-0.005373726717605601,0.12239243999999999,0.0004952579054629778
27,0.6424799999999999,-0.005513530745960984,0.12239243999999999,0.001074495846162031
27,0.6424799999999999,-0.005653334774316366,0.12239243999999999,0.0016537337868610877
27,0.6424799999999999,-0.005793138802671748,0.12239243999999999,0.002232971727560141
27,0.6424799999999999,-0.005932942831027131,0.12239243999999999,0.0028122096682591975
27,0.6424799999999999,-0.0060727468593825135,0.12239243999999999,0.0033914476089582472
27,0.6424799999999999,-0.006212550887737896,0.12239243999999999,0.0039706855496573
27,0.6424799999999999,-0.006352354916093279,0.12239243999999999,0.004549923490356357
27,0.6424799999999999,-0.00649215894444866,0.12239243999999999,0.00512916143105541
27,0.6424799999999999,-0.006631962972804043,0.12239243999999999,0.005708399371754467
27,0.6424799999999999,-0.006771767001159425,0.12239243999999999,0.00628763731245352
27,0.6424799999999999,-0.006911571029514807,0.12239243999999999,0.006866875253152577
27,0.6424799999999999,-0.006981474711396473,0.12239243999999999,0.007156493744637258
27,0.6424799999999999,-0.007051378393278136,0.12239243999999999,0.007446112236121946
27,0.6424799999999999,-0.0071212787397518535,0.12239243999999999,0.007735731685336311
27,0.6424799999999999,-0.0071911790862255725,0.12239243999999999,0.008025351134550683
28,0.6661333333333332,-0.00714040926583854,0.1268984,0.007822567288340413
28,0.6661333333333332,-0.006984848587833035,0.1268984,0.007562505072606321
28,0.6661333333333332,-0.0068294577152374905,0.1268984,0.007302395706614527
28,0.6661333333333332,-0.006674432577371092,0.1268984,0.007042184786221522
28,0.6661333333333332,-0.006519959307087065,0.1268984,0.00678182062749098
28,0.6661333333333332,-0.0062133671838378824,0.1268984,0.006260438553572105
28,0.6661333333333332,-0.005910334443220563,0.1268984,0.005738068137712892
28,0.6661333333333332,-0.005610723934711677,0.1268984,0.0052147474628137895
28,0.6661333333333332,-0.005314388711321833,0.1268984,0.004690517331982429
28,0.6661333333333332,-0.005021374489892176,0.1268984,0.004165365050918659
28,0.6661333333333332,-0.004731798828014217,0.1268984,0.0036392579771363717
28,0.6661333333333332,-0.00444577275230216,0.1268984,0.003112165281620921
28,0.6661333333333332,-0.004163397492904253,0.1268984,0.0025840588555648344
28,0.6661333333333332,-0.00388476448350278,0.1268984,0.0020549133103677925
28,0.6661333333333332,-0.0036099227064275378,0.1268984,0.0015247150449939281
28,0.6661333333333332,-0.0033389146130310167,0.1268984,0.000993452271878817
28,0.6661333333333332,-0.0030717793891770536,0.1268984,0.0004611141101937555
28,0.6661333333333332,-0.0028085431587748727,0.1268984,-7.230669394705028e-05
28,0.6661333333333332,-0.0025492777625748444,0.1268984,-0.0006068300887295576
28,0.6661333333333332,-0.002294293421999008,0.1268984,-0.0011425422140476545
28,0.6661333333333332,-0.002043968933731122,0.1268984,-0.0016795482512454475
28,0.6661333333333332,-0.0017986830944549455,0.1268984,-0.00221795338166704
28,0.6661333333333332,-0.0015588016388996242,0.1268984,-0.00275785915971365
28,0.6661333333333332,-0.0013246674433737323,0.1268984,-0.0032993607926364056
28,0.6661333333333332,-0.0010963752070482083,0.1268984,-0.0038424845757713336
28,0.6661333333333332,-0.0008739510538322748,0.1268984,-0.004387237763004242
28,0.6661333333333332,-0.0006574015147032418,0.1268984,-0.004933622167806573
28,0.6661333333333332,-0.00044674944808167894,0.1268984,-0.005481644137328406
28,0.6661333333333332,-0.00024206342922930145,0.1268984,-0.006031322713019966
28,0.6661333333333332,-4.372878580717241e-05,0.1268984,-0.006582764889696814
28,0.6661333333333332,0.00014772547302290755,0.1268984,-0.007136117558546413
28,0.6661333333333332,0.00033178013456509913,0.1268984,-0.007691524890549055
28,0.6661333333333332,0.0005079094551462542,0.1268984,-0.00824913287015647
28,0.6661333333333332,0.0006756954522187783,0.1268984,-0.008809057559541478
28,0.6661333333333332,0.0008354940640458591,0.1268984,-0.00937120012451004
28,0.6661333333333332,0.0009879747158013776,0.1268984,-0.009935374684238513
28,0.6661333333333332,0.0011338100981478688,0.1268984,-0.010501394451167535
28,0.6661333333333332,0.0012736663707705635,0.1268984,-0.011069074451209181
28,0.6661333333333332,0.001407857020580156,0.1268984,-0.011638327637733847
28,0.6661333333333332,0.0015342496834861838,0.1268984,-0.012209746109170017
28,0.6661333333333332,0.0016496833664724601,0.1268984,-0.012784207585699566
28,0.6661333333333332,0.0017509350322383913,0.1268984,-0.013362607015483153
28,0.6661333333333332,0.001834696740778402,0.1268984,-0.013945862921810288
28,0.6661333333333332,0.0018979381186224312,0.1268984,-0.014534816755433853
28,0.6661333333333332,0.00194006811232427,0.1268984,-0.015129632635520082
28,0.6661333333333332,0.0019614067397719205,0.1268984,-0.015730221701967917
28,0.6661333333333332,0.00196051065498072,0.1268984,-0.016336984731967846
28,0.6661333333333332,0.0019332718732250878,0.1268984,-0.01695106239906203
28,0.6661333333333332,0.0018751742236978086,0.1268984,-0.017573708718758255
28,0.6661333333333332,0.0017809472077128035,0.1268984,-0.018206387162516803
28,0.6661333333333332,0.0017127729306522337,0.1268984,-0.018528574376455005
28,0.6661333333333332,0.0016228766230713466,0.1268984,-0.018856793196436464
28,0.6661333333333332,0.0015016381553981562,0.1268984,-0.019193714865907277
28,0.6661333333333332,0.0013300719766036293,0.1268984,-0.01954461114637308
28,0.6661333333333332,0.0011472001570844194,0.1268984,-0.019837995268825143
28,0.6661333333333332,0.0010438321517864443,0.1268984,-0.01998800054239063
28,0.6661333333333332,0.0009179943190665957,0.1268984,-0.02014424506448042
28,0.6661333333333332,0.0008317043004165466,0.1268984,-0.020228856833109737
28,0.6661333333333332,0.0007717501882497705,0.1268984,-0.020275830139569264
28,0.6661333333333332,0.0007303308599259748,0.1268984,-0.02030249399477972
28,0.6661333333333332,0.0006578599999999999,0.1268984,-0.02033778
28,0.6661333333333332,0.0005014527602312923,0.1268984,-0.02036604710175084
28,0.6661333333333332,0.00045601335587169725,0.1268984,-0.020363501510091885
28,0.6661333333333332,0.0003871472061629487,0.1268984,-0.020352298021251186
28,0.6661333333333332,0.0002833008824985081,0.1268984,-0.02032048184695059
28,0.6661333333333332,0.00012880304532837086,0.1268984,-0.02024207877338779
28,0.6661333333333332,9.78474237399538e-06,0.1268984,-0.020153824016171957
28,0.6661333333333332,-0.00016048644300594936,0.1268984,-0.019958497921973347
28,0.6661333333333332,-0.0003148584831417314,0.1268984,-0.019698105654435326
28,0.6661333333333332,-0.0004555873116849269,0.1268984,-0.019433925045037905
28,0.6661333333333332,-0.0005835350176399503,0.1268984,-0.019166195472012506
28,0.6661333333333332,-0.0006970623257029531,0.1268984,-0.01889446175402514
28,0.6661333333333332,-0.00089690889037146,0.1268984,-0.018343439395989005
28,0.6661333333333332,-0.001083278783368688,0.1268984,-0.01778867493961545
28,0.6661333333333332,-0.0012587288823100015,0.1268984,-0.017230878358977214
28,0.6661333333333332,-0.001424134338154428,0.1268984,-0.01667029265924862
28,0.6661333333333332,-0.0015809548243298952,0.1268984,-0.016107323151298782
28,0.6661333333333332,-0.0017305977664458835,0.1268984,-0.015542360638225212
28,0.6661333333333332,-0.0018744346697366872,0.1268984,-0.01497578594903244
28,0.6661333333333332,-0.0020137749951521944,0.1268984,-0.014407962684746228
28,0.6661333333333332,-0.0021496767610160034,0.1268984,-0.013839184627741506
28,0.6661333333333332,-0.00228311961392404,0.1268984,-0.013269723798735793
28,0.6661333333333332,-0.002415089731449536,0.1268984,-0.012699854031918065
28,0.6661333333333332,-0.0025465732911657208,0.1268984,-0.012129849161477305
28,0.6661333333333332,-0.0026783931962131753,0.1268984,-0.011559937684816227
28,0.6661333333333332,-0.0028106212873422647,0.1268984,-0.010990139550120782
28,0.6661333333333332,-0.0029431204140295594,0.1268984,-0.010420416674490523
28,0.6661333333333332,-0.0030757566912402844,0.1268984,-0.009850731881760715
28,0.6661333333333332,-0.0032083897029623557,0.1268984,-0.00928104618229518
28,0.6661333333333332,-0.0033409116880702226,0.1268984,-0.008711329653814995
28,0.6661333333333332,-0.003473319381075232,0.1268984,-0.00814158138958443
28,0.6661333333333332,-0.003605658498818526,0.1268984,-0.007571814083903641
28,0.6661333333333332,-0.003737958430697983,0.1268984,-0.007002035897394149
28,0.6661333333333332,-0.00387025836257744,0.1268984,-0.006432257710884659
28,0.6661333333333332,-0.004002590949343427,0.1268984,-0.005862488591732417
28,0.6661333333333332,-0.004134952925507293,0.1268984,-0.005292727633201702
28,0.6661333333333332,-0.0042673344946030775,0.1268984,-0.004722972115085334
28,0.6661333333333332,-0.004399722594676168,0.1268984,-0.004153218410440425
28,0.6661333333333332,-0.004532113960237911,0.1268984,-0.003583465612531235
28,0.6661333333333332,-0.004664495529333694,0.1268984,-0.0030137100944148676
28,0.6661333333333332,-0.004796870567452173,0.1268984,-0.0024439527628270577
28,0.6661333333333332,-0.0049292423400819985,0.1268984,-0.0018741945245035127
28,0.6661333333333332,-0.005061607581734517,0.1268984,-0.0013044344727085252
28,0.6661333333333332,-0.005193976088875688,0.1268984,-0.0007346753276492625
28,0.6661333333333332,-0.00532634459601686,0.1268984,-0.00016491618258999974
28,0.6661333333333332,-0.005458716368646685,0.1268984,0.0004048420557335418
28,0.6661333333333332,-0.005591088141276511,0.1268984,0.0009746002940570833
28,0.6661333333333332,-0.005723459913906335,0.1268984,0.0015443585323806248
28,0.6661333333333332,-0.00585583168653616,0.1268984,0.0021141167707041664
28,0.6661333333333332,-0.005988203459165984,0.1268984,0.002683875009027701
28,0.6661333333333332,-0.006120575231795809,0.1268984,0.003253633247351239
28,0.6661333333333332,-0.006252947004425634,0.1268984,0.0038233914856747805
28,0.6661333333333332,-0.00638531877705546,0.1268984,0.004393149723998322
28,0.6661333333333332,-0.006517690549685285,0.1268984,0.00496290796232186
28,0.6661333333333332,-0.0066500623223151095,0.1268984,0.005532666200645402
28,0.6661333333333332,-0.006782434094944933,0.1268984,0.00610242443896894
28,0.6661333333333332,-0.006914805867574759,0.1268984,0.006672182677292481
28,0.6661333333333332,-0.006980993386633998,0.1268984,0.006957061343086386
28,0.6661333333333332,-0.007047180905693237,0.1268984,0.007241940008880295
28,0.6661333333333332,-0.007113365159263823,0.1268984,0.007526819581409924
28,0.6661333333333332,-0.007179549412834409,0.1268984,0.007811699153939557
29,0.6897866666666667,-0.007135266989008025,0.13140436,0.00758547533923069
29,0.6897866666666667,-0.006985737492607632,0.13140436,0.007329883607849221
29,0.6897866666666667,-0.006836373385951561,0.13140436,0.007074247413738587
29,0.6897866666666667,-0.006687365503360179,0.13140436,0.0068185154537497294
29,0.6897866666666667,-0.006538895137437838,0.13140436,0.006562638989891064
29,0.6897866666666667,-0.006244247598009598,0.13140436,0.0060502695693327065
29,0.6897866666666667,-0.005953066882068072,0.13140436,0.005536968141566685
29,0.6897866666666667,-0.005665219405589003,0.13140436,0.0050227706187973425
29,0.6897866666666667,-0.005380562042832114,0.13140436,0.004507715478386458
29,0.6897866666666667,-0.0050991393218054884,0.13140436,0.003991790749599249
29,0.6897866666666667,-0.004821065743101351,0.13140436,0.0034749656505462974
29,0.6897866666666667,-0.004546449446167908,0.13140436,0.00295721110944314
29,0.6897866666666667,-0.004275389028737355,0.13140436,0.002438500619662772
29,0.6897866666666667,-0.0040079735468258595,0.13140436,0.0019188102397356376
29,0.6897866666666667,-0.003744250709013516,0.13140436,0.0013981271438744738
29,0.6897866666666667,-0.003484261862736406,0.13140436,0.0008764402163969898
29,0.6897866666666667,-0.0032280451748586017,0.13140436,0.0003537391966733708
29,0.6897866666666667,-0.002975626089956153,0.13140436,-0.0001699827557162456
29,0.6897866666666667,-0.002727074580613197,0.13140436,-0.0006947444519265142
29,0.6897866666666667,-0.002482692801170315,0.13140436,-0.001220627121943433
29,0.6897866666666667,-0.0022428496979802247,0.13140436,-0.0017477299518551398
29,0.6897866666666667,-0.0020079142173956392,0.13140436,-0.0022761521277498004
29,0.6897866666666667,-0.0017782425834812503,0.13140436,-0.0028059894155056282
29,0.6897866666666667,-0.0015541687562977038,0.13140436,-0.0033373315956334512
29,0.6897866666666667,-0.0013357849724331776,0.13140436,-0.00387020346465531
29,0.6897866666666667,-0.001123116676463722,0.13140436,-0.004404611862991081
29,0.6897866666666667,-0.0009161702295333483,0.13140436,-0.004940558500745727
29,0.6897866666666667,-0.0007149678956461004,0.13140436,-0.005478049363286641
29,0.6897866666666667,-0.0005195764668141079,0.13140436,-0.006017102406715987
29,0.6897866666666667,-0.00033037125053409655,0.13140436,-0.006557818527226887
29,0.6897866666666667,-0.0001478674994710661,0.13140436,-0.007100336243321761
29,0.6897866666666667,2.7429075426005378e-05,0.13140436,-0.007644791508345584
29,0.6897866666666667,0.0001950064020641242,0.13140436,-0.008191321985748292
29,0.6897866666666667,0.0003544573672265054,0.13140436,-0.00874003712224785
29,0.6897866666666667,0.0005061286532618175,0.13140436,-0.00929084371712349
29,0.6897866666666667,0.0006506722774313235,0.13140436,-0.009843566484615974
29,0.6897866666666667,0.000788743437568294,0.13140436,-0.010398029283913583
29,0.6897866666666667,0.0009209909703619846,0.13140436,-0.010954057684309558
29,0.6897866666666667,0.0010477202107249865,0.13140436,-0.011511569600765428
29,0.6897866666666667,0.0011668542451372772,0.13140436,-0.012071123382553305
29,0.6897866666666667,0.0012753142798968941,0.13140436,-0.012633546720477788
29,0.6897866666666667,0.0013699610904337567,0.13140436,-0.01319968355134067
29,0.6897866666666667,0.001447572757305624,0.13140436,-0.013770400043308336
29,0.6897866666666667,0.0015051977096907795,0.13140436,-0.014346489685086023
29,0.6897866666666667,0.001542260264056108,0.13140436,-0.014928107241173346
29,0.6897866666666667,0.0015590721164582128,0.13140436,-0.01551516891642687
29,0.6897866666666667,0.0015542274540703716,0.13140436,-0.01610805264404456
29,0.6897866666666667,0.0015237251173088353,0.13140436,-0.016707834080051397
29,0.6897866666666667,0.001463166375089083,0.13140436,-0.017315695762032887
29,0.6897866666666667,0.0013674177841931712,0.13140436,-0.01793301774469834
29,0.6897866666666667,0.0012990303895914844,0.13140436,-0.0182471933970272
29,0.6897866666666667,0.0012094858300048185,0.13140436,-0.01856705685848023
29,0.6897866666666667,0.0010894141403030254,0.13140436,-0.018895127113675546
29,0.6897866666666667,0.0009203234748422881,0.13140436,-0.019236375437755655
29,0.6897866666666667,0.0007406183515476375,0.13140436,-0.01952131918022247
29,0.6897866666666667,0.0006391439797898022,0.13140436,-0.019666915413232743
29,0.6897866666666667,0.0005157840920575773,0.13140436,-0.019818395262386036
29,0.6897866666666667,0.0004313407943433748,0.13140436,-0.01990025479759131
29,0.6897866666666667,0.00037274715108456303,0.13140436,-0.019945585947855803
29,0.6897866666666667,0.0003323056051455711,0.13140436,-0.019971247626892296
29,0.6897866666666667,0.00026162,0.13140436,-0.020005039999999998
29,0.6897866666666667,0.00010937931323378927,0.13140436,-0.020031178255502137
29,0.6897866666666667,6.522082438092092e-05,0.13140436,-0.02002826011748994
29,0.6897866666666667,-1.6559174312885823e-06,0.13140436,-0.0200166599326703
29,0.6897866666666667,-0.00010240460534778107,0.13140436,-0.019984586683403627
29,0.6897866666666667,-0.00025209046320041347,0.13140436,-0.019906511379904457
29,0.6897866666666667,-0.00036721940620611297,0.13140436,-0.019819145931165655
29,0.6897866666666667,-0.000531474061945672,0.13140436,-0.01962667098453822
29,0.6897866666666667,-0.000679845830135822,0.13140436,-0.019370768014052547
29,0.6897866666666667,-0.0008149291684842336,0.13140436,-0.01911129263428835
29,0.6897866666666667,-0.0009375637480005335,0.13140436,-0.018848470579101426
29,0.6897866666666667,-0.0010461529215376293,0.13140436,-0.018581872612144758
29,0.6897866666666667,-0.001236830742656492,0.13140436,-0.01804155238093399
29,0.6897866666666667,-0.0014143823431059313,0.13140436,-0.01749770334812139
29,0.6897866666666667,-0.0015812981107667697,0.13140436,-0.01695099501980199
29,0.6897866666666667,-0.0017384304389366594,0.13140436,-0.016401656550041534
29,0.6897866666666667,-0.0018872010433023526,0.13140436,-0.015850070147300402
29,0.6897866666666667,-0.0020289807503985056,0.13140436,-0.015296604339199243
29,0.6897866666666667,-0.002165105400467706,0.13140436,-0.014741618247781373
29,0.6897866666666667,-0.002296850402884423,0.13140436,-0.014185454749092911
29,0.6897866666666667,-0.002425246262978653,0.13140436,-0.013628390880138704
29,0.6897866666666667,-0.0025512471523522445,0.13140436,-0.013070683156663977
29,0.6897866666666667,-0.0026758136037510574,0.13140436,-0.012512589804518925
29,0.6897866666666667,-0.0027999061499209524,0.13140436,-0.011954369049553744
29,0.6897866666666667,-0.002924326295007482,0.13140436,-0.011396236364994422
29,0.6897866666666667,-0.0030491440115947826,0.13140436,-0.010838210561995612
29,0.6897866666666667,-0.003174225715658593,0.13140436,-0.010280255728352986
29,0.6897866666666667,-0.0032994410037466624,0.13140436,-0.009722336806914688
29,0.6897866666666667,-0.003424653111262727,0.13140436,-0.009164417030423906
29,0.6897866666666667,-0.003549757079330581,0.13140436,-0.008606468182148665
29,0.6897866666666667,-0.0036747497273782194,0.13140436,-0.008048489407036482
29,0.6897866666666667,-0.003799675583413728,0.13140436,-0.007490492675822132
29,0.6897866666666667,-0.003924563272585164,0.13140436,-0.006932485683977974
29,0.6897866666666667,-0.004049450961756599,0.13140436,-0.006374478692133813
29,0.6897866666666667,-0.004174370456648096,0.13140436,-0.005816480250814495
29,0.6897866666666667,-0.004299318576687649,0.13140436,-0.005258489504967533
29,0.6897866666666667,-0.0044242857801592385,0.13140436,-0.004700503889435478
29,0.6897866666666667,-0.00454925934477484,0.13140436,-0.004142519984008389
29,0.6897866666666667,-0.004674236089962447,0.13140436,-0.0035845369336337876
29,0.6897866666666667,-0.004799203293434036,0.13140436,-0.0030265513181017313
29,0.6897866666666667,-0.004924164135761614,0.13140436,-0.002468563992464704
29,0.6897866666666667,-0.005049121797517184,0.13140436,-0.0019105758117751968
29,0.6897866666666667,-0.005174073098128743,0.13140436,-0.0013525859209807152
29,0.6897866666666667,-0.005299027579312307,0.13140436,-0.0007945968852387242
29,0.6897866666666667,-0.005423982060495871,0.13140436,-0.00023660784949673316
29,0.6897866666666667,-0.005548939722251443,0.13140436,0.00032138033119277765
29,0.6897866666666667,-0.0056738973840070135,0.13140436,0.000879368511882285
29,0.6897866666666667,-0.005798855045762585,0.13140436,0.0014373566925717958
29,0.6897866666666667,-0.005923812707518156,0.13140436,0.001995344873261303
29,0.6897866666666667,-0.0060487703692737255,0.13140436,0.002553333053950807
29,0.6897866666666667,-0.006173728031029297,0.13140436,0.003111321234640318
29,0.6897866666666667,-0.006298685692784868,0.13140436,0.003669309415329825
29,0.6897866666666667,-0.006423643354540439,0.13140436,0.0042272975960193394
29,0.6897866666666667,-0.006548601016296009,0.13140436,0.004785285776708847
29,0.6897866666666667,-0.00667355867805158,0.13140436,0.005343273957398354
29,0.6897866666666667,-0.006798516339807151,0.13140436,0.005901262138087865
29,0.6897866666666667,-0.006923474001562722,0.13140436,0.006459250318777372
29,0.6897866666666667,-0.00698595442272651,0.13140436,0.006738243981595886
29,0.6897866666666667,-0.007048434843890299,0.13140436,0.007017237644414399
29,0.6897866666666667,-0.007110912084482081,0.13140436,0.007296232162285393
29,0.6897866666666667,-0.007173389325073863,0.13140436,0.00757522668015639
30,0.7134533333333333,-0.007128322169057455,0.13591286,0.007316192000591446
30,0.7134533333333333,-0.006985156214976312,0.13591286,0.007066315430560251
30,0.7134533333333333,-0.006842150658138597,0.13591286,0.0068163970670229584
30,0.7134533333333333,-0.006699490572286726,0.13591286,0.006566388686703312
30,0.7134533333333333,-0.006557351777475996,0.13591286,0.0063162444774888665
30,0.7134533333333333,-0.006275298157325913,0.13591286,0.005815376576023594
30,0.7134533333333333,-0.005996606710163069,0.13591286,0.0053136326183729245
30,0.7134533333333333,-0.005721147884367769,0.13591286,0.0048110463608302435
30,0.7134533333333333,-0.005448782874633205,0.13591286,0.004307653970852747
30,0.7134533333333333,-0.005179554864832606,0.13591286,0.003803444196342643
30,0.7134533333333333,-0.004913574899211421,0.13591286,0.0032983881033341704
30,0.7134533333333333,-0.004650947852890355,0.13591286,0.002792458365304118
30,0.7134533333333333,-0.004391769347302989,0.13591286,0.0022856300668930886
30,0.7134533333333333,-0.004136125750195783,0.13591286,0.0017778807039054885
30,0.7134533333333333,-0.003884063330004343,0.13591286,0.0012691982205222559
30,0.7134533333333333,-0.0036356221860395256,0.13591286,0.0007595721683668621
30,0.7134533333333333,-0.0033908393330498118,0.13591286,0.0002489929027840593
30,0.7134533333333333,-0.0031497394475341937,0.13591286,-0.00026254600599631694
30,0.7134533333333333,-0.0029123903898648894,0.13591286,-0.0007750622398422294
30,0.7134533333333333,-0.002679085193467393,0.13591286,-0.001288632152274427
30,0.7134533333333333,-0.0024501816675770423,0.13591286,-0.0018033489749603483
30,0.7134533333333333,-0.0022260376214291765,0.13591286,-0.0023193059395674315
30,0.7134533333333333,-0.002006998526009641,0.13591286,-0.002836593062878017
30,0.7134533333333333,-0.0017933882603676666,0.13591286,-0.0033552947356255657
30,0.7134533333333333,-0.0015852962768120862,0.13591286,-0.003875434265726934
30,0.7134533333333333,-0.0013827472518418882,0.13591286,-0.004397018082952304
30,0.7134533333333333,-0.0011857473545818218,0.13591286,-0.004920047794744201
30,0.7134533333333333,-0.0009943181769685003,0.13591286,-0.005444529027151531
30,0.7134533333333333,-0.0008085244948117707,0.13591286,-0.005970478658320984
30,0.7134533333333333,-0.0006287302864717197,0.13591286,-0.00649799152736253
30,0.7134533333333333,-0.00045543525105287176,0.13591286,-0.007027197837122084
30,0.7134533333333333,-0.00028912983397263265,0.13591286,-0.007558225379281729
30,0.7134533333333333,-0.00013031064977315262,0.13591286,-0.008091203552966095
30,0.7134533333333333,2.062747756174455e-05,0.13591286,-0.008626235234497872
30,0.7134533333333333,0.00016402076533078352,0.13591286,-0.009163232818258524
30,0.7134533333333333,0.00030050154882055487,0.13591286,-0.009702031541387489
30,0.7134533333333333,0.0004307052478800225,0.13591286,-0.010242465837302945
30,0.7134533333333333,0.0005552611132334049,0.13591286,-0.010784371746865608
30,0.7134533333333333,0.0006744652628685667,0.13591286,-0.011327672112833457
30,0.7134533333333333,0.0007863034775555397,0.13591286,-0.011872891765196462
30,0.7134533333333333,0.0008877899009166672,0.13591286,-0.012420808706144953
30,0.7134533333333333,0.0009758800698891909,0.13591286,-0.012972216208573405
30,0.7134533333333333,0.0010474493227886406,0.13591286,-0.013527928442129347
30,0.7134533333333333,0.001099635185732304,0.13591286,-0.014088691260152268
30,0.7134533333333333,0.0011318793529305564,0.13591286,-0.014654650136192219
30,0.7134533333333333,0.001144484111496012,0.13591286,-0.015225726305564643
30,0.7134533333333333,0.0011360860848595334,0.13591286,-0.015802275013071323
30,0.7134533333333333,0.0011028048935551155,0.13591286,-0.01638530734007118
30,0.7134533333333333,0.0010403745878200508,0.13591286,-0.01697593483308201
30,0.7134533333333333,0.0009438166839833267,0.13591286,-0.01757545469823521
30,0.7134533333333333,0.0008756438470363449,0.13591286,-0.01788039823114914
30,0.7134533333333333,0.0007869525011800863,0.13591286,-0.01819068811795778
30,0.7134533333333333,0.0006686555256618862,0.13591286,-0.018508692121525498
30,0.7134533333333333,0.0005028192748415554,0.13591286,-0.01883908307732191
30,0.7134533333333333,0.0003270589378259112,0.13591286,-0.019114623828114942
30,0.7134533333333333,0.0002279077784049057,0.13591286,-0.0192553310010357
30,0.7134533333333333,0.00010753174529106596,0.13591286,-0.019401568580022226
30,0.7134533333333333,2.5267515826194733e-05,0.13591286,-0.019480439602652052
30,0.7134533333333333,-3.174238372441602e-05,0.13591286,-0.019524012269209454
30,0.7134533333333333,-7.105564005686291e-05,0.13591286,-0.019548614841821743
30,0.7134533333333333,-0.00013969999999999998,0.13591286,-0.01958086
30,0.7134533333333333,-0.0002872526168234288,0.13591286,-0.019604947665706304
30,0.7134533333333333,-0.0003299856350667258,0.13591286,-0.019601723275181407
30,0.7134533333333333,-0.00039465863659279154,0.13591286,-0.019589856609043783
30,0.7134533333333333,-0.0004919961358939365,0.13591286,-0.019557783061139342
30,0.7134533333333333,-0.0006364236134300633,0.13591286,-0.019480543345825833
30,0.7134533333333333,-0.00074733732077688,0.13591286,-0.019394571198902883
30,0.7134533333333333,-0.0009051538970932874,0.13591286,-0.01920594808124114
30,0.7134533333333333,-0.001047197070470435,0.13591286,-0.018955778956667297
30,0.7134533333333333,-0.0011763529422506255,0.13591286,-0.018702251884623204
30,0.7134533333333333,-0.0012934358369004932,0.13591286,-0.018445579047524408
30,0.7134533333333333,-0.0013968973041084839,0.13591286,-0.018185356977292868
30,0.7134533333333333,-0.001578119664827518,0.13591286,-0.01765821623119979
30,0.7134533333333333,-0.0017466120366306495,0.13591286,-0.017127758527421287
30,0.7134533333333333,-0.0019047896318564175,0.13591286,-0.01659461317971255
30,0.7134533333333333,-0.0020534791132209513,0.13591286,-0.016058995585374214
30,0.7134533333333333,-0.0021940592801052545,0.13591286,-0.015521265007814408
30,0.7134533333333333,-0.0023278595788923558,0.13591286,-0.014981767850900943
30,0.7134533333333333,-0.002456175525779172,0.13591286,-0.014440841677567632
30,0.7134533333333333,-0.002580244030277523,0.13591286,-0.013898808780044153
30,0.7134533333333333,-0.0027010644905964584,0.13591286,-0.013355929564022307
30,0.7134533333333333,-0.002819562275448064,0.13591286,-0.012812445145883394
30,0.7134533333333333,-0.0029366689226691693,0.13591286,-0.01226859824945126
30,0.7134533333333333,-0.0030533159700966055,0.13591286,-0.011724631598549752
30,0.7134533333333333,-0.0031702807274485247,0.13591286,-0.01118074773093915
30,0.7134533333333333,-0.0032876310550971457,0.13591286,-0.010636964328487429
30,0.7134533333333333,-0.003405237401422776,0.13591286,-0.010093247634901199
30,0.7134533333333333,-0.0035229732993680984,0.13591286,-0.009549564697608348
30,0.7134533333333333,-0.0036407061127510473,0.13591286,-0.00900588095659423
30,0.7134533333333333,-0.0037583340510132933,0.13591286,-0.008462169889056898
30,0.7134533333333333,-0.0038758540295924624,0.13591286,-0.007918430691275078
30,0.7134533333333333,-0.0039933092323617865,0.13591286,-0.007374674615346568
30,0.7134533333333333,-0.004110727420382626,0.13591286,-0.006830908894762809
30,0.7134533333333333,-0.004228145608403467,0.13591286,-0.006287143174179046
30,0.7134533333333333,-0.004345594642048043,0.13591286,-0.005743385490807993
30,0.7134533333333333,-0.004463071436753981,0.13591286,-0.0051996350409283815
30,0.7134533333333333,-0.0045805667388341634,0.13591286,-0.004655889413376394
30,0.7134533333333333,-0.00469806821003909,0.13591286,-0.004112145393266951
30,0.7134533333333333,-0.004815572765806391,0.13591286,-0.0035684021768787808
30,0.7134533333333333,-0.004933068067886572,0.13591286,-0.003024656549326793
30,0.7134533333333333,-0.005050557200842005,0.13591286,-0.0024809093143322615
30,0.7134533333333333,-0.0051680432492350655,0.13591286,-0.00193716127561646
30,0.7134533333333333,-0.005285523128503378,0.13591286,-0.0013934116294581217
30,0.7134533333333333,-0.005403006092334062,0.13591286,-0.0008496627870210535
30,0.7134533333333333,-0.00552048905616475,0.13591286,-0.0003059139445839819
30,0.7134533333333333,-0.00563797510455781,0.13591286,0.0002378340941318162
30,0.7134533333333333,-0.005755461152950869,0.13591286,0.0007815821328476212
30,0.7134533333333333,-0.0058729472013439275,0.13591286,0.0013253301715634158
30,0.7134533333333333,-0.005990433249736988,0.13591286,0.0018690782102792174
30,0.7134533333333333,-0.006107919298130048,0.13591286,0.002412826248995012
30,0.7134533333333333,-0.006225405346523107,0.13591286,0.0029565742877108135
30,0.7134533333333333,-0.006342891394916167,0.13591286,0.0035003223264266185
30,0.7134533333333333,-0.006460377443309228,0.13591286,0.004044070365142413
30,0.7134533333333333,-0.006577863491702286,0.13591286,0.004587818403858215
30,0.7134533333333333,-0.006695349540095347,0.13591286,0.005131566442574013
30,0.7134533333333333,-0.006812835588488407,0.13591286,0.005675314481289811
30,0.7134533333333333,-0.006930321636881466,0.13591286,0.006219062520005609
30,0.7134533333333333,-0.006989066203359182,0.13591286,0.006490936137502873
30,0.7134533333333333,-0.007047810769836899,0.13591286,0.00676280975500014
30,0.7134533333333333,-0.007106552251752243,0.13591286,0.007034684176218678
30,0.7134533333333333,-0.007165293733667586,0.13591286,0.007306558597437212
31,0.7371066666666667,-0.007123915557970525,0.14041882,0.00702027791271044
31,0.7371066666666667,-0.006987570179761569,0.14041882,0.006777376130504702
31,0.7371066666666667,-0.006851379372752541,0.14041882,0.006534435273660964
31,0.7371066666666667,-0.006715521488327976,0.14041882,0.006291410256058432
31,0.7371066666666667,-0.006580165960303177,0.14041882,0.006048258245882385
31,0.7371066666666667,-0.006311598093391054,0.14041882,0.0055614124406456085
31,0.7371066666666667,-0.006046270276631282,0.14041882,0.005073747570881377
31,0.7371066666666667,-0.005784057664054687,0.14041882,0.004585295196874228
31,0.7371066666666667,-0.005524826492122869,0.14041882,0.004096089133214752
31,0.7371066666666667,-0.005268618376158887,0.14041882,0.003606118859808098
31,0.7371066666666667,-0.005015540326993461,0.14041882,0.0031153573249817976
31,0.7371066666666667,-0.004765693410411158,0.14041882,0.002623778979934075
31,0.7371066666666667,-0.004519169774627322,0.14041882,0.002131360530169206
31,0.7371066666666667,-0.004276052650288067,0.14041882,0.0016380809354974851
31,0.7371066666666667,-0.004036386625239526,0.14041882,0.0011439289243887173
31,0.7371066666666667,-0.003800210342281683,0.14041882,0.0006488947281834065
31,0.7371066666666667,-0.003567559471691443,0.14041882,0.000152969329657391
31,0.7371066666666667,-0.0033384577936534116,0.14041882,-0.00034385328267209567
31,0.7371066666666667,-0.00311297070367525,0.14041882,-0.0008415896403826707
31,0.7371066666666667,-0.002891380591449136,0.14041882,-0.0013403111298322355
31,0.7371066666666667,-0.0026740322696518328,0.14041882,-0.0018401049175209537
31,0.7371066666666667,-0.0024612705509601037,0.14041882,-0.0023410581699490063
31,0.7371066666666667,-0.002253428357958414,0.14041882,-0.0028432550478751685
31,0.7371066666666667,-0.002050817805569693,0.14041882,-0.003346774452010804
31,0.7371066666666667,-0.0018535250969631332,0.14041882,-0.0038516381739809504
31,0.7371066666666667,-0.0016615740123233384,0.14041882,-0.004357852225268388
31,0.7371066666666667,-0.0014749704966964595,0.14041882,-0.004865418108743802
31,0.7371066666666667,-0.0012937353577440257,0.14041882,-0.005374341084454618
31,0.7371066666666667,-0.0011179310184506247,0.14041882,-0.005884636932543109
31,0.7371066666666667,-0.0009479082365391696,0.14041882,-0.006396394322380134
31,0.7371066666666667,-0.0007841485607479008,0.14041882,-0.006909734986491797
31,0.7371066666666667,-0.0006271246222458304,0.14041882,-0.007424778403098157
31,0.7371066666666667,-0.00047731499724812376,0.14041882,-0.007941645553289965
31,0.7371066666666667,-0.0003351001687084482,0.14041882,-0.008460432620791547
31,0.7371066666666667,-0.0002001561316115713,0.14041882,-0.008981057699150159
31,0.7371066666666667,-7.18735187270049e-05,0.14041882,-0.009503366744119808
31,0.7371066666666667,5.036000969881537e-05,0.14041882,-0.010027204960019161
31,0.7371066666666667,0.0001671508483733023,0.14041882,-0.010552419054037575
31,0.7371066666666667,0.00027878435951170786,0.14041882,-0.011078936888381801
31,0.7371066666666667,0.00038331948554569774,0.14041882,-0.011607249150332974
31,0.7371066666666667,0.0004778788241381382,0.14041882,-0.0121380832293063
31,0.7371066666666667,0.0005595284950134599,0.14041882,-0.012672180791988568
31,0.7371066666666667,0.0006252573322961305,0.14041882,-0.013210303042385574
31,0.7371066666666667,0.0006723068345720382,0.14041882,-0.013753147312498675
31,0.7371066666666667,0.000700138975164509,0.14041882,-0.014300849612125547
31,0.7371066666666667,0.0007090450613349456,0.14041882,-0.01485333630060226
31,0.7371066666666667,0.0006977112378839554,0.14041882,-0.01541093951235187
31,0.7371066666666667,0.000662398070782495,0.14041882,-0.01597460455304001
31,0.7371066666666667,0.000598994560617077,0.14041882,-0.016545370657750604
31,0.7371066666666667,0.0005027030551437622,0.14041882,-0.017124450643132567
31,0.7371066666666667,0.00043538601483133837,0.14041882,-0.017418837018089453
31,0.7371066666666667,0.000348295751020349,0.14041882,-0.01771822194096987
31,0.7371066666666667,0.0002326752107302205,0.14041882,-0.018024819140303995
31,0.7371066666666667,7.124214479969926e-05,0.14041882,-0.018342997461195158
31,0.7371066666666667,-9.943045531016583e-05,0.14041882,-0.01860803766969578
31,0.7371066666666667,-0.0001956283546831618,0.14041882,-0.01874330351870144
31,0.7371066666666667,-0.0003122801853390247,0.14041882,-0.018883739994324928
31,0.7371066666666667,-0.000391880448318675,0.14041882,-0.018959336254910083
31,0.7371066666666667,-0.00044698164233989915,0.14041882,-0.019001002398647694
31,0.7371066666666667,-0.00048494796020724206,0.14041882,-0.019024468499969905
31,0.7371066666666667,-0.00055118,0.14041882,-0.01905508
31,0.7371066666666667,-0.0006932921025726151,0.14041882,-0.019077136603391463
31,0.7371066666666667,-0.0007343919259918544,0.14041882,-0.01907365793084526
31,0.7371066666666667,-0.0007965537947780437,0.14041882,-0.019061635160083495
31,0.7371066666666667,-0.0008900316603954288,0.14041882,-0.019029791973971505
31,0.7371066666666667,-0.0010285649907294722,0.14041882,-0.018953864719956436
31,0.7371066666666667,-0.001134801857847654,0.14041882,-0.018869773120903908
31,0.7371066666666667,-0.0012855897932201811,0.14041882,-0.01868599613649262
31,0.7371066666666667,-0.0014208531730296368,0.14041882,-0.018442820831820833
31,0.7371066666666667,-0.0015436973514294404,0.14041882,-0.018196506030272244
31,0.7371066666666667,-0.0016549070745115369,0.14041882,-0.01794725011077827
31,0.7371066666666667,-0.001752990135692,0.14041882,-0.017694675852795074
31,0.7371066666666667,-0.0019243891957874347,0.14041882,-0.01718326637752338
31,0.7371066666666667,-0.0020835206531500707,0.14041882,-0.01666875572857754
31,0.7371066666666667,-0.0022327119933480636,0.14041882,-0.016151732279833703
31,0.7371066666666667,-0.002372759852565662,0.14041882,-0.015632397415964675
31,0.7371066666666667,-0.002504992948617636,0.14041882,-0.015111087028570246
31,0.7371066666666667,-0.002630692438949549,0.14041882,-0.01458812498628467
31,0.7371066666666667,-0.0027511067832531326,0.14041882,-0.014063826891953386
31,0.7371066666666667,-0.002867427963281682,0.14041882,-0.01353849407115026
31,0.7371066666666667,-0.0029806190765116762,0.14041882,-0.013012369988927488
31,0.7371066666666667,-0.003091571879865781,0.14041882,-0.012485680075888959
31,0.7371066666666667,-0.0032011840753128117,0.14041882,-0.01195865126550925
31,0.7371066666666667,-0.003310353364821585,0.14041882,-0.01143151049126295
31,0.7371066666666667,-0.0034198288242071407,0.14041882,-0.010904447114857312
31,0.7371066666666667,-0.00352967584897714,0.14041882,-0.010377477667869965
31,0.7371066666666667,-0.00363976959316241,0.14041882,-0.009850570590016358
31,0.7371066666666667,-0.003749988183316853,0.14041882,-0.009323695072447295
31,0.7371066666666667,-0.0038602038009482214,0.14041882,-0.008796818803442887
31,0.7371066666666667,-0.003970318352795019,0.14041882,-0.008269916985636703
31,0.7371066666666667,-0.004080328866334175,0.14041882,-0.007742988867593399
31,0.7371066666666667,-0.0041902769568887424,0.14041882,-0.007216044969407824
31,0.7371066666666667,-0.004300189377166403,0.14041882,-0.006689092053998095
31,0.7371066666666667,-0.004410101797444065,0.14041882,-0.0061621391385883635
31,0.7371066666666667,-0.004520043942952483,0.14041882,-0.005635193737532095
31,0.7371066666666667,-0.00463001284116858,0.14041882,-0.0051082550993939435
31,0.7371066666666667,-0.00473999957452313,0.14041882,-0.004581320969867868
31,0.7371066666666667,-0.004849992252923831,0.14041882,-0.0040543883432124905
31,0.7371066666666667,-0.004959987903847608,0.14041882,-0.0035274564679924555
31,0.7371066666666667,-0.005069974637202158,0.14041882,-0.003000522338466382
31,0.7371066666666667,-0.005179955425510557,0.14041882,-0.0024735867060696123
31,0.7371066666666667,-0.005289933241295882,0.14041882,-0.0019466503222375052
31,0.7371066666666667,-0.005399905112035054,0.14041882,-0.0014197124355346986
31,0.7371066666666667,-0.005509879955297301,0.14041882,-0.0008927753002672401
31,0.7371066666666667,-0.005619854798559549,0.14041882,-0.0003658381649997815
31,0.7371066666666667,-0.005729832614344873,0.14041882,0.00016109821883232914
31,0.7371066666666667,-0.005839810430130196,0.14041882,0.0006880346026644432
31,0.7371066666666667,-0.005949788245915521,0.14041882,0.0012149709864965538
31,0.7371066666666667,-0.006059766061700844,0.14041882,0.001741907370328668
31,0.7371066666666667,-0.006169743877486167,0.14041882,0.002268843754160775
31,0.7371066666666667,-0.006279721693271491,0.14041882,0.0027957801379928926
31,0.7371066666666667,-0.0063896995090568145,0.14041882,0.0033227165218250067
31,0.7371066666666667,-0.006499677324842138,0.14041882,0.0038496529056571173
31,0.7371066666666667,-0.006609655140627462,0.14041882,0.004376589289489228
31,0.7371066666666667,-0.0067196329564127855,0.14041882,0.004903525673321342
31,0.7371066666666667,-0.006829610772198109,0.14041882,0.005430462057153453
31,0.7371066666666667,-0.006939588587983432,0.14041882,0.005957398440985563
31,0.7371066666666667,-0.006994578982137632,0.14041882,0.006220866257183946
31,0.7371066666666667,-0.007049569376291831,0.14041882,0.006484334073382333
31,0.7371066666666667,-0.007104556797922956,0.14041882,0.00674780264101606
31,0.7371066666666667,-0.007159544219554079,0.14041882,0.007011271208649791
32,0.76076,-0.007113180485964997,0.14492478,0.006693136067004158
32,0.76076,-0.006984082147147413,0.14492478,0.0064585521760584345
32,0.76076,-0.0068551318141439575,0.14492478,0.006223931952487844
32,0.76076,-0.006726500262894006,0.14492478,0.005989233474032924
32,0.76076,-0.006598349730539968,0.14492478,0.00575441691454719
32,0.76076,-0.006344100823370078,0.14492478,0.005284280029757869
32,0.76076,-0.0060929543457655475,0.14492478,0.004813381557255001
32,0.76076,-0.00584479075456881,0.14492478,0.004341750842620215
32,0.76076,-0.005599481967825333,0.14492478,0.003869419327548102
32,0.76076,-0.005357067833254306,0.14492478,0.003396377230178122
32,0.76076,-0.005117650816419354,0.14492478,0.002922599397154599
32,0.76076,-0.004881327690352792,0.14492478,0.0024480620725305102
32,0.76076,-0.004648186689289963,0.14492478,0.001972743596471798
32,0.76076,-0.004418307508669247,0.14492478,0.0014966244052573748
32,0.76076,-0.004191732842475484,0.14492478,0.0010196940183223799
32,0.76076,-0.003968499692162208,0.14492478,0.0005419433525105967
32,0.76076,-0.0037486422129172944,0.14492478,6.336402337012853e-05
32,0.76076,-0.0035321831748659936,0.14492478,-0.00041604955873360966
32,0.76076,-0.003319185195852745,0.14492478,-0.0008963127652957571
32,0.76076,-0.0031099186711148943,0.14492478,-0.0013774919732271358
32,0.76076,-0.0029047137674685724,0.14492478,-0.0018596682322293626
32,0.76076,-0.0027039006517299087,0.14492478,-0.002342922592004061
32,0.76076,-0.0025077981056524086,0.14492478,-0.0028273333074355644
32,0.76076,-0.0023167049871299825,0.14492478,-0.0033129737424779267
32,0.76076,-0.002130703837866663,0.14492478,-0.0037998641595565485
32,0.76076,-0.0019498174279876995,0.14492478,-0.004288010148306036
32,0.76076,-0.0017740514500244058,0.14492478,-0.004777413106135031
32,0.76076,-0.0016034258278363753,0.14492478,-0.005268077923973803
32,0.76076,-0.001438000333002391,0.14492478,-0.005760019274613169
32,0.76076,-0.001278110824869894,0.14492478,-0.006253319605163395
32,0.76076,-0.001124218398475204,0.14492478,-0.00674809210572503
32,0.76076,-0.000976775610057672,0.14492478,-0.0072444478702856484
32,0.76076,-0.0008362407083879611,0.14492478,-0.007742499390241464
32,0.76076,-0.0007029780154700762,0.14492478,-0.008242336099746
32,0.76076,-0.0005766772883474808,0.14492478,-0.008743881840027902
32,0.76076,-0.00045675504256063664,0.14492478,-0.009246993376700671
32,0.76076,-0.000342624947384347,0.14492478,-0.0097515267766735
32,0.76076,-0.00023370636462472698,0.14492478,-0.010257339504264214
32,0.76076,-0.00012972605277877444,0.14492478,-0.010764364483857678
32,0.76076,-3.25426233200465e-05,0.14492478,-0.011273057969377696
32,0.76076,5.508873859616482e-05,0.14492478,-0.011784096306610235
32,0.76076,0.000130358768767101,0.14492478,-0.012298169116723434
32,0.76076,0.00019038420008293626,0.14492478,-0.01281598418719786
32,0.76076,0.0002325236980146322,0.14492478,-0.013338189915646512
32,0.76076,0.0002562620884784011,0.14492478,-0.013864912767552095
32,0.76076,0.00026187830550855856,0.14492478,-0.014396084269890825
32,0.76076,0.00024811429968502345,0.14492478,-0.014932013249974065
32,0.76076,0.000211389468812181,0.14492478,-0.015473578677841849
32,0.76076,0.0001477674274873792,0.14492478,-0.016021746861574756
32,0.76076,5.265430294136206e-05,0.14492478,-0.016577645509952287
32,0.76076,-1.3259249681901622e-05,0.14492478,-0.01686010112768096
32,0.76076,-9.810616145081977e-05,0.14492478,-0.017147204526575217
32,0.76076,-0.0002102715309888287,0.14492478,-0.0174410140895746
32,0.76076,-0.00036630354682161,0.14492478,-0.017745592083620892
32,0.76076,-0.0005308914907062345,0.14492478,-0.017999015378269114
32,0.76076,-0.0006235857173566377,0.14492478,-0.018128280091194406
32,0.76076,-0.0007358650979879863,0.14492478,-0.018262352588575562
32,0.76076,-0.0008123755116057424,0.14492478,-0.018334389464115523
32,0.76076,-0.0008652818708803836,0.14492478,-0.018374004482395106
32,0.76076,-0.0009017083653773514,0.14492478,-0.018396260251487422
32,0.76076,-0.0009651999999999999,0.14492478,-0.01842516
32,0.76076,-0.0011012031252268582,0.14492478,-0.018445232437581224
32,0.76076,-0.0011404844509216017,0.14492478,-0.018441561504812333
32,0.76076,-0.001199860425522024,0.14492478,-0.018429509673424094
32,0.76076,-0.0012890766760075263,0.14492478,-0.01839815555587383
32,0.76076,-0.0014211435094375342,0.14492478,-0.018324065427329606
32,0.76076,-0.0015222856665119294,0.14492478,-0.018242383876301303
32,0.76076,-0.0016655042757613482,0.14492478,-0.018064521262105754
32,0.76076,-0.001793566573880041,0.14492478,-0.017829683042785965
32,0.76076,-0.0019097371740867462,0.14492478,-0.017591925636799035
32,0.76076,-0.002014767490514724,0.14492478,-0.017351433502086594
32,0.76076,-0.0021072286978045165,0.14492478,-0.017107855889077817
32,0.76076,-0.0022684360269358767,0.14492478,-0.016614879058629767
32,0.76076,-0.0024178968177037195,0.14492478,-0.016119018675435113
32,0.76076,-0.002557839696116922,0.14492478,-0.015620821824979831
32,0.76076,-0.0026890274613713704,0.14492478,-0.015120475760022843
32,0.76076,-0.002812732394215427,0.14492478,-0.014618292801397134
32,0.76076,-0.002930181235146953,0.14492478,-0.014114574090666503
32,0.76076,-0.003042569415741593,0.14492478,-0.01360961308364717
32,0.76076,-0.0031510382885275184,0.14492478,-0.01310368996077321
32,0.76076,-0.0032565100435773685,0.14492478,-0.012597031102245705
32,0.76076,-0.003359838560588031,0.14492478,-0.012089846119361963
32,0.76076,-0.003461883411787705,0.14492478,-0.011582346020827937
32,0.76076,-0.003563504169404592,0.14492478,-0.011074741815349587
32,0.76076,-0.0036654180923840767,0.14492478,-0.010567209576416643
32,0.76076,-0.003767687798570598,0.14492478,-0.010059764675524243
32,0.76076,-0.0038701937448065915,0.14492478,-0.009552377767090765
32,0.76076,-0.0039728192342001496,0.14492478,-0.009045020204238908
32,0.76076,-0.004075441877328051,0.14492478,-0.008537661942682727
32,0.76076,-0.004177967747423639,0.14492478,-0.008030279925179521
32,0.76076,-0.004280393998221257,0.14492478,-0.007522873453024959
32,0.76076,-0.004382760477440092,0.14492478,-0.007015452308079586
32,0.76076,-0.004485092801471052,0.14492478,-0.006508022778682322
32,0.76076,-0.004587425125502012,0.14492478,-0.006000593249285058
32,0.76076,-0.004689785912189535,0.14492478,-0.005493170706931037
32,0.76076,-0.0047921723152679644,0.14492478,-0.004985754452915934
32,0.76076,-0.004894575795940332,0.14492478,-0.0044783423911267765
32,0.76076,-0.004996984969144011,0.14492478,-0.003970931726746275
32,0.76076,-0.005099396988613347,0.14492478,-0.0034635217610700913
32,0.76076,-0.005201800469285714,0.14492478,-0.0029561096992809354
32,0.76076,-0.005304198257426769,0.14492478,-0.0024486962400831307
32,0.76076,-0.005406593199302167,0.14492478,-0.0019412820821810006
32,0.76076,-0.005508982448646253,0.14492478,-0.0014338665268702235
32,0.76076,-0.005611374544255994,0.14492478,-0.0009264516702637733
32,0.76076,-0.005713766639865736,0.14492478,-0.0004190368136573232
32,0.76076,-0.005816161581741135,0.14492478,8.837734424481034e-05
32,0.76076,-0.005918556523616533,0.14492478,0.0005957915021469369
32,0.76076,-0.006020951465491932,0.14492478,0.001103205660049067
32,0.76076,-0.00612334640736733,0.14492478,0.001610619817951197
32,0.76076,-0.006225741349242728,0.14492478,0.0021180339758533236
32,0.76076,-0.006328136291118126,0.14492478,0.00262544813375545
32,0.76076,-0.006430531232993525,0.14492478,0.00313286229165758
32,0.76076,-0.006532926174868923,0.14492478,0.0036402764495597102
32,0.76076,-0.006635321116744322,0.14492478,0.00414769060746184
32,0.76076,-0.00673771605861972,0.14492478,0.004655104765363967
32,0.76076,-0.006840111000495117,0.14492478,0.005162518923266097
32,0.76076,-0.006942505942370516,0.14492478,0.0056699330811682234
32,0.76076,-0.006993704836441043,0.14492478,0.005923639810767125
32,0.76076,-0.0070449037305115704,0.14492478,0.0061773465403660265
32,0.76076,-0.0070960997783164415,0.14492478,0.006431053968669255
32,0.76076,-0.0071472958261213125,0.14492478,0.0066847613969724835
33,0.7844133333333332,-0.007102445145298974,0.14943073999999998,0.006337761262081739
33,0.7844133333333332,-0.006980997049958439,0.14943073999999998,0.0061129186548163975
33,0.7844133333333332,-0.006859689734890531,0.14943073999999998,0.005888042461179476
33,0.7844133333333332,-0.0067386856388713555,0.14943073999999998,0.005663093927665317
33,0.7844133333333332,-0.006618139078738215,0.14943073999999998,0.005438036238443543
33,0.7844133333333332,-0.0063789979310981465,0.14943073999999998,0.004987455172040245
33,0.7844133333333332,-0.0061428077545573525,0.14943073999999998,0.004536170083617376
33,0.7844133333333332,-0.005909454841972553,0.14943073999999998,0.0040842081006289
33,0.7844133333333332,-0.005678817364261671,0.14943073999999998,0.0036315982882040576
33,0.7844133333333332,-0.005450933223805798,0.14943073999999998,0.003178331603858206
33,0.7844133333333332,-0.005225899883870598,0.14943073999999998,0.0027243847954879392
33,0.7844133333333332,-0.005003809393095865,0.14943073999999998,0.0022697359027733788
33,0.7844133333333332,-0.004784745678182586,0.14943073999999998,0.001814364903069944
33,0.7844133333333332,-0.004568784543892946,0.14943073999999998,0.001358253711408311
33,0.7844133333333332,-0.004355966599920969,0.14943073999999998,0.0009013926394120624
33,0.7844133333333332,-0.004146327041334814,0.14943073999999998,0.00044377329048831543
33,0.7844133333333332,-0.003939898355889701,0.14943073999999998,-1.4612086064076657e-05
33,0.7844133333333332,-0.0037367022020891134,0.14943073999999998,-0.0004737686573791852
33,0.7844133333333332,-0.0035367981408176204,0.14943073999999998,-0.0009337106330757593
33,0.7844133333333332,-0.0033404433668040587,0.14943073999999998,-0.0013944993728711164
33,0.7844133333333332,-0.0031479519283489008,0.14943073999999998,-0.0018562098002095247
33,0.7844133333333332,-0.002959637873752621,0.14943073999999998,-0.002318916838535275
33,0.7844133333333332,-0.002775804422063951,0.14943073999999998,-0.0027826928277256083
33,0.7844133333333332,-0.002596735841141078,0.14943073999999998,-0.003247605586415434
33,0.7844133333333332,-0.0024225106430591195,0.14943073999999998,-0.0037136738454658265
33,0.7844133333333332,-0.002253150486321557,0.14943073999999998,-0.004180902772010874
33,0.7844133333333332,-0.0020886607855542605,0.14943073999999998,-0.004649293657834102
33,0.7844133333333332,-0.0019290604919477757,0.14943073999999998,-0.005118851024177829
33,0.7844133333333332,-0.0017744064590737405,0.14943073999999998,-0.005589588434769047
33,0.7844133333333332,-0.0016250181498584973,0.14943073999999998,-0.006061582104835558
33,0.7844133333333332,-0.0014813341489975339,0.14943073999999998,-0.006534936668842658
33,0.7844133333333332,-0.0013437849192475346,0.14943073999999998,-0.007009754823580357
33,0.7844133333333332,-0.0012128063379910512,0.14943073999999998,-0.00748614055762219
33,0.7844133333333332,-0.001088744941283778,0.14943073999999998,-0.007964176545113574
33,0.7844133333333332,-0.0009713056320157878,0.14943073999999998,-0.008443792383852552
33,0.7844133333333332,-0.0008599334110353841,0.14943073999999998,-0.0089248556660281
33,0.7844133333333332,-0.0007540705718779323,0.14943073999999998,-0.009407233337937443
33,0.7844133333333332,-0.0006531648227046697,0.14943073999999998,-0.009890793637661315
33,0.7844133333333332,-0.0005569562614738263,0.14943073999999998,-0.010375474559590654
33,0.7844133333333332,-0.0004672127635320293,0.14943073999999998,-0.010861697871045448
33,0.7844133333333332,-0.00038655500780046775,0.14943073999999998,-0.011350088795250412
33,0.7844133333333332,-0.0003176551121460958,0.14943073999999998,-0.011841284827373734
33,0.7844133333333332,-0.00026325558457218276,0.14943073999999998,-0.012335940255769381
33,0.7844133333333332,-0.0002258688114825122,0.14943073999999998,-0.012834654467991638
33,0.7844133333333332,-0.00020598481651833882,0.14943073999999998,-0.013337544370449253
33,0.7844133333333332,-0.00020333828301202176,0.14943073999999998,-0.013844546665749642
33,0.7844133333333332,-0.00021912584328088016,0.14943073999999998,-0.014355946838051204
33,0.7844133333333332,-0.00025675329699728524,0.14943073999999998,-0.014872557419189372
33,0.7844133333333332,-0.0003199648579504961,0.14943073999999998,-0.015395271677469716
33,0.7844133333333332,-0.0004131301292177832,0.14943073999999998,-0.01592513208219461
33,0.7844133333333332,-0.0004771735796264301,0.14943073999999998,-0.01619422796347012
33,0.7844133333333332,-0.0005592260756794399,0.14943073999999998,-0.016467620316740317
33,0.7844133333333332,-0.000667263361283652,0.14943073999999998,-0.016747211939133325
33,0.7844133333333332,-0.0008170257538438064,0.14943073999999998,-0.017036758045348047
33,0.7844133333333332,-0.0009746568295954409,0.14943073999999998,-0.017277418038222067
33,0.7844133333333332,-0.0010633648889361563,0.14943073999999998,-0.017400108123154054
33,0.7844133333333332,-0.0011707019685833755,0.14943073999999998,-0.017527242589294004
33,0.7844133333333332,-0.00124374674708358,0.14943073999999998,-0.017595432469698007
33,0.7844133333333332,-0.0012942050296671696,0.14943073999999998,-0.01763285213774015
33,0.7844133333333332,-0.0013289205954835962,0.14943073999999998,-0.017653825176492038
33,0.7844133333333332,-0.00138938,0.14943073999999998,-0.01768094
33,0.7844133333333332,-0.0015186761591055775,0.14943073999999998,-0.017699095730025902
33,0.7844133333333332,-0.001555972410050188,0.14943073999999998,-0.017695302766226897
33,0.7844133333333332,-0.001612314915443821,0.14943073999999998,-0.01768336288226747
33,0.7844133333333332,-0.0016969061399034324,0.14943073999999998,-0.017652780695543917
33,0.7844133333333332,-0.001821986461109685,0.14943073999999998,-0.01758109474530888
33,0.7844133333333332,-0.001917651827275949,0.14943073999999998,-0.01750239118108974
33,0.7844133333333332,-0.002052800401579038,0.14943073999999998,-0.0173315805068256
33,0.7844133333333332,-0.002173263035011191,0.14943073999999998,-0.017106502794959226
33,0.7844133333333332,-0.0022824145150004468,0.14943073999999998,-0.016878726547315075
33,0.7844133333333332,-0.002380969572161676,0.14943073999999998,-0.01664842227931807
33,0.7844133333333332,-0.0024675691354014515,0.14943073999999998,-0.01641526575330415
33,0.7844133333333332,-0.0026182109305056514,0.14943073999999998,-0.015943571131123015
33,0.7844133333333332,-0.0027576796451266455,0.14943073999999998,-0.015469210913643922
33,0.7844133333333332,-0.0028880951052926256,0.14943073999999998,-0.014992690834115783
33,0.7844133333333332,-0.003010182870870202,0.14943073999999998,-0.014514183991530576
33,0.7844133333333332,-0.00312515311074137,0.14943073999999998,-0.014033979099505496
33,0.7844133333333332,-0.003234172676781162,0.14943073999999998,-0.013552354537389571
33,0.7844133333333332,-0.0033383786404223258,0.14943073999999998,-0.01306958157972245
33,0.7844133333333332,-0.0034388566341518405,0.14943073999999998,-0.012585919229100328
33,0.7844133333333332,-0.0035364838273606826,0.14943073999999998,-0.01210157675445379
33,0.7844133333333332,-0.0036320724139293856,0.14943073999999998,-0.011616747923311164
33,0.7844133333333332,-0.0037264400023643528,0.14943073999999998,-0.01113162779498429
33,0.7844133333333332,-0.0038204042011719887,0.14943073999999998,-0.010646411428785018
33,0.7844133333333332,-0.003914647253211941,0.14943073999999998,-0.010161261589437136
33,0.7844133333333332,-0.004009228719368783,0.14943073999999998,-0.009676192486559385
33,0.7844133333333332,-0.004104034892499238,0.14943073999999998,-0.00919117699269781
33,0.7844133333333332,-0.004198954772772968,0.14943073999999998,-0.008706188626290195
33,0.7844133333333332,-0.004293871945733763,0.14943073999999998,-0.00822119961399082
33,0.7844133333333332,-0.004388697070054765,0.14943073999999998,-0.00773618864137157
33,0.7844133333333332,-0.004483427438423037,0.14943073999999998,-0.007251155062540683
33,0.7844133333333332,-0.004578100953219673,0.14943073999999998,-0.006766107919982809
33,0.7844133333333332,-0.004672741980261087,0.14943073999999998,-0.0062810530267238054
33,0.7844133333333332,-0.004767383007302501,0.14943073999999998,-0.005795998133464802
33,0.7844133333333332,-0.004862051107473266,0.14943073999999998,-0.005310949699123409
33,0.7844133333333332,-0.004956743573460447,0.14943073999999998,-0.004825907077807863
33,0.7844133333333332,-0.005051452283325238,0.14943073999999998,-0.004340868331842886
33,0.7844133333333332,-0.0051461664078159,0.14943073999999998,-0.0038558308776614324
33,0.7844133333333332,-0.005240883239619497,0.14943073999999998,-0.003370794069371739
33,0.7844133333333332,-0.005335591949484289,0.14943073999999998,-0.0028857553234067617
33,0.7844133333333332,-0.0054302952447232095,0.14943073999999998,-0.002400715285658262
33,0.7844133333333332,-0.0055249958326491965,0.14943073999999998,-0.0019156746020180006
33,0.7844133333333332,-0.005619691005949313,0.14943073999999998,-0.0014306326265942151
33,0.7844133333333332,-0.005714388886562363,0.14943073999999998,-0.0009455912970621969
33,0.7844133333333332,-0.005809086767175414,0.14943073999999998,-0.00046054996753017857
33,0.7844133333333332,-0.005903787355101401,0.14943073999999998,2.4490716110086436e-05
33,0.7844133333333332,-0.005998487943027387,0.14943073999999998,0.0005095313997503445
33,0.7844133333333332,-0.006093188530953374,0.14943073999999998,0.0009945720833906095
33,0.7844133333333332,-0.00618788911887936,0.14943073999999998,0.0014796127670308676
33,0.7844133333333332,-0.006282589706805346,0.14943073999999998,0.0019646534506711257
33,0.7844133333333332,-0.006377290294731332,0.14943073999999998,0.002449694134311387
33,0.7844133333333332,-0.006471990882657318,0.14943073999999998,0.0029347348179516487
33,0.7844133333333332,-0.0065666914705833045,0.14943073999999998,0.003419775501591907
33,0.7844133333333332,-0.006661392058509291,0.14943073999999998,0.003904816185232172
33,0.7844133333333332,-0.006756092646435278,0.14943073999999998,0.00438985686887243
33,0.7844133333333332,-0.006850793234361263,0.14943073999999998,0.004874897552512691
33,0.7844133333333332,-0.00694549382228725,0.14943073999999998,0.005359938236152953
33,0.7844133333333332,-0.00699284546990671,0.14943073999999998,0.005602458255027198
33,0.7844133333333332,-0.007040197117526171,0.14943073999999998,0.005844978273901447
33,0.7844133333333332,-0.007087546057832697,0.14943073999999998,0.006087498938667463
33,0.7844133333333332,-0.0071348949981392224,0.14943073999999998,0.0063300196034334726
34,0.8080666666666667,-0.007083115063236976,0.1539367,0.005949418155906525
34,0.8080666666666667,-0.006969842609561112,0.1539367,0.005735786635148687
34,0.8080666666666667,-0.006856702804327543,0.1539367,0.0055221243361732245
34,0.8080666666666667,-0.00674384870343123,0.1539367,0.0053083957456521065
34,0.8080666666666667,-0.006631425709972383,0.1539367,0.005094567125923707
34,0.8080666666666667,-0.006408418944725771,0.1539367,0.004666483134641741
34,0.8080666666666667,-0.0061881926949042335,0.1539367,0.004237753984567237
34,0.8080666666666667,-0.0059706398213813,0.1539367,0.00380840453502981
34,0.8080666666666667,-0.0057556455322357505,0.1539367,0.003378461421025474
34,0.8080666666666667,-0.005543245540509742,0.1539367,0.0029479163561110383
34,0.8080666666666667,-0.005333531679740251,0.1539367,0.002516748032289677
34,0.8080666666666667,-0.005126590681601085,0.1539367,0.002084936325342169
34,0.8080666666666667,-0.004922501624971308,0.1539367,0.0016524628867157116
34,0.8080666666666667,-0.004721335935935234,0.1539367,0.001219311143523881
34,0.8080666666666667,-0.004523131878466601,0.1539367,0.0007854722174346664
34,0.8080666666666667,-0.004327922614675983,0.1539367,0.0003509384138936679
34,0.8080666666666667,-0.004135738755742373,0.1539367,-8.429736976471938e-05
34,0.8080666666666667,-0.003946600709118431,0.1539367,-0.0005202398686509034
34,0.8080666666666667,-0.003760564595298977,0.1539367,-0.0009569021043184939
34,0.8080666666666667,-0.003577872752784359,0.1539367,-0.0013943403062035373
34,0.8080666666666667,-0.003398821089638164,0.1539367,-0.0018326231334068917
34,0.8080666666666667,-0.003223705513923977,0.1539367,-0.0022718192450294165
34,0.8080666666666667,-0.003052811729979055,0.1539367,-0.0027119949326167656
34,0.8080666666666667,-0.002886407585619574,0.1539367,-0.003153212344492994
34,0.8080666666666667,-0.0027245670578614307,0.1539367,-0.00359548864543331
34,0.8080666666666667,-0.0025673105541572853,0.1539367,-0.004038828570548127
34,0.8080666666666667,-0.0024146431763703044,0.1539367,-0.004483233303615039
34,0.8080666666666667,-0.002266582781021565,0.1539367,-0.004928706987855651
34,0.8080666666666667,-0.0021231829376743045,0.1539367,-0.005375262052934775
34,0.8080666666666667,-0.001984744656255272,0.1539367,-0.005822968341730867
34,0.8080666666666667,-0.0018516811876808557,0.1539367,-0.0062719217402296135
34,0.8080666666666667,-0.001724398130072695,0.1539367,-0.006722216358750286
34,0.8080666666666667,-0.001603306183415594,0.1539367,-0.007173947491389769
34,0.8080666666666667,-0.00148873186695213,0.1539367,-0.007627190899914527
34,0.8080666666666667,-0.001380397129139796,0.1539367,-0.008081882068445304
34,0.8080666666666667,-0.0012777790290041519,0.1539367,-0.008537899659778
34,0.8080666666666667,-0.0011803520746391741,0.1539367,-0.008995121744819708
34,0.8080666666666667,-0.0010875958760020038,0.1539367,-0.00945342757825513
34,0.8080666666666667,-0.0009992655436607096,0.1539367,-0.009912760338759416
34,0.8080666666666667,-0.0009170268359387516,0.1539367,-0.010373506529719296
34,0.8080666666666667,-0.0008433490546081235,0.1539367,-0.010836239099493647
34,0.8080666666666667,-0.0007807499691408868,0.1539367,-0.011301542242328563
34,0.8080666666666667,-0.000731813673230255,0.1539367,-0.01177001554157895
34,0.8080666666666667,-0.000698907431384913,0.1539367,-0.01224220827005167
34,0.8080666666666667,-0.0006824929622213187,0.1539367,-0.012718227559619613
34,0.8080666666666667,-0.0006823202744443741,0.1539367,-0.01319801540518033
34,0.8080666666666667,-0.0006995168798136042,0.1539367,-0.013681833421583644
34,0.8080666666666667,-0.0007372918502599668,0.1539367,-0.01417042620494058
34,0.8080666666666667,-0.0007991731241622484,0.1539367,-0.014664612337462227
34,0.8080666666666667,-0.0008892779050948256,0.1539367,-0.01516534712767259
34,0.8080666666666667,-0.000950782528803331,0.1539367,-0.015419531909596587
34,0.8080666666666667,-0.001029255949399537,0.1539367,-0.015677653935821503
34,0.8080666666666667,-0.001132213211325893,0.1539367,-0.0159414569107536
34,0.8080666666666667,-0.001274485430803849,0.1539367,-0.016214382075878987
34,0.8080666666666667,-0.0014239397205956523,0.1539367,-0.016440990894522257
34,0.8080666666666667,-0.001507987969494509,0.1539367,-0.016556458065520915
34,0.8080666666666667,-0.001609589178613491,0.1539367,-0.016675998023355804
34,0.8080666666666667,-0.0016786468005099144,0.1539367,-0.016740004150418417
34,0.8080666666666667,-0.00172630653177975,0.1539367,-0.01677505396155029
34,0.8080666666666667,-0.0017590748616802274,0.1539367,-0.016794652845473174
34,0.8080666666666667,-0.0018160999999999997,0.1539367,-0.01681988
34,0.8080666666666667,-0.001937869656307251,0.1539367,-0.01683613833150012
34,0.8080666666666667,-0.0019729535555733334,0.1539367,-0.0168322830977817
34,0.8080666666666667,-0.002025925524306943,0.1539367,-0.016820582707940696
34,0.8080666666666667,-0.002105398444741138,0.1539367,-0.016791039898175913
34,0.8080666666666667,-0.0022227896101283725,0.1539367,-0.01672231241008623
34,0.8080666666666667,-0.0023124649038702566,0.1539367,-0.016647154050179126
34,0.8080666666666667,-0.002438878559151143,0.1539367,-0.016484554453976973
34,0.8080666666666667,-0.0025512224737309283,0.1539367,-0.016270707485695757
34,0.8080666666666667,-0.002652908596158456,0.1539367,-0.016054387606006054
34,0.8080666666666667,-0.002744610372371543,0.1539367,-0.015835751073551202
34,0.8080666666666667,-0.002825047234715705,0.1539367,-0.015614500760153348
34,0.8080666666666667,-0.0029646665974574983,0.1539367,-0.015167068515871886
34,0.8080666666666667,-0.003093758265557749,0.1539367,-0.014717193546510765
34,0.8080666666666667,-0.0032143196184456616,0.1539367,-0.014265339301000778
34,0.8080666666666667,-0.0033270343057853827,0.1539367,-0.013811664405540457
34,0.8080666666666667,-0.003433042593994352,0.1539367,-0.013356433434423625
34,0.8080666666666667,-0.0035334439345846846,0.1539367,-0.012899901491723298
34,0.8080666666666667,-0.003629309718821089,0.1539367,-0.012442317170735684
34,0.8080666666666667,-0.0037216628702682023,0.1539367,-0.011983917818869781
34,0.8080666666666667,-0.0038113298907587988,0.1539367,-0.011524895208096957
34,0.8080666666666667,-0.0038990760597676696,0.1539367,-0.011065426905057355
34,0.8080666666666667,-0.003985671758632771,0.1539367,-0.010605691660168727
34,0.8080666666666667,-0.00407188736869206,0.1539367,-0.010145868223848827
34,0.8080666666666667,-0.0041583657247043606,0.1539367,-0.009686105752075378
34,0.8080666666666667,-0.00424516294716449,0.1539367,-0.009226417266401991
34,0.8080666666666667,-0.004332171896945979,0.1539367,-0.008766777907499046
34,0.8080666666666667,-0.004419287985853939,0.1539367,-0.008307163407925722
34,0.8080666666666667,-0.004506401523830316,0.1539367,-0.007847548316463598
34,0.8080666666666667,-0.004593428330132883,0.1539367,-0.007387913100782255
34,0.8080666666666667,-0.0046803658538300584,0.1539367,-0.006928257168992896
34,0.8080666666666667,-0.004767249807963998,0.1539367,-0.006468588807538726
34,0.8080666666666667,-0.004854103150918946,0.1539367,-0.006008913343418951
34,0.8080666666666667,-0.004940956493873894,0.1539367,-0.005549237879299174
34,0.8080666666666667,-0.005027835346144668,0.1539367,-0.005089568334067405
34,0.8080666666666667,-0.005114737156799687,0.1539367,-0.004629904115834837
34,0.8080666666666667,-0.0052016542730442,0.1539367,-0.004170243448935072
34,0.8080666666666667,-0.005288576491151879,0.1539367,-0.003710583965812914
34,0.8080666666666667,-0.005375501260191142,0.1539367,-0.003250925074579549
34,0.8080666666666667,-0.005462418376435655,0.1539367,-0.0027912644076797857
34,0.8080666666666667,-0.005549330390817004,0.1539367,-0.002331602557002422
34,0.8080666666666667,-0.00563623985426677,0.1539367,-0.001871940114436258
34,0.8080666666666667,-0.005723144215853371,0.1539367,-0.0014122764880924905
34,0.8080666666666667,-0.005810051128371553,0.1539367,-0.0009526134536375248
34,0.8080666666666667,-0.005896958040889737,0.1539367,-0.0004929504191825591
34,0.8080666666666667,-0.005983867504339503,0.1539367,-3.328797661639876e-05
34,0.8080666666666667,-0.006070776967789269,0.1539367,0.000426374465949772
34,0.8080666666666667,-0.0061576864312390366,0.1539367,0.0008860369085159359
34,0.8080666666666667,-0.006244595894688801,0.1539367,0.0013456993510820997
34,0.8080666666666667,-0.006331505358138567,0.1539367,0.00180536179364826
34,0.8080666666666667,-0.006418414821588335,0.1539367,0.002265024236214431
34,0.8080666666666667,-0.006505324285038099,0.1539367,0.0027246866787805912
34,0.8080666666666667,-0.006592233748487867,0.1539367,0.0031843491213467585
34,0.8080666666666667,-0.006679143211937633,0.1539367,0.003644011563912926
34,0.8080666666666667,-0.006766052675387399,0.1539367,0.00410367400647909
34,0.8080666666666667,-0.006852962138837163,0.1539367,0.0045633364490452535
34,0.8080666666666667,-0.006939871602286929,0.1539367,0.005022998891611417
34,0.8080666666666667,-0.006983327609477605,0.1539367,0.005252829816950098
34,0.8080666666666667,-0.007026783616668277,0.1539367,0.005482660742288783
34,0.8080666666666667,-0.007070237072927371,0.1539367,0.005712492259516266
34,0.8080666666666667,-0.007113690529186463,0.1539367,0.0059423237767437485
35,0.8317199999999999,-0.007058721763601393,0.15844265999999999,0.005523411500393486
35,0.8317199999999999,-0.006954090049739148,0.15844265999999999,0.005322577433227199
35,0.8317199999999999,-0.006849582112080466,0.15844265999999999,0.00512171541672202
35,0.8317199999999999,-0.006745340769321774,0.15844265999999999,0.00492079320164077
35,0.8317199999999999,-0.006641501699224665,0.15844265999999999,0.004719780151208129
35,0.8317199999999999,-0.006435539763699115,0.15844265999999999,0.004317366522009387
35,0.8317199999999999,-0.0062321723678252176,0.15844265999999999,0.003914367031668527
35,0.8317199999999999,-0.006031299538515482,0.15844265999999999,0.003510804254651577
35,0.8317199999999999,-0.00583281416174759,0.15844265999999999,0.003106702377886416
35,0.8317199999999999,-0.00563674956188404,0.15844265999999999,0.002702053876551043
35,0.8317199999999999,-0.005443191430142685,0.15844265999999999,0.002296839401103149
35,0.8317199999999999,-0.005252220697118165,0.15844265999999999,0.0018910406769749866
35,0.8317199999999999,-0.005063911152470298,0.15844265999999999,0.0014846410420607005
35,0.8317199999999999,-0.004878329444924077,0.15844265999999999,0.001077625446716253
35,0.8317199999999999,-0.004695511279153609,0.15844265999999999,0.0006699858286323516
35,0.8317199999999999,-0.004515487599209787,0.15844265999999999,0.0002617152004742822
35,0.8317199999999999,-0.004338286968831895,0.15844265999999999,-0.00014719288760539628
35,0.8317199999999999,-0.004163928430512788,0.15844265999999999,-0.0005567427355049701
35,0.8317199999999999,-0.003992464351107821,0.15844265999999999,-0.000966946167944743
35,0.8317199999999999,-0.0038241208602196597,0.15844265999999999,-0.001377854246216918
35,0.8317199999999999,-0.003659174073994722,0.15844265999999999,-0.0017895293188467127
35,0.8317199999999999,-0.003497900108579419,0.15844265999999999,-0.0022020337343593432
35,0.8317199999999999,-0.00334056555887374,0.15844265999999999,-0.0026154276913308763
35,0.8317199999999999,-0.003187420357596422,0.15844265999999999,-0.003029767625926381
35,0.8317199999999999,-0.0030385335337840677,0.15844265999999999,-0.0034450691252771604
35,0.8317199999999999,-0.0028939241299295333,0.15844265999999999,-0.003861336489281506
35,0.8317199999999999,-0.0027535969066560333,0.15844265999999999,-0.004278570792913992
35,0.8317199999999999,-0.0026175685261448168,0.15844265999999999,-0.0046967757985856215
35,0.8317199999999999,-0.0024858889749396307,0.15844265999999999,-0.005115962793529407
35,0.8317199999999999,-0.002358839129810105,0.15844265999999999,-0.005536195201245139
35,0.8317199999999999,-0.002236804601236577,0.15844265999999999,-0.005957560094673206
35,0.8317199999999999,-0.0021201638587645625,0.15844265999999999,-0.006380142934292133
35,0.8317199999999999,-0.002009300132562793,0.15844265999999999,-0.006804030255555026
35,0.8317199999999999,-0.0019045181025169671,0.15844265999999999,-0.00722929085683454
35,0.8317199999999999,-0.0018055583146619188,0.15844265999999999,-0.0076558661520164575
35,0.8317199999999999,-0.00171193280511821,0.15844265999999999,-0.00808364595620708
35,0.8317199999999999,-0.0016231512296947922,0.15844265999999999,-0.00851251954702542
35,0.8317199999999999,-0.0015387280048238334,0.15844265999999999,-0.008942377277065061
35,0.8317199999999999,-0.0014584346205910592,0.15844265999999999,-0.009373167547546517
35,0.8317199999999999,-0.0013838254204758564,0.15844265999999999,-0.009805241337667768
35,0.8317199999999999,-0.0013172045461138228,0.15844265999999999,-0.010239118935122003
35,0.8317199999999999,-0.0012609213650610896,0.15844265999999999,-0.010675330839860844
35,0.8317199999999999,-0.0012173871329755714,0.15844265999999999,-0.011114421526505363
35,0.8317199999999999,-0.0011888107790285853,0.15844265999999999,-0.01155688978325729
35,0.8317199999999999,-0.001175623139621003,0.15844265999999999,-0.012002832895315452
35,0.8317199999999999,-0.0011775909442153362,0.15844265999999999,-0.012452198188925788
35,0.8317199999999999,-0.001195766290541888,0.15844265999999999,-0.012905223233468863
35,0.8317199999999999,-0.0012331436106022948,0.15844265999999999,-0.013362584187950905
35,0.8317199999999999,-0.0012930148753490679,0.15844265999999999,-0.01382502439728893
35,0.8317199999999999,-0.0013792219077159436,0.15844265999999999,-0.014293411365963102
35,0.8317199999999999,-0.001437677243608876,0.15844265999999999,-0.014531071374553487
35,0.8317199999999999,-0.001511966412311725,0.15844265999999999,-0.014772306748572654
35,0.8317199999999999,-0.0016091018118187805,0.15844265999999999,-0.015018700925566184
35,0.8317199999999999,-0.0017429225738132739,0.15844265999999999,-0.015273378856616901
35,0.8317199999999999,-0.0018832321365589793,0.15844265999999999,-0.01548462989884775
35,0.8317199999999999,-0.001962084576543894,0.15844265999999999,-0.015592219398507487
35,0.8317199999999999,-0.0020573159406967337,0.15844265999999999,-0.01570350734818458
35,0.8317199999999999,-0.002121967512944617,0.15844265999999999,-0.015762998119531517
35,0.8317199999999999,-0.0021665459530657094,0.15844265999999999,-0.015795510221011458
35,0.8317199999999999,-0.002197175784997264,0.15844265999999999,-0.015813649627202792
35,0.8317199999999999,-0.00225044,0.15844265999999999,-0.0158369
35,0.8317199999999999,-0.002364011825533503,0.15844265999999999,-0.015851322111102885
35,0.8317199999999999,-0.0023966959020371523,0.15844265999999999,-0.015847479329241108
35,0.8317199999999999,-0.002446018374501509,0.15844265999999999,-0.015836170563720286
35,0.8317199999999999,-0.002519962825884145,0.15844265999999999,-0.015807975527108217
35,0.8317199999999999,-0.002629076452571013,0.15844265999999999,-0.015742829785989478
35,0.8317199999999999,-0.0027123279936475757,0.15844265999999999,-0.015671844245504576
35,0.8317199999999999,-0.0028294348493317616,0.15844265999999999,-0.015518719228368488
35,0.8317199999999999,-0.0029332001297690514,0.15844265999999999,-0.015317689515829968
35,0.8317199999999999,-0.003027020468312199,0.15844265999999999,-0.01511441418140909
35,0.8317199999999999,-0.003111524267225459,0.15844265999999999,-0.014909035121749448
35,0.8317199999999999,-0.0031855166100821053,0.15844265999999999,-0.014701282518233294
35,0.8317199999999999,-0.0033136685394856828,0.15844265999999999,-0.014281298967131142
35,0.8317199999999999,-0.0034319969228870763,0.15844265999999999,-0.013859097205998233
35,0.8317199999999999,-0.003542365544274585,0.15844265999999999,-0.013435098087379778
35,0.8317199999999999,-0.0036454123271588918,0.15844265999999999,-0.01300944565786852
35,0.8317199999999999,-0.0037422012708283347,0.15844265999999999,-0.012582380174281453
35,0.8317199999999999,-0.003833758289585541,0.15844265999999999,-0.012154133293638994
35,0.8317199999999999,-0.003921083114305461,0.15844265999999999,-0.01172493076060141
35,0.8317199999999999,-0.00400513024994251,0.15844265999999999,-0.011294988107570526
35,0.8317199999999999,-0.004086670917457363,0.15844265999999999,-0.010864479480427116
35,0.8317199999999999,-0.004166419210332129,0.15844265999999999,-0.010433566125357088
35,0.8317199999999999,-0.004245093982672128,0.15844265999999999,-0.010002410363520918
35,0.8317199999999999,-0.004323414088582679,0.15844265999999999,-0.00957117451607908
35,0.8317199999999999,-0.0044019793665887545,0.15844265999999999,-0.009139994029827736
35,0.8317199999999999,-0.004480842183545707,0.15844265999999999,-0.008708880729487188
35,0.8317199999999999,-0.004559902566366042,0.15844265999999999,-0.008277812040591406
35,0.8317199999999999,-0.004639062922273874,0.15844265999999999,-0.00784676592616165
35,0.8317199999999999,-0.004718220897870098,0.15844265999999999,-0.007415719274244606
35,0.8317199999999999,-0.0047972979428716825,0.15844265999999999,-0.0069846543477598295
35,0.8317199999999999,-0.004876291676967022,0.15844265999999999,-0.0065535706092200285
35,0.8317199999999999,-0.0049552354245186135,0.15844265999999999,-0.006122475583447215
35,0.8317199999999999,-0.005034150608330921,0.15844265999999999,-0.005691374107826965
35,0.8317199999999999,-0.005113065792143228,0.15844265999999999,-0.005260272632206716
35,0.8317199999999999,-0.005192004779071606,0.15844265999999999,-0.004829176531459329
35,0.8317199999999999,-0.005270965188804447,0.15844265999999999,-0.004398085268097518
35,0.8317199999999999,-0.00534993988040693,0.15844265999999999,-0.0039669972296594285
35,0.8317199999999999,-0.005428919332632627,0.15844265999999999,-0.0035359102661959105
35,0.8317199999999999,-0.005507901165169931,0.15844265999999999,-0.003104823840219678
35,0.8317199999999999,-0.005586875856772413,0.15844265999999999,-0.0026737358017815873
35,0.8317199999999999,-0.005665845787751683,0.15844265999999999,-0.002242646688368922
35,0.8317199999999999,-0.005744813338419346,0.15844265999999999,-0.0018115570374689707
35,0.8317199999999999,-0.0058237761284637935,0.15844265999999999,-0.0013804663115944485
35,0.8317199999999999,-0.005902741298819849,0.15844265999999999,-0.0009493761232072136
35,0.8317199999999999,-0.005981706469175903,0.15844265999999999,-0.0005182859348199769
35,0.8317199999999999,-0.0060606740198435646,0.15844265999999999,-8.719628392002757e-05
35,0.8317199999999999,-0.006139641570511228,0.15844265999999999,0.0003438933669799235
35,0.8317199999999999,-0.00621860912117889,0.15844265999999999,0.0007749830178798781
35,0.8317199999999999,-0.0062975766718465515,0.15844265999999999,0.0012060726687798257
35,0.8317199999999999,-0.0063765442225142115,0.15844265999999999,0.0016371623196797733
35,0.8317199999999999,-0.006455511773181875,0.15844265999999999,0.0020682519705797243
35,0.8317199999999999,-0.006534479323849537,0.15844265999999999,0.0024993416214796754
35,0.8317199999999999,-0.0066134468745171985,0.15844265999999999,0.002930431272379623
35,0.8317199999999999,-0.00669241442518486,0.15844265999999999,0.0033615209232795776
35,0.8317199999999999,-0.006771381975852524,0.15844265999999999,0.003792610574179525
35,0.8317199999999999,-0.0068503495265201855,0.15844265999999999,0.004223700225079476
35,0.8317199999999999,-0.006929317077187847,0.15844265999999999,0.004654789875979427
35,0.8317199999999999,-0.006968802042677481,0.15844265999999999,0.004870334432685756
35,0.8317199999999999,-0.0070082870081671165,0.15844265999999999,0.005085878989392091
35,0.8317199999999999,-0.007047769593345143,0.15844265999999999,0.00530142408358571
35,0.8317199999999999,-0.007087252178523171,0.15844265999999999,0.005516969177779326
36,0.8553733333333332,-0.007027496701500905,0.16294862,0.005069994499528434
36,0.8553733333333332,-0.006932044992893499,0.16294862,0.0048835253750998744
36,0.8553733333333332,-0.006836707268616679,0.16294862,0.004697031190216555
36,0.8553733333333332,-0.006741615049051887,0.16294862,0.004510483028969142
36,0.8553733333333332,-0.006646893278561497,0.16294862,0.004323853421243761
36,0.8553733333333332,-0.006459030174164404,0.16294862,0.00395024673294914
36,0.8553733333333332,-0.0062735563566968825,0.16294862,0.003576114738968225
36,0.8553733333333332,-0.006090379761891919,0.16294862,0.0032014776804375616
36,0.8553733333333332,-0.005909401749463432,0.16294862,0.0028263572442891495
36,0.8553733333333332,-0.005730653007500424,0.16294862,0.002450746683477476
36,0.8553733333333332,-0.0055542124482317635,0.16294862,0.0020746286484569394
36,0.8553733333333332,-0.0053801545998736,0.16294862,0.0016979867535455821
36,0.8553733333333332,-0.005208547414623014,0.16294862,0.0013208060588569132
36,0.8553733333333332,-0.005039452268658012,0.16294862,0.0009430730702999109
36,0.8553733333333332,-0.004872902042073957,0.16294862,0.0005647805588972418
36,0.8553733333333332,-0.004708925230953493,0.16294862,0.00018592225953520912
36,0.8553733333333332,-0.004547548139372911,0.16294862,-0.00019350761096804947
36,0.8553733333333332,-0.004388788303383069,0.16294862,-0.0005735129080671128
36,0.8553733333333332,-0.00423269394712383,0.16294862,-0.0009541042342620654
36,0.8553733333333332,-0.0040794733111991464,0.16294862,-0.0013353273730760343
36,0.8553733333333332,-0.003929380668346479,0.16294862,-0.0017172382286004002
36,0.8553733333333332,-0.003782670291303285,0.16294862,-0.0020998927049265467
36,0.8553733333333332,-0.0036395876847815944,0.16294862,-0.0024833447784185694
36,0.8553733333333332,-0.003500363009448934,0.16294862,-0.002867645051917809
36,0.8553733333333332,-0.0033650598334896706,0.16294862,-0.0032528075014471077
36,0.8553733333333332,-0.0032336956929546598,0.16294862,-0.00363883598246105
36,0.8553733333333332,-0.00310627497185662,0.16294862,-0.004025731458823279
36,0.8553733333333332,-0.0029828130142400505,0.16294862,-0.004413497304056546
36,0.8553733333333332,-0.0028633558522384583,0.16294862,-0.004802143638729125
36,0.8553733333333332,-0.0027481621426020154,0.16294862,-0.005191727330796038
36,0.8553733333333332,-0.0026375869903606233,0.16294862,-0.0055823264532125026
36,0.8553733333333332,-0.002531978924525108,0.16294862,-0.005974017633138259
36,0.8553733333333332,-0.002431690858119012,0.16294862,-0.006366878461596691
36,0.8553733333333332,-0.002337003367956082,0.16294862,-0.006760970625861054
36,0.8553733333333332,-0.002247677525343361,0.16294862,-0.007156241595362719
36,0.8553733333333332,-0.0021632639689775834,0.16294862,-0.007552592574078116
36,0.8553733333333332,-0.0020833111455491223,0.16294862,-0.007949924284051859
36,0.8553733333333332,-0.002007371885761067,0.16294862,-0.0083481384111922
36,0.8553733333333332,-0.001935235757003107,0.16294862,-0.008747188690044198
36,0.8553733333333332,-0.0018683341394266275,0.16294862,-0.00914738982208781
36,0.8553733333333332,-0.0018087888951855953,0.16294862,-0.009549208317326996
36,0.8553733333333332,-0.0017587635345547674,0.16294862,-0.009953119842470354
36,0.8553733333333332,-0.0017204785599741947,0.16294862,-0.010359612594453855
36,0.8553733333333332,-0.001695968153343547,0.16294862,-0.010769133806008573
36,0.8553733333333332,-0.0016856290678135145,0.16294862,-0.011181770706794346
36,0.8553733333333332,-0.0016892464867610726,0.16294862,-0.011597476067492587
36,0.8553733333333332,-0.0017077892769961926,0.16294862,-0.012016462901968745
36,0.8553733333333332,-0.001744014982516489,0.16294862,-0.012439337480455254
36,0.8553733333333332,-0.0018009551481142515,0.16294862,-0.012866766314662324
36,0.8553733333333332,-0.0018821476720503288,0.16294862,-0.013299527242551124
36,0.8553733333333332,-0.0019368812790204434,0.16294862,-0.01351901592578333
36,0.8553733333333332,-0.002006196112280008,0.16294862,-0.013741710419497356
36,0.8553733333333332,-0.0020965498225579337,0.16294862,-0.013969030494841645
36,0.8553733333333332,-0.002220686734816167,0.16294862,-0.014203778103430943
36,0.8553733333333332,-0.0023506185934356843,0.16294862,-0.014398308777859659
36,0.8553733333333332,-0.0024235941139753967,0.16294862,-0.014497335093952636
36,0.8553733333333332,-0.002511652830260404,0.16294862,-0.014599677582914734
36,0.8553733333333332,-0.002571370377902847,0.16294862,-0.014654298013447855
36,0.8553733333333332,-0.002612512504448804,0.16294862,-0.014684088972769613
36,0.8553733333333332,-0.0026407643579981254,0.16294862,-0.014700673141535767
36,0.8553733333333332,-0.0026898599999999996,0.16294862,-0.01472184
36,0.8553733333333332,-0.0027944020835885567,0.16294862,-0.014734451742959507
36,0.8553733333333332,-0.0028244554071398184,0.16294862,-0.01473068647873423
36,0.8553733333333332,-0.002869785739387083,0.16294862,-0.014719907247869674
36,0.8553733333333332,-0.0029376999539108333,0.16294862,-0.01469334777962074
36,0.8553733333333332,-0.0030378205993962255,0.16294862,-0.014632378173737902
36,0.8553733333333332,-0.003114125095808426,0.16294862,-0.01456617237860597
36,0.8553733333333332,-0.0032212455727039834,0.16294862,-0.014423759739166112
36,0.8553733333333332,-0.003315899390997294,0.16294862,-0.014237115191554241
36,0.8553733333333332,-0.003401395006729372,0.16294862,-0.014048457132788876
36,0.8553733333333332,-0.0034783111095785715,0.16294862,-0.0138579127928711
36,0.8553733333333332,-0.0035455473123534756,0.16294862,-0.013665240242026127
36,0.8553733333333332,-0.0036617559209333956,0.16294862,-0.013275879684392929
36,0.8553733333333332,-0.0037689181192763106,0.16294862,-0.012884530194129171
36,0.8553733333333332,-0.0038687502483600667,0.16294862,-0.012491569123851704
36,0.8553733333333332,-0.00396183976588845,0.16294862,-0.012097125631288896
36,0.8553733333333332,-0.0040491664987032175,0.16294862,-0.011701415139965312
36,0.8553733333333332,-0.004131675201544411,0.16294862,-0.011304645362496351
36,0.8553733333333332,-0.004210286517082142,0.16294862,-0.01090701871024737
36,0.8553733333333332,-0.004285879439865727,0.16294862,-0.01050872843787911
36,0.8553733333333332,-0.004359164179954966,0.16294862,-0.010109930691301986
36,0.8553733333333332,-0.0044307983392570804,0.16294862,-0.009710770050062684
36,0.8553733333333332,-0.004501443903692006,0.16294862,-0.00931139205757153
36,0.8553733333333332,-0.004571762859179678,0.16294862,-0.008911942257238861
36,0.8553733333333332,-0.004642307591322162,0.16294862,-0.008512542095883884
36,0.8553733333333332,-0.004713126324259322,0.16294862,-0.008113202176006692
36,0.8553733333333332,-0.004784126993724146,0.16294862,-0.007713902256470752
36,0.8553733333333332,-0.004855219727455982,0.16294862,-0.007314622578071344
36,0.8553733333333332,-0.00492631026918146,0.16294862,-0.006915342417740117
36,0.8553733333333332,-0.004997326282690786,0.16294862,-0.006516045871726932
36,0.8553733333333332,-0.005068265575977603,0.16294862,-0.006116732458099966
36,0.8553733333333332,-0.005139158837130915,0.16294862,-0.005717408923904731
36,0.8553733333333332,-0.005210025794207938,0.16294862,-0.005318079606527632
36,0.8553733333333332,-0.005280892751284961,0.16294862,-0.004918750289150529
36,0.8553733333333332,-0.005351781628425558,0.16294862,-0.004519425791091651
36,0.8553733333333332,-0.0054226902336233715,0.16294862,-0.004120105630419172
36,0.8553733333333332,-0.005493611990859329,0.16294862,-0.0037207883613376274
36,0.8553733333333332,-0.005564538132108002,0.16294862,-0.003321472056119731
36,0.8553733333333332,-0.005635466465363032,0.16294862,-0.002922156232833654
36,0.8553733333333332,-0.00570638822259899,0.16294862,-0.002522838963752109
36,0.8553733333333332,-0.0057773055958222335,0.16294862,-0.0021235207308069205
36,0.8553733333333332,-0.00584822077703912,0.16294862,-0.0017242020159299095
36,0.8553733333333332,-0.00591913157424329,0.16294862,-0.0013248823371892534
36,0.8553733333333332,-0.005990044563453818,0.16294862,-0.0009255631403804233
36,0.8553733333333332,-0.006060957552664347,0.16294862,-0.0005262439435715898
36,0.8553733333333332,-0.006131872733881232,0.16294862,-0.00012692522869457885
36,0.8553733333333332,-0.006202787915098118,0.16294862,0.00027239348618243384
36,0.8553733333333332,-0.006273703096315004,0.16294862,0.0006717122010594448
36,0.8553733333333332,-0.00634461827753189,0.16294862,0.0010710309159364523
36,0.8553733333333332,-0.006415533458748776,0.16294862,0.0014703496308134632
36,0.8553733333333332,-0.006486448639965661,0.16294862,0.0018696683456904777
36,0.8553733333333332,-0.0065573638211825465,0.16294862,0.0022689870605674886
36,0.8553733333333332,-0.006628279002399432,0.16294862,0.0026683057754444996
36,0.8553733333333332,-0.006699194183616319,0.16294862,0.0030676244903215105
36,0.8553733333333332,-0.006770109364833204,0.16294862,0.0034669432051985215
36,0.8553733333333332,-0.00684102454605009,0.16294862,0.0038662619200755324
36,0.8553733333333332,-0.0069119397272669756,0.16294862,0.00426558063495254
36,0.8553733333333332,-0.006947398413878597,0.16294862,0.004465239751425137
36,0.8553733333333332,-0.006982857100490219,0.16294862,0.00466489886789773
36,0.8553733333333332,-0.007018313595095482,0.16294862,0.004864558466302148
36,0.8553733333333332,-0.007053770089700748,0.16294862,0.005064218064706562
37,0.87904,-0.0069870041812570526,0.16745712000000001,0.004576882325739851
37,0.87904,-0.006901280876848374,0.16745712000000001,0.004406498832860007
37,0.87904,-0.006815660878584682,0.16745712000000001,0.004236093217577159
37,0.87904,-0.006730263385864035,0.16745712000000001,0.0040656399540416905
37,0.87904,-0.006645201638114594,0.16745712000000001,0.00389511479269645
37,0.87904,-0.006476510522049069,0.16745712000000001,0.0035537577343796745
37,0.87904,-0.006309984861714979,0.16745712000000001,0.003211936956461445
37,0.87904,-0.0061455412175336795,0.16745712000000001,0.0028696703270364877
37,0.87904,-0.005983090189956625,0.16745712000000001,0.0025269769904920202
37,0.87904,-0.0058226595921766966,0.16745712000000001,0.002183850990796465
37,0.87904,-0.005664320943832731,0.16745712000000001,0.0018402770124400485
37,0.87904,-0.005508141791250296,0.16745712000000001,0.0014962405907746543
37,0.87904,-0.005354183720785055,0.16745712000000001,0.0011517285374446403
37,0.87904,-0.005202502358822771,0.16745712000000001,0.0008067289403868496
37,0.87904,-0.005053127505212958,0.16745712000000001,0.0004612354181388837
37,0.87904,-0.004906084986491864,0.16745712000000001,0.00011524244009998227
37,0.87904,-0.004761398642539099,0.16745712000000001,-0.00023125509889977344
37,0.87904,-0.004619084366607739,0.16745712000000001,-0.0005782606023070017
37,0.87904,-0.00447918586514374,0.16745712000000001,-0.0009257834295998951
37,0.87904,-0.004341891870527363,0.16745712000000001,-0.0012738639967070226
37,0.87904,-0.004207432834928193,0.16745712000000001,-0.0016225516536043198
37,0.87904,-0.004076039210515813,0.16745712000000001,-0.001971895750267726
37,0.87904,-0.0039479335028332705,0.16745712000000001,-0.0023219439349498588
37,0.87904,-0.00382332431082717,0.16745712000000001,-0.0026727408778875646
37,0.87904,-0.003702269247539908,0.16745712000000001,-0.003024298916574823
37,0.87904,-0.0035847842062245597,0.16745712000000001,-0.003376621454458252
37,0.87904,-0.0034708731601943927,0.16745712000000001,-0.0037297093423995075
37,0.87904,-0.0033605500160458486,0.16745712000000001,-0.004083565558414375
37,0.87904,-0.003253856493568248,0.16745712000000001,-0.0044381990365502215
37,0.87904,-0.003151027018244443,0.16745712000000001,-0.004793659977644639
37,0.87904,-0.0030523834284491977,0.16745712000000001,-0.0051500173014916075
37,0.87904,-0.0029582416025873727,0.16745712000000001,-0.005507338651592622
37,0.87904,-0.002868921392377096,0.16745712000000001,-0.005865692522310833
37,0.87904,-0.002784677089867564,0.16745712000000001,-0.0062251333687921035
37,0.87904,-0.0027052921494856337,0.16745712000000001,-0.006585614819076285
37,0.87904,-0.0026303593066212645,0.16745712000000001,-0.006947049659843837
37,0.87904,-0.002559469310007783,0.16745712000000001,-0.007309350252344392
37,0.87904,-0.0024922168816917814,0.16745712000000001,-0.007672429808689236
37,0.87904,-0.0024284113026363644,0.16745712000000001,-0.008036247487518975
37,0.87904,-0.0023693498596237565,0.16745712000000001,-0.008401081095163658
37,0.87904,-0.0023169556362760023,0.16745712000000001,-0.008767342448663847
37,0.87904,-0.0022731894626911967,0.16745712000000001,-0.009135451448245822
37,0.87904,-0.0022400638220399292,0.16745712000000001,-0.009505839055337362
37,0.87904,-0.0022194223316788692,0.16745712000000001,-0.009878900069745948
37,0.87904,-0.0022116245764588326,0.16745712000000001,-0.010254711494451271
37,0.87904,-0.002216475864029654,0.16745712000000001,-0.010633231637232288
37,0.87904,-0.002234854296623713,0.16745712000000001,-0.01101464853851454
37,0.87904,-0.0022692590882870123,0.16745712000000001,-0.01139949739027843
37,0.87904,-0.002322437785144847,0.16745712000000001,-0.01178836656335774
37,0.87904,-0.002397596851005045,0.16745712000000001,-0.012181942703107294
37,0.87904,-0.002447989325898336,0.16745712000000001,-0.01238147458910099
37,0.87904,-0.0025115970407232724,0.16745712000000001,-0.01258383644095608
37,0.87904,-0.002594272685924627,0.16745712000000001,-0.012790281577888989
37,0.87904,-0.002707566683174466,0.16745712000000001,-0.013003283454728062
37,0.87904,-0.0028259554741561013,0.16745712000000001,-0.013179628224852906
37,0.87904,-0.0028924091129888057,0.16745712000000001,-0.013269355134157291
37,0.87904,-0.00297253293612242,0.16745712000000001,-0.013362009432982458
37,0.87904,-0.003026813349221216,0.16745712000000001,-0.013411381390824085
37,0.87904,-0.003064179870795891,0.16745712000000001,-0.013438257274927028
37,0.87904,-0.0030898243764299646,0.16745712000000001,-0.013453185926596407
37,0.87904,-0.0031343599999999997,0.16745712000000001,-0.013472159999999999
37,0.87904,-0.0032290691399310227,0.16745712000000001,-0.013483004373262832
37,0.87904,-0.0032562677141138225,0.16745712000000001,-0.013479391756161583
37,0.87904,-0.00329727281010732,0.16745712000000001,-0.013469298692754086
37,0.87904,-0.0033586674661997447,0.16745712000000001,-0.013444697870247019
37,0.87904,-0.003449094141811156,0.16745712000000001,-0.013388565957060592
37,0.87904,-0.003517935793090437,0.16745712000000001,-0.0133278117379385
37,0.87904,-0.0036143919971731255,0.16745712000000001,-0.013197474759171822
37,0.87904,-0.0036993921585669032,0.16745712000000001,-0.013026936409470943
37,0.87904,-0.0037760920685423983,0.16745712000000001,-0.012854620609774738
37,0.87904,-0.0038450162044510777,0.16745712000000001,-0.012680639673821544
37,0.87904,-0.003905167264662501,0.16745712000000001,-0.012504780035336192
37,0.87904,-0.004008916562008006,0.16745712000000001,-0.012149516068714688
37,0.87904,-0.00410446692742358,0.16745712000000001,-0.011792496349070036
37,0.87904,-0.004193373913053914,0.16745712000000001,-0.011434053988739803
37,0.87904,-0.00427616994287701,0.16745712000000001,-0.01107430300318563
37,0.87904,-0.00435374305240842,0.16745712000000001,-0.010713433559987199
37,0.87904,-0.004426949490657545,0.16745712000000001,-0.01035162901983096
37,0.87904,-0.00449662365341081,0.16745712000000001,-0.009989068063664262
37,0.87904,-0.004563562189978585,0.16745712000000001,-0.009625921289248747
37,0.87904,-0.004628408777110397,0.16745712000000001,-0.009262326536172372
37,0.87904,-0.00469175941179655,0.16745712000000001,-0.008898411433683244
37,0.87904,-0.004754214064340614,0.16745712000000001,-0.008534304461891126
37,0.87904,-0.004816372705046161,0.16745712000000001,-0.00817013410090578
37,0.87904,-0.0048787359713850465,0.16745712000000001,-0.007806007559295619
37,0.87904,-0.004941347569803224,0.16745712000000001,-0.007441934196538836
37,0.87904,-0.005004124060722052,0.16745712000000001,-0.007077896144540697
37,0.87904,-0.005066983991219522,0.16745712000000001,-0.006713875960637293
37,0.87904,-0.005129841935060358,0.16745712000000001,-0.006349855351303061
37,0.87904,-0.005192632332575626,0.16745712000000001,-0.005985820277320713
37,0.87904,-0.005255353197108692,0.16745712000000001,-0.0056217703132594166
37,0.87904,-0.005318032341852437,0.16745712000000001,-0.005257711415150752
37,0.87904,-0.00538068764671657,0.16745712000000001,-0.004893647411872162
37,0.87904,-0.0054433429515807034,0.16745712000000001,-0.004529583408593576
37,0.87904,-0.005506018123011179,0.16745712000000001,-0.004165523659623258
37,0.87904,-0.0055687111743513654,0.16745712000000001,-0.0038014677395303807
37,0.87904,-0.005631416145631356,0.16745712000000001,-0.00343741437202247
37,0.87904,-0.005694125090224616,0.16745712000000001,-0.0030733618553762127
37,0.87904,-0.005756836021474511,0.16745712000000001,-0.0027093097641607816
37,0.87904,-0.0058195409927545025,0.16745712000000001,-0.0023452563966528707
37,0.87904,-0.005882241990721225,0.16745712000000001,-0.001981202178283301
37,0.87904,-0.005944941002031314,0.16745712000000001,-0.0016171475344829104
37,0.87904,-0.006007636040028134,0.16745712000000001,-0.001253092039820861
37,0.87904,-0.006070333064681587,0.16745712000000001,-0.0008890369705896427
37,0.87904,-0.006133030089335042,0.16745712000000001,-0.000524981901358421
37,0.87904,-0.00619572910064513,0.16745712000000001,-0.00016092725755802693
37,0.87904,-0.0062584281119552184,0.16745712000000001,0.00020312738624236708
37,0.87904,-0.006321127123265307,0.16745712000000001,0.0005671820300427576
37,0.87904,-0.006383826134575396,0.16745712000000001,0.0009312366738431534
37,0.87904,-0.006446525145885484,0.16745712000000001,0.0012952913176435456
37,0.87904,-0.006509224157195573,0.16745712000000001,0.001659345961443938
37,0.87904,-0.006571923168505661,0.16745712000000001,0.002023400605244332
37,0.87904,-0.00663462217981575,0.16745712000000001,0.0023874552490447277
37,0.87904,-0.006697321191125838,0.16745712000000001,0.0027515098928451182
37,0.87904,-0.006760020202435927,0.16745712000000001,0.0031155645366455157
37,0.87904,-0.006822719213746015,0.16745712000000001,0.0034796191804459062
37,0.87904,-0.006885418225056104,0.16745712000000001,0.0038436738242463003
37,0.87904,-0.006916768724039465,0.16745712000000001,0.004025700933431088
37,0.87904,-0.006948119223022827,0.16745712000000001,0.004207728042615865
37,0.87904,-0.0069794677353495534,0.16745712000000001,0.004389755577231475
37,0.87904,-0.00701081624767628,0.16745712000000001,0.004571783111847085
38,0.9026933333333332,-0.00693598668632175,0.17196308,0.004049105660779357
38,0.9026933333333332,-0.0068604862496464015,0.17196308,0.003896539878794467
38,0.9026933333333332,-0.006785077644602085,0.17196308,0.0037439549377734343
38,0.9026933333333332,-0.0067098668307630695,0.17196308,0.0035913287311361095
38,0.9026933333333332,-0.006634954469724912,0.17196308,0.0034386402576313414
38,0.9026933333333332,-0.006486403028532722,0.17196308,0.0031329976632168844
38,0.9026933333333332,-0.006339776519606412,0.17196308,0.0028269534659295416
38,0.9026933333333332,-0.006195000771243991,0.17196308,0.002520523140375425
38,0.9026933333333332,-0.006051996313764759,0.17196308,0.0022137232664896506
38,0.9026933333333332,-0.005910787871069381,0.17196308,0.0019065486860701843
38,0.9026933333333332,-0.005771439018902416,0.17196308,0.0015989861351689283
38,0.9026933333333332,-0.005634009801022615,0.17196308,0.0012910230867237953
38,0.9026933333333332,-0.00549855496321002,0.17196308,0.0009826481190017035
38,0.9026933333333332,-0.005365123953265953,0.17196308,0.0006738509155985728
38,0.9026933333333332,-0.0052337432610839825,0.17196308,0.000364625949869371
38,0.9026933333333332,-0.0051044358445718665,0.17196308,5.496843205505739e-05
38,0.9026933333333332,-0.0049772228956444595,0.17196308,-0.0002551260591603967
38,0.9026933333333332,-0.004852118542244997,0.17196308,-0.0005656604713210125
38,0.9026933333333332,-0.004729161636217377,0.17196308,-0.0008766429101728455
38,0.9026933333333332,-0.004608519946887525,0.17196308,-0.0011881083778011517
38,0.9026933333333332,-0.00449039832943236,0.17196308,-0.0015000996135942392
38,0.9026933333333332,-0.004375001639028802,0.17196308,-0.0018126593569404107
38,0.9026933333333332,-0.0042625276668821505,0.17196308,-0.002125828873455967
38,0.9026933333333332,-0.004153161842247377,0.17196308,-0.0024396468496561807
38,0.9026933333333332,-0.004046955378918712,0.17196308,-0.0027541239703881334
38,0.9026933333333332,-0.0039439224048393885,0.17196308,-0.0030692631831958465
38,0.9026933333333332,-0.0038440664519952183,0.17196308,-0.0033850652249653237
38,0.9026933333333332,-0.0037473998823365317,0.17196308,-0.003701532674797583
38,0.9026933333333332,-0.0036539597817143226,0.17196308,-0.004018673269995677
38,0.9026933333333332,-0.003563954537291319,0.17196308,-0.004336530486833926
38,0.9026933333333332,-0.003477670239918046,0.17196308,-0.004655164013078754
38,0.9026933333333332,-0.003395387682466316,0.17196308,-0.004974632431167582
38,0.9026933333333332,-0.0033173911897937487,0.17196308,-0.0052949950604238355
38,0.9026933333333332,-0.003243906808992117,0.17196308,-0.005616299061551857
38,0.9026933333333332,-0.003174742046834834,0.17196308,-0.005938504274264356
38,0.9026933333333332,-0.003109534874776481,0.17196308,-0.006261535167745789
38,0.9026933333333332,-0.0030479214982787376,0.17196308,-0.006585315842737611
38,0.9026933333333332,-0.0029895416547890885,0.17196308,-0.006909771136867283
38,0.9026933333333332,-0.002934225808988706,0.17196308,-0.007234865679606547
38,0.9026933333333332,-0.0028831271542442112,0.17196308,-0.007560840064236138
38,0.9026933333333332,-0.0028379551716871385,0.17196308,-0.007888050943582614
38,0.9026933333333332,-0.002800452896314204,0.17196308,-0.008216861970889592
38,0.9026933333333332,-0.002772409278937643,0.17196308,-0.008547646378918753
38,0.9026933333333332,-0.002755463160972809,0.17196308,-0.008880746082776555
38,0.9026933333333332,-0.0027499341871354117,0.17196308,-0.009216227770646478
38,0.9026933333333332,-0.0027556492901208126,0.17196308,-0.009554055335114262
38,0.9026933333333332,-0.00277338903879279,0.17196308,-0.009894391627987076
38,0.9026933333333332,-0.0028053750522251744,0.17196308,-0.010237700150562254
38,0.9026933333333332,-0.002854049698604857,0.17196308,-0.010584490459512458
38,0.9026933333333332,-0.002922263290479661,0.17196308,-0.01093535722184396
38,0.9026933333333332,-0.002967759857654481,0.17196308,-0.01111316687615529
38,0.9026933333333332,-0.0030250038096298745,0.17196308,-0.011293427413320236
38,0.9026933333333332,-0.0030991977615024277,0.17196308,-0.011477224266424599
38,0.9026933333333332,-0.0032006091960187642,0.17196308,-0.011666699563085777
38,0.9026933333333332,-0.0033064092645073624,0.17196308,-0.011823426949161712
38,0.9026933333333332,-0.0033657622368246163,0.17196308,-0.011903136932931357
38,0.9026933333333332,-0.0034372670063175692,0.17196308,-0.011985382173002225
38,0.9026933333333332,-0.00348565860228138,0.17196308,-0.01202914173960761
38,0.9026933333333332,-0.003518944848739075,0.17196308,-0.012052918083266435
38,0.9026933333333332,-0.0035417760111052066,0.17196308,-0.012066097279377127
38,0.9026933333333332,-0.0035813999999999993,0.17196308,-0.01208278
38,0.9026933333333332,-0.0036655544537799243,0.17196308,-0.012091921449432736
38,0.9026933333333332,-0.0036896969366799486,0.17196308,-0.012088542468749484
38,0.9026933333333332,-0.0037260773443109243,0.17196308,-0.012079300833102127
38,0.9026933333333332,-0.0037805124512031293,0.17196308,-0.012056994228768932
38,0.9026933333333332,-0.0038606146405736263,0.17196308,-0.012006379083589407
38,0.9026933333333332,-0.003921529317036992,0.17196308,-0.011951760805186108
38,0.9026933333333332,-0.0040067107852100395,0.17196308,-0.011834878319188554
38,0.9026933333333332,-0.004081568400468159,0.17196308,-0.011682178423950699
38,0.9026933333333332,-0.004149047697371378,0.17196308,-0.01152793917384778
38,0.9026933333333332,-0.004209614898046479,0.17196308,-0.011372257837832496
38,0.9026933333333332,-0.004262383474055414,0.17196308,-0.011214949457517519
38,0.9026933333333332,-0.004353206373193189,0.17196308,-0.010897262829789497
38,0.9026933333333332,-0.004436741019614193,0.17196308,-0.010578055637789546
38,0.9026933333333332,-0.004514370185762629,0.17196308,-0.01025761637238874
38,0.9026933333333332,-0.004586567157736898,0.17196308,-0.009936043776311788
38,0.9026933333333332,-0.004654121334365298,0.17196308,-0.009613502543580874
38,0.9026933333333332,-0.004717793858589662,0.17196308,-0.009290151473130141
38,0.9026933333333332,-0.004778326447429867,0.17196308,-0.008966145311020697
38,0.9026933333333332,-0.004836427264040608,0.17196308,-0.008641631802896609
38,0.9026933333333332,-0.004892668490122936,0.17196308,-0.008316730324290731
38,0.9026933333333332,-0.004947579923548194,0.17196308,-0.00799155140810386
38,0.9026933333333332,-0.005001694894173533,0.17196308,-0.007666206324122792
38,0.9026933333333332,-0.005055546731856105,0.17196308,-0.007340806342134331
38,0.9026933333333332,-0.00510958046680784,0.17196308,-0.007015444309775143
38,0.9026933333333332,-0.0051638349508726315,0.17196308,-0.006690128332791286
38,0.9026933333333332,-0.005218236012348497,0.17196308,-0.0063648429365766495
38,0.9026933333333332,-0.005272711245526349,0.17196308,-0.0060395730149681226
38,0.9026933333333332,-0.005327184712711297,0.17196308,-0.005714302724916594
38,0.9026933333333332,-0.0053815981361374915,0.17196308,-0.005389019907802976
38,0.9026933333333332,-0.005435949749812031,0.17196308,-0.005063724195184265
38,0.9026933333333332,-0.005490264277635576,0.17196308,-0.004738420745262498
38,0.9026933333333332,-0.005544557613544268,0.17196308,-0.0044131128740246975
38,0.9026933333333332,-0.005598850949452959,0.17196308,-0.004087805002786901
38,0.9026933333333332,-0.005653161945290695,0.17196308,-0.0037625008159791282
38,0.9026933333333332,-0.0057074888350645715,0.17196308,-0.003437199945158379
38,0.9026933333333332,-0.0057618263207958745,0.17196308,-0.0031119012849956454
38,0.9026933333333332,-0.005816167338512986,0.17196308,-0.002786603361718919
38,0.9026933333333332,-0.005870510122223003,0.17196308,-0.0024613058068851945
38,0.9026933333333332,-0.005924847607954306,0.17196308,-0.002136007146722461
38,0.9026933333333332,-0.0059791815616998005,0.17196308,-0.0018107077496737223
38,0.9026933333333332,-0.006033513749452391,0.17196308,-0.0014854079841819818
38,0.9026933333333332,-0.006087842405219171,0.17196308,-0.001160107481804236
38,0.9026933333333332,-0.0061421728269788565,0.17196308,-0.0008348073478694953
38,0.9026933333333332,-0.006196503248738542,0.17196308,-0.0005095072139347512
38,0.9026933333333332,-0.006250835436491131,0.17196308,-0.00018420744844301062
38,0.9026933333333332,-0.006305167624243721,0.17196308,0.00014109231704873167
38,0.9026933333333332,-0.0063594998119963116,0.17196308,0.0004663920825404705
38,0.9026933333333332,-0.006413831999748902,0.17196308,0.0007916918480322128
38,0.9026933333333332,-0.00646816418750149,0.17196308,0.0011169916135239499
38,0.9026933333333332,-0.0065224963752540804,0.17196308,0.0014422913790156904
38,0.9026933333333332,-0.006576828563006671,0.17196308,0.0017675911445074327
38,0.9026933333333332,-0.006631160750759259,0.17196308,0.0020928909099991715
38,0.9026933333333332,-0.006685492938511849,0.17196308,0.002418190675490914
38,0.9026933333333332,-0.0067398251262644395,0.17196308,0.0027434904409826544
38,0.9026933333333332,-0.00679415731401703,0.17196308,0.003068790206474395
38,0.9026933333333332,-0.006848489501769619,0.17196308,0.0033940899719661372
38,0.9026933333333332,-0.006875656478642366,0.17196308,0.003556739670490505
38,0.9026933333333332,-0.006902823455515113,0.17196308,0.0037193893690148725
38,0.9026933333333332,-0.006929988666394956,0.17196308,0.0038820394359822454
38,0.9026933333333332,-0.006957153877274799,0.17196308,0.004044689502949615
39,0.9263466666666667,-0.006875073287300739,0.17646904,0.0034844472915148052
39,0.9263466666666667,-0.006809894609406086,0.17646904,0.0033516673156894477
39,0.9263466666666667,-0.006744795288041975,0.17646904,0.003218870923826802
39,0.9263466666666667,-0.006679866888435954,0.17646904,0.003086039174345391
39,0.9263466666666667,-0.006615196397554194,0.17646904,0.0029531540727428026
39,0.9263466666666667,-0.0064869557246083785,0.17646904,0.0026871562548667974
39,0.9263466666666667,-0.006360378486629691,0.17646904,0.00242081433159385
39,0.9263466666666667,-0.006235400587958847,0.17646904,0.002154141562030993
39,0.9263466666666667,-0.006111953354675185,0.17646904,0.0018871521523643377
39,0.9263466666666667,-0.005990058151998467,0.17646904,0.001619841682891544
39,0.9263466666666667,-0.00586976991906522,0.17646904,0.0013521987886637183
39,0.9263466666666667,-0.0057511405428377245,0.17646904,0.00108421273611802
39,0.9263466666666667,-0.005634217332016878,0.17646904,0.0008158737387706852
39,0.9263466666666667,-0.005519043017042204,0.17646904,0.000547172957217016
39,0.9263466666666667,-0.005405640489220589,0.17646904,0.00027810565606165016
39,0.9263466666666667,-0.005294029587684669,0.17646904,8.66773129525912e-06
39,0.9263466666666667,-0.005184228625479953,0.17646904,-0.00026114460539845147
39,0.9263466666666667,-0.005076249811303449,0.17646904,-0.000531333879563679
39,0.9263466666666667,-0.004970126719071923,0.17646904,-0.000801907036446968
39,0.9263466666666667,-0.004866004327062327,0.17646904,-0.0010728940668856633
39,0.9263466666666667,-0.004764059661381255,0.17646904,-0.001344331591270639
39,0.9263466666666667,-0.0046644697481352995,0.17646904,-0.0016162562299927592
39,0.9263466666666667,-0.00456740550908255,0.17646904,-0.0018887033406707922
39,0.9263466666666667,-0.004473027183371218,0.17646904,-0.002161706071072335
39,0.9263466666666667,-0.004381379027527951,0.17646904,-0.0024352735762951036
39,0.9263466666666667,-0.004292473250249754,0.17646904,-0.0027094083818832975
39,0.9263466666666667,-0.004206312903710881,0.17646904,-0.0029841111192229633
39,0.9263466666666667,-0.00412290867052121,0.17646904,-0.0032593839981652772
39,0.9263466666666667,-0.004042292598510386,0.17646904,-0.0035352336482637565
39,0.9263466666666667,-0.0039646447659592516,0.17646904,-0.003811697321295317
39,0.9263466666666667,-0.0038902123989821877,0.17646904,-0.004088826159529968
39,0.9263466666666667,-0.0038192381454321975,0.17646904,-0.004366670358158635
39,0.9263466666666667,-0.003751967705336536,0.17646904,-0.0046452807437583005
39,0.9263466666666667,-0.003688596417847305,0.17646904,-0.004924697725036129
39,0.9263466666666667,-0.003628957939467793,0.17646904,-0.005204886891452426
39,0.9263466666666667,-0.00357273942233721,0.17646904,-0.005485783525937124
39,0.9263466666666667,-0.0035196264925076394,0.17646904,-0.005767322595727128
39,0.9263466666666667,-0.003469307828205417,0.17646904,-0.006049439699445398
39,0.9263466666666667,-0.0034216369250664666,0.17646904,-0.006332104530561558
39,0.9263466666666667,-0.0033776103179839374,0.17646904,-0.006615523236620753
39,0.9263466666666667,-0.0033387052592956093,0.17646904,-0.006900001408470913
39,0.9263466666666667,-0.003306427996994651,0.17646904,-0.0071858506351274365
39,0.9263466666666667,-0.003282324457339504,0.17646904,-0.007473390713624367
39,0.9263466666666667,-0.003267810849182914,0.17646904,-0.007762914607088646
39,0.9263466666666667,-0.0032631633942946515,0.17646904,-0.008054479455957747
39,0.9263466666666667,-0.0032682325361363886,0.17646904,-0.008348054322315248
39,0.9263466666666667,-0.0032836928052177305,0.17646904,-0.008643778742478077
39,0.9263466666666667,-0.0033114640191429395,0.17646904,-0.008942049858271331
39,0.9263466666666667,-0.003353656756407004,0.17646904,-0.009243304273148203
39,0.9263466666666667,-0.0034127341216309724,0.17646904,-0.009548051515650588
39,0.9263466666666667,-0.0034521153031608345,0.17646904,-0.00970246119906472
39,0.9263466666666667,-0.0035016480162515505,0.17646904,-0.009858970872479299
39,0.9263466666666667,-0.0035658281135757404,0.17646904,-0.010018510567545151
39,0.9263466666666667,-0.0036535282656828343,0.17646904,-0.010182915723508008
39,0.9263466666666667,-0.003745007824516002,0.17646904,-0.010318850079833648
39,0.9263466666666667,-0.003796323926290277,0.17646904,-0.010387970800308798
39,0.9263466666666667,-0.003858141033577214,0.17646904,-0.010459263804487057
39,0.9263466666666667,-0.0038999717927800676,0.17646904,-0.010497169721554116
39,0.9263466666666667,-0.003928742705861575,0.17646904,-0.010517747709932398
39,0.9263466666666667,-0.003948475571691148,0.17646904,-0.010529142892480163
39,0.9263466666666667,-0.0039827199999999995,0.17646904,-0.01054354
39,0.9263466666666667,-0.004055439018338806,0.17646904,-0.010551269816582873
39,0.9263466666666667,-0.004076298543968514,0.17646904,-0.01054827175279967
39,0.9263466666666667,-0.004107730241912881,0.17646904,-0.010540147538553615
39,0.9263466666666667,-0.004154757431697137,0.17646904,-0.010520623163543973
39,0.9263466666666667,-0.004223951851986289,0.17646904,-0.010476431774151983
39,0.9263466666666667,-0.004276565335653572,0.17646904,-0.010428810380046397
39,0.9263466666666667,-0.004350122942953438,0.17646904,-0.01032701633018621
39,0.9263466666666667,-0.0044147461251342985,0.17646904,-0.010194121442099854
39,0.9263466666666667,-0.004472993315303546,0.17646904,-0.01005990758855621
39,0.9263466666666667,-0.004525267400462394,0.17646904,-0.009924458112513811
39,0.9263466666666667,-0.004570802284873688,0.17646904,-0.009787614536074242
39,0.9263466666666667,-0.004649156695764069,0.17646904,-0.009511297028913126
39,0.9263466666666667,-0.004721212945086255,0.17646904,-0.009233676656638986
39,0.9263466666666667,-0.004788165959059749,0.17646904,-0.008955000606890178
39,0.9263466666666667,-0.004850424729034268,0.17646904,-0.008675353485397327
39,0.9263466666666667,-0.004908671415955046,0.17646904,-0.008394876406942486
39,0.9263466666666667,-0.004963563763373305,0.17646904,-0.008113705435219306
39,0.9263466666666667,-0.005015742727881883,0.17646904,-0.00783197316129817
39,0.9263466666666667,-0.005065820270418228,0.17646904,-0.007549806178081996
39,0.9263466666666667,-0.0051142908432111,0.17646904,-0.007267306770110789
39,0.9263466666666667,-0.005161612272398242,0.17646904,-0.006984569645291967
39,0.9263466666666667,-0.005208245436291646,0.17646904,-0.006701690142918996
39,0.9263466666666667,-0.005254651213203305,0.17646904,-0.0064187636022853415
39,0.9263466666666667,-0.005301214177088921,0.17646904,-0.006135869578033233
39,0.9263466666666667,-0.005347967901865263,0.17646904,-0.005853015015409215
39,0.9263466666666667,-0.005394848291873047,0.17646904,-0.005570186655306248
39,0.9263466666666667,-0.005441792777540115,0.17646904,-0.00528737155431032
39,0.9263466666666667,-0.0054887357371200575,0.17646904,-0.005004556137621367
39,0.9263466666666667,-0.005535626809737721,0.17646904,-0.004721729987369574
39,0.9263466666666667,-0.0055824644693059835,0.17646904,-0.004438892787861916
39,0.9263466666666667,-0.005629270081044603,0.17646904,-0.0041560489588007375
39,0.9263466666666667,-0.005676057379737713,0.17646904,-0.0038732013414232644
39,0.9263466666666667,-0.005722844678430822,0.17646904,-0.0035903537240457896
39,0.9263466666666667,-0.0057696472379951905,0.17646904,-0.0033075092635985624
39,0.9263466666666667,-0.005816463532343691,0.17646904,-0.003024667644388558
39,0.9263466666666667,-0.005863288983214946,0.17646904,-0.002741827919336701
39,0.9263466666666667,-0.0059101174862604515,0.17646904,-0.002458988825670895
39,0.9263466666666667,-0.005956947515393085,0.17646904,-0.0021761500476981128
39,0.9263466666666667,-0.0060037729662643395,0.17646904,-0.0018933103226462557
39,0.9263466666666667,-0.006050595364961343,0.17646904,-0.001610469966208351
39,0.9263466666666667,-0.00609741623757122,0.17646904,-0.001327629294077419
39,0.9263466666666667,-0.006144234058006846,0.17646904,-0.0010447879905604411
39,0.9263466666666667,-0.0061910534045295975,0.17646904,-0.0007619470027364853
39,0.9263466666666667,-0.00623787275105235,0.17646904,-0.0004791060149125295
39,0.9263466666666667,-0.006284693623662227,0.17646904,-0.00019626534278159927
39,0.9263466666666667,-0.006331514496272105,0.17646904,8.657532934933099e-05
39,0.9263466666666667,-0.006378335368881982,0.17646904,0.0003694160014802595
39,0.9263466666666667,-0.00642515624149186,0.17646904,0.0006522566736111932
39,0.9263466666666667,-0.006471977114101737,0.17646904,0.0009350973457421217
39,0.9263466666666667,-0.006518797986711615,0.17646904,0.001217938017873052
39,0.9263466666666667,-0.006565618859321493,0.17646904,0.0015007786900039823
39,0.9263466666666667,-0.00661243973193137,0.17646904,0.0017836193621349125
39,0.9263466666666667,-0.006659260604541247,0.17646904,0.0020664600342658445
39,0.9263466666666667,-0.006706081477151125,0.17646904,0.0023493007063967748
39,0.9263466666666667,-0.006752902349761003,0.17646904,0.0026321413785277033
39,0.9263466666666667,-0.00679972322237088,0.17646904,0.0029149820506586353
39,0.9263466666666667,-0.0068231344217193814,0.17646904,0.0030564022288775885
39,0.9263466666666667,-0.006846545621067884,0.17646904,0.0031978224070965382
39,0.9263466666666667,-0.006869955294329259,0.17646904,0.0033392429010085187
39,0.9263466666666667,-0.006893364967590635,0.17646904,0.0034806633949204958
40,0.9490266666666667,-0.006804594466427611,0.18078958,0.002905701737065681
40,0.9490266666666667,-0.006749173136790378,0.18078958,0.0027938655050801856
40,0.9490266666666667,-0.006693818354270918,0.18078958,0.002682015152952062
40,0.9490266666666667,-0.006638606904005119,0.18078958,0.002570134388209043
40,0.9490266666666667,-0.006583611731872076,0.18078958,0.0024582077330024786
40,0.9490266666666667,-0.006474544088988933,0.18078958,0.0022341586413809796
40,0.9490266666666667,-0.006366871376074459,0.18078958,0.002009813569846676
40,0.9490266666666667,-0.0062605398435335285,0.18078958,0.0017851839231301583
40,0.9490266666666667,-0.006155491902514224,0.18078958,0.0015602819205856218
40,0.9490266666666667,-0.0060517454695482534,0.18078958,0.0013351037606362057
40,0.9490266666666667,-0.005949346615717151,0.18078958,0.0011096396677985516
40,0.9490266666666667,-0.005848338852597922,0.18078958,0.0008838804096717081
40,0.9490266666666667,-0.0057487618525107744,0.18078958,0.0006578175684783423
40,0.9490266666666667,-0.005650651448519124,0.18078958,0.00043144354106472785
40,0.9490266666666667,-0.005554026836906944,0.18078958,0.00020475425431279795
40,0.9490266666666667,-0.005458904654453677,0.18078958,-2.2253821813103536e-05
40,0.9490266666666667,-0.005365300258186501,0.18078958,-0.00024958394580742657
40,0.9490266666666667,-0.0052732238861235336,0.18078958,-0.000477238289999812
40,0.9490266666666667,-0.005182703692814603,0.18078958,-0.000705222828296749
40,0.9490266666666667,-0.005093861254724865,0.18078958,-0.0009335633571126659
40,0.9490266666666667,-0.005006845023117044,0.18078958,-0.0011622913752272652
40,0.9490266666666667,-0.004921803449253859,0.18078958,-0.0013914383814202626
40,0.9490266666666667,-0.0048388798653889705,0.18078958,-0.0016210347883065497
40,0.9490266666666667,-0.004758208645510187,0.18078958,-0.0018511091077125898
40,0.9490266666666667,-0.004679826902433187,0.18078958,-0.0020816692143333084
40,0.9490266666666667,-0.004603744874176091,0.18078958,-0.0023127172804983448
40,0.9490266666666667,-0.004529965120243427,0.18078958,-0.0025442538492901033
40,0.9490266666666667,-0.0044584965989010504,0.18078958,-0.0027762808214970187
40,0.9490266666666667,-0.004389366184946521,0.18078958,-0.003008803899484382
40,0.9490266666666667,-0.004322724889147091,0.18078958,-0.0032418551251143114
40,0.9490266666666667,-0.0042587800313696605,0.18078958,-0.0034754784880619213
40,0.9490266666666667,-0.004197735092224341,0.18078958,-0.003709717163378713
40,0.9490266666666667,-0.0041397961118257685,0.18078958,-0.003944614869198595
40,0.9490266666666667,-0.004085126898463841,0.18078958,-0.004180206362795732
40,0.9490266666666667,-0.004033587959141693,0.18078958,-0.004416462046178843
40,0.9490266666666667,-0.003984916944645034,0.18078958,-0.004653326253401025
40,0.9490266666666667,-0.003938850226007307,0.18078958,-0.004890743046974171
40,0.9490266666666667,-0.0038951267337664886,0.18078958,-0.005128657032492583
40,0.9490266666666667,-0.0038536236117051536,0.18078958,-0.005367042142000636
40,0.9490266666666667,-0.0038151765380522373,0.18078958,-0.005606075691904808
40,0.9490266666666667,-0.0037810243130000968,0.18078958,-0.0058460205340909645
40,0.9490266666666667,-0.003752430052034122,0.18078958,-0.006087144679727849
40,0.9490266666666667,-0.003730690144198588,0.18078958,-0.006329723200055526
40,0.9490266666666667,-0.0037169921995952584,0.18078958,-0.006574008085311683
40,0.9490266666666667,-0.0037115678533840672,0.18078958,-0.006820048484454317
40,0.9490266666666667,-0.003714291689843062,0.18078958,-0.007067817786445397
40,0.9490266666666667,-0.003725729359473298,0.18078958,-0.007317436012497271
40,0.9490266666666667,-0.0037474907906239335,0.18078958,-0.007569244761445076
40,0.9490266666666667,-0.003781345880677232,0.18078958,-0.007823619574774508
40,0.9490266666666667,-0.0038293601497886316,0.18078958,-0.008080998719989475
40,0.9490266666666667,-0.003861621046576366,0.18078958,-0.008211439597594766
40,0.9490266666666667,-0.003902394855429762,0.18078958,-0.00834368676729176
40,0.9490266666666667,-0.0039554517265210165,0.18078958,-0.008478540189468631
40,0.9490266666666667,-0.004028232139517862,0.18078958,-0.008617578604687788
40,0.9490266666666667,-0.004104334609055042,0.18078958,-0.00873260276748865
40,0.9490266666666667,-0.004147062058599328,0.18078958,-0.008791107060449976
40,0.9490266666666667,-0.004198595483477923,0.18078958,-0.008851479828438811
40,0.9490266666666667,-0.004233521382876623,0.18078958,-0.008883609632833155
40,0.9490266666666667,-0.004257571857359197,0.18078958,-0.00890107229338
40,0.9490266666666667,-0.004274081346536455,0.18078958,-0.008910755104033658
40,0.9490266666666667,-0.00430276,0.18078958,-0.00892302
40,0.9490266666666667,-0.004363779182778531,0.18078958,-0.008929787427050391
40,0.9490266666666667,-0.00438130982409354,0.18078958,-0.008927327340892698
40,0.9490266666666667,-0.004407744296706325,0.18078958,-0.00892057670931842
40,0.9490266666666667,-0.004447333252679734,0.18078958,-0.00890425766309175
40,0.9490266666666667,-0.004505664000232439,0.18078958,-0.00886719616441866
40,0.9490266666666667,-0.004550090239427743,0.18078958,-0.008827184370559711
40,0.9490266666666667,-0.004612385298818557,0.18078958,-0.008741525759768005
40,0.9490266666666667,-0.00466734079863139,0.18078958,-0.008629590686784106
40,0.9490266666666667,-0.004716949493481754,0.18078958,-0.008516521114648205
40,0.9490266666666667,-0.004761549237967567,0.18078958,-0.00840238873023826
40,0.9490266666666667,-0.004800497596451881,0.18078958,-0.008287057219869666
40,0.9490266666666667,-0.004867731417549929,0.18078958,-0.008054131717817378
40,0.9490266666666667,-0.004929683701051015,0.18078958,-0.007820085565214508
40,0.9490266666666667,-0.004987356492978503,0.18078958,-0.007585131378824109
40,0.9490266666666667,-0.0050410927669393675,0.18078958,-0.007349341931688961
40,0.9490266666666667,-0.005091464572195989,0.18078958,-0.007112838602727433
40,0.9490266666666667,-0.005139023481974508,0.18078958,-0.0068757384261986226
40,0.9490266666666667,-0.005184306992226158,0.18078958,-0.006638155449408381
40,0.9490266666666667,-0.005227828283609133,0.18078958,-0.006400198560379674
40,0.9490266666666667,-0.00527000199585724,0.18078958,-0.006161955738462729
40,0.9490266666666667,-0.00531121205464993,0.18078958,-0.005923508446018866
40,0.9490266666666667,-0.005351844945171179,0.18078958,-0.005684938688491817
40,0.9490266666666667,-0.005392287152604968,0.18078958,-0.005446328471325312
40,0.9490266666666667,-0.005432861174522035,0.18078958,-0.00520774622290286
40,0.9490266666666667,-0.005473595165472207,0.18078958,-0.004969197917130959
40,0.9490266666666667,-0.005514435375860358,0.18078958,-0.004730672149279024
40,0.9490266666666667,-0.005555329335843634,0.18078958,-0.004492157786157674
40,0.9490266666666667,-0.005596222016074644,0.18078958,-0.004253643151495119
40,0.9490266666666667,-0.0056370711847286495,0.18078958,-0.004015119284431615
40,0.9490266666666667,-0.005677875562053387,0.18078958,-0.0037765859134259562
40,0.9490266666666667,-0.005718653064580562,0.18078958,-0.003538046840055005
40,0.9490266666666667,-0.00575941521008056,0.18078958,-0.0032995045081896015
40,0.9490266666666667,-0.005800177355580557,0.18078958,-0.003060962176324197
40,0.9490266666666667,-0.005840952298603203,0.18078958,-0.002822422559870837
40,0.9490266666666667,-0.005881738759396233,0.18078958,-0.002583885387288317
40,0.9490266666666667,-0.005922532898702851,0.18078958,-0.002345349843953022
40,0.9490266666666667,-0.005963329597513998,0.18078958,-0.0021068148437001387
40,0.9490266666666667,-0.006004127576077411,0.18078958,-0.001868280114988457
40,0.9490266666666667,-0.00604492171538403,0.18078958,-0.001629744571653163
40,0.9490266666666667,-0.006085713295186118,0.18078958,-0.0013912084852354609
40,0.9490266666666667,-0.006126503595235942,0.18078958,-0.0011526721272765534
40,0.9490266666666667,-0.006167291335781236,0.18078958,-0.0009141352262352371
40,0.9490266666666667,-0.006208080356078794,0.18078958,-0.0006755985967351278
40,0.9490266666666667,-0.006248869376376354,0.18078958,-0.0004370619672350133
40,0.9490266666666667,-0.0062896596764261785,0.18078958,-0.00019852560927610848
40,0.9490266666666667,-0.006330449976476002,0.18078958,4.001074868279983e-05
40,0.9490266666666667,-0.006371240276525825,0.18078958,0.0002785471066417064
40,0.9490266666666667,-0.006412030576575649,0.18078958,0.0005170834646006147
40,0.9490266666666667,-0.006452820876625473,0.18078958,0.0007556198225595213
40,0.9490266666666667,-0.006493611176675297,0.18078958,0.0009941561805184278
40,0.9490266666666667,-0.00653440147672512,0.18078958,0.0012326925384773344
40,0.9490266666666667,-0.006575191776774944,0.18078958,0.0014712288964362427
40,0.9490266666666667,-0.006615982076824768,0.18078958,0.0017097652543951493
40,0.9490266666666667,-0.006656772376874592,0.18078958,0.0019483016123540559
40,0.9490266666666667,-0.006697562676924415,0.18078958,0.0021868379703129624
40,0.9490266666666667,-0.006738352976974239,0.18078958,0.002425374328271869
40,0.9490266666666667,-0.006758748766875284,0.18078958,0.002544642371480721
40,0.9490266666666667,-0.006779144556776328,0.18078958,0.0026639104146895746
40,0.9490266666666667,-0.006799539066925107,0.18078958,0.0027831787294396292
40,0.9490266666666667,-0.006819933577073887,0.18078958,0.002902447044189684
41,0.9550533333333332,-0.0067820500563794284,0.18193765999999997,0.0027477353698560775
41,0.9550533333333332,-0.006729236372194862,0.18193765999999997,0.002641760727898443
41,0.9550533333333332,-0.006676485688774631,0.18193765999999997,0.0025357725451251156
41,0.9550533333333332,-0.006623870699308356,0.18193765999999997,0.002429755197517992
41,0.9550533333333332,-0.0065714604623261725,0.18193765999999997,0.0023236938422598694
41,0.9550533333333332,-0.006467513518190389,0.18193765999999997,0.002111383383126055
41,0.9550533333333332,-0.006364887166999345,0.18193765999999997,0.0018987890876633242
41,0.9550533333333332,-0.006263530523520306,0.18193765999999997,0.001685921892684343
41,0.9550533333333332,-0.006163389067861058,0.18193765999999997,0.0014727935162026987
41,0.9550533333333332,-0.006064479761765846,0.18193765999999997,0.001259400312614161
41,0.9550533333333332,-0.00596684622114844,0.18193765999999997,0.001045732907507868
41,0.9550533333333332,-0.005870529638816292,0.18193765999999997,0.0008317824472735616
41,0.9550533333333332,-0.005775567572917371,0.18193765999999997,0.0006175408595018861
41,0.9550533333333332,-0.005681993946940166,0.18193765999999997,0.00040300085298439203
41,0.9550533333333332,-0.005589826934182081,0.18193765999999997,0.00018815852171655094
41,0.9550533333333332,-0.0054990822848342,0.18193765999999997,-2.698951950555646e-05
41,0.9550533333333332,-0.005409774537534447,0.18193765999999997,-0.00024244639548555262
41,0.9550533333333332,-0.005321913384708105,0.18193765999999997,-0.00045821418942585367
41,0.9550533333333332,-0.005235525480524701,0.18193765999999997,-0.0006742986301330935
41,0.9550533333333332,-0.005150725922534464,0.18193765999999997,-0.0008907244556359446
41,0.9550533333333332,-0.0050676552509039885,0.18193765999999997,-0.0011075218723694095
41,0.9550533333333332,-0.004986454005799872,0.18193765999999997,-0.0013247210867684926
41,0.9550533333333332,-0.00490725788117607,0.18193765999999997,-0.001542351263666991
41,0.9550533333333332,-0.0048301940901144145,0.18193765999999997,-0.0017604397450965894
41,0.9550533333333332,-0.004755297767656554,0.18193765999999997,-0.0019789940826660376
41,0.9550533333333332,-0.004682578606227771,0.18193765999999997,-0.0021980163595777527
41,0.9550533333333332,-0.004612039028934386,0.18193765999999997,-0.002417507096632335
41,0.9550533333333332,-0.004543687516648522,0.18193765999999997,-0.0026374681166319008
41,0.9550533333333332,-0.004477549511986546,0.18193765999999997,-0.002857904887982784
41,0.9550533333333332,-0.004413767978221373,0.18193765999999997,-0.003078848137920593
41,0.9550533333333332,-0.004352539186964973,0.18193765999999997,-0.0033003400512942125
41,0.9550533333333332,-0.004294055775169837,0.18193765999999997,-0.0035224220317516246
41,0.9550533333333332,-0.004238512802894774,0.18193765999999997,-0.0037451360037414113
41,0.9550533333333332,-0.004186065348944305,0.18193765999999997,-0.003968515298502199
41,0.9550533333333332,-0.004136581354023954,0.18193765999999997,-0.004192531532401095
41,0.9550533333333332,-0.004089812449735859,0.18193765999999997,-0.004417131323376238
41,0.9550533333333332,-0.004045509056128996,0.18193765999999997,-0.004642261028965465
41,0.9550533333333332,-0.004003424016358661,0.18193765999999997,-0.004867867527507218
41,0.9550533333333332,-0.003963441021321464,0.18193765999999997,-0.0050939258205725275
41,0.9550533333333332,-0.003926351215231089,0.18193765999999997,-0.005320605949558443
41,0.9550533333333332,-0.003893327381546715,0.18193765999999997,-0.00554815998195707
41,0.9550533333333332,-0.003865565323237569,0.18193765999999997,-0.0057768449328662475
41,0.9550533333333332,-0.003844292343655046,0.18193765999999997,-0.0060069245877916585
41,0.9550533333333332,-0.0038306327641319127,0.18193765999999997,-0.006238640598213338
41,0.9550533333333332,-0.003824805875790186,0.18193765999999997,-0.006472040096585907
41,0.9550533333333332,-0.0038266929464201562,0.18193765999999997,-0.00670709756367979
41,0.9550533333333332,-0.003836829482518679,0.18193765999999997,-0.006943928096428367
41,0.9550533333333332,-0.003856739617961426,0.18193765999999997,-0.007182859278411254
41,0.9550533333333332,-0.003888098930769106,0.18193765999999997,-0.007424251243245786
41,0.9550533333333332,-0.00393286286774246,0.18193765999999997,-0.007668524277019008
41,0.9550533333333332,-0.003963058748336559,0.18193765999999997,-0.007792340245651829
41,0.9550533333333332,-0.004001313880553041,0.18193765999999997,-0.007917888397091967
41,0.9550533333333332,-0.004051197500002184,0.18193765999999997,-0.008045935870628412
41,0.9550533333333332,-0.00411975357675803,0.18193765999999997,-0.008177996633615604
41,0.9550533333333332,-0.004191523835812242,0.18193765999999997,-0.008287283036220965
41,0.9550533333333332,-0.0042318359805871225,0.18193765999999997,-0.008342877740226283
41,0.9550533333333332,-0.004280484822658099,0.18193765999999997,-0.00840026425870802
41,0.9550533333333332,-0.004313480329661929,0.18193765999999997,-0.008430821202908596
41,0.9550533333333332,-0.00433621455305654,0.18193765999999997,-0.0084474400855622
41,0.9550533333333332,-0.004351826947027574,0.18193765999999997,-0.008456661969546374
41,0.9550533333333332,-0.0043789599999999995,0.18193765999999997,-0.00846836
41,0.9550533333333332,-0.004436744708033728,0.18193765999999997,-0.008474913426696836
41,0.9550533333333332,-0.00445335841657379,0.18193765999999997,-0.008472617930339214
41,0.9550533333333332,-0.004478418753800262,0.18193765999999997,-0.008466271579189796
41,0.9550533333333332,-0.004515967141108665,0.18193765999999997,-0.008450876702959584
41,0.9550533333333332,-0.004571327714744014,0.18193765999999997,-0.008415845029583464
41,0.9550533333333332,-0.0046135247632925905,0.18193765999999997,-0.008377984106928705
41,0.9550533333333332,-0.004672776709206983,0.18193765999999997,-0.008296858434557035
41,0.9550533333333332,-0.004725149388041197,0.18193765999999997,-0.008190789006889559
41,0.9550533333333332,-0.004772460197771633,0.18193765999999997,-0.008083631626761323
41,0.9550533333333332,-0.004815028988432616,0.18193765999999997,-0.007975455039851993
41,0.9550533333333332,-0.004852247560337667,0.18193765999999997,-0.007866128525210084
41,0.9550533333333332,-0.004916590043216065,0.18193765999999997,-0.007645305840611991
41,0.9550533333333332,-0.00497593244620186,0.18193765999999997,-0.007423408483968529
41,0.9550533333333332,-0.0050312234154195785,0.18193765999999997,-0.007200640348715976
41,0.9550533333333332,-0.005082787647116182,0.18193765999999997,-0.006977071222135204
41,0.9550533333333332,-0.00513116670555433,0.18193765999999997,-0.006752817503161102
41,0.9550533333333332,-0.005176882770146114,0.18193765999999997,-0.0065279914243237275
41,0.9550533333333332,-0.005220444693218868,0.18193765999999997,-0.006302702353749821
41,0.9550533333333332,-0.005262338307589874,0.18193765999999997,-0.00607705471196039
41,0.9550533333333332,-0.005302956156483073,0.18193765999999997,-0.005851132868653205
41,0.9550533333333332,-0.005342661705846559,0.18193765999999997,-0.0056250149439187914
41,0.9550533333333332,-0.005381820844734745,0.18193765999999997,-0.005398779578648285
41,0.9550533333333332,-0.005420799462202044,0.18193765999999997,-0.005172505413732815
41,0.9550533333333332,-0.005459902869644855,0.18193765999999997,-0.004946258070048427
41,0.9550533333333332,-0.005499157721232705,0.18193765999999997,-0.004720043276401759
41,0.9550533333333332,-0.005538513131732861,0.18193765999999997,-0.0044938500959801385
41,0.9550533333333332,-0.005577919427465749,0.18193765999999997,-0.004267667852371191
41,0.9550533333333332,-0.005617324511645478,0.18193765999999997,-0.004041485348361941
41,0.9550533333333332,-0.005656688403017756,0.18193765999999997,-0.0038152939907424325
41,0.9550533333333332,-0.005696009890029423,0.18193765999999997,-0.0035890935191123605
41,0.9550533333333332,-0.005735305934424724,0.18193765999999997,-0.003362887579075953
41,0.9550533333333332,-0.0057745874401821,0.18193765999999997,-0.003136678514235924
41,0.9550533333333332,-0.005813868945939478,0.18193765999999997,-0.0029104694493958952
41,0.9550533333333332,-0.005853162567228457,0.18193765999999997,-0.002684262988558883
41,0.9550533333333332,-0.00589246709249588,0.18193765999999997,-0.002458058871324588
41,0.9550533333333332,-0.005931778887082265,0.18193765999999997,-0.0022318563164921024
41,0.9550533333333332,-0.005971093104774969,0.18193765999999997,-0.002005654282460222
41,0.9550533333333332,-0.0060104085340208354,0.18193765999999997,-0.0017794525088286415
41,0.9550533333333332,-0.006049720328607219,0.18193765999999997,-0.0015532499539961568
41,0.9550533333333332,-0.006089029700087284,0.18193765999999997,-0.0013270468783630682
41,0.9550533333333332,-0.006128337860014188,0.18193765999999997,-0.0011008435423296775
41,0.9550533333333332,-0.00616764359683477,0.18193765999999997,-0.0008746396854956836
41,0.9550533333333332,-0.006206950545208514,0.18193765999999997,-0.0006484360890619927
41,0.9550533333333332,-0.006246257493582257,0.18193765999999997,-0.0004222324926283008
41,0.9550533333333332,-0.006285565653509161,0.18193765999999997,-0.000196029156594911
41,0.9550533333333332,-0.006324873813436065,0.18193765999999997,3.0174179438478832e-05
41,0.9550533333333332,-0.006364181973362968,0.18193765999999997,0.0002563775154718704
41,0.9550533333333332,-0.006403490133289872,0.18193765999999997,0.00048258085150526195
41,0.9550533333333332,-0.006442798293216775,0.18193765999999997,0.00070878418753865
41,0.9550533333333332,-0.006482106453143679,0.18193765999999997,0.0009349875235720416
41,0.9550533333333332,-0.0065214146130705836,0.18193765999999997,0.0011611908596054314
41,0.9550533333333332,-0.006560722772997487,0.18193765999999997,0.001387394195638823
41,0.9550533333333332,-0.00660003093292439,0.18193765999999997,0.001613597531672211
41,0.9550533333333332,-0.006639339092851294,0.18193765999999997,0.0018398008677056026
41,0.9550533333333332,-0.006678647252778197,0.18193765999999997,0.0020660042037389924
41,0.9550533333333332,-0.006717955412705102,0.18193765999999997,0.0022922075397723823
41,0.9550533333333332,-0.006737610098445134,0.18193765999999997,0.002405309077588928
41,0.9550533333333332,-0.006757264784185165,0.18193765999999997,0.002518410615405472
41,0.9550533333333332,-0.006776918258372037,0.18193765999999997,0.0026315124136223195
41,0.9550533333333332,-0.006796571732558909,0.18193765999999997,0.0027446142118391637
42,0.9601066666666667,-0.006765162978491736,0.18290032,0.0026111757798179328
42,0.9601066666666667,-0.006714569735695444,0.18290032,0.0025102297453997186
42,0.9601066666666667,-0.006664036448620559,0.18290032,0.0024092706586883138
42,0.9601066666666667,-0.006613632296945631,0.18290032,0.0023082834593454084
42,0.9601066666666667,-0.006563423001365278,0.18290032,0.0022072538400496264
42,0.9601066666666667,-0.0064638357193417895,0.18290032,0.0020050136263928056
42,0.9601066666666667,-0.006365505201478586,0.18290032,0.00180249981659018
42,0.9601066666666667,-0.006268383022000683,0.18290032,0.0015997229528785586
42,0.9601066666666667,-0.006172417296149172,0.18290032,0.0013966943305116705
42,0.9601066666666667,-0.006077624165849045,0.18290032,0.0011934104354105728
42,0.9601066666666667,-0.005984045138907433,0.18290032,0.0009898622313722922
42,0.9601066666666667,-0.005891719417142178,0.18290032,0.0007860411842051211
42,0.9601066666666667,-0.005800682743387197,0.18290032,0.0005819395127342718
42,0.9601066666666667,-0.005710967401492479,0.18290032,0.00037755018880186904
42,0.9601066666666667,-0.005622590686377661,0.18290032,0.0001728694473233372
42,0.9601066666666667,-0.005535567586973095,0.18290032,-3.210597477461968e-05
42,0.9601066666666667,-0.005449911939214489,0.18290032,-0.00023737908955966634
42,0.9601066666666667,-0.005365632967058986,0.18290032,-0.00044295190507690537
42,0.9601066666666667,-0.005282756036388718,0.18290032,-0.0006488299434503821
42,0.9601066666666667,-0.005201390681694718,0.18290032,-0.0008550370502157399
42,0.9601066666666667,-0.005121670650355514,0.18290032,-0.0010616023420270291
42,0.9601066666666667,-0.005043729689749632,0.18290032,-0.0012685549355382969
42,0.9601066666666667,-0.004967696935277025,0.18290032,-0.0014759229433810401
42,0.9601066666666667,-0.0048936934513751544,0.18290032,-0.0016837327211472845
42,0.9601066666666667,-0.0048217526748886505,0.18290032,-0.0018919915480005425
42,0.9601066666666667,-0.004751883829774653,0.18290032,-0.0021007014319859227
42,0.9601066666666667,-0.004684089222022447,0.18290032,-0.0023098628751147005
42,0.9601066666666667,-0.004618376922594529,0.18290032,-0.002519477634426345
42,0.9601066666666667,-0.004554771144378392,0.18290032,-0.00272955098103926
42,0.9601066666666667,-0.004493407940741847,0.18290032,-0.0029401125336187724
42,0.9601066666666667,-0.004434474096816971,0.18290032,-0.0031512029550782956
42,0.9601066666666667,-0.004378152938751916,0.18290032,-0.0033628621553143286
42,0.9601066666666667,-0.004324630098684121,0.18290032,-0.0035751305462346445
42,0.9601066666666667,-0.004274053159927819,0.18290032,-0.0037880402565609534
42,0.9601066666666667,-0.004226296446066983,0.18290032,-0.004001563926678674
42,0.9601066666666667,-0.004181123593199906,0.18290032,-0.004215650100431945
42,0.9601066666666667,-0.004138297084430242,0.18290032,-0.004430247070659266
42,0.9601066666666667,-0.004097581708850929,0.18290032,-0.004645303632210411
42,0.9601066666666667,-0.004058866778976289,0.18290032,-0.004860795688544099
42,0.9601066666666667,-0.004022905200307852,0.18290032,-0.005076887146342176
42,0.9601066666666667,-0.003990813071659521,0.18290032,-0.005293820979062566
42,0.9601066666666667,-0.003963728398743409,0.18290032,-0.005511844929270324
42,0.9601066666666667,-0.00394281916513233,0.18290032,-0.005731213265677104
42,0.9601066666666667,-0.00392915534985449,0.18290032,-0.005952158921515297
42,0.9601066666666667,-0.003922945644940175,0.18290032,-0.006174727328805444
42,0.9601066666666667,-0.003924077056914424,0.18290032,-0.006398893888994987
42,0.9601066666666667,-0.003933059209409206,0.18290032,-0.006624769546576079
42,0.9601066666666667,-0.003951342569684739,0.18290032,-0.006852670066641767
42,0.9601066666666667,-0.00398052172933155,0.18290032,-0.007082942589989895
42,0.9601066666666667,-0.004022457621702574,0.18290032,-0.007315992239720764
42,0.9601066666666667,-0.004050861806834654,0.18290032,-0.007434135925450759
42,0.9601066666666667,-0.004086935712328398,0.18290032,-0.00755394930068708
42,0.9601066666666667,-0.004134076060400506,0.18290032,-0.007676171828040318
42,0.9601066666666667,-0.004198986361902258,0.18290032,-0.007802262854291858
42,0.9601066666666667,-0.004267021938258872,0.18290032,-0.007906642224060886
42,0.9601066666666667,-0.00430525276886074,0.18290032,-0.007959749083547945
42,0.9601066666666667,-0.004351417355597397,0.18290032,-0.008014583112832511
42,0.9601066666666667,-0.004382751631621835,0.18290032,-0.008043796574828491
42,0.9601066666666667,-0.0044043538095561345,0.18290032,-0.008059695357349904
42,0.9601066666666667,-0.004419194991750475,0.18290032,-0.0080685242723674
42,0.9601066666666667,-0.004444999999999999,0.18290032,-0.00807974
42,0.9601066666666667,-0.004500008386240727,0.18290032,-0.00808611725755959
42,0.9601066666666667,-0.004515835708541267,0.18290032,-0.008083964841516654
42,0.9601066666666667,-0.004539718016257502,0.18290032,-0.008077967980422644
42,0.9601066666666667,-0.004575518006285131,0.18290032,-0.008063369572725429
42,0.9601066666666667,-0.004628335703614661,0.18290032,-0.008030083875482224
42,0.9601066666666667,-0.004668626114153828,0.18290032,-0.007994071001978308
42,0.9601066666666667,-0.004725279990411764,0.18290032,-0.007916836385963369
42,0.9601066666666667,-0.0047754535431582005,0.18290032,-0.007815798985492796
42,0.9601066666666667,-0.004820809884288424,0.18290032,-0.007713712883465181
42,0.9601066666666667,-0.004861653404388048,0.18290032,-0.0076106443453690525
42,0.9601066666666667,-0.004897405300146553,0.18290032,-0.007506467366373955
42,0.9601066666666667,-0.004959302340302559,0.18290032,-0.007296022029405
42,0.9601066666666667,-0.00501644097156912,0.18290032,-0.00708454079216656
42,0.9601066666666667,-0.005069723988751283,0.18290032,-0.006872220192073467
42,0.9601066666666667,-0.005119460394413229,0.18290032,-0.0066591274986367984
42,0.9601066666666667,-0.0051661655771601395,0.18290032,-0.0064453749113768995
42,0.9601066666666667,-0.005210336477682915,0.18290032,-0.006231070613723899
42,0.9601066666666667,-0.005252457353731392,0.18290032,-0.006016320028045906
42,0.9601066666666667,-0.005292990556157196,0.18290032,-0.005801223807603902
42,0.9601066666666667,-0.005332309655224486,0.18290032,-0.005585863278224711
42,0.9601066666666667,-0.005370760549326002,0.18290032,-0.005370313741599839
42,0.9601066666666667,-0.005408691442843766,0.18290032,-0.005154651001432069
42,0.9601066666666667,-0.005446450540159803,0.18290032,-0.0049389508614241864
42,0.9601066666666667,-0.005484328395924015,0.18290032,-0.004723276574997054
42,0.9601066666666667,-0.0055223503760185345,0.18290032,-0.004507633664274715
42,0.9601066666666667,-0.005560468054668378,0.18290032,-0.0042920115870203595
42,0.9601066666666667,-0.005598634159093205,0.18290032,-0.004076400052002815
42,0.9601066666666667,-0.0056367991105233895,0.18290032,-0.003860788265979632
42,0.9601066666666667,-0.00567492486013573,0.18290032,-0.0036451679457647447
42,0.9601066666666667,-0.005713010254935585,0.18290032,-0.0034295388403525143
42,0.9601066666666667,-0.005751071436847948,0.18290032,-0.0032139044638218803
42,0.9601066666666667,-0.005789118782824601,0.18290032,-0.002998267075223586
42,0.9601066666666667,-0.005827166128801254,0.18290032,-0.0027826296866252905
42,0.9601066666666667,-0.005865225004724333,0.18290032,-0.0025669948080833793
42,0.9601066666666667,-0.005903294257599193,0.18290032,-0.0023513621885922122
42,0.9601066666666667,-0.005941370428441908,0.18290032,-0.002135731075134876
42,0.9601066666666667,-0.005979448905273908,0.18290032,-0.0019201004636888175
42,0.9601066666666667,-0.00601752853510055,0.18290032,-0.0017044701032483964
42,0.9601066666666667,-0.006055604705943265,0.18290032,-0.00148883898979106
42,0.9601066666666667,-0.006093678570796695,0.18290032,-0.0012732073743224473
42,0.9601066666666667,-0.006131751282655483,0.18290032,-0.0010575755078481948
42,0.9601066666666667,-0.006169821688524985,0.18290032,-0.0008419431393626668
42,0.9601066666666667,-0.00620789324738913,0.18290032,-0.0006263110218827786
42,0.9601066666666667,-0.006245964806253276,0.18290032,-0.0004106789044028888
42,0.9601066666666667,-0.006284037518112063,0.18290032,-0.0001950470379286362
42,0.9601066666666667,-0.00632211022997085,0.18290032,2.05848285456129e-05
42,0.9601066666666667,-0.006360182941829638,0.18290032,0.00023621669501986547
42,0.9601066666666667,-0.006398255653688426,0.18290032,0.0004518485614941163
42,0.9601066666666667,-0.006436328365547213,0.18290032,0.0006674804279683672
42,0.9601066666666667,-0.006474401077406,0.18290032,0.000883112294442618
42,0.9601066666666667,-0.0065124737892647885,0.18290032,0.0010987441609168688
42,0.9601066666666667,-0.006550546501123576,0.18290032,0.0013143760273911231
42,0.9601066666666667,-0.006588619212982363,0.18290032,0.001530007893865374
42,0.9601066666666667,-0.006626691924841152,0.18290032,0.0017456397603396248
42,0.9601066666666667,-0.0066647646366999385,0.18290032,0.0019612716268138757
42,0.9601066666666667,-0.006702837348558727,0.18290032,0.0021769034932881265
42,0.9601066666666667,-0.006721874280985441,0.18290032,0.002284719301022432
42,0.9601066666666667,-0.0067409112134121565,0.18290032,0.002392535108756739
42,0.9601066666666667,-0.006759946992844228,0.18290032,0.002500351167496683
42,0.9601066666666667,-0.006778982772276301,0.18290032,0.002608167226236628
43,0.9651466666666666,-0.0067474411402701825,0.18386043999999999,0.0024744703006456337
43,0.9651466666666666,-0.006699078172652491,0.18386043999999999,0.0023786590267473257
43,0.9651466666666666,-0.0066507721124602626,0.18386043999999999,0.0022828351823058713
43,0.9651466666666666,-0.006602588622107488,0.18386043999999999,0.002186984262848403
43,0.9651466666666666,-0.006554590080887468,0.18386043999999999,0.002091092489125709
43,0.9651466666666666,-0.006459382041788924,0.18386043999999999,0.0018991346462647477
43,0.9651466666666666,-0.00636536686987795,0.18386043999999999,0.0017069133054801117
43,0.9651466666666666,-0.006272498601464747,0.18386043999999999,0.0015144386199028052
43,0.9651466666666666,-0.006180727989738819,0.18386043999999999,0.0013217214678874758
43,0.9651466666666666,-0.006090070355930098,0.18386043999999999,0.001128758465057121
43,0.9651466666666666,-0.006000565097486982,0.18386043999999999,0.0009355409087280246
43,0.9651466666666666,-0.005912249423110734,0.18386043999999999,0.0007420605796988966
43,0.9651466666666666,-0.0058251572583819175,0.18386043999999999,0.0005483099839920938
43,0.9651466666666666,-0.005739319245760396,0.18386043999999999,0.0003542823528536075
43,0.9651466666666666,-0.00565475180084967,0.18386043999999999,0.00015997406016522633
43,0.9651466666666666,-0.005571469150506103,0.18386043999999999,-3.461803670883751e-05
43,0.9651466666666666,-0.005489484427212495,0.18386043999999999,-0.00022949683866315632
43,0.9651466666666666,-0.005408806385957378,0.18386043999999999,-0.0004246642796274453
43,0.9651466666666666,-0.005329459102959218,0.18386043999999999,-0.0006201256779084195
43,0.9651466666666666,-0.005251546543706838,0.18386043999999999,-0.0008159039989214479
43,0.9651466666666666,-0.005175195655533963,0.18386043999999999,-0.0010120272846473955
43,0.9651466666666666,-0.005100533385774313,0.18386043999999999,-0.001208523577067134
43,0.9651466666666666,-0.005027682304267345,0.18386043999999999,-0.0014054199511966707
43,0.9651466666666666,-0.004956757320237552,0.18386043999999999,-0.001602741789863517
43,0.9651466666666666,-0.004887790170518362,0.18386043999999999,-0.0018004961035628896
43,0.9651466666666666,-0.0048207896100983085,0.18386043999999999,-0.0019986848262245034
43,0.9651466666666666,-0.004755757827724525,0.18386043999999999,-0.0021973084413307873
43,0.9651466666666666,-0.004692702484011977,0.18386043999999999,-0.0023963686410702423
43,0.9651466666666666,-0.004631646560805563,0.18386043999999999,-0.0025958705020083708
43,0.9651466666666666,-0.004572719194186139,0.18386043999999999,-0.0027958425496084688
43,0.9651466666666666,-0.00451609767267149,0.18386043999999999,-0.0029963239459472662
43,0.9651466666666666,-0.004461956001658701,0.18386043999999999,-0.00319735312787785
43,0.9651466666666666,-0.0044104703752919925,0.18386043999999999,-0.003398969015735732
43,0.9651466666666666,-0.004361780873387884,0.18386043999999999,-0.0036012025523963582
43,0.9651466666666666,-0.004315768209227619,0.18386043999999999,-0.0038040273880673593
43,0.9651466666666666,-0.0042722080362300515,0.18386043999999999,-0.004007393965799785
43,0.9651466666666666,-0.004230874913440465,0.18386043999999999,-0.004211252486903476
43,0.9651466666666666,-0.004191545588651278,0.18386043999999999,-0.004415553636170697
43,0.9651466666666666,-0.004154115002000101,0.18386043999999999,-0.004620274206444868
43,0.9651466666666666,-0.004119297779425907,0.18386043999999999,-0.004825572054738979
43,0.9651466666666666,-0.00408815327454114,0.18386043999999999,-0.0050316811865485506
43,0.9651466666666666,-0.004061761634056011,0.18386043999999999,-0.0052388402004521755
43,0.9651466666666666,-0.004041231458393463,0.18386043999999999,-0.0054472939803000215
43,0.9651466666666666,-0.004027578326223276,0.18386043999999999,-0.005657266861939034
43,0.9651466666666666,-0.004021000319161001,0.18386043999999999,-0.005868802600529015
43,0.9651466666666666,-0.004021390188597113,0.18386043999999999,-0.006081877505430956
43,0.9651466666666666,-0.00402923164764804,0.18386043999999999,-0.006296598426261613
43,0.9651466666666666,-0.004045901418260533,0.18386043999999999,-0.006513269473468675
43,0.9651466666666666,-0.004072913019077166,0.18386043999999999,-0.006732224975151632
43,0.9651466666666666,-0.004112032769034393,0.18386043999999999,-0.006953855101630493
43,0.9651466666666666,-0.004138650806330637,0.18386043999999999,-0.00706622927483207
43,0.9651466666666666,-0.004172548616591742,0.18386043999999999,-0.007180211510591704
43,0.9651466666666666,-0.004216950224344841,0.18386043999999999,-0.007296513978526961
43,0.9651466666666666,-0.004278218317506005,0.18386043999999999,-0.007416542162058248
43,0.9651466666666666,-0.004342521190759998,0.18386043999999999,-0.00751594183364817
43,0.9651466666666666,-0.004378671468399264,0.18386043999999999,-0.007566524991840478
43,0.9651466666666666,-0.004422352130550135,0.18386043999999999,-0.007618771571328935
43,0.9651466666666666,-0.004452024893241553,0.18386043999999999,-0.007646625002944485
43,0.9651466666666666,-0.0044724945625212115,0.18386043999999999,-0.0076617960816532825
43,0.9651466666666666,-0.0044865640821383215,0.18386043999999999,-0.00767022868222287
43,0.9651466666666666,-0.00451104,0.18386043999999999,-0.00768096
43,0.9651466666666666,-0.004563268725419613,0.18386043999999999,-0.007687172323938787
43,0.9651466666666666,-0.00457830844829985,0.18386043999999999,-0.007685169797930502
43,0.9651466666666666,-0.004601010721848038,0.18386043999999999,-0.007679535168387795
43,0.9651466666666666,-0.004635058954444057,0.18386043999999999,-0.007665757360720756
43,0.9651466666666666,-0.004685328074236577,0.18386043999999999,-0.0076342637810044205
43,0.9651466666666666,-0.0047237068252282514,0.18386043999999999,-0.007600143682993843
43,0.9651466666666666,-0.004777753886958022,0.18386043999999999,-0.007526886873291868
43,0.9651466666666666,-0.00482571850259748,0.18386043999999999,-0.007430987605591526
43,0.9651466666666666,-0.004869110825475784,0.18386043999999999,-0.007334078343097503
43,0.9651466666666666,-0.004908219770214511,0.18386043999999999,-0.007236222905490394
43,0.9651466666666666,-0.00494249596128324,0.18386043999999999,-0.0071372999386805835
43,0.9651466666666666,-0.005001930022863988,0.18386043999999999,-0.006937439817262744
43,0.9651466666666666,-0.005056847604735479,0.18386043999999999,-0.006736582029853156
43,0.9651466666666666,-0.005108105601400341,0.18386043999999999,-0.006534915859822681
43,0.9651466666666666,-0.005155997304974416,0.18386043999999999,-0.006332506093816772
43,0.9651466666666666,-0.005201011900441963,0.18386043999999999,-0.006129460790158256
43,0.9651466666666666,-0.005243621062810177,0.18386043999999999,-0.005925884139310534
43,0.9651466666666666,-0.005284284428977019,0.18386043999999999,-0.005721877672583642
43,0.9651466666666666,-0.005323440842742686,0.18386043999999999,-0.005517538328204549
43,0.9651466666666666,-0.005361444881142749,0.18386043999999999,-0.0053129444303267135
43,0.9651466666666666,-0.005398624856247181,0.18386043999999999,-0.00510816850131445
43,0.9651466666666666,-0.005435311268873087,0.18386043999999999,-0.004903283547014501
43,0.9651466666666666,-0.005471834619837573,0.18386043999999999,-0.0046983625732736085
43,0.9651466666666666,-0.005508470691279417,0.18386043999999999,-0.004493466498877797
43,0.9651466666666666,-0.005545243559417082,0.18386043999999999,-0.004288600642133784
43,0.9651466666666666,-0.005582107260560774,0.18386043999999999,-0.004083754849910564
43,0.9651466666666666,-0.005619016925394261,0.18386043999999999,-0.0038789192108183482
43,0.9651466666666666,-0.0056559254958541815,0.18386043999999999,-0.0036740833299849177
43,0.9651466666666666,-0.005692796857612839,0.18386043999999999,-0.0034692392299502
43,0.9651466666666666,-0.005729629916296666,0.18386043999999999,-0.003264386668972977
43,0.9651466666666666,-0.005766439993135595,0.18386043999999999,-0.0030595290314302526
43,0.9651466666666666,-0.0058032369374917256,0.18386043999999999,-0.002854668492992956
43,0.9651466666666666,-0.005840033881847856,0.18386043999999999,-0.002649807954555658
43,0.9651466666666666,-0.005876841769939651,0.18386043999999999,-0.002444949833530505
43,0.9651466666666666,-0.005913659507393546,0.18386043999999999,-0.002240093888176282
43,0.9651466666666666,-0.005950483811088841,0.18386043999999999,-0.0020352393932693445
43,0.9651466666666666,-0.005987310303531269,0.18386043999999999,-0.0018303853818448365
43,0.9651466666666666,-0.006024137890347263,0.18386043999999999,-0.0016255316121615414
43,0.9651466666666666,-0.006060962194042558,0.18386043999999999,-0.001420677117254604
43,0.9651466666666666,-0.006097784308990719,0.18386043999999999,-0.0012158221388652362
43,0.9651466666666666,-0.006134605329565314,0.18386043999999999,-0.0010109669187346564
43,0.9651466666666666,-0.006171424161392776,0.18386043999999999,-0.000806111215121647
43,0.9651466666666666,-0.006208244087593804,0.18386043999999999,-0.0006012557532498524
43,0.9651466666666666,-0.006245064013794831,0.18386043999999999,-0.000396400291378057
43,0.9651466666666666,-0.006281885034369427,0.18386043999999999,-0.00019154507124747623
43,0.9651466666666666,-0.006318706054944022,0.18386043999999999,1.3310148883105381e-05
43,0.9651466666666666,-0.006355527075518616,0.18386043999999999,0.00021816536901368613
43,0.9651466666666666,-0.0063923480960932115,0.18386043999999999,0.00042302058914426687
43,0.9651466666666666,-0.006429169116667806,0.18386043999999999,0.0006278758092748459
43,0.9651466666666666,-0.006465990137242401,0.18386043999999999,0.0008327310294054249
43,0.9651466666666666,-0.006502811157816995,0.18386043999999999,0.0010375862495360056
43,0.9651466666666666,-0.00653963217839159,0.18386043999999999,0.0012424414696665864
43,0.9651466666666666,-0.006576453198966185,0.18386043999999999,0.0014472966897971671
43,0.9651466666666666,-0.00661327421954078,0.18386043999999999,0.0016521519099277479
43,0.9651466666666666,-0.006650095240115375,0.18386043999999999,0.0018570071300583286
43,0.9651466666666666,-0.006686916260689969,0.18386043999999999,0.0020618623501889094
43,0.9651466666666666,-0.0067053273181640494,0.18386043999999999,0.002164289839383591
43,0.9651466666666666,-0.006723738375638132,0.18386043999999999,0.0022667173285782763
43,0.9651466666666666,-0.006742148338738645,0.18386043999999999,0.002369145059514172
43,0.9651466666666666,-0.006760558301839159,0.18386043999999999,0.0024715727904500726
44,0.9702,-0.006726154936831862,0.1848231,0.0023351555900645053
44,0.9702,-0.006680069496694077,0.1848231,0.0022445492844701724
44,0.9702,-0.006634037834679982,0.1848231,0.0021539309047140737
44,0.9702,-0.006588122002470756,0.1848231,0.00206328651907109
44,0.9702,-0.006542380949163519,0.1848231,0.0019726028924023616
44,0.9702,-0.006451644496917887,0.1848231,0.0017910682261680815
44,0.9702,-0.006362035316880354,0.1848231,0.0016092804669275143
44,0.9702,-0.006273509972874092,0.1848231,0.0014272493668882396
44,0.9702,-0.006186021926138216,0.1848231,0.0012449853748440964
44,0.9702,-0.0060995856553983365,0.1848231,0.0010624852400592235
44,0.9702,-0.00601423839166316,0.1848231,0.000879740603498551
44,0.9702,-0.005930015297552022,0.1848231,0.0006967435705178453
44,0.9702,-0.005846948433100199,0.1848231,0.0005134869430591339
44,0.9702,-0.005765066755758909,0.1848231,0.00032996421965068856
44,0.9702,-0.005684385778448444,0.1848231,0.00014617191736123348
44,0.9702,-0.005604918945699728,0.1848231,-3.7892982349674136e-05
44,0.9702,-0.005526678667848998,0.1848231,-0.00022223326582705618
44,0.9702,-0.005449673218453743,0.1848231,-0.0004068507906342623
44,0.9702,-0.005373925349797063,0.1848231,-0.0005917506650705015
44,0.9702,-0.005299533310374159,0.1848231,-0.0007769549477005429
44,0.9702,-0.005226617066768645,0.1848231,-0.0009624905731929461
44,0.9702,-0.005155296585564135,0.1848231,-0.0011483844762162684
44,0.9702,-0.005085687696565497,0.1848231,-0.0013346626626573963
44,0.9702,-0.005017898990214797,0.1848231,-0.0015213495130352835
44,0.9702,-0.004951960458157938,0.1848231,-0.0017084517610170685
44,0.9702,-0.00488788037395241,0.1848231,-0.001895971264166102
44,0.9702,-0.004825660805987586,0.1848231,-0.0020839084868732203
44,0.9702,-0.004765308993626271,0.1848231,-0.002272265054506354
44,0.9702,-0.004706846654956876,0.1848231,-0.002461045843169294
44,0.9702,-0.004650395824952389,0.1848231,-0.0026502782519214367
44,0.9702,-0.004596124043151996,0.1848231,-0.0028399998964205976
44,0.9702,-0.004544195746510822,0.1848231,-0.0030302476957383365
44,0.9702,-0.0044947774403733655,0.1848231,-0.0032210590333370485
44,0.9702,-0.004448001501659477,0.1848231,-0.0034124636302303173
44,0.9702,-0.004403755203148347,0.1848231,-0.0036044361771175146
44,0.9702,-0.004361826534929277,0.1848231,-0.0037969290739378234
44,0.9702,-0.004322002452896886,0.1848231,-0.00398989448843501
44,0.9702,-0.004284071981335161,0.1848231,-0.004183285052743678
44,0.9702,-0.004247935837554215,0.1848231,-0.004377078476103639
44,0.9702,-0.004214269350684219,0.1848231,-0.004571426382123248
44,0.9702,-0.004184073621181541,0.1848231,-0.004766553535967723
44,0.9702,-0.004158369399201584,0.1848231,-0.004962689114515236
44,0.9702,-0.004138204323961602,0.1848231,-0.005160068331724841
44,0.9702,-0.004124538128130503,0.1848231,-0.005358906664945011
44,0.9702,-0.004117558000946515,0.1848231,-0.0055592461415465136
44,0.9702,-0.004117162591330377,0.1848231,-0.005761064006378327
44,0.9702,-0.004123809013333446,0.1848231,-0.0059644628898154785
44,0.9702,-0.004138798283871123,0.1848231,-0.0061697348936945815
44,0.9702,-0.004163560694194599,0.1848231,-0.0063772011442795795
44,0.9702,-0.004199765434527608,0.1848231,-0.006587236404976113
44,0.9702,-0.004224537843323584,0.1848231,-0.006693751579676725
44,0.9702,-0.004256189715173015,0.1848231,-0.006801811318301953
44,0.9702,-0.004297767787621821,0.1848231,-0.006912099668555029
44,0.9702,-0.004355284868576313,0.1848231,-0.007025966614599772
44,0.9702,-0.00441574623310791,0.1848231,-0.007120303941433592
44,0.9702,-0.00444975586275755,0.1848231,-0.007168321046910115
44,0.9702,-0.004490881786043813,0.1848231,-0.007217935889062114
44,0.9702,-0.004518846479056994,0.1848231,-0.007244405132749128
44,0.9702,-0.0045381523427114575,0.1848231,-0.007258834980509947
44,0.9702,-0.004551429092719583,0.1848231,-0.007266863517137177
44,0.9702,-0.00457454,0.1848231,-0.007277099999999999
44,0.9702,-0.0046239157982843095,0.1848231,-0.007283138094027773
44,0.9702,-0.004638147592737823,0.1848231,-0.007281285723340235
44,0.9702,-0.004659639675264311,0.1848231,-0.007276015752648288
44,0.9702,-0.004691892002057262,0.1848231,-0.007263066319405444
44,0.9702,-0.004739549624202883,0.1848231,-0.007233384989550547
44,0.9702,-0.0047759707210815495,0.1848231,-0.007201180856472419
44,0.9702,-0.004827351306708205,0.1848231,-0.007131954070989101
44,0.9702,-0.004873060299980166,0.1848231,-0.007041263246262395
44,0.9702,-0.004914448427852648,0.1848231,-0.006949602309076723
44,0.9702,-0.004951788717722843,0.1848231,-0.006857032559022598
44,0.9702,-0.004984562003858214,0.1848231,-0.006763437433999878
44,0.9702,-0.0050414916660024706,0.1848231,-0.006574312531726553
44,0.9702,-0.005094153206676251,0.1848231,-0.006384229358960611
44,0.9702,-0.005143356400318952,0.1848231,-0.006193369724714828
44,0.9702,-0.005189378411106506,0.1848231,-0.006001795857361389
44,0.9702,-0.005232681524063706,0.1848231,-0.0058096115482524175
44,0.9702,-0.005273711477100356,0.1848231,-0.005616916873613334
44,0.9702,-0.005312902631984715,0.1848231,-0.005423809355519955
44,0.9702,-0.005350669700786,0.1848231,-0.005230382104335148
44,0.9702,-0.005387347762582583,0.1848231,-0.0050367103513745395
44,0.9702,-0.005423247075780359,0.1848231,-0.0048428637552637155
44,0.9702,-0.005458679967174603,0.1848231,-0.004648912439019098
44,0.9702,-0.005493958763560583,0.1848231,-0.004454926525657106
44,0.9702,-0.005529344081999255,0.1848231,-0.004260964528423231
44,0.9702,-0.0055648586747737185,0.1848231,-0.004067031555616683
44,0.9702,-0.0056004591057071465,0.1848231,-0.0038731178550298812
44,0.9702,-0.005636102972817401,0.1848231,-0.0036792139066506597
44,0.9702,-0.005671745805732969,0.1848231,-0.0034853097260760194
44,0.9702,-0.005707353476029201,0.1848231,-0.0032913976508571474
44,0.9702,-0.005742924949511412,0.1848231,-0.0030974774487986237
44,0.9702,-0.005778474704905211,0.1848231,-0.0029035523706363083
44,0.9702,-0.005814012049962774,0.1848231,-0.0027096245061289702
44,0.9702,-0.005849549395020336,0.1848231,-0.0025156966416216313
44,0.9702,-0.005885097082024761,0.1848231,-0.0023217710990684802
44,0.9702,-0.005920654076781363,0.1848231,-0.0021278476462740954
44,0.9702,-0.005956217276706085,0.1848231,-0.001933925586652222
44,0.9702,-0.005991782545020178,0.1848231,-0.0017400039914211868
44,0.9702,-0.006027348847528957,0.1848231,-0.00154608262838557
44,0.9702,-0.0060629120474536774,0.1848231,-0.0013521605687636966
44,0.9702,-0.006098473178989025,0.1848231,-0.0011582380447509866
44,0.9702,-0.006134033276329687,0.1848231,-0.0009643152885428575
44,0.9702,-0.006169591305280976,0.1848231,-0.0007703920679438909
44,0.9702,-0.006205150368426951,0.1848231,-0.0005764690795403444
44,0.9702,-0.006240709431572926,0.1848231,-0.000382546091136797
44,0.9702,-0.0062762695289135875,0.1848231,-0.00018862333492866788
44,0.9702,-0.0063118296262542496,0.1848231,5.299421279462112e-06
44,0.9702,-0.006347389723594912,0.1848231,0.00019922217748759123
44,0.9702,-0.006382949820935573,0.1848231,0.00039314493369572035
44,0.9702,-0.006418509918276234,0.1848231,0.0005870676899038469
44,0.9702,-0.006454070015616896,0.1848231,0.0007809904461119769
44,0.9702,-0.006489630112957557,0.1848231,0.0009749132023201051
44,0.9702,-0.006525190210298219,0.1848231,0.0011688359585282334
44,0.9702,-0.00656075030763888,0.1848231,0.0013627587147363616
44,0.9702,-0.006596310404979542,0.1848231,0.0015566814709444916
44,0.9702,-0.0066318705023202034,0.1848231,0.0017506042271526199
44,0.9702,-0.0066674305996608655,0.1848231,0.0019445269833607498
44,0.9702,-0.006685211165428539,0.1848231,0.0020414882453671053
44,0.9702,-0.006702991731196213,0.1848231,0.002138449507373459
44,0.9702,-0.006720771262769201,0.1848231,0.0022354110015752335
44,0.9702,-0.006738550794342189,0.1848231,0.002332372495777008
45,0.9752533333333333,-0.006708999349713882,0.18578576,0.0021935706615556997
45,0.9752533333333333,-0.006665241744553279,0.18578576,0.002108315003436516
45,0.9752533333333333,-0.006621534754476631,0.18578576,0.002023047776342643
45,0.9752533333333333,-0.006577936781503891,0.18578576,0.0019377556314571394
45,0.9752533333333333,-0.006534503307554009,0.18578576,0.0018524258874038982
45,0.9752533333333333,-0.006448338157260642,0.18578576,0.0016816059910137807
45,0.9752533333333333,-0.006363233976996366,0.18578576,0.0015105435911158017
45,0.9752533333333333,-0.0062791498853472134,0.18578576,0.0013392480318818213
45,0.9752533333333333,-0.006196042080798224,0.18578576,0.0011677293249245518
45,0.9752533333333333,-0.006113924190487384,0.18578576,0.0009959843555200371
45,0.9752533333333333,-0.006032831255626665,0.18578576,0.0008240051143781095
45,0.9752533333333333,-0.005952796370694038,0.18578576,0.0006517840371691669
45,0.9752533333333333,-0.0058738497100664765,0.18578576,0.0004793142270044558
45,0.9752533333333333,-0.0057960185280199585,0.18578576,0.0003065894544360629
45,0.9752533333333333,-0.00571931742505947,0.18578576,0.0001336063822597539
45,0.9752533333333333,-0.0056437590549560015,0.18578576,-3.9637881768141495e-05
45,0.9752533333333333,-0.005569355098113541,0.18578576,-0.0002131460074110145
45,0.9752533333333333,-0.005496113341468085,0.18578576,-0.00038691977451112483
45,0.9752533333333333,-0.005424055199093612,0.18578576,-0.0005609640776346849
45,0.9752533333333333,-0.005353273140855044,0.18578576,-0.0007353000524085275
45,0.9752533333333333,-0.0052838800773242845,0.18578576,-0.0009099535065454165
45,0.9752533333333333,-0.0052159889190732354,0.18578576,-0.001084950247758113
45,0.9752533333333333,-0.005149708683205804,0.18578576,-0.0012603151938382533
45,0.9752533333333333,-0.0050851415732569025,0.18578576,-0.0014360717052154933
45,0.9752533333333333,-0.005022315816869507,0.18578576,-0.0016122262338180218
45,0.9752533333333333,-0.00496123920097961,0.18578576,-0.001788780559488101
45,0.9752533333333333,-0.00490191367232121,0.18578576,-0.001965735127186295
45,0.9752533333333333,-0.004844346044463302,0.18578576,-0.00214309149427458
45,0.9752533333333333,-0.004788556758112867,0.18578576,-0.002320854332838888
45,0.9752533333333333,-0.004734660670575808,0.18578576,-0.0024990498955525468
45,0.9752533333333333,-0.004682815467305989,0.18578576,-0.002677714224221313
45,0.9752533333333333,-0.004633175913656276,0.18578576,-0.002856882693210094
45,0.9752533333333333,-0.004585898721713538,0.18578576,-0.0030365911218443635
45,0.9752533333333333,-0.004541108482453663,0.18578576,-0.003216867987600275
45,0.9752533333333333,-0.004498699098873746,0.18578576,-0.0033976890401270403
45,0.9752533333333333,-0.004458471030738957,0.18578576,-0.0035790086709667603
45,0.9752533333333333,-0.004420223764447468,0.18578576,-0.0037607810491812515
45,0.9752533333333333,-0.004383758733131449,0.18578576,-0.003942960788792894
45,0.9752533333333333,-0.004348982493558982,0.18578576,-0.004125526531694576
45,0.9752533333333333,-0.004316530654380519,0.18578576,-0.004308623557510731
45,0.9752533333333333,-0.004287345434851254,0.18578576,-0.004492467227154765
45,0.9752533333333333,-0.0042623875481993595,0.18578576,-0.004677277128665445
45,0.9752533333333333,-0.004242643015194992,0.18578576,-0.004863278634568891
45,0.9752533333333333,-0.004229015120413375,0.18578576,-0.0050506782065672055
45,0.9752533333333333,-0.004221680043281357,0.18578576,-0.0052395161135915125
45,0.9752533333333333,-0.004220542393833021,0.18578576,-0.005429770552574133
45,0.9752533333333333,-0.004226032400281997,0.18578576,-0.005621539859799905
45,0.9752533333333333,-0.004239374558313234,0.18578576,-0.005815103915464143
45,0.9752533333333333,-0.0042619150344865775,0.18578576,-0.006010770409797465
45,0.9752533333333333,-0.004295224843138679,0.18578576,-0.006208898425975734
45,0.9752533333333333,-0.004318157477925842,0.18578576,-0.006309397320646482
45,0.9752533333333333,-0.004347564949991448,0.18578576,-0.00641137615415604
45,0.9752533333333333,-0.004386314798515038,0.18578576,-0.006515490353416482
45,0.9752533333333333,-0.004440066179229752,0.18578576,-0.006623033418789933
45,0.9752533333333333,-0.004496665220779854,0.18578576,-0.0067121759206344184
45,0.9752533333333333,-0.004528521424569853,0.18578576,-0.0067575601145087065
45,0.9752533333333333,-0.004567075366681103,0.18578576,-0.006804475195206484
45,0.9752533333333333,-0.004593318725349751,0.18578576,-0.006829525026936814
45,0.9752533333333333,-0.004611450811312274,0.18578576,-0.006843195160055854
45,0.9752533333333333,-0.004623927532258609,0.18578576,-0.006850809797525053
45,0.9752533333333333,-0.00464566,0.18578576,-0.00686054
45,0.9752533333333333,-0.00469215082523006,0.18578576,-0.006866403440521464
45,0.9752533333333333,-0.004705564693094506,0.18578576,-0.006864706556084959
45,0.9752533333333333,-0.004725830961882029,0.18578576,-0.006859813047628003
45,0.9752533333333333,-0.004756262870106744,0.18578576,-0.006847717352823183
45,0.9752533333333333,-0.004801270538139782,0.18578576,-0.006819901759412549
45,0.9752533333333333,-0.004835702573726895,0.18578576,-0.006789668917733176
45,0.9752533333333333,-0.004884367332934456,0.18578576,-0.006724586323553178
45,0.9752533333333333,-0.004927770632507364,0.18578576,-0.006639249682611184
45,0.9752533333333333,-0.004967107204757761,0.18578576,-0.006552983519049144
45,0.9752533333333333,-0.005002634018573429,0.18578576,-0.006465846567661623
45,0.9752533333333333,-0.005033862443720785,0.18578576,-0.006377727143346836
45,0.9752533333333333,-0.005088209200178458,0.18578576,-0.006199634589003948
45,0.9752533333333333,-0.005138538871030577,0.18578576,-0.006020623858535418
45,0.9752533333333333,-0.005185613602637491,0.18578576,-0.0058408691540024005
45,0.9752533333333333,-0.005229694257354974,0.18578576,-0.005660430100120589
45,0.9752533333333333,-0.005271215930231652,0.18578576,-0.005479406145576236
45,0.9752533333333333,-0.005310598142444167,0.18578576,-0.005297893179371073
45,0.9752533333333333,-0.005348249708132168,0.18578576,-0.0051159846432237265
45,0.9752533333333333,-0.005384560947462318,0.18578576,-0.004933769751727457
45,0.9752533333333333,-0.005419847231342348,0.18578576,-0.004751320588493776
45,0.9752533333333333,-0.005454400569872007,0.18578576,-0.004568703897607415
45,0.9752533333333333,-0.005488514919885043,0.18578576,-0.004385986868113672
45,0.9752533333333333,-0.005522484238215203,0.18578576,-0.0042032366890578455
45,0.9752533333333333,-0.005556553813346278,0.18578576,-0.00402050942547111
45,0.9752533333333333,-0.005590745059352247,0.18578576,-0.0038378099719196803
45,0.9752533333333333,-0.005625017094819148,0.18578576,-0.0036551289842316937
45,0.9752533333333333,-0.005659330011700013,0.18578576,-0.003472457340715569
45,0.9752533333333333,-0.0056936419552138795,0.18578576,-0.003289785474719162
45,0.9752533333333333,-0.005727920804249774,0.18578576,-0.0031071060443931525
45,0.9752533333333333,-0.005762165585440698,0.18578576,-0.0029244188272572564
45,0.9752533333333333,-0.00579638992592464,0.18578576,-0.0027417269380354305
45,0.9752533333333333,-0.005830602586004591,0.18578576,-0.002559032379050215
45,0.9752533333333333,-0.005864815246084542,0.18578576,-0.0023763378200649986
45,0.9752533333333333,-0.005899037639834485,0.18578576,-0.002193645485882607
45,0.9752533333333333,-0.005933268793887421,0.18578576,-0.0020109551540227564
45,0.9752533333333333,-0.005967505788142351,0.18578576,-0.0018282661570446015
45,0.9752533333333333,-0.00600174472913128,0.18578576,-0.0016455776050270125
45,0.9752533333333333,-0.006035984643487208,0.18578576,-0.001462889275489705
45,0.9752533333333333,-0.006070221637742139,0.18578576,-0.0012802002785115493
45,0.9752533333333333,-0.006104456685263071,0.18578576,-0.0010975108365728304
45,0.9752533333333333,-0.006138690759417004,0.18578576,-0.0009148211721538273
45,0.9752533333333333,-0.006172922886836939,0.18578576,-0.0007321310627742602
45,0.9752533333333333,-0.006207155987623873,0.18578576,-0.0005494411758749755
45,0.9752533333333333,-0.006241389088410806,0.18578576,-0.00036675128897569083
45,0.9752533333333333,-0.0062756231625647405,0.18578576,-0.00018406162455668774
45,0.9752533333333333,-0.006309857236718673,0.18578576,-1.3719601376863816e-06
45,0.9752533333333333,-0.006344091310872606,0.18578576,0.0001813177042813167
45,0.9752533333333333,-0.006378325385026539,0.18578576,0.00036400736870031893
45,0.9752533333333333,-0.006412559459180472,0.18578576,0.0005466970331193194
45,0.9752533333333333,-0.006446793533334405,0.18578576,0.0007293866975383225
45,0.9752533333333333,-0.006481027607488338,0.18578576,0.0009120763619573247
45,0.9752533333333333,-0.006515261681642272,0.18578576,0.0010947660263763287
45,0.9752533333333333,-0.006549495755796204,0.18578576,0.001277455690795331
45,0.9752533333333333,-0.006583729829950138,0.18578576,0.0014601453552143314
45,0.9752533333333333,-0.00661796390410407,0.18578576,0.0016428350196333336
45,0.9752533333333333,-0.006652197978258004,0.18578576,0.0018255246840523359
45,0.9752533333333333,-0.00666931550201847,0.18578576,0.0019168694050216983
45,0.9752533333333333,-0.006686433025778936,0.18578576,0.0020082141259910573
45,0.9752533333333333,-0.006703549576172403,0.18578576,0.002099559069440699
45,0.9752533333333333,-0.00672066612656587,0.18578576,0.0021909040128903403
46,0.9803066666666665,-0.00668653906401794,0.18674841999999997,0.002050022899659645
46,0.9803066666666665,-0.006645792555133799,0.18674841999999997,0.0019714523070932305
46,0.9803066666666665,-0.0066050926748228225,0.18674841999999997,0.0018928708306838954
46,0.9803066666666665,-0.006564493225284818,0.18674841999999997,0.001814265912151349
46,0.9803066666666665,-0.0065240453186096005,0.18674841999999997,0.0017356256211293148
46,0.9803066666666665,-0.006443796028360167,0.18674841999999997,0.0015781941304170754
46,0.9803066666666665,-0.006364524144740543,0.18674841999999997,0.0014205344976128695
46,0.9803066666666665,-0.006286192006210865,0.18674841999999997,0.001262655513512902
46,0.9803066666666665,-0.006208759261121277,0.18674841999999997,0.00110456659682739
46,0.9803066666666665,-0.006132238463318401,0.18674841999999997,0.0009462648172909333
46,0.9803066666666665,-0.0060566618941221215,0.18674841999999997,0.0007877426399353566
46,0.9803066666666665,-0.00598206004144566,0.18674841999999997,0.0006289929484018294
46,0.9803066666666665,-0.005908460703092252,0.18674841999999997,0.000470009254245533
46,0.9803066666666665,-0.005835888986755138,0.18674841999999997,0.00031078569693566375
46,0.9803066666666665,-0.005764358342984271,0.18674841999999997,0.0001513191369021498
46,0.9803066666666665,-0.0056938804289229416,0.18674841999999997,-8.39314681573989e-06
46,0.9803066666666665,-0.005624466005011111,0.18674841999999997,-0.00016835366587406118
46,0.9803066666666665,-0.005556122244875421,0.18674841999999997,-0.0003285640947101884
46,0.9803066666666665,-0.005488868875989133,0.18674841999999997,-0.0004890290380268943
46,0.9803066666666665,-0.005422791085168606,0.18674841999999997,-0.0006497683797679742
46,0.9803066666666665,-0.005357992890000133,0.18674841999999997,-0.0008108063992753262
46,0.9803066666666665,-0.005294578308070004,0.18674841999999997,-0.0009721673758908466
46,0.9803066666666665,-0.005232647770151192,0.18674841999999997,-0.0011338747517377476
46,0.9803066666666665,-0.005172295430093356,0.18674841999999997,-0.0012959505038065405
46,0.9803066666666665,-0.00511354729229307,0.18674841999999997,-0.0014584007019326954
46,0.9803066666666665,-0.005056410530376974,0.18674841999999997,-0.0016212270205535886
46,0.9803066666666665,-0.00500088693775173,0.18674841999999997,-0.0017844298782785633
46,0.9803066666666665,-0.004946982791340646,0.18674841999999997,-0.0019480107402403178
46,0.9803066666666665,-0.004894716921913655,0.18674841999999997,-0.002111974001836956
46,0.9803066666666665,-0.00484419514046371,0.18674841999999997,-0.002276344361019717
46,0.9803066666666665,-0.004795562712930287,0.18674841999999997,-0.0024411557251453895
46,0.9803066666666665,-0.00474896221514287,0.18674841999999997,-0.002606441373656746
46,0.9803066666666665,-0.004704538016337608,0.18674841999999997,-0.002772235004605902
46,0.9803066666666665,-0.0046624048945407524,0.18674841999999997,-0.002938563408990815
46,0.9803066666666665,-0.004622465109089321,0.18674841999999997,-0.0031054037726022873
46,0.9803066666666665,-0.004584534835800646,0.18674841999999997,-0.0032727131879826555
46,0.9803066666666665,-0.004548429353788725,0.18674841999999997,-0.0034404485383695846
46,0.9803066666666665,-0.004513965735574218,0.18674841999999997,-0.0036085671256100827
46,0.9803066666666665,-0.004481057897637434,0.18674841999999997,-0.003777048856455683
46,0.9803066666666665,-0.0044502913872529306,0.18674841999999997,-0.003946030406856895
46,0.9803066666666665,-0.004422534213244244,0.18674841999999997,-0.004115714383735756
46,0.9803066666666665,-0.004398671421798184,0.18674841999999997,-0.004286307370803068
46,0.9803066666666665,-0.004379611373388141,0.18674841999999997,-0.004458021393691087
46,0.9803066666666665,-0.004366186208704449,0.18674841999999997,-0.004631050687134993
46,0.9803066666666665,-0.004358558231049856,0.18674841999999997,-0.0048054331352803325
46,0.9803066666666665,-0.004356639563498012,0.18674841999999997,-0.004981148226269295
46,0.9803066666666665,-0.004360826548920821,0.18674841999999997,-0.005158288472766698
46,0.9803066666666665,-0.004372247240107551,0.18674841999999997,-0.005337117180049323
46,0.9803066666666665,-0.004392141777763729,0.18674841999999997,-0.005517923816477895
46,0.9803066666666665,-0.004421957441064138,0.18674841999999997,-0.00570104619979226
46,0.9803066666666665,-0.004442648560841825,0.18674841999999997,-0.005793957301928468
46,0.9803066666666665,-0.00446930455117134,0.18674841999999997,-0.005888260698739685
46,0.9803066666666665,-0.0045045671000631575,0.18674841999999997,-0.005984573001788235
46,0.9803066666666665,-0.004553649640678483,0.18674841999999997,-0.006084111108434386
46,0.9803066666666665,-0.004605442618692245,0.18674841999999997,-0.006166665580012564
46,0.9803066666666665,-0.004634615661667314,0.18674841999999997,-0.006208707615071419
46,0.9803066666666665,-0.004669958920256803,0.18674841999999997,-0.006252189875575064
46,0.9803066666666665,-0.004694048255285076,0.18674841999999997,-0.006275428999361017
46,0.9803066666666665,-0.004710708703190904,0.18674841999999997,-0.006288125957050688
46,0.9803066666666665,-0.0047221809756124895,0.18674841999999997,-0.00629520783946456
46,0.9803066666666665,-0.00474218,0.18674841999999997,-0.00630428
46,0.9803066666666665,-0.004785030912019226,0.18674841999999997,-0.006309878003892011
46,0.9803066666666665,-0.004797410051474981,0.18674841999999997,-0.006308363416436132
46,0.9803066666666665,-0.004816123653238282,0.18674841999999997,-0.0063039233187336
46,0.9803066666666665,-0.004844245766308435,0.18674841999999997,-0.006292871168752079
46,0.9803066666666665,-0.004885882695201404,0.18674841999999997,-0.006267357295689836
46,0.9803066666666665,-0.004917776942412832,0.18674841999999997,-0.006239569327371432
46,0.9803066666666665,-0.0049629570493294455,0.18674841999999997,-0.006179649900191061
46,0.9803066666666665,-0.005003377158201431,0.18674841999999997,-0.00610100312072421
46,0.9803066666666665,-0.005040050840560256,0.18674841999999997,-0.006021481866339711
46,0.9803066666666665,-0.005073214826085068,0.18674841999999997,-0.00594114139347085
46,0.9803066666666665,-0.005102418969704157,0.18674841999999997,-0.005859876631172517
46,0.9803066666666665,-0.005153355924795939,0.18674841999999997,-0.005695603180052674
46,0.9803066666666665,-0.005200592185244396,0.18674841999999997,-0.00553046592855343
46,0.9803066666666665,-0.005244829869756998,0.18674841999999997,-0.005364628762232596
46,0.9803066666666665,-0.005286309294826211,0.18674841999999997,-0.005198147774742139
46,0.9803066666666665,-0.00532543128684059,0.18674841999999997,-0.005031116525270232
46,0.9803066666666665,-0.005362582324935408,0.18674841999999997,-0.004863625224130306
46,0.9803066666666665,-0.0053981390245093075,0.18674841999999997,-0.004695761779284401
46,0.9803066666666665,-0.005432460963597659,0.18674841999999997,-0.004527610121905801
46,0.9803066666666665,-0.0054658386740794145,0.18674841999999997,-0.004359238066708082
46,0.9803066666666665,-0.005498541166953605,0.18674841999999997,-0.004190708405092701
46,0.9803066666666665,-0.00553083924662592,0.18674841999999997,-0.004022084347070461
46,0.9803066666666665,-0.0055630037175020495,0.18674841999999997,-0.0038534291026521626
46,0.9803066666666665,-0.00559526054882118,0.18674841999999997,-0.0036847954166150322
46,0.9803066666666665,-0.005627629468056573,0.18674841999999997,-0.003516187893661843
46,0.9803066666666665,-0.005660072813668364,0.18674841999999997,-0.0033475977429963904
46,0.9803066666666665,-0.00569255382082002,0.18674841999999997,-0.0031790163831271418
46,0.9803066666666665,-0.005725033931268345,0.18674841999999997,-0.003010434813953222
46,0.9803066666666665,-0.0057574835538034465,0.18674841999999997,-0.0028418461284204707
46,0.9803066666666665,-0.005789901791721995,0.18674841999999997,-0.002673250117224215
46,0.9803066666666665,-0.005822301198870611,0.18674841999999997,-0.0025046497106298573
46,0.9803066666666665,-0.005854689845579266,0.18674841999999997,-0.002336046792379442
46,0.9803066666666665,-0.005887078492287922,0.18674841999999997,-0.002167443874129026
46,0.9803066666666665,-0.0059194761060298775,0.18674841999999997,-0.0019988430489253257
46,0.9803066666666665,-0.005951881790101804,0.18674841999999997,-0.0018302441074636681
46,0.9803066666666665,-0.0059842928543937125,0.18674841999999997,-0.0016616464218300406
46,0.9803066666666665,-0.00601670571209228,0.18674841999999997,-0.0014930491548057574
46,0.9803066666666665,-0.006049119466494178,0.18674841999999997,-0.0013244520970861432
46,0.9803066666666665,-0.006081530530786085,0.18674841999999997,-0.0011558544114525157
46,0.9803066666666665,-0.006113939801671333,0.18674841999999997,-0.0009872563072095457
46,0.9803066666666665,-0.00614634817585325,0.18674841999999997,-0.0008186579936619023
46,0.9803066666666665,-0.006178754756628507,0.18674841999999997,-0.0006500592615049173
46,0.9803066666666665,-0.006211162234107094,0.18674841999999997,-0.0004814607386526039
46,0.9803066666666665,-0.006243569711585681,0.18674841999999997,-0.0003128622158002905
46,0.9803066666666665,-0.0062759780857675985,0.18674841999999997,-0.00014426390225264884
46,0.9803066666666665,-0.006308386459949516,0.18674841999999997,2.4334411294994578e-05
46,0.9803066666666665,-0.0063407948341314335,0.18674841999999997,0.00019293272484263626
46,0.9803066666666665,-0.006373203208313351,0.18674841999999997,0.0003615310383902788
46,0.9803066666666665,-0.006405611582495268,0.18674841999999997,0.0005301293519379205
46,0.9803066666666665,-0.006438019956677185,0.18674841999999997,0.0006987276654855622
46,0.9803066666666665,-0.0064704283308591026,0.18674841999999997,0.0008673259790332047
46,0.9803066666666665,-0.00650283670504102,0.18674841999999997,0.0010359242925808464
46,0.9803066666666665,-0.006535245079222937,0.18674841999999997,0.0012045226061284898
46,0.9803066666666665,-0.006567653453404854,0.18674841999999997,0.0013731209196761315
46,0.9803066666666665,-0.006600061827586772,0.18674841999999997,0.0015417192332237732
46,0.9803066666666665,-0.006632470201768688,0.18674841999999997,0.0017103175467714149
46,0.9803066666666665,-0.006648674837211313,0.18674841999999997,0.0017946165988929003
46,0.9803066666666665,-0.006664879472653936,0.18674841999999997,0.0018789156510143875
46,0.9803066666666665,-0.00668108321139323,0.18674841999999997,0.0019632149124405437
46,0.9803066666666665,-0.006697286950132523,0.18674841999999997,0.0020475141738667
47,0.98536,-0.006666842301031747,0.18771108,0.001904202041254052
47,0.98536,-0.006630347598727955,0.18771108,0.0018345663067156123
47,0.98536,-0.006593894207794077,0.18771108,0.0017649207248582868
47,0.98536,-0.0065575297951954,0.18771108,0.0016952539333910544
47,0.98536,-0.006521299644548944,0.18771108,0.001625555138137444
47,0.98536,-0.006449412141288885,0.18771108,0.001486021010766443
47,0.98536,-0.006378390587898185,0.18771108,0.001346280468441879
47,0.98536,-0.006308201617501145,0.18771108,0.0012063414647674655
47,0.98536,-0.0062388094798738,0.18771108,0.00106621252146147
47,0.98536,-0.006170225297308051,0.18771108,0.0009258909873226546
47,0.98536,-0.0061024776699830675,0.18771108,0.0007853700449764033
47,0.98536,-0.00603559360917918,0.18771108,0.0006446432557911412
47,0.98536,-0.0059695977428284525,0.18771108,0.000503704749249839
47,0.98536,-0.0059045123155146845,0.18771108,0.00036254922295001716
47,0.98536,-0.005840349243979198,0.18771108,0.00022117383631892456
47,0.98536,-0.0057771188560644705,0.18771108,7.957612752683505e-05
47,0.98536,-0.005714830685163561,0.18771108,-6.224617588445301e-05
47,0.98536,-0.00565349108687184,0.18771108,-0.00020429458888707522
47,0.98536,-0.005593117539076578,0.18771108,-0.0003465732776544066
47,0.98536,-0.005533785514472813,0.18771108,-0.000489100232480567
47,0.98536,-0.00547558716919343,0.18771108,-0.0006318974204615304
47,0.98536,-0.005418614659371314,0.18771108,-0.0007749868086932721
47,0.98536,-0.005362956963341666,0.18771108,-0.000918389606785701
47,0.98536,-0.005308697498293737,0.18771108,-0.001062125698748105
47,0.98536,-0.005255859303260749,0.18771108,-0.0012062005763544765
47,0.98536,-0.005204448733838071,0.18771108,-0.0013506157545769533
47,0.98536,-0.005154467378924547,0.18771108,-0.0014953716121585692
47,0.98536,-0.0051059207996661275,0.18771108,-0.0016404694746999433
47,0.98536,-0.005058825679500663,0.18771108,-0.0017859133190029327
47,0.98536,-0.005013275763459881,0.18771108,-0.0019317254909065476
47,0.98536,-0.004969399752350054,0.18771108,-0.0020779366685965478
47,0.98536,-0.004927323963629189,0.18771108,-0.00222457696214414
47,0.98536,-0.0048871763036541374,0.18771108,-0.002371676860363566
47,0.98536,-0.004849058461950841,0.18771108,-0.002519260602809007
47,0.98536,-0.004812883843532366,0.18771108,-0.0026673075479851063
47,0.98536,-0.004778489586267316,0.18771108,-0.0028157788747308716
47,0.98536,-0.004745712033574879,0.18771108,-0.0029646355725137957
47,0.98536,-0.004714389117773082,0.18771108,-0.0031138390095444032
47,0.98536,-0.004684444571717467,0.18771108,-0.00326337100615706
47,0.98536,-0.00465639717088023,0.18771108,-0.003413355221952387
47,0.98536,-0.004631015942301314,0.18771108,-0.00356397496855887
47,0.98536,-0.004609085007559673,0.18771108,-0.003715417155663819
47,0.98536,-0.004591409143919216,0.18771108,-0.003867873616613987
47,0.98536,-0.004578725600443031,0.18771108,-0.004021520088177178
47,0.98536,-0.004571178172476396,0.18771108,-0.004176390846597974
47,0.98536,-0.004568689003976012,0.18771108,-0.004332467333467708
47,0.98536,-0.004571609241586151,0.18771108,-0.004489833250996907
47,0.98536,-0.004580938302678974,0.18771108,-0.004648726828553995
47,0.98536,-0.004597774910804318,0.18771108,-0.0048094099669470265
47,0.98536,-0.004623401307328374,0.18771108,-0.004972188311804491
47,0.98536,-0.00464133830713392,0.18771108,-0.005054798835832314
47,0.98536,-0.004664559984490825,0.18771108,-0.005138669059191429
47,0.98536,-0.0046954067873946235,0.18771108,-0.005224356870371007
47,0.98536,-0.004738497644781516,0.18771108,-0.005312963275371069
47,0.98536,-0.004784068789108419,0.18771108,-0.005386493919464043
47,0.98536,-0.004809757279457779,0.18771108,-0.0054239512050337614
47,0.98536,-0.004840912376276005,0.18771108,-0.005462711556012171
47,0.98536,-0.0048621757991943,0.18771108,-0.005483447063448767
47,0.98536,-0.004876896939050262,0.18771108,-0.005494789607050982
47,0.98536,-0.004887041259750938,0.18771108,-0.005501124436647767
47,0.98536,-0.0049047399999999994,0.18771108,-0.00550926
47,0.98536,-0.00494272421969903,0.18771108,-0.0055143974862764756
47,0.98536,-0.004953711459158995,0.18771108,-0.005513099749661201
47,0.98536,-0.004970330554529061,0.18771108,-0.0055092277230343436
47,0.98536,-0.004995324743623002,0.18771108,-0.0054995185615484
47,0.98536,-0.005032371540735776,0.18771108,-0.005477015376564074
47,0.98536,-0.005060786644884704,0.18771108,-0.005452454670047207
47,0.98536,-0.005101130438789025,0.18771108,-0.005399403419292042
47,0.98536,-0.005137335961503416,0.18771108,-0.005329698753521403
47,0.98536,-0.005170222274535069,0.18771108,-0.005259202893552609
47,0.98536,-0.0051999991125312416,0.18771108,-0.005187965833466155
47,0.98536,-0.005226267661882375,0.18771108,-0.0051158925087604916
47,0.98536,-0.005272185408005279,0.18771108,-0.004970168015869261
47,0.98536,-0.005314824461365939,0.18771108,-0.004823661986727245
47,0.98536,-0.005354806875861332,0.18771108,-0.004676522699232275
47,0.98536,-0.005392345563936405,0.18771108,-0.004528800904950919
47,0.98536,-0.005427795644482536,0.18771108,-0.004380581252951288
47,0.98536,-0.005461499525200362,0.18771108,-0.004231945362357222
47,0.98536,-0.0054937908748468834,0.18771108,-0.004082972769205875
47,0.98536,-0.005524988267640095,0.18771108,-0.003933739411475577
47,0.98536,-0.005555349105192539,0.18771108,-0.003784306645537844
47,0.98536,-0.005585111722330646,0.18771108,-0.0036347312828477877
47,0.98536,-0.005614516042779688,0.18771108,-0.0034850705136035497
47,0.98536,-0.005643801990264936,0.18771108,-0.003335381528003274
47,0.98536,-0.005673169766040592,0.18771108,-0.0031857120476692534
47,0.98536,-0.0057026368479939265,0.18771108,-0.0030360662387748606
47,0.98536,-0.00573216986924924,0.18771108,-0.002886436147716382
47,0.98536,-0.005761736257380253,0.18771108,-0.002736814010261618
47,0.98536,-0.0057913018510618456,0.18771108,-0.002587191683435338
47,0.98536,-0.005820840433463109,0.18771108,-0.0024375629179774786
47,0.98536,-0.0058503512101346225,0.18771108,-0.002287927524516523
47,0.98536,-0.005879845303368286,0.18771108,-0.002138288154253709
47,0.98536,-0.005909329863208892,0.18771108,-0.001988646511532692
47,0.98536,-0.005938814423049498,0.18771108,-0.001839004868811674
47,0.98536,-0.005968306927384318,0.18771108,-0.0016893651198058271
47,0.98536,-0.005997806581763932,0.18771108,-0.001539727075143632
47,0.98536,-0.006027311002840074,0.18771108,-0.0013900901667105404
47,0.98536,-0.006056817012815059,0.18771108,-0.001240453637020484
47,0.98536,-0.006086323817239465,0.18771108,-0.0010908172967019425
47,0.98536,-0.006115828238315607,0.18771108,-0.0009411803882688509
47,0.98536,-0.006145331070492906,0.18771108,-0.0007915431010927249
47,0.98536,-0.006174833108220784,0.18771108,-0.0006419056245450822
47,0.98536,-0.006204333557049819,0.18771108,-0.0004922677692544043
47,0.98536,-0.006233834800328275,0.18771108,-0.0003426301033352449
47,0.98536,-0.006263336043606731,0.18771108,-0.00019299243741608546
47,0.98536,-0.006292838081334609,0.18771108,-4.335496086844189e-05
47,0.98536,-0.0063223401190624865,0.18771108,0.00010628251567920254
47,0.98536,-0.006351842156790364,0.18771108,0.0002559199922268444
47,0.98536,-0.0063813441945182415,0.18771108,0.00040555746877448794
47,0.98536,-0.0064108462322461195,0.18771108,0.0005551949453221298
47,0.98536,-0.0064403482699739965,0.18771108,0.0007048324218697725
47,0.98536,-0.0064698503077018745,0.18771108,0.000854469898417416
47,0.98536,-0.006499352345429752,0.18771108,0.0010041073749650596
47,0.98536,-0.0065288543831576295,0.18771108,0.0011537448515127023
47,0.98536,-0.006558356420885507,0.18771108,0.0013033823280603459
47,0.98536,-0.0065878584586133845,0.18771108,0.0014530198046079877
47,0.98536,-0.0066173604963412624,0.18771108,0.0016026572811556313
47,0.98536,-0.0066321119124299124,0.18771108,0.0016774759247436943
47,0.98536,-0.0066468633285185616,0.18771108,0.0017522945683317564
47,0.98536,-0.0066616139501577895,0.18771108,0.001827113401291337
47,0.98536,-0.006676364571797018,0.18771108,0.0019019322342509167
48,0.9904,-0.006644877202312729,0.18867119999999998,0.001755866318197647
48,0.9904,-0.006614615318695539,0.18867119999999998,0.0016987976687216104
48,0.9904,-0.006584387311046451,0.18867119999999998,0.001641720763805467
48,0.9904,-0.006554232267020968,0.18867119999999998,0.0015846260779414046
48,0.9904,-0.006524187319891819,0.18867119999999998,0.0015275045618969984
48,0.9904,-0.006464567128960478,0.18867119999999998,0.001413147064955952
48,0.9904,-0.006405657030437438,0.18867119999999998,0.0012986165212896155
48,0.9904,-0.006347429662963846,0.18867119999999998,0.001183919598753456
48,0.9904,-0.006289855710798075,0.18867119999999998,0.0010690634414783377
48,0.9904,-0.006232944294393078,0.18867119999999998,0.0009540458268457669
48,0.9904,-0.006176718866342154,0.18867119999999998,0.0008388610395510566
48,0.9904,-0.0061212015763167545,0.18867119999999998,0.0007235036818064467
48,0.9904,-0.006066412619605559,0.18867119999999998,0.0006079688320995676
48,0.9904,-0.006012370237114465,0.18867119999999998,0.0004922520451934352
48,0.9904,-0.00595908420075735,0.18867119999999998,0.0003763509397110981
48,0.9904,-0.00590656297952624,0.18867119999999998,0.00026026345179252976
48,0.9904,-0.005854814390952235,0.18867119999999998,0.00014398767633616843
48,0.9904,-0.005803843646722736,0.18867119999999998,2.752234327430339e-05
48,0.9904,-0.005753665078978092,0.18867119999999998,-8.913604007926203e-05
48,0.9904,-0.005704340576506184,0.18867119999999998,-0.00020600255577856753
48,0.9904,-0.005655945708774319,0.18867119999999998,-0.00032309561980538824
48,0.9904,-0.0056085560452497985,0.18867119999999998,-0.0004404336481414967
48,0.9904,-0.005562244549556231,0.18867119999999998,-0.0005580344217348144
48,0.9904,-0.005517079625090745,0.18867119999999998,-0.0006759146102240142
48,0.9904,-0.005473080164220167,0.18867119999999998,-0.0007940788176045402
48,0.9904,-0.005430251378631897,0.18867119999999998,-0.0009125283139441022
48,0.9904,-0.005388594571247786,0.18867119999999998,-0.001031263416759627
48,0.9904,-0.005348114302294309,0.18867119999999998,-0.0011502852373603588
48,0.9904,-0.005308824252450892,0.18867119999999998,-0.0012695971096740324
48,0.9904,-0.005270801294106689,0.18867119999999998,-0.00138921776719935
48,0.9904,-0.0052341509639315595,0.18867119999999998,-0.001509172928807409
48,0.9904,-0.005198976844212585,0.18867119999999998,-0.0016294878370939187
48,0.9904,-0.005165383820158699,0.18867119999999998,-0.0017501880521715116
48,0.9904,-0.005133455278768306,0.18867119999999998,-0.0018712938951235265
48,0.9904,-0.005103120210800576,0.18867119999999998,-0.001992788061277433
48,0.9904,-0.005074245066765876,0.18867119999999998,-0.0021146380051482
48,0.9904,-0.005046695645713644,0.18867119999999998,-0.002236811022492332
48,0.9904,-0.0050203390496151735,0.18867119999999998,-0.0023592747265832608
48,0.9904,-0.004995112738221658,0.18867119999999998,-0.0024820138766084828
48,0.9904,-0.004971442115517153,0.18867119999999998,-0.00260513214184471
48,0.9904,-0.004949957795677104,0.18867119999999998,-0.0027287832004846786
48,0.9904,-0.004931302770634531,0.18867119999999998,-0.002853123747131931
48,0.9904,-0.004916136970306508,0.18867119999999998,-0.002978314604110064
48,0.9904,-0.0049050649504314755,0.18867119999999998,-0.0031045030992732712
48,0.9904,-0.004898204625436869,0.18867119999999998,-0.003231717967903458
48,0.9904,-0.004895492152152032,0.18867119999999998,-0.0033599436516711947
48,0.9904,-0.004897215476305836,0.18867119999999998,-0.0034892503218173793
48,0.9904,-0.0049041941357419894,0.18867119999999998,-0.003619837696489183
48,0.9904,-0.004917329100919832,0.18867119999999998,-0.0037519253386417224
48,0.9904,-0.004937671829772388,0.18867119999999998,-0.0038857694844352
48,0.9904,-0.004952044791434753,0.18867119999999998,-0.003953715470042734
48,0.9904,-0.004970751271170526,0.18867119999999998,-0.0040227175169499346
48,0.9904,-0.004995710472864895,0.18867119999999998,-0.00409324332759048
48,0.9904,-0.005030709990336079,0.18867119999999998,-0.0041662159236715655
48,0.9904,-0.005067810513435926,0.18867119999999998,-0.004226811856272506
48,0.9904,-0.0050887412132059676,0.18867119999999998,-0.004257689925998861
48,0.9904,-0.005114154615601254,0.18867119999999998,-0.004289660412713041
48,0.9904,-0.0051315238226394555,0.18867119999999998,-0.004306781890393901
48,0.9904,-0.005143561821270232,0.18867119999999998,-0.004316159838425558
48,0.9904,-0.0051518635396669826,0.18867119999999998,-0.004321405102097735
48,0.9904,-0.00516636,0.18867119999999998,-0.004328159999999999
48,0.9904,-0.005197524435903485,0.18867119999999998,-0.004332532482809354
48,0.9904,-0.005206550926652044,0.18867119999999998,-0.0043315100355096735
48,0.9904,-0.005220212410053424,0.18867119999999998,-0.004328394950107389
48,0.9904,-0.005240775166836975,0.18867119999999998,-0.004320517342726354
48,0.9904,-0.005271288381935073,0.18867119999999998,-0.004302175952592728
48,0.9904,-0.005294723474082541,0.18867119999999998,-0.004282109651752414
48,0.9904,-0.005328074541260914,0.18867119999999998,-0.004238682494435784
48,0.9904,-0.005358099293101388,0.18867119999999998,-0.004181556056879007
48,0.9904,-0.005385402241197017,0.18867119999999998,-0.004123766326461434
48,0.9904,-0.005410155371232015,0.18867119999999998,-0.00406535521541745
48,0.9904,-0.005432031649822007,0.18867119999999998,-0.00400624302699834
48,0.9904,-0.0054703562345745065,0.18867119999999998,-0.0038866958746416554
48,0.9904,-0.0055059922400893385,0.18867119999999998,-0.0037664935261058174
48,0.9904,-0.005539449760270815,0.18867119999999998,-0.0036457602892678016
48,0.9904,-0.005570903386646849,0.18867119999999998,-0.0035245387113958444
48,0.9904,-0.005600644322250937,0.18867119999999998,-0.003402899757523162
48,0.9904,-0.005628953346741772,0.18867119999999998,-0.0032809118525475526
48,0.9904,-0.005656104073707875,0.18867119999999998,-0.003158641675023716
48,0.9904,-0.0056823577389801885,0.18867119999999998,-0.003036152887095543
48,0.9904,-0.0057079254158984285,0.18867119999999998,-0.0029134969265052317
48,0.9904,-0.005733002542740108,0.18867119999999998,-0.002790721420791852
48,0.9904,-0.005757785860704592,0.18867119999999998,-0.002667874315011402
48,0.9904,-0.005782472110991244,0.18867119999999998,-0.0025450035542198806
48,0.9904,-0.0058072254617531766,0.18867119999999998,-0.002422149145550106
48,0.9904,-0.005832060245130739,0.18867119999999998,-0.0022993145816882776
48,0.9904,-0.005856949099765081,0.18867119999999998,-0.0021764931947789263
48,0.9904,-0.005881865315758274,0.18867119999999998,-0.002053678475725045
48,0.9904,-0.005906780880290543,0.18867119999999998,-0.0019308635979126995
48,0.9904,-0.00593167429515136,0.18867119999999998,-0.0018080433223125933
48,0.9904,-0.0059565449088798,0.18867119999999998,-0.001685217490166261
48,0.9904,-0.005981401841928814,0.18867119999999998,-0.001562388324092195
48,0.9904,-0.006006250957446728,0.18867119999999998,-0.0014395572529165655
48,0.9904,-0.0060311000729646414,0.18867119999999998,-0.0013167261817409364
48,0.9904,-0.006055955703091805,0.18867119999999998,-0.0011938966981499427
48,0.9904,-0.006080817196367295,0.18867119999999998,-0.0010710686433851205
48,0.9904,-0.006105682598408335,0.18867119999999998,-0.0009482415411710809
48,0.9904,-0.006130549303371225,0.18867119999999998,-0.0008254147564739685
48,0.9904,-0.00615541665979504,0.18867119999999998,-0.0007025881305353192
48,0.9904,-0.00618028206183608,0.18867119999999998,-0.0005797610283212783
48,0.9904,-0.00620514616095527,0.18867119999999998,-0.0004569336085903106
48,0.9904,-0.0062300096086135345,0.18867119999999998,-0.00033410603010087993
48,0.9904,-0.006254871753349949,0.18867119999999998,-0.00021127813409452158
48,0.9904,-0.006279734549547289,0.18867119999999998,-8.845039684662794e-05
48,0.9904,-0.0063045973457446286,0.18867119999999998,3.437734040126657e-05
48,0.9904,-0.006329460793402893,0.18867119999999998,0.00015720491889069724
48,0.9904,-0.006354324241061158,0.18867119999999998,0.0002800324973801279
48,0.9904,-0.006379187688719423,0.18867119999999998,0.00040286007586955944
48,0.9904,-0.006404051136377688,0.18867119999999998,0.0005256876543589901
48,0.9904,-0.006428914584035952,0.18867119999999998,0.000648515232848419
48,0.9904,-0.006453778031694217,0.18867119999999998,0.0007713428113378506
48,0.9904,-0.006478641479352482,0.18867119999999998,0.0008941703898272821
48,0.9904,-0.006503504927010747,0.18867119999999998,0.0010169979683167137
48,0.9904,-0.006528368374669011,0.18867119999999998,0.0011398255468061435
48,0.9904,-0.006553231822327276,0.18867119999999998,0.001262653125295575
48,0.9904,-0.006578095269985541,0.18867119999999998,0.0013854807037850048
48,0.9904,-0.006602958717643805,0.18867119999999998,0.0015083082822744363
48,0.9904,-0.0066153907672034,0.18867119999999998,0.0015697219921399202
48,0.9904,-0.006627822816762995,0.18867119999999998,0.0016311357020054032
48,0.9904,-0.006640254214861665,0.18867119999999998,0.0016925495706293509
48,0.9904,-0.0066526856129603355,0.18867119999999998,0.0017539634392532977
49,0.9954533333333334,-0.0066245179453162835,0.18963386000000002,0.0016075610770837205
49,0.9954533333333334,-0.006606031595929949,0.18963386000000002,0.0015731136803529464
49,0.9954533333333334,-0.0065875656910722846,0.18963386000000002,0.0015386611853569479
49,0.9954533333333334,-0.0065691438205840655,0.18963386000000002,0.001504197709482001
49,0.9954533333333334,-0.006550788394814029,0.18963386000000002,0.0014697176642450719
49,0.9954533333333334,-0.006514361014527261,0.18963386000000002,0.0014006868843629903
49,0.9954533333333334,-0.006478362183014564,0.18963386000000002,0.0013315492369982986
49,0.9954533333333334,-0.006442775387387393,0.18963386000000002,0.0012623088399806004
49,0.9954533333333334,-0.00640758293526517,0.18963386000000002,0.0011929701052701873
49,0.9954533333333334,-0.006372790330944074,0.18963386000000002,0.0011235316602571915
49,0.9954533333333334,-0.00633841172832857,0.18963386000000002,0.0010539899753733793
49,0.9954533333333334,-0.006304460494995097,0.18963386000000002,0.000984341717137642
49,0.9954533333333334,-0.006270948819028054,0.18963386000000002,0.0009145838461995571
49,0.9954533333333334,-0.006237887709019805,0.18963386000000002,0.0008447136173393875
49,0.9954533333333334,-0.006205283062430541,0.18963386000000002,0.0007747295599037024
49,0.9954533333333334,-0.006173139990392431,0.18963386000000002,0.0007046303993261962
49,0.9954533333333334,-0.00614146321087363,0.18963386000000002,0.0006344149590841236
49,0.9954533333333334,-0.006110255869186241,0.18963386000000002,0.0005640824548289887
49,0.9954533333333334,-0.006079526614938548,0.18963386000000002,0.0004936307296024281
49,0.9954533333333334,-0.0060493127987117775,0.18963386000000002,0.00042305046926604736
49,0.9954533333333334,-0.006019660027531426,0.18963386000000002,0.0003523303007666521
49,0.9954533333333334,-0.005990613908422993,0.18963386000000002,0.0002814588510510461
49,0.9954533333333334,-0.005962218475755921,0.18963386000000002,0.00021042513924028313
49,0.9954533333333334,-0.005934515011751567,0.18963386000000002,0.00013921887076034966
49,0.9954533333333334,-0.005907514918166306,0.18963386000000002,6.783720234794814e-05
49,0.9954533333333334,-0.00588122134031224,0.18963386000000002,-3.7206503454194698e-06
49,0.9954533333333334,-0.005855635064517396,0.18963386000000002,-7.545488340687627e-05
49,0.9954533333333334,-0.005830758842929863,0.18963386000000002,-0.00014736618314135723
49,0.9954533333333334,-0.005806600931993913,0.18963386000000002,-0.00021945660846366404
49,0.9954533333333334,-0.005783207725063069,0.18963386000000002,-0.00029173772851411647
49,0.9954533333333334,-0.005760642914707422,0.18963386000000002,-0.0003642254263497629
49,0.9954533333333334,-0.005738969014005025,0.18963386000000002,-0.0004369352908969663
49,0.9954533333333334,-0.005718249322361954,0.18963386000000002,-0.000509883107169213
49,0.9954533333333334,-0.005698534164771864,0.18963386000000002,-0.0005830814247424427
49,0.9954533333333334,-0.005679780686357346,0.18963386000000002,-0.0006565195568683942
49,0.9954533333333334,-0.005661908288495754,0.18963386000000002,-0.0007301774046168516
49,0.9954533333333334,-0.005644835979400431,0.18963386000000002,-0.0008040347710140372
49,0.9954533333333334,-0.005628483553612742,0.18963386000000002,-0.0008780716551732976
49,0.9954533333333334,-0.005612813267387448,0.18963386000000002,-0.0009522786449126771
49,0.9954533333333334,-0.005598081856824978,0.18963386000000002,-0.0010267197626781807
49,0.9954533333333334,-0.005584669904689827,0.18963386000000002,-0.0011014899146378526
49,0.9954533333333334,-0.005572965463862736,0.18963386000000002,-0.0011766858697874146
49,0.9954533333333334,-0.005563366809488778,0.18963386000000002,-0.0012524069462552013
49,0.9954533333333334,-0.005556238797771935,0.18963386000000002,-0.0013287441284667758
49,0.9954533333333334,-0.005551652591398541,0.18963386000000002,-0.0014057151623068649
49,0.9954533333333334,-0.005549569660295332,0.18963386000000002,-0.0014833104395063899
49,0.9954533333333334,-0.005550163782956013,0.18963386000000002,-0.0015615732953197675
49,0.9954533333333334,-0.005553929559708822,0.18963386000000002,-0.0016406270685480296
49,0.9954533333333334,-0.0055614107363836105,0.18963386000000002,-0.0017206073534374617
49,0.9954533333333334,-0.005573241879697212,0.18963386000000002,-0.001801672392297178
49,0.9954533333333334,-0.005581693162655263,0.18963386000000002,-0.0018428372436803393
49,0.9954533333333334,-0.005592759772627177,0.18963386000000002,-0.0018846542808381148
49,0.9954533333333334,-0.005607599970794981,0.18963386000000002,-0.0019274123401042404
49,0.9954533333333334,-0.005628499612729722,0.18963386000000002,-0.0019716814467483504
49,0.9954533333333334,-0.005650711827537839,0.18963386000000002,-0.002008466400625178
49,0.9954533333333334,-0.0056632545562450625,0.18963386000000002,-0.0020272171287392437
49,0.9954533333333334,-0.005678502646525105,0.18963386000000002,-0.0020466424946036284
49,0.9954533333333334,-0.005688940566505509,0.18963386000000002,-0.0020570568753092594
49,0.9954533333333334,-0.005696183338252154,0.18963386000000002,-0.0020627687448976167
49,0.9954533333333334,-0.005701182370826706,0.18963386000000002,-0.0020659682243331437
49,0.9954533333333334,-0.005709919999999999,0.18963386000000002,-0.0020701
49,0.9954533333333334,-0.005728739236491422,0.18963386000000002,-0.002072840097595726
49,0.9954533333333334,-0.005734197973496208,0.18963386000000002,-0.0020722484788665975
49,0.9954533333333334,-0.005742465128894767,0.18963386000000002,-0.002070404329756705
49,0.9954533333333334,-0.00575491957672994,0.18963386000000002,-0.00206569863349375
49,0.9954533333333334,-0.005773423830630015,0.18963386000000002,-0.002054690111342394
49,0.9954533333333334,-0.005787656357529846,0.18963386000000002,-0.002042616345889598
49,0.9954533333333334,-0.005807962471733643,0.18963386000000002,-0.0020164342149847888
49,0.9954533333333334,-0.005826305709419281,0.18963386000000002,-0.0019819511303974364
49,0.9954533333333334,-0.005843006307858988,0.18963386000000002,-0.001947058419807929
49,0.9954533333333334,-0.005858168062352174,0.18963386000000002,-0.0019117819667166416
49,0.9954533333333334,-0.005871593604564358,0.18963386000000002,-0.0018760725532554362
49,0.9954533333333334,-0.005895168846433179,0.18963386000000002,-0.0018038368273742029
49,0.9954533333333334,-0.005917121500420728,0.18963386000000002,-0.001731196475712478
49,0.9954533333333334,-0.005937759413949114,0.18963386000000002,-0.0016582282663793293
49,0.9954533333333334,-0.0059571879549737946,0.18963386000000002,-0.0015849584750493807
49,0.9954533333333334,-0.00597558286780854,0.18963386000000002,-0.001511430927194859
49,0.9954533333333334,-0.005993113606142915,0.18963386000000002,-0.0014376878795909988
49,0.9954533333333334,-0.006009945298862339,0.18963386000000002,-0.0013637705105338516
49,0.9954533333333334,-0.006026235604735988,0.18963386000000002,-0.001289718135491791
49,0.9954533333333334,-0.006042111908904046,0.18963386000000002,-0.0012155625205789145
49,0.9954533333333334,-0.006057692160570384,0.18963386000000002,-0.00114133307886383
49,0.9954533333333334,-0.0060730950952669,0.18963386000000002,-0.001067059419502271
49,0.9954533333333334,-0.006088439448525494,0.18963386000000002,-0.0009927711516499699
49,0.9954533333333334,-0.0061038242976774165,0.18963386000000002,-0.0009184929822845574
49,0.9954533333333334,-0.006119258292330953,0.18963386000000002,-0.0008442270683643985
49,0.9954533333333334,-0.00613472491959756,0.18963386000000002,-0.0007699692920598883
49,0.9954533333333334,-0.00615020805975271,0.18963386000000002,-0.000695715633584983
49,0.9954533333333334,-0.006165690806743847,0.18963386000000002,-0.0006214618770665158
49,0.9954533333333334,-0.006181160186158545,0.18963386000000002,-0.0005472047870669395
49,0.9954533333333334,-0.006196615804832791,0.18963386000000002,-0.0004729442655426923
49,0.9954533333333334,-0.006212063167062766,0.18963386000000002,-0.00039868168510364256
49,0.9954533333333334,-0.006227505811324586,0.18963386000000002,-0.00032441792814184834
49,0.9954533333333334,-0.006242948455586406,0.18963386000000002,-0.00025015417118005433
49,0.9954533333333334,-0.006258395031488355,0.18963386000000002,-0.00017589139465388017
49,0.9954533333333334,-0.0062738451458664215,0.18963386000000002,-0.00010162950051976474
49,0.9954533333333334,-0.0062892976192285635,0.18963386000000002,-2.7368194647020994e-05
49,0.9954533333333334,-0.0063047508789187325,0.18963386000000002,4.689291513859748e-05
49,0.9954533333333334,-0.006320204531772914,0.18963386000000002,0.00012115392688065527
49,0.9954533333333334,-0.006335657005135057,0.18963386000000002,0.00019541523275339902
49,0.9954533333333334,-0.006351108692169175,0.18963386000000002,0.00026967673471326673
49,0.9954533333333334,-0.006366559986039279,0.18963386000000002,0.000343938334716696
49,0.9954533333333334,-0.006382010493581357,0.18963386000000002,0.00041820013080724966
49,0.9954533333333334,-0.006397461394287448,0.18963386000000002,0.0004924618288542409
49,0.9954533333333334,-0.00641291229499354,0.18963386000000002,0.0005667235269012326
49,0.9954533333333334,-0.006428363588863644,0.18963386000000002,0.0006409851269046623
49,0.9954533333333334,-0.006443814882733748,0.18963386000000002,0.0007152467269080916
49,0.9954533333333334,-0.006459266176603852,0.18963386000000002,0.0007895083269115213
49,0.9954533333333334,-0.006474717470473956,0.18963386000000002,0.0008637699269149505
49,0.9954533333333334,-0.00649016876434406,0.18963386000000002,0.0009380315269183802
49,0.9954533333333334,-0.0065056200582141645,0.18963386000000002,0.00101229312692181
49,0.9954533333333334,-0.006521071352084269,0.18963386000000002,0.0010865547269252396
49,0.9954533333333334,-0.006536522645954373,0.18963386000000002,0.0011608163269286689
49,0.9954533333333334,-0.006551973939824477,0.18963386000000002,0.0012350779269320986
49,0.9954533333333334,-0.006567425233694581,0.18963386000000002,0.0013093395269355278
49,0.9954533333333334,-0.006582876527564685,0.18963386000000002,0.001383601126938957
49,0.9954533333333334,-0.006598327821434789,0.18963386000000002,0.0014578627269423868
49,0.9954533333333334,-0.006606053664951848,0.18963386000000002,0.0014949934779223207
49,0.9954533333333334,-0.006613779508468907,0.18963386000000002,0.001532124228902255
49,0.9954533333333334,-0.006621504958821953,0.18963386000000002,0.00156925507792575
49,0.9954533333333334,-0.0066292304091749975,0.18963386000000002,0.0016063859269492462
50,1.0,-0.006603177987231013,0.1905,0.0014713306452814427
50,1.0,-0.006601864674018501,0.1905,0.0014683589411181044
50,1.0,-0.006600553085899834,0.1905,0.001465386944083631
50,1.0,-0.006599245213367906,0.1905,0.0014624143162497902
50,1.0,-0.006597942947390971,0.1905,0.0014594407365847604
50,1.0,-0.0065953623345267436,0.1905,0.0014534895164837718
50,1.0,-0.006592817882283472,0.1905,0.001447532157353223
50,1.0,-0.006590308197316129,0.1905,0.0014415688957428768
50,1.0,-0.006587831786755043,0.1905,0.001435599985098908
50,1.0,-0.0065853891150485545,0.1905,0.0014296253465713954
50,1.0,-0.006582981376492404,0.1905,0.0014236447774033994
50,1.0,-0.006580609699032565,0.1905,0.0014176580861022547
50,1.0,-0.0065782751110903676,0.1905,0.0014116650980717082
50,1.0,-0.006575978541562497,0.1905,0.0014056656556119176
50,1.0,-0.006573720488072176,0.1905,0.0013996596742408248
50,1.0,-0.0065715013818928684,0.1905,0.001393647080740646
50,1.0,-0.0065693216211231515,0.1905,0.0013876278075257349
50,1.0,-0.006567181471162079,0.1905,0.0013816018095389937
50,1.0,-0.006565081661857045,0.1905,0.0013755689628734036
50,1.0,-0.006563025344821805,0.1905,0.0013695287324759296
50,1.0,-0.006561016368342624,0.1905,0.0013634804650186553
50,1.0,-0.006559058580705769,0.1905,0.0013574235071736644
50,1.0,-0.0065571556974979815,0.1905,0.0013513572281415888
50,1.0,-0.00655531120208183,0.1905,0.0013452810365480216
50,1.0,-0.006553526056528881,0.1905,0.0013391947690609837
50,1.0,-0.0065518005262381876,0.1905,0.0013330983806233772
50,1.0,-0.006550134677559514,0.1905,0.001326991859970928
50,1.0,-0.00654852874271703,0.1905,0.0013208751676786752
50,1.0,-0.00654698341838325,0.1905,0.0013147481854717377
50,1.0,-0.006545502619194205,0.1905,0.0013086102487579246
50,1.0,-0.006544091719480715,0.1905,0.0013024604451310074
50,1.0,-0.006542755994048957,0.1905,0.00129629787908117
50,1.0,-0.006541500784054869,0.1905,0.0012901216438343207
50,1.0,-0.006540330335883299,0.1905,0.001283931018476897
50,1.0,-0.00653924103347215,0.1905,0.001277726616911855
50,1.0,-0.006538226075970693,0.1905,0.0012715095937273226
50,1.0,-0.006537278629353315,0.1905,0.0012652811091435653
50,1.0,-0.006536391925944167,0.1905,0.0012590423121165747
50,1.0,-0.006535562780954615,0.1905,0.0012527937433315225
50,1.0,-0.006534812857582352,0.1905,0.0012465317250028101
50,1.0,-0.0065341742691127766,0.1905,0.001240250805221617
50,1.0,-0.006533679759154039,0.1905,0.001233945425068516
50,1.0,-0.006533362933861213,0.1905,0.0012276098791885119
50,1.0,-0.006533254579524433,0.1905,0.0012212389409582728
50,1.0,-0.006533360700797271,0.1905,0.0012148315909609633
50,1.0,-0.00653367804654133,0.1905,0.0012083883811460307
50,1.0,-0.00653422128005428,0.1905,0.001201906822108827
50,1.0,-0.006535032135337191,0.1905,0.001195379828620741
50,1.0,-0.006536156493251328,0.1905,0.0011887996114360094
50,1.0,-0.006537647898055616,0.1905,0.0011821570802851733
50,1.0,-0.006538607561856712,0.1905,0.001178799490240812
50,1.0,-0.006539787904970289,0.1905,0.001175404435219722
50,1.0,-0.006541286660597572,0.1905,0.001171955322945679
50,1.0,-0.00654329670750025,0.1905,0.0011684194081729377
50,1.0,-0.0065453681981185044,0.1905,0.0011655119953979047
50,1.0,-0.00654652516444504,0.1905,0.0011640377091810185
50,1.0,-0.006547910407131943,0.1905,0.0011625246682279826
50,1.0,-0.006548840461103089,0.1905,0.001161727838545444
50,1.0,-0.006549476255791756,0.1905,0.0011613004322778805
50,1.0,-0.006549910397921257,0.1905,0.0011610669941353106
50,1.0,-0.00655066,0.1905,0.00116078
50,1.0,-0.006552235625373402,0.1905,0.0011606722376381801
50,1.0,-0.006552683901919885,0.1905,0.00116075586656307
50,1.0,-0.006553356823135908,0.1905,0.0011609610906497905
50,1.0,-0.006554358409821471,0.1905,0.0011614299835110715
50,1.0,-0.006555821164371146,0.1905,0.0011624595167488035
50,1.0,-0.006556923473832113,0.1905,0.0011635502431573347
50,1.0,-0.006558439647610847,0.1905,0.0011658485740858036
50,1.0,-0.006559740885166452,0.1905,0.0011688223283470868
50,1.0,-0.006560903518066685,0.1905,0.0011718196136776382
50,1.0,-0.00656193630448029,0.1905,0.0011748389431932343
50,1.0,-0.006562822590616699,0.1905,0.0011778831442267547
50,1.0,-0.00656431874977593,0.1905,0.001184018473261039
50,1.0,-0.006565677996198751,0.1905,0.001190177046125594
50,1.0,-0.006566926305817463,0.1905,0.0011963544528569832
50,1.0,-0.006568072569500339,0.1905,0.0012025491840424337
50,1.0,-0.006569131616419458,0.1905,0.0012087587221166125
50,1.0,-0.006570117744948795,0.1905,0.0012149806396283813
50,1.0,-0.006571044888538627,0.1905,0.0012212125710801118
50,1.0,-0.00657192635031648,0.1905,0.0012274522579847817
50,1.0,-0.006572772878943996,0.1905,0.0012336978755299352
50,1.0,-0.006573594426885659,0.1905,0.0012399477340744088
50,1.0,-0.006574401012955714,0.1905,0.0012462001327127644
50,1.0,-0.00657520265596841,0.1905,0.0012524533705395647
50,1.0,-0.006576007715993913,0.1905,0.001258706028256232
50,1.0,-0.006576816922879616,0.1905,0.001264957981955748
50,1.0,-0.0065776288832804924,0.1905,0.0012712094681878755
50,1.0,-0.006578442237026397,0.1905,0.0012774607178702403
50,1.0,-0.0065792555575974205,0.1905,0.001283711973184742
50,1.0,-0.0065800677502224686,0.1905,0.0012899634199919092
50,1.0,-0.00658087878172666,0.1905,0.0012962150639238784
50,1.0,-0.0065816891165583384,0.1905,0.0013024668261307293
50,1.0,-0.006582499053291437,0.1905,0.0013087186559232267
50,1.0,-0.006583308990024536,0.1905,0.001314970485715724
50,1.0,-0.006584119258506451,0.1905,0.0013212222591868494
50,1.0,-0.0065849298255623,0.1905,0.0013274739819687398
50,1.0,-0.006585740591667439,0.1905,0.001333725670957807
50,1.0,-0.006586551424122341,0.1905,0.0013399773486825995
50,1.0,-0.0065873622897521245,0.1905,0.001346229020775255
50,1.0,-0.006588173055857263,0.1905,0.001352480709764322
50,1.0,-0.00658898375561264,0.1905,0.0013587324100176636
50,1.0,-0.006589794422193133,0.1905,0.0013649841159031424
50,1.0,-0.006590605022423864,0.1905,0.0013712358330528955
50,1.0,-0.006591415655829477,0.1905,0.0013774875445705115
50,1.0,-0.0065922262892350895,0.1905,0.0013837392560881274
50,1.0,-0.006593036955815584,0.1905,0.0013899909619736063
50,1.0,-0.006593847622396078,0.1905,0.0013962426678590849
50,1.0,-0.006594658288976572,0.1905,0.0014024943737445637
50,1.0,-0.006595468955557066,0.1905,0.0014087460796300424
50,1.0,-0.00659627962213756,0.1905,0.0014149977855155212
50,1.0,-0.006597090288718055,0.1905,0.0014212494914009998
50,1.0,-0.006597900955298549,0.1905,0.0014275011972864787
50,1.0,-0.006598711621879042,0.1905,0.0014337529031719573
50,1.0,-0.006599522288459537,0.1905,0.0014400046090574361
50,1.0,-0.006600332955040031,0.1905,0.001446256314942915
50,1.0,-0.006601143621620525,0.1905,0.0014525080208283936
50,1.0,-0.006601954288201019,0.1905,0.0014587597267138722
50,1.0,-0.006602359638078707,0.1905,0.001461885576840543
50,1.0,-0.006602764987956395,0.1905,0.0014650114269672138
50,1.0,-0.006603170304659201,0.1905,0.0014681372827260218
50,1.0,-0.006603575621362007,0.1905,0.00147126313848483
