station_idx,r_over_R,X,Y,Z
0,0.0,5.8537242166666655e-05,0.0,0.022224999999999998
0,0.0,0.0002900001201282051,0.0,0.021780499999999998
0,0.0,0.00052095508275641,0.0,0.021335999999999997
0,0.0,0.0007508160738974358,0.0,0.020891499999999997
0,0.0,0.000979026340205128,0.0,0.020446999999999996
0,0.0,0.0014284044313717947,0.0,0.019557999999999996
0,0.0,0.0018671358357435894,0.0,0.018669
0,0.0,0.0022956307926282047,0.0,0.01778
0,0.0,0.002714328844141025,0.0,0.016891
0,0.0,0.0031230932438461537,0.0,0.016002
0,0.0,0.0035215723580512815,0.0,0.015112999999999998
0,0.0,0.003909434088269229,0.0,0.014223999999999997
0,0.0,0.004286375638820512,0.0,0.013335000000000003
0,0.0,0.004652123516833332,0.0,0.012446000000000002
0,0.0,0.00500653120826923,0.0,0.011557000000000001
0,0.0,0.00534947173429487,0.0,0.010668
0,0.0,0.005680827883679487,0.0,0.009779
0,0.0,0.006000521515602562,0.0,0.008889999999999999
0,0.0,0.006308337742807691,0.0,0.008001000000000001
0,0.0,0.006603348643051281,0.0,0.007112
0,0.0,0.006884421174435895,0.0,0.006222999999999999
0,0.0,0.007150422295064102,0.0,0.0053339999999999985
0,0.0,0.007400258033448717,0.0,0.0044449999999999976
0,0.0,0.00763290279132051,0.0,0.0035559999999999967
0,0.0,0.007848073308205127,0.0,0.0026670000000000027
0,0.0,0.008045691443282049,0.0,0.0017780000000000018
0,0.0,0.008225737661346152,0.0,0.0008890000000000009
0,0.0,0.008388143589179485,0.0,0.0
0,0.0,0.008532704107128202,0.0,-0.0008890000000000009
0,0.0,0.008658266638089742,0.0,-0.0017779999999999983
0,0.0,0.008763248830448716,0.0,-0.0026669999999999992
0,0.0,0.008846097635397433,0.0,-0.003556
0,0.0,0.008905240468923076,0.0,-0.0044449999999999976
0,0.0,0.008939427077897433,0.0,-0.0053339999999999985
0,0.0,0.008949722131,0.0,-0.006222999999999999
0,0.0,0.008938127986756408,0.0,-0.0071119999999999985
0,0.0,0.008906656771294869,0.0,-0.008001
0,0.0,0.008857301075538459,0.0,-0.00889
0,0.0,0.008790998589333332,0.0,-0.009778999999999998
0,0.0,0.008701371068205125,0.0,-0.010667999999999999
0,0.0,0.008578963472871792,0.0,-0.011557
0,0.0,0.008414135179602563,0.0,-0.012445999999999999
0,0.0,0.008196991607,0.0,-0.013334999999999998
0,0.0,0.007918468419884613,0.0,-0.014223999999999999
0,0.0,0.007576797682192307,0.0,-0.015112999999999998
0,0.0,0.007172936618974358,0.0,-0.016002
0,0.0,0.006702567949897435,0.0,-0.016891
0,0.0,0.0061534040309358965,0.0,-0.017779999999999997
0,0.0,0.005511936267743589,0.0,-0.018668999999999998
0,0.0,0.00476239974978205,0.0,-0.019558
0,0.0,0.004324635338064101,0.0,-0.0200025
0,0.0,0.003821896834089743,0.0,-0.020447
0,0.0,0.0032254088807051277,0.0,-0.020891499999999997
0,0.0,0.0024783826366025635,0.0,-0.021335999999999997
0,0.0,0.0017443082334999995,0.0,-0.0216916
0,0.0,0.0013415802121794869,0.0,-0.021869399999999997
0,0.0,0.0008716413176153844,0.0,-0.0220472
0,0.0,0.0005667651387820512,0.0,-0.0221361
0,0.0,0.0003640483151666666,0.0,-0.022180549999999997
0,0.0,0.00022846422397435892,0.0,-0.022202774999999998
0,0.0,0.0,0.0,-0.022224999999999998
0,0.0,-0.00045614703974358967,0.0,-0.022202774999999998
0,0.0,-0.000580371409153846,0.0,-0.022180549999999997
0,0.0,-0.0007629767390897434,0.0,-0.0221361
0,0.0,-0.001026828987153846,0.0,-0.0220472
0,0.0,-0.0013954192375128203,0.0,-0.021869399999999997
0,0.0,-0.0016578844860128201,0.0,-0.0216916
0,0.0,-0.001980117694602564,0.0,-0.021335999999999997
0,0.0,-0.002208025165230769,0.0,-0.020891499999999997
0,0.0,-0.0023951235923461533,0.0,-0.020447
0,0.0,-0.0025439916230256404,0.0,-0.0200025
0,0.0,-0.0026497259207820508,0.0,-0.019558
0,0.0,-0.0027798108517307686,0.0,-0.018668999999999998
0,0.0,-0.0028695848868974354,0.0,-0.017779999999999997
0,0.0,-0.0029266960590897425,0.0,-0.016891
0,0.0,-0.002953762085794871,0.0,-0.016002
0,0.0,-0.002955149085358974,0.0,-0.015112999999999998
0,0.0,-0.002935066894487179,0.0,-0.014223999999999999
0,0.0,-0.0028976179062564097,0.0,-0.013334999999999998
0,0.0,-0.0028467189292948713,0.0,-0.012445999999999999
0,0.0,-0.002785534666833333,0.0,-0.011557
0,0.0,-0.0027169953996410254,0.0,-0.010667999999999999
0,0.0,-0.002644050943692307,0.0,-0.009778999999999998
0,0.0,-0.0025696511149615377,0.0,-0.00889
0,0.0,-0.0024962573492948712,0.0,-0.008001
0,0.0,-0.0024240845339487172,0.0,-0.0071119999999999985
0,0.0,-0.0023527224296153843,0.0,-0.006222999999999999
0,0.0,-0.002281770564589743,0.0,-0.0053339999999999985
0,0.0,-0.002210808931961538,0.0,-0.0044449999999999976
0,0.0,-0.0021395152008461533,0.0,-0.003556
0,0.0,-0.002067879603641025,0.0,-0.0026669999999999992
0,0.0,-0.001996038886782051,0.0,-0.0017779999999999983
0,0.0,-0.0019240809586923075,0.0,-0.0008890000000000009
0,0.0,-0.0018521230306025637,0.0,0.0
0,0.0,-0.0017802627785384615,0.0,0.0008890000000000009
0,0.0,-0.0017084904348974358,0.0,0.0017780000000000018
0,0.0,-0.0016367766968717946,0.0,0.0026670000000000027
0,0.0,-0.001565082494051282,0.0,0.0035559999999999967
0,0.0,-0.0014933980588333331,0.0,0.0044449999999999976
0,0.0,-0.001421684320807692,0.0,0.0053339999999999985
0,0.0,-0.001349951047576923,0.0,0.006222999999999999
0,0.0,-0.0012782080067435895,0.0,0.007112
0,0.0,-0.001206445430705128,0.0,0.008001000000000001
0,0.0,-0.0011346926222692304,0.0,0.008889999999999999
0,0.0,-0.001062939813833333,0.0,0.009779
0,0.0,-0.000991196773,0.0,0.010668
0,0.0,-0.0009194537321666665,0.0,0.011557000000000001
0,0.0,-0.0008477106913333331,0.0,0.012446000000000002
0,0.0,-0.0007759676504999998,0.0,0.013335000000000003
0,0.0,-0.0007042246096666666,0.0,0.014223999999999997
0,0.0,-0.0006324815688333333,0.0,0.015112999999999998
0,0.0,-0.0005607385279999998,0.0,0.016002
0,0.0,-0.0004889954871666666,0.0,0.016891
0,0.0,-0.00041725244633333326,0.0,0.01778
0,0.0,-0.0003455094055,0.0,0.018669
0,0.0,-0.0002737663646666666,0.0,0.019557999999999996
0,0.0,-0.00020202332383333326,0.0,0.020446999999999996
0,0.0,-0.0001661566872179487,0.0,0.020891499999999997
0,0.0,-0.00013029005060256408,0.0,0.021335999999999997
0,0.0,-9.441364638461535e-05,0.0,0.021780499999999998
0,0.0,-5.8537242166666655e-05,0.0,0.022224999999999998
1,0.028422222222222224,-0.00011105341423341375,0.00649732,0.020751852134745168
1,0.028422222222222224,0.00011592472803313323,0.00649732,0.0203279954621262
1,0.028422222222222224,0.00034241621127334724,0.00649732,0.01990413285459336
1,0.028422222222222224,0.0005678595058414595,0.00649732,0.019480257464169037
1,0.028422222222222224,0.0007917211585739902,0.00649732,0.019056362785274575
1,0.028422222222222224,0.0012326967494623966,0.00649732,0.018208491137621886
1,0.028422222222222224,0.001663471218452671,0.00649732,0.0173604950850434
1,0.028422222222222224,0.0020844376362968518,0.00649732,0.016512379421123394
1,0.028422222222222224,0.002496017150229265,0.00649732,0.015664149281845056
1,0.028422222222222224,0.0028980787366658977,0.00649732,0.014815803069346947
1,0.028422222222222224,0.003290285477819288,0.00649732,0.013967336674842533
1,0.028422222222222224,0.0036723191735568367,0.00649732,0.013118746217811193
1,0.028422222222222224,0.004043889700228226,0.00649732,0.012270028160131181
1,0.028422222222222224,0.004404735010665433,0.00649732,0.011421179306079624
1,0.028422222222222224,0.004754714722457015,0.00649732,0.010572197943662147
1,0.028422222222222224,0.005093707170846389,0.00649732,0.009723082589150271
1,0.028422222222222224,0.005421600049904401,0.00649732,0.00887383187294847
1,0.028422222222222224,0.005738318489011615,0.00649732,0.008024444881993085
1,0.028422222222222224,0.006043656593964582,0.00649732,0.007174919105359001
1,0.028422222222222224,0.006336725276157503,0.00649732,0.006325243700415071
1,0.028422222222222224,0.006616438911608556,0.00649732,0.0054754054277379935
1,0.028422222222222224,0.006881711876335924,0.00649732,0.0046253910479044785
1,0.028422222222222224,0.007131495981667503,0.00649732,0.003775187778023062
1,0.028422222222222224,0.007364808550723199,0.00649732,0.0029247836341330033
1,0.028422222222222224,0.007581378177507558,0.00649732,0.0020741753063784826
1,0.028422222222222224,0.007781129991401144,0.00649732,0.0012233618816958093
1,0.028422222222222224,0.007964045274749096,0.00649732,0.0003723431318190841
1,0.028422222222222224,0.00813005851575941,0.00649732,-0.00047888174218242707
1,0.028422222222222224,0.008278973179056064,0.00649732,-0.0013303151371008605
1,0.028422222222222224,0.008409684923002383,0.00649732,-0.0021819705206254335
1,0.028422222222222224,0.00852067761755479,0.00649732,-0.0030338663822955837
1,0.028422222222222224,0.008610463209151995,0.00649732,-0.003886020869251862
1,0.028422222222222224,0.008677534926577855,0.00649732,-0.004738452356900735
1,0.028422222222222224,0.008720694839921399,0.00649732,-0.005591175454261025
1,0.028422222222222224,0.008740963061372436,0.00649732,-0.00644417772084014
1,0.028422222222222224,0.00874025815055401,0.00649732,-0.007297435759381396
1,0.028422222222222224,0.008720508025916592,0.00649732,-0.008150926058495147
1,0.028422222222222224,0.0086836218882558,0.00649732,-0.009004625335057663
1,0.028422222222222224,0.008630498185004864,0.00649732,-0.00985852263230483
1,0.028422222222222224,0.008555025601852331,0.00649732,-0.010712692479059182
1,0.028422222222222224,0.008448144793846465,0.00649732,-0.011567245356025472
1,0.028422222222222224,0.008300618598314375,0.00649732,-0.012422293912434674
1,0.028422222222222224,0.00810296652306999,0.00649732,-0.013277953764974725
1,0.028422222222222224,0.007846503576258759,0.00649732,-0.014134330829031998
1,0.028422222222222224,0.00752953581011595,0.00649732,-0.014991445762672154
1,0.028422222222222224,0.007152980389729648,0.00649732,-0.015849287380865166
1,0.028422222222222224,0.006712700713376021,0.00649732,-0.016707906130379115
1,0.028422222222222224,0.006196923376148788,0.00649732,-0.017567445590476995
1,0.028422222222222224,0.00559270511971298,0.00649732,-0.018428063607041738
1,0.028422222222222224,0.004884940796597415,0.00649732,-0.019289944390669903
1,0.028422222222222224,0.004470698877533206,0.00649732,-0.019721620883005993
1,0.028422222222222224,0.0039942020384081045,0.00649732,-0.020154056587788387
1,0.028422222222222224,0.003427879173614864,0.00649732,-0.020587587740715643
1,0.028422222222222224,0.0027173180604784914,0.00649732,-0.021022877910814034
1,0.028422222222222224,0.002018126350779572,0.00649732,-0.021372704484336348
1,0.028422222222222224,0.001634333340502796,0.00649732,-0.02154803481293136
1,0.028422222222222224,0.001186142238683775,0.00649732,-0.021724150490420386
1,0.028422222222222224,0.0008950655598614831,0.00649732,-0.021813025178755725
1,0.028422222222222224,0.0007013526562570939,0.00649732,-0.021858050022332196
1,0.028422222222222224,0.0005717028731420049,0.00649732,-0.021880962366010365
1,0.028422222222222224,0.00035306,0.00649732,-0.02190496
1,0.028422222222222224,-8.4257341390179e-05,0.00649732,-0.02188896194513864
1,0.028422222222222224,-0.00020354300907180216,0.00649732,-0.021869085424049042
1,0.028422222222222224,-0.0003790264887329306,0.00649732,-0.021828563011590155
1,0.028422222222222224,-0.0006328768958194837,0.00649732,-0.0217463338289521
1,0.028422222222222224,-0.0009881224111663771,0.00649732,-0.02158001623776646
1,0.028422222222222224,-0.0012416842664919807,0.00649732,-0.021412458591976328
1,0.028422222222222224,-0.001554593590326639,0.00649732,-0.02107497481322143
1,0.028422222222222224,-0.0017781651194088556,0.00649732,-0.020651076596205225
1,0.028422222222222224,-0.0019626354674907092,0.00649732,-0.020226701531684415
1,0.028422222222222224,-0.002110475365013582,0.00649732,-0.019801879750760296
1,0.028422222222222224,-0.0022169866806078745,0.00649732,-0.019376553958687214
1,0.028422222222222224,-0.002352031561654042,0.00649732,-0.018524951418722867
1,0.028422222222222224,-0.002448452561898749,0.00649732,-0.017672877852034845
1,0.028422222222222224,-0.0025135776432192785,0.00649732,-0.0168204226247304
1,0.028422222222222224,-0.002549914971366731,0.00649732,-0.01596761632444267
1,0.028422222222222224,-0.0025616479422020818,0.00649732,-0.015114509968604532
1,0.028422222222222224,-0.0025528102103474387,0.00649732,-0.014261152748521508
1,0.028422222222222224,-0.0025273324833231816,0.00649732,-0.013407592600036568
1,0.028422222222222224,-0.0024889676509285323,0.00649732,-0.01255387529046646
1,0.028422222222222224,-0.002440747973250642,0.00649732,-0.011700037798890046
1,0.028422222222222224,-0.0023854810985183533,0.00649732,-0.010846114365195158
1,0.028422222222222224,-0.002325993392615369,0.00649732,-0.009992139457535555
1,0.028422222222222224,-0.0022651112214253934,0.00649732,-0.009138147544064999
1,0.028422222222222224,-0.002205193009460654,0.00649732,-0.008284167386289263
1,0.028422222222222224,-0.0021464446509245985,0.00649732,-0.007430201495133458
1,0.028422222222222224,-0.0020884730750651906,0.00649732,-0.0065762450770132895
1,0.028422222222222224,-0.002030894569957821,0.00649732,-0.00572229345247742
1,0.028422222222222224,-0.001973306706023022,0.00649732,-0.004868341713808583
1,0.028422222222222224,-0.00191540064195562,0.00649732,-0.004014386094619134
1,0.028422222222222224,-0.0018571670189281866,0.00649732,-0.0031604264807761004
1,0.028422222222222224,-0.001798736860524734,0.00649732,-0.002306464470140917
1,0.028422222222222224,-0.0017401943961921273,0.00649732,-0.0014525010899102235
1,0.028422222222222224,-0.0016816519318595211,0.00649732,-0.0005985377096795266
1,0.028422222222222224,-0.0016232030558012102,0.00649732,0.0002554245292215769
1,0.028422222222222224,-0.001564838409189764,0.00649732,0.0011093857409260402
1,0.028422222222222224,-0.0015065299155428945,0.00649732,0.0019633462678327537
1,0.028422222222222224,-0.0014482401395508842,0.00649732,0.0028173065664735403
1,0.028422222222222224,-0.0013899597223863032,0.00649732,0.0036712667509813703
1,0.028422222222222224,-0.0013316512287394342,0.00649732,0.00452522727788808
1,0.028422222222222224,-0.001273324017437706,0.00649732,0.0053791880330607104
1,0.028422222222222224,-0.0012149874473085481,0.00649732,0.006233148902366297
1,0.028422222222222224,-0.0011566321595245315,0.00649732,0.007087109999937804
1,0.028422222222222224,-0.001098286230567944,0.00649732,0.00794107098337635
1,0.028422222222222224,-0.001039940301611357,0.00649732,0.008795031966814897
1,0.028422222222222224,-0.0009816037314821992,0.00649732,0.009648992836120487
1,0.028422222222222224,-0.0009232671613530415,0.00649732,0.010502953705426067
1,0.028422222222222224,-0.0008649305912238841,0.00649732,0.01135691457473166
1,0.028422222222222224,-0.0008065940210947262,0.00649732,0.012210875444037254
1,0.028422222222222224,-0.0007482574509655684,0.00649732,0.013064836313342834
1,0.028422222222222224,-0.0006899208808364108,0.00649732,0.01391879718264842
1,0.028422222222222224,-0.0006315843107072531,0.00649732,0.014772758051954014
1,0.028422222222222224,-0.0005732477405780955,0.00649732,0.0156267189212596
1,0.028422222222222224,-0.0005149111704489377,0.00649732,0.016480679790565188
1,0.028422222222222224,-0.00045657460031978006,0.00649732,0.017334640659870774
1,0.028422222222222224,-0.0003982380301906222,0.00649732,0.01818860152917636
1,0.028422222222222224,-0.0003399014600614645,0.00649732,0.019042562398481948
1,0.028422222222222224,-0.0003107378544106005,0.00649732,0.019469542776068265
1,0.028422222222222224,-0.00028157424875973637,0.00649732,0.01989652315365458
1,0.028422222222222224,-0.00025240128428144265,0.00649732,0.02032350364537385
1,0.028422222222222224,-0.00022322831980314914,0.00649732,0.02075048413709312
2,0.05684444444444445,-0.0005625912082667071,0.01299464,0.01954681926722369
2,0.05684444444444445,-0.00033059360084249654,0.01299464,0.01914521624808393
2,0.05684444444444445,-9.90632407333956e-05,0.01299464,0.018743591576608456
2,0.05684444444444445,0.0001314607405431599,0.01299464,0.018341920269333015
2,0.05684444444444445,0.0003604661680456074,0.01299464,0.01794017859196653
2,0.05684444444444445,0.0008119984593159941,0.01299464,0.01713639501927117
2,0.05684444444444445,0.0012537365280196485,0.01299464,0.016332157580308152
2,0.05684444444444445,0.0016860577662187748,0.01299464,0.01552748376350244
2,0.05684444444444445,0.0021093665225514497,0.01299464,0.01472239230645227
2,0.05684444444444445,0.0025235369996636043,0.01299464,0.013916877379682623
2,0.05684444444444445,0.002928245718644777,0.01299464,0.013110923993114958
2,0.05684444444444445,0.003323187171635089,0.01299464,0.01230451798945283
2,0.05684444444444445,0.0037080828073505333,0.01299464,0.011497646460573028
2,0.05684444444444445,0.004082681031082973,0.01299464,0.010690297747525574
2,0.05684444444444445,0.004446847059953048,0.01299464,0.00988246560444438
2,0.05684444444444445,0.004800464082131982,0.01299464,0.00907414461824554
2,0.05684444444444445,0.005143424271316289,0.01299464,0.008265329792236192
2,0.05684444444444445,0.005475655743303642,0.01299464,0.007456017795287755
2,0.05684444444444445,0.0057969608165376494,0.01299464,0.006646199466796676
2,0.05684444444444445,0.006106485866115707,0.01299464,0.00583583524961118
2,0.05684444444444445,0.006403188571104106,0.01299464,0.005024876842366993
2,0.05684444444444445,0.00668602661056914,0.01299464,0.004213275943699864
2,0.05684444444444445,0.006953993605678264,0.01299464,0.003400985917809799
2,0.05684444444444445,0.007206146076275965,0.01299464,0.002587963043634324
2,0.05684444444444445,0.00744222344212882,0.01299464,0.001774195245832371
2,0.05684444444444445,0.007662153819034503,0.01299464,0.0009596791932753694
2,0.05684444444444445,0.00786591923594243,0.01299464,0.0001444140531811737
2,0.05684444444444445,0.008053456794175571,0.01299464,-0.0006716030891877091
2,0.05684444444444445,0.008224577797702819,0.01299464,-0.0014883809780437789
2,0.05684444444444445,0.008378221954539893,0.01299464,-0.0023059687475334434
2,0.05684444444444445,0.008512933609589712,0.01299464,-0.0031244338530102486
2,0.05684444444444445,0.008627284064331076,0.01299464,-0.003943842500654521
2,0.05684444444444445,0.008719826649192202,0.01299464,-0.0047642617294287315
2,0.05684444444444445,0.008789411216935897,0.01299464,-0.005585744837390008
2,0.05684444444444445,0.008837017189818832,0.01299464,-0.0064082464379115744
2,0.05684444444444445,0.008864486600525575,0.01299464,-0.007231681170823829
2,0.05684444444444445,0.00887367046726599,0.01299464,-0.008055963259566092
2,0.05684444444444445,0.008866401837199351,0.01299464,-0.008881007760359827
2,0.05684444444444445,0.008843543320753555,0.01299464,-0.00970677469966219
2,0.05684444444444445,0.008799227369913853,0.01299464,-0.010533535980842718
2,0.05684444444444445,0.008724755996198966,0.01299464,-0.011361694670458382
2,0.05684444444444445,0.008611260486147087,0.01299464,-0.012191661746496517
2,0.05684444444444445,0.008449638502638862,0.01299464,-0.013023859013112302
2,0.05684444444444445,0.008231551478204629,0.01299464,-0.013858672881219867
2,0.05684444444444445,0.0079553730327668,0.01299464,-0.014696178717603108
2,0.05684444444444445,0.007621983747803842,0.01299464,-0.01553633571593704
2,0.05684444444444445,0.007227412021137324,0.01299464,-0.016379327921075163
2,0.05684444444444445,0.006760354061951696,0.01299464,-0.017225679152985115
2,0.05684444444444445,0.006208382888770085,0.01299464,-0.018075965280518445
2,0.05684444444444445,0.005556995863773494,0.01299464,-0.018930858358864162
2,0.05684444444444445,0.0051733502059136014,0.01299464,-0.019360990412251092
2,0.05684444444444445,0.0047299328338207694,0.01299464,-0.019793892299044023
2,0.05684444444444445,0.00420027238998895,0.01299464,-0.02023079070733888
2,0.05684444444444445,0.003532127030378706,0.01299464,-0.020674106534823947
2,0.05684444444444445,0.0028720829543811065,0.01299464,-0.02103457618007746
2,0.05684444444444445,0.0025092278069705266,0.01299464,-0.02121633249567859
2,0.05684444444444445,0.002084543260035464,0.01299464,-0.02140095399824104
2,0.05684444444444445,0.0018078915820632503,0.01299464,-0.021496244860419247
2,0.05684444444444445,0.001623312751643882,0.01299464,-0.02154603366454765
2,0.05684444444444445,0.0014995380558160045,0.01299464,-0.021572387100925534
2,0.05684444444444445,0.00129032,0.01299464,-0.0216027
2,0.05684444444444445,0.0008697425881992375,0.01299464,-0.02160157195110993
2,0.05684444444444445,0.0007545112968229719,0.01299464,-0.02158629410083641
2,0.05684444444444445,0.0005846201400542419,0.01299464,-0.021552931508078025
2,0.05684444444444445,0.0003380806224571322,0.01299464,-0.021481885432414822
2,0.05684444444444445,-8.624205753535131e-06,0.01299464,-0.02133301027053764
2,0.05684444444444445,-0.0002577013016820484,0.01299464,-0.021179611019671248
2,0.05684444444444445,-0.000569387872708955,0.01299464,-0.020864171570427748
2,0.05684444444444445,-0.0007981147489273947,0.01299464,-0.02046241698493805
2,0.05684444444444445,-0.00098930010048179,0.01299464,-0.02005892271755264
2,0.05684444444444445,-0.0011453161060488543,0.01299464,-0.01965379869551433
2,0.05684444444444445,-0.001261652031932717,0.01299464,-0.01924683589050535
2,0.05684444444444445,-0.0014194564869793268,0.01299464,-0.018429440910081675
2,0.05684444444444445,-0.0015401776791517132,0.01299464,-0.017610327483706924
2,0.05684444444444445,-0.0016308512747523981,0.01299464,-0.01678982164558989
2,0.05684444444444445,-0.0016938853945592592,0.01299464,-0.01596803498853767
2,0.05684444444444445,-0.001733296568377185,0.01299464,-0.01514515363935912
2,0.05684444444444445,-0.0017529575576064151,0.01299464,-0.014321357062605941
2,0.05684444444444445,-0.0017566422828689937,0.01299464,-0.013496820142528069
2,0.05684444444444445,-0.0017479539398064434,0.01299464,-0.012671709851945077
2,0.05684444444444445,-0.0017298038386129122,0.01299464,-0.01184616110156405
2,0.05684444444444445,-0.0017048876368755742,0.01299464,-0.011020298808706367
2,0.05684444444444445,-0.0016759189632321837,0.01299464,-0.010194248723475546
2,0.05684444444444445,-0.0016456114463204972,0.01299464,-0.00936813659597511
2,0.05684444444444445,-0.0016162294385137406,0.01299464,-0.008542067356755013
2,0.05684444444444445,-0.0015879706213683062,0.01299464,-0.007716050166418822
2,0.05684444444444445,-0.0015604576028219908,0.01299464,-0.006890067536541547
2,0.05684444444444445,-0.0015333219763378795,0.01299464,-0.006064102395089263
2,0.05684444444444445,-0.0015061773643284774,0.01299464,-0.005238136837245905
2,0.05684444444444445,-0.0014787272444591949,0.01299464,-0.004412157122106131
2,0.05684444444444445,-0.0014509626312047433,0.01299464,-0.0035861628332788595
2,0.05684444444444445,-0.0014230093219191888,0.01299464,-0.0027601598002390884
2,0.05684444444444445,-0.0013949481863301473,0.01299464,-0.0019341517705064662
2,0.05684444444444445,-0.0013668870507411058,0.01299464,-0.001108143740773844
2,0.05684444444444445,-0.0013389157704049705,0.01299464,-0.0002821398749519345
2,0.05684444444444445,-0.0013110253597964502,0.01299464,0.0005438602433503366
2,0.05684444444444445,-0.0012831888623396732,0.01299464,0.0013698578633061752
2,0.05684444444444445,-0.0012553703359334779,0.01299464,0.0021958546504798754
2,0.05684444444444445,-0.0012275607950525725,0.01299464,0.003021851021262501
2,0.05684444444444445,-0.001199724297595796,0.01299464,0.0038478486412183467
2,0.05684444444444445,-0.0011718698290884377,0.01299464,0.004673847093956324
2,0.05684444444444445,-0.0011440063750557895,0.01299464,0.005499845963085382
2,0.05684444444444445,-0.0011161249499725596,0.01299464,0.006325845664996579
2,0.05684444444444445,-0.0010882525104146201,0.01299464,0.007151844950516701
2,0.05684444444444445,-0.0010603800708566815,0.01299464,0.00797784423603683
2,0.05684444444444445,-0.0010325166168240329,0.01299464,0.008803843105165885
2,0.05684444444444445,-0.0010046531627913842,0.01299464,0.00962984197429494
2,0.05684444444444445,-0.0009767897087587356,0.01299464,0.010455840843424002
2,0.05684444444444445,-0.0009489262547260869,0.01299464,0.011281839712553057
2,0.05684444444444445,-0.0009210628006934383,0.01299464,0.012107838581682111
2,0.05684444444444445,-0.00089319934666079,0.01299464,0.012933837450811166
2,0.05684444444444445,-0.0008653358926281414,0.01299464,0.013759836319940214
2,0.05684444444444445,-0.0008374724385954927,0.01299464,0.014585835189069269
2,0.05684444444444445,-0.0008096089845628445,0.01299464,0.015411834058198324
2,0.05684444444444445,-0.0007817455305301959,0.01299464,0.016237832927327386
2,0.05684444444444445,-0.0007538820764975472,0.01299464,0.017063831796456434
2,0.05684444444444445,-0.0007260186224648986,0.01299464,0.017889830665585495
2,0.05684444444444445,-0.0007120913882112197,0.01299464,0.018302829891954486
2,0.05684444444444445,-0.0006981641539575408,0.01299464,0.018715829118323476
2,0.05684444444444445,-0.0006842279341785714,0.01299464,0.019128828761083547
2,0.05684444444444445,-0.0006702917143996017,0.01299464,0.019541828403843605
3,0.08526666666666666,-0.001221082606856729,0.01949196,0.018570869549661313
3,0.08526666666666666,-0.0009770956036876132,0.01949196,0.018192128514162388
3,0.08526666666666666,-0.0007335579888699899,0.01949196,0.017813343318348128
3,0.08526666666666666,-0.0004909882874248126,0.01949196,0.017434463008008563
3,0.08526666666666666,-0.0002498790981219877,0.01949196,0.017055439176644212
3,0.08526666666666666,0.00022610833814854306,0.01949196,0.016296779214158813
3,0.08526666666666666,0.0006926759032050908,0.01949196,0.01553719358352533
3,0.08526666666666666,0.001150186564562324,0.01949196,0.014776717952690734
3,0.08526666666666666,0.0015990292159859562,0.01949196,0.014015390537312537
3,0.08526666666666666,0.0020390828683044333,0.01949196,0.013253199448075056
3,0.08526666666666666,0.0024700364065051803,0.01949196,0.012490114112452315
3,0.08526666666666666,0.002891595999742993,0.01949196,0.011726105656391976
3,0.08526666666666666,0.003303493743423713,0.01949196,0.010961147753552218
3,0.08526666666666666,0.0037054876592042267,0.01949196,0.010195216625301713
3,0.08526666666666666,0.004097448115829296,0.01949196,0.009428299533087967
3,0.08526666666666666,0.004479262766211051,0.01949196,0.008660385436832143
3,0.08526666666666666,0.0048508279053452955,0.01949196,0.00789146414569225
3,0.08526666666666666,0.005212074396562572,0.01949196,0.007121528865773618
3,0.08526666666666666,0.005562812114021866,0.01949196,0.006350560913865922
3,0.08526666666666666,0.005902220059773333,0.01949196,0.00557847961247002
3,0.08526666666666666,0.0062292957521097965,0.01949196,0.004805186450113255
3,0.08526666666666666,0.006543036709324082,0.01949196,0.004030582915323006
3,0.08526666666666666,0.0068424750180437425,0.01949196,0.003254573893573951
3,0.08526666666666666,0.007126703259482109,0.01949196,0.002477070214998621
3,0.08526666666666666,0.007395470813212389,0.01949196,0.0016980472517288507
3,0.08526666666666666,0.007648708542565124,0.01949196,0.0009174982098699783
3,0.08526666666666666,0.007886399163372942,0.01949196,0.0001354213909483329
3,0.08526666666666666,0.008108482181050073,0.01949196,-0.0006481891496939139
3,0.08526666666666666,0.00831477611183918,0.01949196,-0.001433351246030251
3,0.08526666666666666,0.00850426118986572,0.01949196,-0.0022201651080069953
3,0.08526666666666666,0.008675537397573123,0.01949196,-0.0030087683119911154
3,0.08526666666666666,0.00882723064365586,0.01949196,-0.0037992958866390585
3,0.08526666666666666,0.008957949552641042,0.01949196,-0.004591884559080973
3,0.08526666666666666,0.009066587937817302,0.01949196,-0.005386643031631486
3,0.08526666666666666,0.00915408778630604,0.01949196,-0.006183478737475797
3,0.08526666666666666,0.009222220725262175,0.01949196,-0.006982217583063111
3,0.08526666666666666,0.009272767023924315,0.01949196,-0.00778268462560581
3,0.08526666666666666,0.009307489667363703,0.01949196,-0.008584706620789938
3,0.08526666666666666,0.009327218295613858,0.01949196,-0.009388202041879515
3,0.08526666666666666,0.009326309628030079,0.01949196,-0.010193725440526567
3,0.08526666666666666,0.009296398127607653,0.01949196,-0.011002098877985545
3,0.08526666666666666,0.0092289540577519,0.01949196,-0.011814160551010732
3,0.08526666666666666,0.009115222987692396,0.01949196,-0.01263077073651407
3,0.08526666666666666,0.008947185063771727,0.01949196,-0.013452717526276687
3,0.08526666666666666,0.008723276068843358,0.01949196,-0.014280154632165379
3,0.08526666666666666,0.008444342927108174,0.01949196,-0.015112998828970499
3,0.08526666666666666,0.008106565837578487,0.01949196,-0.015951625479372282
3,0.08526666666666666,0.007699073058981648,0.01949196,-0.016797102923306786
3,0.08526666666666666,0.007209912589584687,0.01949196,-0.017650605655314205
3,0.08526666666666666,0.00662513610632396,0.01949196,-0.018513504343643183
3,0.08526666666666666,0.006277010745982972,0.01949196,-0.018950430840762835
3,0.08526666666666666,0.0058713982449856445,0.01949196,-0.01939300646129635
3,0.08526666666666666,0.005382839024803175,0.01949196,-0.01984373305695408
3,0.08526666666666666,0.0047610880109052005,0.01949196,-0.020307548090683743
3,0.08526666666666666,0.00414295729074156,0.01949196,-0.02069046395622606
3,0.08526666666666666,0.0038023137568836927,0.01949196,-0.02088502500038541
3,0.08526666666666666,0.003402204045206179,0.01949196,-0.021085429643193408
3,0.08526666666666666,0.0031402977964513916,0.01949196,-0.021191709952611996
3,0.08526666666666666,0.002964859546318058,0.01949196,-0.02124922155391974
3,0.08526666666666666,0.002846858560027726,0.01949196,-0.021280953080436836
3,0.08526666666666666,0.0026466799999999998,0.01949196,-0.02132076
3,0.08526666666666666,0.0022411349147176025,0.01949196,-0.021340476090069702
3,0.08526666666666666,0.002129265117135713,0.01949196,-0.02133133341407657
3,0.08526666666666666,0.0019637818080760227,0.01949196,-0.021307323356598292
3,0.08526666666666666,0.0017224940923304922,0.01949196,-0.021250490711024524
3,0.08526666666666666,0.0013806982040282158,0.01949196,-0.021122991351865582
3,0.08526666666666666,0.0011327985549368755,0.01949196,-0.02098626503451487
3,0.08526666666666666,0.0008163397773345293,0.01949196,-0.020695189037052697
3,0.08526666666666666,0.0005754984926258631,0.01949196,-0.02031613887934651
3,0.08526666666666666,0.0003707638335429023,0.01949196,-0.019933540610151578
3,0.08526666666666666,0.00019985428999345217,0.01949196,-0.019547618427991843
3,0.08526666666666666,6.710818798615634e-05,0.01949196,-0.019157946015977083
3,0.08526666666666666,-0.0001263781747854074,0.01949196,-0.018371525350654068
3,0.08526666666666666,-0.00028419865819907493,0.01949196,-0.0175815998849208
3,0.08526666666666666,-0.00041312001377828613,0.01949196,-0.0167888345712176
3,0.08526666666666666,-0.0005154583199499653,0.01949196,-0.015993457005015744
3,0.08526666666666666,-0.0005950765881202131,0.01949196,-0.015195846795179636
3,0.08526666666666666,-0.0006556995563562098,0.01949196,-0.014396369962784348
3,0.08526666666666666,-0.0007009568998046284,0.01949196,-0.013595383187299784
3,0.08526666666666666,-0.0007343140940221705,0.01949196,-0.012793227012696026
3,0.08526666666666666,-0.0007585711741219859,0.01949196,-0.011990176591706998
3,0.08526666666666666,-0.0007763207652088382,0.01949196,-0.011186486695382636
3,0.08526666666666666,-0.0007901727765548595,0.01949196,-0.01038241379324654
3,0.08526666666666666,-0.0008027371174321798,0.01949196,-0.009578214354822312
3,0.08526666666666666,-0.0008161915929288037,0.01949196,-0.008774102387791895
3,0.08526666666666666,-0.0008307263288857476,0.01949196,-0.007970096575365614
3,0.08526666666666666,-0.0008459783577883422,0.01949196,-0.007166161249596483
3,0.08526666666666666,-0.000861593354205604,0.01949196,-0.006362261591774342
3,0.08526666666666666,-0.0008771997085391839,0.01949196,-0.005558361084715371
3,0.08526666666666666,-0.0008925122320275563,0.01949196,-0.004754431703604071
3,0.08526666666666666,-0.0009075222825870393,0.01949196,-0.003950472599203614
3,0.08526666666666666,-0.0009223508493891894,0.01949196,-0.0031464956608296575
3,0.08526666666666666,-0.0009370757111871486,0.01949196,-0.002342508531613708
3,0.08526666666666666,-0.0009518005729851078,0.01949196,-0.0015385214023977585
3,0.08526666666666666,-0.0009666118556198918,0.01949196,-0.0007345427655501384
3,0.08526666666666666,-0.0009815009170078197,0.01949196,6.942822816598249e-05
3,0.08526666666666666,-0.000996441830897843,0.01949196,0.0008733941264611085
3,0.08526666666666666,-0.0010114000289552301,0.01949196,0.0016773583262825603
3,0.08526666666666666,-0.0010263668690963013,0.01949196,0.0024813216768671854
3,0.08526666666666666,-0.0010413077829863238,0.01949196,0.0032852875751623115
3,0.08526666666666666,-0.0010562314127089815,0.01949196,0.004089255171931098
3,0.08526666666666666,-0.0010711464003479577,0.01949196,0.004893223617936725
3,0.08526666666666666,-0.0010860441038195675,0.01949196,0.0056971937624160085
3,0.08526666666666666,-0.0011009504493748597,0.01949196,0.006501163057658462
3,0.08526666666666666,-0.0011158567949301527,0.01949196,0.007305132352900919
3,0.08526666666666666,-0.0011307717825691276,0.01949196,0.00810910079890654
3,0.08526666666666666,-0.0011456867702081034,0.01949196,0.008913069244912166
3,0.08526666666666666,-0.0011606017578470787,0.01949196,0.009717037690917786
3,0.08526666666666666,-0.0011755167454860537,0.01949196,0.01052100613692341
3,0.08526666666666666,-0.0011904317331250286,0.01949196,0.011324974582929033
3,0.08526666666666666,-0.001205346720764004,0.01949196,0.012128943028934656
3,0.08526666666666666,-0.0012202617084029793,0.01949196,0.012932911474940273
3,0.08526666666666666,-0.0012351766960419547,0.01949196,0.013736879920945896
3,0.08526666666666666,-0.00125009168368093,0.01949196,0.01454084836695152
3,0.08526666666666666,-0.0012650066713199054,0.01949196,0.01534481681295715
3,0.08526666666666666,-0.00127992165895888,0.01949196,0.016148785258962767
3,0.08526666666666666,-0.0012948366465978553,0.01949196,0.01695275370496839
3,0.08526666666666666,-0.0013022984614591841,0.01949196,0.017354737503352778
3,0.08526666666666666,-0.001309760276320513,0.01949196,0.017756721301737173
3,0.08526666666666666,-0.0013172134490981595,0.01949196,0.0181587059493584
3,0.08526666666666666,-0.0013246666218758069,0.01949196,0.01856069059697963
4,0.1136888888888889,-0.0020195579680796555,0.02598928,0.01779448188425166
4,0.1136888888888889,-0.001759128593305047,0.02598928,0.01743813754763164
4,0.1136888888888889,-0.0014991318710888667,0.02598928,0.017081722748292935
4,0.1136888888888889,-0.0012400670159216061,0.02598928,0.01672515618309859
4,0.1136888888888889,-0.0009824082815692364,0.02598928,0.01636836061406849
4,0.1136888888888889,-0.0004730897069919167,0.02598928,0.015653792483312584
4,0.1136888888888889,2.7159804341443834e-05,0.02598928,0.014937747345568728
4,0.1136888888888889,0.0005186897025741934,0.02598928,0.014220282113032758
4,0.1136888888888889,0.0010018743985742017,0.02598928,0.01350145776305741
4,0.1136888888888889,0.001476597408960354,0.02598928,0.012781255324910729
4,0.1136888888888889,0.0019425592050383508,0.02598928,0.012059626016710547
4,0.1136888888888889,0.002399476898596917,0.02598928,0.011336523766679242
4,0.1136888888888889,0.0028470925621492957,0.02598928,0.01061190656819607
4,0.1136888888888889,0.0032851732289332584,0.02598928,0.009885736479797107
4,0.1136888888888889,0.0037135940953261807,0.02598928,0.009157993175698126
4,0.1136888888888889,0.004132246998188455,0.02598928,0.008428659040219444
4,0.1136888888888889,0.004541032094621985,0.02598928,0.007697717812733686
4,0.1136888888888889,0.004939882822694703,0.02598928,0.006965158652822573
4,0.1136888888888889,0.005328616137093427,0.02598928,0.006230951749335908
4,0.1136888888888889,0.0057064416148748815,0.02598928,0.0054949683723068375
4,0.1136888888888889,0.006072394108024107,0.02598928,0.004757051335670587
4,0.1136888888888889,0.006425508468526156,0.02598928,0.004017043453362387
4,0.1136888888888889,0.0067648528293321065,0.02598928,0.0032747929595265957
4,0.1136888888888889,0.00708955356508359,0.02598928,0.002530157573673541
4,0.1136888888888889,0.0073993693887768755,0.02598928,0.0017830979992870394
4,0.1136888888888889,0.007694233738479895,0.02598928,0.0010336033959488233
4,0.1136888888888889,0.00797412997370963,0.02598928,0.00028167105355431793
4,0.1136888888888889,0.008238999852775528,0.02598928,-0.0004727085132624313
4,0.1136888888888889,0.00848866865060591,0.02598928,-0.001229563760599378
4,0.1136888888888889,0.00872215457870281,0.02598928,-0.0019890545846258482
4,0.1136888888888889,0.008938109757941898,0.02598928,-0.0027514005038116254
4,0.1136888888888889,0.009135211269923366,0.02598928,-0.0035168169714696156
4,0.1136888888888889,0.009312119555764388,0.02598928,-0.00428552215101732
4,0.1136888888888889,0.009467769624551915,0.02598928,-0.005057689489146901
4,0.1136888888888889,0.009603068382610346,0.02598928,-0.005833171285159559
4,0.1136888888888889,0.00971972147944886,0.02598928,-0.006611689753337376
4,0.1136888888888889,0.00981944288481815,0.02598928,-0.007392965752910149
4,0.1136888888888889,0.009903929927985899,0.02598928,-0.008176722853212243
4,0.1136888888888889,0.009973981352136887,0.02598928,-0.008962830969224532
4,0.1136888888888889,0.010024164039566255,0.02598928,-0.009752174950087514
4,0.1136888888888889,0.010046423996494044,0.02598928,-0.010546066486410679
4,0.1136888888888889,0.010032549144551647,0.02598928,-0.01134584301479689
4,0.1136888888888889,0.009974111079091238,0.02598928,-0.012152877203208352
4,0.1136888888888889,0.009863388615993191,0.02598928,-0.012968426540163261
4,0.1136888888888889,0.00969887579154452,0.02598928,-0.01379273629012475
4,0.1136888888888889,0.00948138798941303,0.02598928,-0.014625673657969136
4,0.1136888888888889,0.009207247662852087,0.02598928,-0.015467837576805296
4,0.1136888888888889,0.00886598794804436,0.02598928,-0.01632093270240466
4,0.1136888888888889,0.008446101950983978,0.02598928,-0.017186833072073967
4,0.1136888888888889,0.007934160801876679,0.02598928,-0.018067725740197233
4,0.1136888888888889,0.007624528829715784,0.02598928,-0.018516911483955067
4,0.1136888888888889,0.007259550611042226,0.02598928,-0.01897511103549632
4,0.1136888888888889,0.0068147147143728,0.02598928,-0.019446316378845335
4,0.1136888888888889,0.006241647255578731,0.02598928,-0.019938405787972766
4,0.1136888888888889,0.0056669595146736805,0.02598928,-0.020351007395661713
4,0.1136888888888889,0.00534921348175013,0.02598928,-0.020562259560546563
4,0.1136888888888889,0.004974215867008536,0.02598928,-0.02078283584018753
4,0.1136888888888889,0.004727169091163428,0.02598928,-0.020902822089194112
4,0.1136888888888889,0.004560817260077326,0.02598928,-0.02096979034532175
4,0.1136888888888889,0.004448487218289482,0.02598928,-0.021008022576583563
4,0.1136888888888889,0.00425704,0.02598928,-0.021059139999999997
4,0.1136888888888889,0.003865321490978536,0.02598928,-0.021102998191066376
4,0.1136888888888889,0.00375634142888931,0.02598928,-0.021100808995467683
4,0.1136888888888889,0.0035944680527177507,0.02598928,-0.021087296196833735
4,0.1136888888888889,0.003357060446505402,0.02598928,-0.021046209222029984
4,0.1136888888888889,0.0030177819682495628,0.02598928,-0.02094196147074
4,0.1136888888888889,0.0027689029139805043,0.02598928,-0.020822991076400284
4,0.1136888888888889,0.0024438064572209106,0.02598928,-0.020556930242753704
4,0.1136888888888889,0.0021864056503552937,0.02598928,-0.020200092667102845
4,0.1136888888888889,0.0019637668125110086,0.02598928,-0.01983759368301556
4,0.1136888888888889,0.0017736933999298859,0.02598928,-0.019469791024294438
4,0.1136888888888889,0.0016203621738490504,0.02598928,-0.019096004454693647
4,0.1136888888888889,0.0013830239739338452,0.02598928,-0.018337141019873986
4,0.1136888888888889,0.0011800234107230525,0.02598928,-0.01757268528428431
4,0.1136888888888889,0.001004845735115739,0.02598928,-0.016803698253861837
4,0.1136888888888889,0.0008552611223877002,0.02598928,-0.01603054308261829
4,0.1136888888888889,0.0007275504245847658,0.02598928,-0.015253825478923962
4,0.1136888888888889,0.0006181276176168921,0.02598928,-0.014474129470312623
4,0.1136888888888889,0.0005234982000506287,0.02598928,-0.013692024178742938
4,0.1136888888888889,0.0004403257550411807,0.02598928,-0.012908052980180206
4,0.1136888888888889,0.0003659145243398855,0.02598928,-0.012122654911563963
4,0.1136888888888889,0.00029776843549427813,0.02598928,-0.011336236488578974
4,0.1136888888888889,0.00023337477556887622,0.02598928,-0.01054920693701456
4,0.1136888888888889,0.00017022083162819904,0.02598928,-0.00976197548266005
4,0.1136888888888889,0.00010620990281217518,0.02598928,-0.00897488359869064
4,0.1136888888888889,4.115894380762354e-05,0.02598928,-0.008187961096256547
4,0.1136888888888889,-2.458259524210863e-05,0.02598928,-0.0074011510631619044
4,0.1136888888888889,-9.06735844351872e-05,0.02598928,-0.006614397942263128
4,0.1136888888888889,-0.00015675625338675697,0.02598928,-0.0058276434663120675
4,0.1136888888888889,-0.00022255603412704716,0.02598928,-0.005040842918583404
4,0.1136888888888889,-0.00028806460641454985,0.02598928,-0.004253994944024852
4,0.1136888888888889,-0.0003533984536303802,0.02598928,-0.0034671185133683634
4,0.1136888888888889,-0.0004186324579481121,0.02598928,-0.0026802258220844886
4,0.1136888888888889,-0.0004838664622658431,0.02598928,-0.0018933331308006104
4,0.1136888888888889,-0.0005491836689986568,0.02598928,-0.001106453990039561
4,0.1136888888888889,-0.0006145757579050452,0.02598928,-0.00031958704474904787
4,0.1136888888888889,-0.0006800177682604819,0.02598928,0.00046727177022776525
4,0.1136888888888889,-0.0007454764190989362,0.02598928,0.0012541278751000105
4,0.1136888888888889,-0.0008109433901788976,0.02598928,0.002040982624919977
4,0.1136888888888889,-0.0008763854005343352,0.02598928,0.00282784143989679
4,0.1136888888888889,-0.0009418107704067561,0.02598928,0.003614702964978171
4,0.1136888888888889,-0.0010072278200376683,0.02598928,0.004401565845111834
4,0.1136888888888889,-0.0010726282291855646,0.02598928,0.005188431435350062
4,0.1136888888888889,-0.001138036958574968,0.02598928,0.005975295670536
4,0.1136888888888889,-0.0012034456879643721,0.02598928,0.006762159905721946
4,0.1136888888888889,-0.0012688627375952851,0.02598928,0.007549022785855605
4,0.1136888888888889,-0.0013342797872261973,0.02598928,0.008335885665989272
4,0.1136888888888889,-0.0013996968368571103,0.02598928,0.009122748546122932
4,0.1136888888888889,-0.0014651138864880224,0.02598928,0.009909611426256595
4,0.1136888888888889,-0.0015305309361189345,0.02598928,0.010696474306390251
4,0.1136888888888889,-0.0015959479857498467,0.02598928,0.011483337186523918
4,0.1136888888888889,-0.0016613650353807588,0.02598928,0.01227020006665757
4,0.1136888888888889,-0.0017267820850116718,0.02598928,0.013057062946791237
4,0.1136888888888889,-0.0017921991346425848,0.02598928,0.013843925826924897
4,0.1136888888888889,-0.001857616184273497,0.02598928,0.014630788707058563
4,0.1136888888888889,-0.001923033233904409,0.02598928,0.015417651587192216
4,0.1136888888888889,-0.001988450283535322,0.02598928,0.016204514467325883
4,0.1136888888888889,-0.0020211629684715312,0.02598928,0.016597945229866573
4,0.1136888888888889,-0.002053875653407742,0.02598928,0.016991375992407257
4,0.1136888888888889,-0.0020865800181024442,0.02598928,0.017384808110000233
4,0.1136888888888889,-0.0021192843827971463,0.02598928,0.01777824022759321
5,0.1421111111111111,-0.0028824270300802377,0.0324866,0.017167655028346898
5,0.1421111111111111,-0.0026034584178283764,0.0324866,0.016832307046339375
5,0.1421111111111111,-0.0023249067898998893,0.0324866,0.01649686142353609
5,0.1421111111111111,-0.0020472532820525096,0.0324866,0.01616120549748036
5,0.1421111111111111,-0.001770954973256092,0.0324866,0.01582523223883836
5,0.1421111111111111,-0.0012241400036853995,0.0324866,0.015151931894366817
5,0.1421111111111111,-0.0006860656670469372,0.0324866,0.01447658484859924
5,0.1421111111111111,-0.00015639516831028426,0.0324866,0.013799269965255281
5,0.1421111111111111,0.0003652323443428555,0.0324866,0.013120071741177464
5,0.1421111111111111,0.0008787046059023492,0.0324866,0.012438963888459213
5,0.1421111111111111,0.0013837329349135523,0.0324866,0.01175587880962653
5,0.1421111111111111,0.0018800446877804133,0.0324866,0.011070752662620656
5,0.1421111111111111,0.0023673912776947664,0.0324866,0.010383527238505635
5,0.1421111111111111,0.002845548174636338,0.0324866,0.009694149961468362
5,0.1421111111111111,0.0033143950946656906,0.0324866,0.00900259266589467
5,0.1421111111111111,0.003773827791701983,0.0324866,0.008308830941585615
5,0.1421111111111111,0.004223750038593666,0.0324866,0.00761284225604987
5,0.1421111111111111,0.004664097683906376,0.0324866,0.006914611587626539
5,0.1421111111111111,0.005094694311195606,0.0324866,0.00621409762674819
5,0.1421111111111111,0.005514778122178279,0.0324866,0.005511121991191761
5,0.1421111111111111,0.005923418921056095,0.0324866,0.004805466866874379
5,0.1421111111111111,0.006319686512030768,0.0324866,0.004096914439713158
5,0.1421111111111111,0.006702682775021184,0.0324866,0.003385254406455672
5,0.1421111111111111,0.007071565722451305,0.0324866,0.0026702896078027484
5,0.1421111111111111,0.0074261028053715546,0.0324866,0.0019519655902336813
5,0.1421111111111111,0.007766229872347571,0.0324866,0.0012302673320875694
5,0.1421111111111111,0.008091930885520763,0.0324866,0.0005051910779491978
5,0.1421111111111111,0.00840314971238606,0.0324866,-0.00022327631613471358
5,0.1421111111111111,0.008699717955428253,0.0324866,-0.0009551742820239975
5,0.1421111111111111,0.008980689380990463,0.0324866,-0.0016907243892167502
5,0.1421111111111111,0.009244764922526794,0.0324866,-0.002430230826345966
5,0.1421111111111111,0.009490669570279244,0.0324866,-0.003173992148921806
5,0.1421111111111111,0.009717112276631218,0.0324866,-0.003922310667869633
5,0.1421111111111111,0.009923066618632875,0.0324866,-0.0046754267297636695
5,0.1421111111111111,0.01010940665957744,0.0324866,-0.005433135664474311
5,0.1421111111111111,0.010277776279970514,0.0324866,-0.006195052541941293
5,0.1421111111111111,0.010429827379246994,0.0324866,-0.006960790554396745
5,0.1421111111111111,0.010567195818983192,0.0324866,-0.00772996664948801
5,0.1421111111111111,0.010690651416391483,0.0324866,-0.00850240056728443
5,0.1421111111111111,0.010794957810641825,0.0324866,-0.009279318450856016
5,0.1421111111111111,0.010872352678176062,0.0324866,-0.010062537921170253
5,0.1421111111111111,0.010914921335779405,0.0324866,-0.010853912275639234
5,0.1421111111111111,0.010914540608075396,0.0324866,-0.011655343632072952
5,0.1421111111111111,0.010863768928677691,0.0324866,-0.012468574503134445
5,0.1421111111111111,0.010761154871383787,0.0324866,-0.013293944753901313
5,0.1421111111111111,0.010607484291264652,0.0324866,-0.014131270369027676
5,0.1421111111111111,0.010399212821571623,0.0324866,-0.014981381295277613
5,0.1421111111111111,0.010126252649250805,0.0324866,-0.01584663968882581
5,0.1421111111111111,0.009777513595086353,0.0324866,-0.016729642419298342
5,0.1421111111111111,0.00934005310719513,0.0324866,-0.017633420106779422
5,0.1421111111111111,0.0090696047787574,0.0324866,-0.018097419225757368
5,0.1421111111111111,0.008745814532645188,0.0324866,-0.018573908855763953
5,0.1421111111111111,0.008345058603153589,0.0324866,-0.0190684207234213
5,0.1421111111111111,0.007820714935357853,0.0324866,-0.019591871820780003
5,0.1421111111111111,0.007289215558861414,0.0324866,-0.0200368642739932
5,0.1421111111111111,0.006994164702966989,0.0324866,-0.02026622164421054
5,0.1421111111111111,0.006643935594589385,0.0324866,-0.02050849952049945
5,0.1421111111111111,0.0064114295634318105,0.0324866,-0.020643077212016116
5,0.1421111111111111,0.006253899109303806,0.0324866,-0.02072003155770228
5,0.1421111111111111,0.006147035553987941,0.0324866,-0.020765088218014448
5,0.1421111111111111,0.00596392,0.0324866,-0.020828
5,0.1421111111111111,0.0055849887996577445,0.0324866,-0.020896696744472264
5,0.1421111111111111,0.005478556854639341,0.0324866,-0.020901585228906158
5,0.1421111111111111,0.005319748566984325,0.0324866,-0.020898704570767923
5,0.1421111111111111,0.0050853444209749705,0.0324866,-0.02087345828261169
5,0.1421111111111111,0.004747164487181956,0.0324866,-0.020792377849315372
5,0.1421111111111111,0.004496110220185883,0.0324866,-0.0206908961228251
5,0.1421111111111111,0.004160410506936498,0.0324866,-0.02044896648150025
5,0.1421111111111111,0.003884360784948244,0.0324866,-0.020112935013922313
5,0.1421111111111111,0.0036418141495571012,0.0324866,-0.019769058483945452
5,0.1421111111111111,0.0034306536034290265,0.0324866,-0.019417832606378978
5,0.1421111111111111,0.0032549046490704214,0.0324866,-0.01905831477200215
5,0.1421111111111111,0.0029702204592443405,0.0324866,-0.018323634043433307
5,0.1421111111111111,0.0027186303906212936,0.0324866,-0.0175812040155537
5,0.1421111111111111,0.0024938556215628096,0.0324866,-0.016832494933422773
5,0.1421111111111111,0.002293747079017661,0.0324866,-0.01607801002268029
5,0.1421111111111111,0.0021147203015907047,0.0324866,-0.015318588618628377
5,0.1421111111111111,0.0019533191307555273,0.0324866,-0.0145550400132474
5,0.1421111111111111,0.0018061756162079659,0.0324866,-0.013788152843733992
5,0.1421111111111111,0.0016700741673004778,0.0324866,-0.013018680070840182
5,0.1421111111111111,0.0015424166509412805,0.0324866,-0.012247230071831948
5,0.1421111111111111,0.0014207973883416875,0.0324866,-0.011474366158992598
5,0.1421111111111111,0.0013027946628544193,0.0324866,-0.010700655400020671
5,0.1421111111111111,0.0011859867578321998,0.0324866,-0.009926664862614698
5,0.1421111111111111,0.0010683529030925303,0.0324866,-0.009152867729092663
5,0.1421111111111111,0.0009497166821909086,0.0324866,-0.008379305309022008
5,0.1421111111111111,0.0008304148901577503,0.0324866,-0.007605898738683068
5,0.1421111111111111,0.0007107763030941754,0.0324866,-0.006832571032063793
5,0.1421111111111111,0.0005911457349598963,0.0324866,-0.0060592414477369065
5,0.1421111111111111,0.00047178781042166943,0.0324866,-0.005285848021351246
5,0.1421111111111111,0.00035271054840878713,0.0324866,-0.0045123888751991935
5,0.1421111111111111,0.000233801683911114,0.0324866,-0.0037388902971873146
5,0.1421111111111111,0.00011498904656498908,0.0324866,-0.0029653691866841046
5,0.1421111111111111,-3.823590781136706e-06,0.0324866,-0.002191848076180891
5,0.1421111111111111,-0.00012271641742021833,0.0324866,-0.001418345742753787
5,0.1421111111111111,-0.0002416814144229609,0.0324866,-0.0006448603086951846
5,0.1421111111111111,-0.00036069452500147713,0.0324866,0.00012861385911775228
5,0.1421111111111111,-0.000479723673438584,0.0324866,0.0009020842715154638
5,0.1421111111111111,-0.0005987608408049875,0.0324866,0.0016755528062055713
5,0.1421111111111111,-0.0007177739513835038,0.0324866,0.0024490269740185013
5,0.1421111111111111,-0.0008367710241034285,0.0324866,0.0032225048972466634
5,0.1421111111111111,-0.0009557600778940575,0.0324866,0.003995984698182433
5,0.1421111111111111,-0.0010747330938260958,0.0324866,0.004769468254533428
5,0.1421111111111111,-0.0011937141286874281,0.0324866,0.005542949933176805
5,0.1421111111111111,-0.001312695163548763,0.0324866,0.006316431611820189
5,0.1421111111111111,-0.0014316842173393912,0.0324866,0.007089911412755955
5,0.1421111111111111,-0.001550673271130021,0.0324866,0.007863391213691728
5,0.1421111111111111,-0.00166966232492065,0.0324866,0.008636871014627498
5,0.1421111111111111,-0.0017886513787112807,0.0324866,0.009410350815563268
5,0.1421111111111111,-0.0019076404325019088,0.0324866,0.010183830616499034
5,0.1421111111111111,-0.002026629486292537,0.0324866,0.0109573104174348
5,0.1421111111111111,-0.0021456185400831685,0.0324866,0.011730790218370576
5,0.1421111111111111,-0.0022646075938737966,0.0324866,0.012504270019306346
5,0.1421111111111111,-0.0023835966476644247,0.0324866,0.013277749820242109
5,0.1421111111111111,-0.0025025857014550562,0.0324866,0.014051229621177885
5,0.1421111111111111,-0.0026215747552456843,0.0324866,0.014824709422113648
5,0.1421111111111111,-0.0027405638090363124,0.0324866,0.015598189223049418
5,0.1421111111111111,-0.002800062345396274,0.0324866,0.015984928184663502
5,0.1421111111111111,-0.002859560881756239,0.0324866,0.016371667146277587
5,0.1421111111111111,-0.0029190513991869038,0.0324866,0.016758407985599272
5,0.1421111111111111,-0.002978541916617572,0.0324866,0.017145148824920964
6,0.17053333333333331,-0.0037390365920767906,0.03898392,0.01665373620250324
6,0.17053333333333331,-0.003442097051612963,0.03898392,0.01633700999204086
6,0.17053333333333331,-0.0031455591658190027,0.03898392,0.016020161021748767
6,0.17053333333333331,-0.0028498863823909143,0.03898392,0.0157030476456696
6,0.17053333333333331,-0.0025555189766398962,0.03898392,0.015385535300143867
6,0.17053333333333331,-0.001972353261618158,0.03898392,0.01474880849683815
6,0.17053333333333331,-0.001397606846407125,0.03898392,0.014109508458640417
6,0.17053333333333331,-0.0008309553176195942,0.03898392,0.013467734337720805
6,0.17053333333333331,-0.00027205108948356437,0.03898392,0.012823592368547354
6,0.17053333333333331,0.0002789977002052293,0.03898392,0.012177049500396664
6,0.17053333333333331,0.0008219129828291845,0.03898392,0.011528020745694319
6,0.17053333333333331,0.0013564321380272358,0.03898392,0.010876425838397832
6,0.17053333333333331,0.0018823157178231133,0.03898392,0.01022219159476255
6,0.17053333333333331,0.0023993474466253517,0.03898392,0.009565251913341715
6,0.17053333333333331,0.0029074114625099474,0.03898392,0.008905571382645985
6,0.17053333333333331,0.003406407351809435,0.03898392,0.008243119312717935
6,0.17053333333333331,0.0038962424249846155,0.03898392,0.007577867374366085
6,0.17053333333333331,0.004376854889009354,0.03898392,0.006909796681462795
6,0.17053333333333331,0.00484807481306178,0.03898392,0.006238855297157033
6,0.17053333333333331,0.0053091684049565635,0.03898392,0.0055648189486829785
6,0.17053333333333331,0.005759239665814762,0.03898392,0.00488741378718973
6,0.17053333333333331,0.00619739259675744,0.03898392,0.004206365963826408
6,0.17053333333333331,0.006622762095418725,0.03898392,0.0035214110728059335
6,0.17053333333333331,0.007034537128330616,0.03898392,0.002832301233702931
6,0.17053333333333331,0.007432493695773375,0.03898392,0.002138967984304685
6,0.17053333333333331,0.007816570004720871,0.03898392,0.001441392438483527
6,0.17053333333333331,0.00818675060691657,0.03898392,0.0007395698747075657
6,0.17053333333333331,0.008542981433462608,0.03898392,3.3483767615093835e-05
6,0.17053333333333331,0.00888510027766538,0.03898392,-0.0006769154588789524
6,0.17053333333333331,0.009212195692389416,0.03898392,-0.0013919063751573826
6,0.17053333333333331,0.00952301636885551,0.03898392,-0.00211187142530507
6,0.17053333333333331,0.00981633417066926,0.03898392,-0.002837185971109015
6,0.17053333333333331,0.010090905513179722,0.03898392,-0.0035682300958881225
6,0.17053333333333331,0.010345741707968762,0.03898392,-0.004305305977684769
6,0.17053333333333331,0.010581684685017448,0.03898392,-0.005048156293009743
6,0.17053333333333331,0.010800317890620456,0.03898392,-0.005796297084842073
6,0.17053333333333331,0.011003232495200726,0.03898392,-0.00654924203539483
6,0.17053333333333331,0.011192004220924662,0.03898392,-0.007306509548412988
6,0.17053333333333331,0.011367374584105873,0.03898392,-0.008067872990364771
6,0.17053333333333331,0.011524299728986196,0.03898392,-0.008834873941419444
6,0.17053333333333331,0.011655302699403472,0.03898392,-0.009609797623022392
6,0.17053333333333331,0.01175275978075846,0.03898392,-0.010394974111172168
6,0.17053333333333331,0.01180884643111699,0.03898392,-0.011192794861782186
6,0.17053333333333331,0.011816394659447567,0.03898392,-0.012005450665659594
6,0.17053333333333331,0.011774006398533914,0.03898392,-0.012833368821442426
6,0.17053333333333331,0.011682438612946171,0.03898392,-0.013676317974066992
6,0.17053333333333331,0.011538277237990453,0.03898392,-0.014535341582085843
6,0.17053333333333331,0.011331805320307253,0.03898392,-0.0154134094890716
6,0.17053333333333331,0.011052340390503717,0.03898392,-0.01631378663434139
6,0.17053333333333331,0.010687415705557392,0.03898392,-0.01724028329414816
6,0.17053333333333331,0.010455136597828135,0.03898392,-0.01771875738408465
6,0.17053333333333331,0.010171476588868775,0.03898392,-0.018212935289160334
6,0.17053333333333331,0.009813680396805613,0.03898392,-0.018729771825881533
6,0.17053333333333331,0.009336839939896039,0.03898392,-0.019282992487516328
6,0.17053333333333331,0.008847461502482553,0.03898392,-0.01975854891722923
6,0.17053333333333331,0.00857454831908928,0.03898392,-0.02000495337088884
6,0.17053333333333331,0.008248485409092832,0.03898392,-0.02026760225509156
6,0.17053333333333331,0.008030172368089823,0.03898392,-0.02041582269913989
6,0.17053333333333331,0.007881255897335468,0.03898392,-0.020502084963922466
6,0.17053333333333331,0.007779732316511768,0.03898392,-0.020553488220223518
6,0.17053333333333331,0.0076047599999999995,0.03898392,-0.02062734
6,0.17053333333333331,0.007238348166298629,0.03898392,-0.020718954306078296
6,0.17053333333333331,0.0071344176593563235,0.03898392,-0.02073034506344041
6,0.17053333333333331,0.006978624994117551,0.03898392,-0.020737212654855366
6,0.17053333333333331,0.006747192942663573,0.03898392,-0.020726450169360047
6,0.17053333333333331,0.006410154889220191,0.03898392,-0.020666468320946468
6,0.17053333333333331,0.006157039489394526,0.03898392,-0.020580836750421144
6,0.17053333333333331,0.005811099799533795,0.03898392,-0.02036058299425196
6,0.17053333333333331,0.005516971841759048,0.03898392,-0.020042997464981595
6,0.17053333333333331,0.00525511529188258,0.03898392,-0.01971554865554714
6,0.17053333333333331,0.005023490980041984,0.03898392,-0.019378859808160974
6,0.17053333333333331,0.004825976418627144,0.03898392,-0.019031745818313187
6,0.17053333333333331,0.004495304732515625,0.03898392,-0.018317847936672373
6,0.17053333333333331,0.004196510523760784,0.03898392,-0.017594207173931224
6,0.17053333333333331,0.003923545799929796,0.03898392,-0.01686267200983327
6,0.17053333333333331,0.0036743404946471816,0.03898392,-0.016123875129654713
6,0.17053333333333331,0.0034454419225777274,0.03898392,-0.015378871795777883
6,0.17053333333333331,0.003233520984438483,0.03898392,-0.014628679498329803
6,0.17053333333333331,0.003035333546357437,0.03898392,-0.013874289759011988
6,0.17053333333333331,0.002847782232899638,0.03898392,-0.013116649244972784
6,0.17053333333333331,0.002668364426506676,0.03898392,-0.012356522844381932
6,0.17053333333333331,0.0024947628886985403,0.03898392,-0.011594618787026226
6,0.17053333333333331,0.002324644932738688,0.03898392,-0.01083165002422437
6,0.17053333333333331,0.0021556778718905744,0.03898392,-0.010068329507295077
6,0.17053333333333331,0.0019859152258309906,0.03898392,-0.009305252149259247
6,0.17053333333333331,0.0018151870637380689,0.03898392,-0.008542469886967914
6,0.17053333333333331,0.0016438177989990107,0.03898392,-0.00777988356825093
6,0.17053333333333331,0.001472124120872751,0.03898392,-0.007017396401704096
6,0.17053333333333331,0.0013004381668747572,0.03898392,-0.006254906874391305
6,0.17053333333333331,0.0011290148332378331,0.03898392,-0.005492337081036013
6,0.17053333333333331,0.0009578618440902421,0.03898392,-0.004729684660872258
6,0.17053333333333331,0.0007868710616362523,0.03898392,-0.00396698266462343
6,0.17053333333333331,0.0006159729687214635,0.03898392,-0.0032042523391831307
6,0.17053333333333331,0.0004450748758066739,0.03898392,-0.0024415220137428313
6,0.17053333333333331,0.00027409954160921655,0.03898392,-0.0016788152959620883
6,0.17053333333333331,0.00010305469025735994,0.03898392,-0.000916129825074951
6,0.17053333333333331,-6.803650586409676e-05,0.03898392,-0.00015345851878354952
6,0.17053333333333331,-0.00023914315024208595,0.03898392,0.000609208065975933
6,0.17053333333333331,-0.0004102575187483427,0.03898392,0.0013718722899694683
6,0.17053333333333331,-0.0005813487148698003,0.03898392,0.0021345435962608662
6,0.17053333333333331,-0.0007524244627347227,0.03898392,0.002897219624084183
6,0.17053333333333331,-0.0009234924864713811,0.03898392,0.0036598980126734543
6,0.17053333333333331,-0.0010945450619515044,0.03898392,0.004422581122794634
6,0.17053333333333331,-0.0012656053615598935,0.03898392,0.005185261872149856
6,0.17053333333333331,-0.0014366656611682843,0.03898392,0.005947942621505081
6,0.17053333333333331,-0.001607733684904941,0.03898392,0.006710621010094352
6,0.17053333333333331,-0.0017788017086415977,0.03898392,0.007473299398683617
6,0.17053333333333331,-0.0019498697323782543,0.03898392,0.008235977787272888
6,0.17053333333333331,-0.002120937756114911,0.03898392,0.008998656175862155
6,0.17053333333333331,-0.0022920057798515676,0.03898392,0.009761334564451423
6,0.17053333333333331,-0.002463073803588226,0.03898392,0.01052401295304069
6,0.17053333333333331,-0.002634141827324881,0.03898392,0.011286691341629962
6,0.17053333333333331,-0.0028052098510615393,0.03898392,0.012049369730219237
6,0.17053333333333331,-0.002976277874798196,0.03898392,0.012812048118808497
6,0.17053333333333331,-0.0031473458985348526,0.03898392,0.013574726507397772
6,0.17053333333333331,-0.0033184139222715075,0.03898392,0.014337404895987033
6,0.17053333333333331,-0.003489481946008164,0.03898392,0.015100083284576307
6,0.17053333333333331,-0.003575019819940627,0.03898392,0.015481421298487966
6,0.17053333333333331,-0.0036605576938730884,0.03898392,0.015862759312399617
6,0.17053333333333331,-0.0037460878436772855,0.03898392,0.016244099687077233
6,0.17053333333333331,-0.003831617993481479,0.03898392,0.016625440061754843
7,0.19895555555555555,-0.004518399642598148,0.04548124,0.01621995722346397
7,0.19895555555555555,-0.004206437213414835,0.04548124,0.015918578819059552
7,0.19895555555555555,-0.0038948612953549414,0.04548124,0.01561705722507941
7,0.19895555555555555,-0.0035841178627916553,0.04548124,0.015315227222782335
7,0.19895555555555555,-0.003274630591379491,0.04548124,0.015012931854364156
7,0.19895555555555555,-0.0026610151739395477,0.04548124,0.014406355738987492
7,0.19895555555555555,-0.0020555016242790516,0.04548124,0.013796778149812033
7,0.19895555555555555,-0.0014577777603367679,0.04548124,0.01318431473995662
7,0.19895555555555555,-0.0008675091013328178,0.04548124,0.012569089423477169
7,0.19895555555555555,-0.0002847997079542756,0.04548124,0.011951063649334077
7,0.19895555555555555,0.00029008283517495057,0.04548124,0.011330138286282598
7,0.19895555555555555,0.0008568858092433945,0.04548124,0.010706219710369374
7,0.19895555555555555,0.0014153787941582436,0.04548124,0.010079222558578117
7,0.19895555555555555,0.0019653536685453445,0.04548124,0.009449069728829591
7,0.19895555555555555,0.0025066989388114105,0.04548124,0.008815719916438484
7,0.19895555555555555,0.0030393179771755745,0.04548124,0.008179137324010877
7,0.19895555555555555,0.0035631215887632125,0.04548124,0.007539288907798515
7,0.19895555555555555,0.0040780503103245574,0.04548124,0.006896152638635911
7,0.19895555555555555,0.00458394061792278,0.04548124,0.006249667936317947
7,0.19895555555555555,0.005080086385467012,0.04548124,0.005599573204504361
7,0.19895555555555555,0.005565625395835772,0.04548124,0.00494554902029546
7,0.19895555555555555,0.006039695431907579,0.04548124,0.004287275960791561
7,0.19895555555555555,0.006501464008185823,0.04548124,0.0036244456176757235
7,0.19895555555555555,0.006950150669517443,0.04548124,0.002956768858150813
7,0.19895555555555555,0.00738553986162207,0.04548124,0.0022841658264919074
7,0.19895555555555555,0.007807572121249943,0.04548124,0.001606614493533512
7,0.19895555555555555,0.008216232582588627,0.04548124,0.0009241093519842467
7,0.19895555555555555,0.00861146921529458,0.04548124,0.0002366311263243097
7,0.19895555555555555,0.008993125928337193,0.04548124,-0.00045587801000572525
7,0.19895555555555555,0.00936032563878254,0.04548124,-0.0011537429871969242
7,0.19895555555555555,0.009711864215823037,0.04548124,-0.0018574098958505751
7,0.19895555555555555,0.010046559827369753,0.04548124,-0.0025673165656309067
7,0.19895555555555555,0.010363215775521326,0.04548124,-0.003283906333493524
7,0.19895555555555555,0.010660880648281634,0.04548124,-0.004007531666086354
7,0.19895555555555555,0.010940364632428624,0.04548124,-0.004737892416029524
7,0.19895555555555555,0.011203191473737325,0.04548124,-0.005474424085957198
7,0.19895555555555555,0.01145089235088899,0.04548124,-0.006216559424857866
7,0.19895555555555555,0.011684983576752437,0.04548124,-0.006963736689011381
7,0.19895555555555555,0.01190617871032475,0.04548124,-0.007715691528431792
7,0.19895555555555555,0.012109624063844485,0.04548124,-0.008474222073752697
7,0.19895555555555555,0.012288124584090999,0.04548124,-0.009241993853999085
7,0.19895555555555555,0.012434343992625472,0.04548124,-0.010021724717463997
7,0.19895555555555555,0.012540752755447377,0.04548124,-0.010816204107228337
7,0.19895555555555555,0.012600453135584857,0.04548124,-0.011627987406489616
7,0.19895555555555555,0.012612099777012154,0.04548124,-0.012457573025117175
7,0.19895555555555555,0.012576421104538793,0.04548124,-0.013304691105833695
7,0.19895555555555555,0.01249013177361568,0.04548124,-0.014170558760032814
7,0.19895555555555555,0.012343881188218466,0.04548124,-0.015058640073988747
7,0.19895555555555555,0.012127389639045343,0.04548124,-0.015972743339686575
7,0.19895555555555555,0.011828660415457758,0.04548124,-0.016917312941265077
7,0.19895555555555555,0.011631357275000186,0.04548124,-0.01740735737991246
7,0.19895555555555555,0.011384610442369351,0.04548124,-0.01791571906966959
7,0.19895555555555555,0.011066522575842095,0.04548124,-0.018450510250730287
7,0.19895555555555555,0.01063387875865724,0.04548124,-0.019027740619118615
7,0.19895555555555555,0.010183926005020527,0.04548124,-0.019527993344076296
7,0.19895555555555555,0.009931789788875486,0.04548124,-0.019788181527895334
7,0.19895555555555555,0.009628507745032875,0.04548124,-0.020067317547686436
7,0.19895555555555555,0.009423669413297373,0.04548124,-0.020226593399763654
7,0.19895555555555555,0.009282989362663854,0.04548124,-0.020320405716975957
7,0.19895555555555555,0.009186604433953362,0.04548124,-0.020376960650069262
7,0.19895555555555555,0.00901954,0.04548124,-0.020459699999999997
7,0.19895555555555555,0.00866563203701649,0.04548124,-0.020569963676269214
7,0.19895555555555555,0.008564309093189905,0.04548124,-0.02058665296480371
7,0.19895555555555555,0.008411768426363549,0.04548124,-0.02060146921629681
7,0.19895555555555555,0.008183818360552379,0.04548124,-0.020602527137989293
7,0.19895555555555555,0.007849000271248513,0.04548124,-0.020559786093133466
7,0.19895555555555555,0.007594940708021394,0.04548124,-0.020487126687888674
7,0.19895555555555555,0.007241069251437805,0.04548124,-0.020284664222103024
7,0.19895555555555555,0.006931812400118451,0.04548124,-0.01998228349066855
7,0.19895555555555555,0.006653610230984891,0.04548124,-0.019668398027553904
7,0.19895555555555555,0.00640450045679513,0.04548124,-0.019343734795220443
7,0.19895555555555555,0.006188214396471445,0.04548124,-0.019006911463533307
7,0.19895555555555555,0.005817573250446389,0.04548124,-0.018310321424295176
7,0.19895555555555555,0.005477607708389923,0.04548124,-0.01760236708930691
7,0.19895555555555555,0.005162497804732043,0.04548124,-0.016885204563141402
7,0.19895555555555555,0.004870251520605876,0.04548124,-0.016159571822842767
7,0.19895555555555555,0.0045975463469312295,0.04548124,-0.015426699748033079
7,0.19895555555555555,0.004341178701127425,0.04548124,-0.014687775160003424
7,0.19895555555555555,0.004098026762582197,0.04548124,-0.013943954589942329
7,0.19895555555555555,0.003865109935901459,0.04548124,-0.013196342249770274
7,0.19895555555555555,0.0036400199594700377,0.04548124,-0.012445830320689834
7,0.19895555555555555,0.003420526961422029,0.04548124,-0.011693244896407103
7,0.19895555555555555,0.003204386204079092,0.04548124,-0.010939417577919549
7,0.19895555555555555,0.002989352949762889,0.04548124,-0.010185179966224636
7,0.19895555555555555,0.0027735541061060572,0.04548124,-0.00943122598003548
7,0.19895555555555555,0.002556826149171766,0.04548124,-0.008677616199557196
7,0.19895555555555555,0.0023394812610212437,0.04548124,-0.007924234971670933
7,0.19895555555555555,0.0021218241908094945,0.04548124,-0.0071709693969035215
7,0.19895555555555555,0.0019041745535039655,0.04548124,-0.006417701068490423
7,0.19895555555555555,0.0016867776350099044,0.04548124,-0.0056643391161239655
7,0.19895555555555555,0.0014696408682335323,0.04548124,-0.004910880786158468
7,0.19895555555555555,0.0012526601924877723,0.04548124,-0.00415736462963354
7,0.19895555555555555,0.0010357687116166504,0.04548124,-0.003403815429360371
7,0.19895555555555555,0.0008188772307455277,0.04548124,-0.002650266229087199
7,0.19895555555555555,0.0006019114208122064,0.04548124,-0.0018967445652708949
7,0.19895555555555555,0.0003848787147229093,0.04548124,-0.001143247684265776
7,0.19895555555555555,0.00016780141119629617,0.04548124,-0.0003897673251347829
7,0.19895555555555555,-4.929075814275735e-05,0.04548124,0.0003637075267048373
7,0.19895555555555555,-0.00026639036038803195,0.04548124,0.0011171796248987745
7,0.19895555555555555,-0.0004834676639146468,0.04548124,0.0018706599840297676
7,0.19895555555555555,-0.0007005301016288212,0.04548124,0.0026241458504521406
7,0.19895555555555555,-0.0009175851064367798,0.04548124,0.0033776344705201966
7,0.19895555555555555,-0.0011346252454322962,0.04548124,0.0041311285978796256
7,0.19895555555555555,-0.0013516728173340303,0.04548124,0.004884619971593368
7,0.19895555555555555,-0.001568720389235766,0.04548124,0.0056381113453071105
7,0.19895555555555555,-0.0017857753940437229,0.04548124,0.00639159996537517
7,0.19895555555555555,-0.002002830398851678,0.04548124,0.007145088585443226
7,0.19895555555555555,-0.002219885403659635,0.04548124,0.007898577205511282
7,0.19895555555555555,-0.002436940408467588,0.04548124,0.008652065825579338
7,0.19895555555555555,-0.002653995413275545,0.04548124,0.009405554445647397
7,0.19895555555555555,-0.002871050418083502,0.04548124,0.010159043065715453
7,0.19895555555555555,-0.003088105422891457,0.04548124,0.01091253168578351
7,0.19895555555555555,-0.003305160427699412,0.04548124,0.011666020305851565
7,0.19895555555555555,-0.003522215432507367,0.04548124,0.012419508925919628
7,0.19895555555555555,-0.0037392704373153257,0.04548124,0.013172997545987684
7,0.19895555555555555,-0.003956325442123279,0.04548124,0.013926486166055733
7,0.19895555555555555,-0.004173380446931234,0.04548124,0.01467997478612379
7,0.19895555555555555,-0.004281911665788323,0.04548124,0.015056717719334978
7,0.19895555555555555,-0.00439044288464541,0.04548124,0.015433460652546159
7,0.19895555555555555,-0.00449896667059628,0.04548124,0.015810206339403034
7,0.19895555555555555,-0.004607490456547146,0.04548124,0.01618695202625991
8,0.2273777777777778,-0.005149102241083165,0.05197856,0.015818939942539235
8,0.2273777777777778,-0.004827597241762134,0.05197856,0.015528925884727169
8,0.2273777777777778,-0.004506463374687538,0.05197856,0.015238755320086828
8,0.2273777777777778,-0.004186128869374504,0.05197856,0.014948247663816364
8,0.2273777777777778,-0.003867000543862381,0.05197856,0.014657231360353986
8,0.2273777777777778,-0.0032338897841781514,0.05197856,0.014073028726060251
8,0.2273777777777778,-0.0026085585273519143,0.05197856,0.013485545467866098
8,0.2273777777777778,-0.001990707012723086,0.05197856,0.012894907995132831
8,0.2273777777777778,-0.0013800140681553257,0.05197856,0.01230125174646184
8,0.2273777777777778,-0.000776579613868832,0.05197856,0.011704534585399353
8,0.2273777777777778,-0.00018066058757267196,0.05197856,0.011104648161064264
8,0.2273777777777778,0.00040750034734125286,0.05197856,0.010501490142068855
8,0.2273777777777778,0.0009876819389567932,0.05197856,0.009894967226265497
8,0.2273777777777778,0.0015596843468335675,0.05197856,0.009284995140746648
8,0.2273777777777778,0.0021234005135927925,0.05197856,0.008671528739311853
8,0.2273777777777778,0.0026787376561728587,0.05197856,0.00805452889525404
8,0.2273777777777778,0.0032256101286707427,0.05197856,0.007433959491612841
8,0.2273777777777778,0.00376396083381776,0.05197856,0.006809796450414664
8,0.2273777777777778,0.004293632754125036,0.05197856,0.006181973557232181
8,0.2273777777777778,0.004813947859526967,0.05197856,0.005550204886129093
8,0.2273777777777778,0.005324078239627656,0.05197856,0.004914141306488491
8,0.2273777777777778,0.005823195984031207,0.05197856,0.004273433687693444
8,0.2273777777777778,0.006310501730976061,0.05197856,0.003627744938113825
8,0.2273777777777778,0.006785246078810763,0.05197856,0.0029767590343463685
8,0.2273777777777778,0.007247222049936338,0.05197856,0.0023203886937368627
8,0.2273777777777778,0.007696372547084106,0.05197856,0.0016586098383117066
8,0.2273777777777778,0.008132683295936893,0.05197856,0.0009914164485775138
8,0.2273777777777778,0.008556104336384606,0.05197856,0.000318787456307406
8,0.2273777777777778,0.008966485788096949,0.05197856,-0.0003593403431792763
8,0.2273777777777778,0.009362985466360857,0.05197856,-0.0010433220999928466
8,0.2273777777777778,0.009744447151485508,0.05197856,-0.0017336453930983237
8,0.2273777777777778,0.010109736035255838,0.05197856,-0.0024307887722206344
8,0.2273777777777778,0.010457703035139609,0.05197856,-0.003135236806578085
8,0.2273777777777778,0.010787434594837908,0.05197856,-0.003847374743747991
8,0.2273777777777778,0.01109970866463653,0.05197856,-0.004566874521340292
8,0.2273777777777778,0.011395988362045459,0.05197856,-0.005293119141281985
8,0.2273777777777778,0.011677743941733276,0.05197856,-0.006025488595753359
8,0.2273777777777778,0.011946431384051385,0.05197856,-0.00676336889642809
8,0.2273777777777778,0.012202735856223973,0.05197856,-0.00750647110762321
8,0.2273777777777778,0.012441996793694834,0.05197856,-0.008256760593932272
8,0.2273777777777778,0.012657305426953381,0.05197856,-0.00901715079015858
8,0.2273777777777778,0.01284161738047591,0.05197856,-0.009790612316292694
8,0.2273777777777778,0.012987702712615498,0.05197856,-0.010580194045739316
8,0.2273777777777778,0.013088938140204976,0.05197856,-0.011388689023433847
8,0.2273777777777778,0.013144031837540399,0.05197856,-0.012216642013528557
8,0.2273777777777778,0.01315368324616313,0.05197856,-0.013063758060847077
8,0.2273777777777778,0.013114737741978457,0.05197856,-0.01393136747342976
8,0.2273777777777778,0.013018216779486062,0.05197856,-0.014823256512622228
8,0.2273777777777778,0.012854249668362449,0.05197856,-0.015743587658107298
8,0.2273777777777778,0.012611317034650925,0.05197856,-0.016697218641054952
8,0.2273777777777778,0.01244381961349918,0.05197856,-0.017193445493855142
8,0.2273777777777778,0.01222884581343793,0.05197856,-0.01770969318168797
8,0.2273777777777778,0.01194536956527484,0.05197856,-0.01825482841832465
8,0.2273777777777778,0.011551895428994891,0.05197856,-0.018846349871065208
8,0.2273777777777778,0.011137410014534098,0.05197856,-0.019361613194623546
8,0.2273777777777778,0.010904088129832967,0.05197856,-0.019630242470835856
8,0.2273777777777778,0.01062165545690629,0.05197856,-0.01991958181407456
8,0.2273777777777778,0.010429358476447862,0.05197856,-0.020085792242808848
8,0.2273777777777778,0.010296471462400744,0.05197856,-0.020184390128302046
8,0.2273777777777778,0.010205019351694246,0.05197856,-0.02024423522347714
8,0.2273777777777778,0.0100457,0.05197856,-0.0203327
8,0.2273777777777778,0.009704775906449603,0.05197856,-0.020455188369514037
8,0.2273777777777778,0.009606386735945341,0.05197856,-0.020475399526749205
8,0.2273777777777778,0.009457719980960415,0.05197856,-0.020495533138730822
8,0.2273777777777778,0.009234448765630364,0.05197856,-0.020504568221212743
8,0.2273777777777778,0.008904170648325023,0.05197856,-0.020473609612472195
8,0.2273777777777778,0.008651437759049117,0.05197856,-0.020409950105861892
8,0.2273777777777778,0.008294082295459736,0.05197856,-0.02022017282917207
8,0.2273777777777778,0.007975175221863761,0.05197856,-0.01992906322356207
8,0.2273777777777778,0.007686087196837226,0.05197856,-0.019625378896249372
8,0.2273777777777778,0.007424934010513609,0.05197856,-0.01930991442036215
8,0.2273777777777778,0.007195298516502737,0.05197856,-0.018981158903058192
8,0.2273777777777778,0.00679549433381383,0.05197856,-0.018298570658965625
8,0.2273777777777778,0.006425145204606512,0.05197856,-0.017603561190251936
8,0.2273777777777778,0.006078662733708484,0.05197856,-0.01689848712858137
8,0.2273777777777778,0.0057541341626188795,0.05197856,-0.016184155086068897
8,0.2273777777777778,0.0054483691814500666,0.05197856,-0.015461910419488356
8,0.2273777777777778,0.005158291674851772,0.05197856,-0.01473305032966642
8,0.2273777777777778,0.004880904036218167,0.05197856,-0.0139988389102161
8,0.2273777777777778,0.004613344264956538,0.05197856,-0.013260483069563143
8,0.2273777777777778,0.004353299921685244,0.05197856,-0.012518957965637583
8,0.2273777777777778,0.004098629858828692,0.05197856,-0.011775166522448704
8,0.2273777777777778,0.0038471786544941166,0.05197856,-0.011030017683499194
8,0.2273777777777778,0.0035967908867887526,0.05197856,-0.01028442039229174
8,0.2273777777777778,0.0033456679917491013,0.05197856,-0.009539133104994138
8,0.2273777777777778,0.0030936529518862848,0.05197856,-0.008794222036033743
8,0.2273777777777778,0.002841045527860889,0.05197856,-0.00804956077604925
8,0.2273777777777778,0.002588138343174909,0.05197856,-0.00730502592542606
8,0.2273777777777778,0.002335238295647514,0.05197856,-0.006560488065056167
8,0.2273777777777778,0.002082580911512021,0.05197856,-0.005815847873298561
8,0.2273777777777778,0.0018301733279270146,0.05197856,-0.005071102340406534
8,0.2273777777777778,0.0015779156246722974,0.05197856,-0.004326293602833858
8,0.2273777777777778,0.0013257435673206062,0.05197856,-0.003581448748300811
8,0.2273777777777778,0.0010735715099689114,0.05197856,-0.0028366038937677612
8,0.2273777777777778,0.000821328081031367,0.05197856,-0.0020917891367016918
8,0.2273777777777778,0.0005690204176665541,0.05197856,-0.0013470014673558975
8,0.2273777777777778,0.00031666993135022817,0.05197856,-0.0006022318564902866
8,0.2273777777777778,6.430517071673303e-05,0.05197856,0.0001425317348819205
8,0.2273777777777778,-0.00018806672707534847,0.05197856,0.0008872923165074362
8,0.2273777777777778,-0.0004404172133916726,0.05197856,0.0016320619273730436
8,0.2273777777777778,-0.0006927534253908293,0.05197856,0.0023768375577320477
8,0.2273777777777778,-0.0009450825002313996,0.05197856,0.003121616197837747
8,0.2273777777777778,-0.0011973973007547989,0.05197856,0.0038664008574368462
8,0.2273777777777778,-0.001449719238436781,0.05197856,0.004611182507289237
8,0.2273777777777778,-0.0017020411761187633,0.05197856,0.005355964157141638
8,0.2273777777777778,-0.0019543702509593336,0.05197856,0.006100742797247337
8,0.2273777777777778,-0.002206699325799904,0.05197856,0.006845521437353036
8,0.2273777777777778,-0.0024590284006404724,0.05197856,0.0075903000774587386
8,0.2273777777777778,-0.0027113574754810427,0.05197856,0.008335078717564441
8,0.2273777777777778,-0.0029636865503216113,0.05197856,0.009079857357670137
8,0.2273777777777778,-0.00321601562516218,0.05197856,0.009824635997775836
8,0.2273777777777778,-0.00346834470000275,0.05197856,0.010569414637881538
8,0.2273777777777778,-0.0037206737748433187,0.05197856,0.011314193277987241
8,0.2273777777777778,-0.003973002849683891,0.05197856,0.01205897191809294
8,0.2273777777777778,-0.0042253319245244576,0.05197856,0.01280375055819864
8,0.2273777777777778,-0.004477660999365026,0.05197856,0.013548529198304338
8,0.2273777777777778,-0.004729990074205596,0.05197856,0.014293307838410037
8,0.2273777777777778,-0.004856158180205175,0.05197856,0.014665695653589546
8,0.2273777777777778,-0.00498232628620475,0.05197856,0.015038083468769035
8,0.2273777777777778,-0.005108487255045743,0.05197856,0.015410474293695239
8,0.2273777777777778,-0.005234648223886735,0.05197856,0.015782865118621443
9,0.2558,-0.005557749138362423,0.05847588,0.015411526941772221
9,0.2558,-0.005234611092899195,0.05847588,0.015128348971149976
9,0.2558,-0.004911828357419712,0.05847588,0.014845010282912404
9,0.2558,-0.004589810904982143,0.05847588,0.014561325433657176
9,0.2558,-0.004268948209991744,0.05847588,0.0142771182521521
9,0.2558,-0.003632149329593262,0.05847588,0.013706475477590806
9,0.2558,-0.0030027982930848334,0.05847588,0.013132463814554147
9,0.2558,-0.0023806081193257275,0.05847588,0.012555213073423745
9,0.2558,-0.001765271328522328,0.05847588,0.011974862336751334
9,0.2558,-0.0011568835810548683,0.05847588,0.011391368334409697
9,0.2558,-0.0005556908607582539,0.05847588,0.010804619800357452
9,0.2558,3.807451430122219e-05,0.05847588,0.01021451164999996
9,0.2558,0.0006242007247101722,0.05847588,0.0096209480709127
9,0.2558,0.0012024964497081188,0.05847588,0.009023842522841236
9,0.2558,0.0017728591960305198,0.05847588,0.008423148644935
9,0.2558,0.00233520013618144,0.05847588,0.007818826257790169
9,0.2558,0.0028894372755492483,0.05847588,0.007210838272726259
9,0.2558,0.003435515951059516,0.05847588,0.006599159963956307
9,0.2558,0.0039732858392575844,0.05847588,0.005983723335566141
9,0.2558,0.004502097816134689,0.05847588,0.0053642347688354075
9,0.2558,0.005021159267111705,0.05847588,0.004740335739852986
9,0.2558,0.005529677577609508,0.05847588,0.004111667724707727
9,0.2558,0.006026887464586187,0.05847588,0.003477884562381982
9,0.2558,0.006512071475189943,0.05847588,0.0028386617269216957
9,0.2558,0.006985031455775999,0.05847588,0.0021939095873491007
9,0.2558,0.007445712743269934,0.05847588,0.0015436034178771992
9,0.2558,0.007894101671903138,0.05847588,0.000887737037059258
9,0.2558,0.008330150411485496,0.05847588,0.00022628880983167898
9,0.2558,0.008753715471446646,0.05847588,-0.0004408061689963605
9,0.2558,0.00916399057143886,0.05847588,-0.0011139126047827325
9,0.2558,0.009559868784205085,0.05847588,-0.0017935311947136871
9,0.2558,0.009940263681141176,0.05847588,-0.0024801533638053597
9,0.2558,0.01030407516787438,0.05847588,-0.003174276718520618
9,0.2558,0.010650428635213946,0.05847588,-0.003876296871451076
9,0.2558,0.010980068867548876,0.05847588,-0.004585876933749185
9,0.2558,0.011294396606161237,0.05847588,-0.005302383307123714
9,0.2558,0.011594819425217413,0.05847588,-0.00602517930256005
9,0.2558,0.01188273123311517,0.05847588,-0.006753634412490328
9,0.2558,0.012158787986747577,0.05847588,-0.007487451927470841
9,0.2558,0.01241852781266491,0.05847588,-0.008228650089863445
9,0.2558,0.012655336478862064,0.05847588,-0.008980220719892129
9,0.2558,0.012862469928532176,0.05847588,-0.009745214361524954
9,0.2558,0.013033006449876518,0.05847588,-0.010526761917537653
9,0.2558,0.013160605126262093,0.05847588,-0.011327731579219343
9,0.2558,0.013244029205630099,0.05847588,-0.012148682767500337
9,0.2558,0.013283948310642207,0.05847588,-0.012989312591490188
9,0.2558,0.013277342306436585,0.05847588,-0.01385098715091928
9,0.2558,0.01321561542456031,0.05847588,-0.014737594575789449
9,0.2558,0.013089317786022623,0.05847588,-0.01565340933652403
9,0.2558,0.01288742111555881,0.05847588,-0.016603419860645268
9,0.2558,0.012742404093016026,0.05847588,-0.017098358743092925
9,0.2558,0.012551934724091048,0.05847588,-0.017613857117410432
9,0.2558,0.012295883331627842,0.05847588,-0.01815902025465139
9,0.2558,0.011934523526289957,0.05847588,-0.018751817620500003
9,0.2558,0.0115499802883096,0.05847588,-0.019269232918684275
9,0.2558,0.011332741310077008,0.05847588,-0.019539234070977317
9,0.2558,0.011068485254956881,0.05847588,-0.019830502490792372
9,0.2558,0.010887454274441714,0.05847588,-0.019998257007872555
9,0.2558,0.010761766512235491,0.05847588,-0.02009804376496948
9,0.2558,0.010674980204535384,0.05847588,-0.020158767038213062
9,0.2558,0.01052322,0.05847588,-0.02024888
9,0.2558,0.01019606334375247,0.05847588,-0.02037539583934922
9,0.2558,0.010101101761882525,0.05847588,-0.020396882717074682
9,0.2558,0.00995723907122778,0.05847588,-0.020419021906275665
9,0.2558,0.009740418530328396,0.05847588,-0.02043122784824747
9,0.2558,0.00941808513382216,0.05847588,-0.020405291848462903
9,0.2558,0.009169991025265794,0.05847588,-0.020345775139242687
9,0.2558,0.008815598823204669,0.05847588,-0.020162603029388687
9,0.2558,0.008494947947627656,0.05847588,-0.019878300035459078
9,0.2558,0.008202844862667725,0.05847588,-0.01958108399928169
9,0.2558,0.007937485686868933,0.05847588,-0.01927177087182671
9,0.2558,0.007702300528151284,0.05847588,-0.018948809109961433
9,0.2558,0.007288861802726875,0.05847588,-0.01827713367909625
9,0.2558,0.006903622390820104,0.05847588,-0.01759270283287525
9,0.2558,0.006541232144021879,0.05847588,-0.016897936607698637
9,0.2558,0.006199859849339051,0.05847588,-0.016193663317430065
9,0.2558,0.005876451207488273,0.05847588,-0.015481264515416787
9,0.2558,0.005568061245335039,0.05847588,-0.014762072303432083
9,0.2558,0.005271820151472173,0.05847588,-0.014037384785292146
9,0.2558,0.004984987939294258,0.05847588,-0.01330844134106911
9,0.2558,0.004705350754287185,0.05847588,-0.012576243365135468
9,0.2558,0.004430858731160118,0.05847588,-0.011841718074502787
9,0.2558,0.00415944833885361,0.05847588,-0.01110579886762938
9,0.2558,0.0038890560463082213,0.05847588,-0.010369419142973567
9,0.2558,0.0036179599666796413,0.05847588,-0.009633357762825054
9,0.2558,0.0033460097765132136,0.05847588,-0.008897682723098028
9,0.2558,0.003073492456949655,0.05847588,-0.008162264213410871
9,0.2558,0.002800688156245377,0.05847588,-0.0074269755141053335
9,0.2558,0.002527890688425403,0.05847588,-0.0066916837240764224
9,0.2558,0.0022553255386717243,0.05847588,-0.005956286849452871
9,0.2558,0.001982999539868642,0.05847588,-0.005220781799511298
9,0.2558,0.0017108170316359177,0.05847588,-0.004485211844378917
9,0.2558,0.0014387165180148303,0.05847588,-0.0037496048005660754
9,0.2558,0.001166616004393741,0.05847588,-0.0030139977567532304
9,0.2558,0.0008944471619296221,0.05847588,-0.0022784216201741057
9,0.2558,0.0006222168235067802,0.05847588,-0.0015428733001053262
9,0.2558,0.00034994548777811905,0.05847588,-0.0008073435243767801
9,0.2558,7.766048628085609e-05,0.05847588,-7.181993009498441e-05
9,0.2558,-0.00019463134810071038,0.05847588,0.0006637005734634466
9,0.2558,-0.00046690268382937154,0.05847588,0.001399230349191996
9,0.2558,-0.000739160353789424,0.05847588,0.0021347663063672855
9,0.2558,-0.0010114111908651746,0.05847588,0.002870305354265943
9,0.2558,-0.00128364836217232,0.05847588,0.003605850583611351
9,0.2558,-0.0015558923663637671,0.05847588,0.00434139272223338
9,0.2558,-0.001828136370555216,0.05847588,0.005076934860855416
9,0.2558,-0.0021003872076309667,0.05847588,0.005812473908754081
9,0.2558,-0.0023726380447067173,0.05847588,0.0065480129566527386
9,0.2558,-0.002644888881782468,0.05847588,0.0072835520045514
9,0.2558,-0.0029171397188582186,0.05847588,0.008019091052450064
9,0.2558,-0.0031893905559339675,0.05847588,0.008754630100348718
9,0.2558,-0.00346164139300972,0.05847588,0.009490169148247383
9,0.2558,-0.0037338922300854706,0.05847588,0.010225708196146047
9,0.2558,-0.004006143067161223,0.05847588,0.010961247244044712
9,0.2558,-0.004278393904236974,0.05847588,0.01169678629194337
9,0.2558,-0.004550644741312726,0.05847588,0.012432325339842034
9,0.2558,-0.004822895578388473,0.05847588,0.013167864387740692
9,0.2558,-0.005095146415464224,0.05847588,0.01390340343563935
9,0.2558,-0.005231275250444253,0.05847588,0.014271171414226996
9,0.2558,-0.005367404085424278,0.05847588,0.014638939392814642
9,0.2558,-0.005503526087520003,0.05847588,0.01500671046212566
9,0.2558,-0.005639648089615725,0.05847588,0.015374481531436678
10,0.2842222222222222,-0.005675741294971334,0.0649732,0.014961369119138927
10,0.2842222222222222,-0.005360680705314633,0.0649732,0.014680368667507163
10,0.2842222222222222,-0.005045960277639665,0.0649732,0.014399213363591987
10,0.2842222222222222,-0.0047319725065407495,0.0649732,0.014117724531681804
10,0.2842222222222222,-0.004419090261882471,0.0649732,0.013835732429850558
10,0.2842222222222222,-0.003798042249274219,0.0649732,0.013269601139720148
10,0.2842222222222222,-0.003184124555129283,0.0649732,0.01270022390749537
10,0.2842222222222222,-0.0025770624332316396,0.0649732,0.012127725806174352
10,0.2842222222222222,-0.0019765615126355555,0.0649732,0.01155224084254081
10,0.2842222222222222,-0.0013827133754130399,0.0649732,0.010973727325595359
10,0.2842222222222222,-0.0007957535183206778,0.0649732,0.010392078049911043
10,0.2842222222222222,-0.00021590435496191343,0.0649732,0.009807191765917937
10,0.2842222222222222,0.0003566313257895269,0.0649732,0.009218976157831706
10,0.2842222222222222,0.0009216703597896315,0.0649732,0.008627347843653599
10,0.2842222222222222,0.001479114623389826,0.0649732,0.008032262154455704
10,0.2842222222222222,0.0020288790760946696,0.0649732,0.007433680377167181
10,0.2842222222222222,0.002570885218985304,0.0649732,0.006831566776645703
10,0.2842222222222222,0.003105080719449156,0.0649732,0.006225897529463047
10,0.2842222222222222,0.0036313216628016407,0.0649732,0.005616607121191636
10,0.2842222222222222,0.004148986599268437,0.0649732,0.005003412648621398
10,0.2842222222222222,0.004657316705967208,0.0649732,0.004385968672043206
10,0.2842222222222222,0.005155553160015622,0.0649732,0.003763929751747948
10,0.2842222222222222,0.005642963304837628,0.0649732,0.003136962359740588
10,0.2842222222222222,0.006118860274893187,0.0649732,0.0025047538135258077
10,0.2842222222222222,0.006583054364461712,0.0649732,0.0018672177531763277
10,0.2842222222222222,0.007035493240930632,0.0649732,0.001224330355263925
10,0.2842222222222222,0.007476163821146797,0.0649732,0.0005760856639315526
10,0.2842222222222222,0.007905020314074212,0.0649732,-7.753716632048768e-05
10,0.2842222222222222,0.008321925346604862,0.0649732,-0.0007366006719912478
10,0.2842222222222222,0.008726107012703271,0.0649732,-0.0014014562486469144
10,0.2842222222222222,0.009116505576964801,0.0649732,-0.0020725863207088566
10,0.2842222222222222,0.009492080928714529,0.0649732,-0.002750464378812857
10,0.2842222222222222,0.009851779874124382,0.0649732,-0.003435569869451746
10,0.2842222222222222,0.010194765091393172,0.0649732,-0.00412828396747698
10,0.2842222222222222,0.010521749612367227,0.0649732,-0.004828282078679122
10,0.2842222222222222,0.010834074460243774,0.0649732,-0.005534953727710143
10,0.2842222222222222,0.011133087199796615,0.0649732,-0.0062476854612934975
10,0.2842222222222222,0.011420122312646403,0.0649732,-0.006965869782009686
10,0.2842222222222222,0.011695807790144041,0.0649732,-0.0076892208087201205
10,0.2842222222222222,0.011955871982788108,0.0649732,-0.008419683128752901
10,0.2842222222222222,0.012193982644457063,0.0649732,-0.00916013937692211
10,0.2842222222222222,0.012403683239074488,0.0649732,-0.009913528768683831
10,0.2842222222222222,0.012578347149573104,0.0649732,-0.01068286794563587
10,0.2842222222222222,0.012711903792894242,0.0649732,-0.011470920425451227
10,0.2842222222222222,0.012803169143678395,0.0649732,-0.01227822521319328
10,0.2842222222222222,0.0128527842764296,0.0649732,-0.013104490471866384
10,0.2842222222222222,0.01285785781430311,0.0649732,-0.013951032445879455
10,0.2842222222222222,0.012810160453971533,0.0649732,-0.014821597369319386
10,0.2842222222222222,0.012700645195036013,0.0649732,-0.01572030371733894
10,0.2842222222222222,0.012518753932909587,0.0649732,-0.016651957866580604
10,0.2842222222222222,0.012385618403746253,0.0649732,-0.017136991091235967
10,0.2842222222222222,0.012208968307227,0.0649732,-0.017641833496452562
10,0.2842222222222222,0.011969532158771166,0.0649732,-0.018175258059670768
10,0.2842222222222222,0.01162927723219004,0.0649732,-0.018754578457346238
10,0.2842222222222222,0.01126568746621645,0.0649732,-0.019259636437008027
10,0.2842222222222222,0.01105998966243613,0.0649732,-0.019523046777676377
10,0.2842222222222222,0.010809279270264935,0.0649732,-0.01980694824453863
10,0.2842222222222222,0.010637106010654637,0.0649732,-0.019970212012437098
10,0.2842222222222222,0.01051734661544591,0.0649732,-0.020067172783478776
10,0.2842222222222222,0.010434545233533796,0.0649732,-0.02012608783055803
10,0.2842222222222222,0.01028954,0.0649732,-0.020213319999999996
10,0.2842222222222222,0.009976046131613105,0.0649732,-0.020334810841011557
10,0.2842222222222222,0.009884848118290683,0.0649732,-0.020355105714820496
10,0.2842222222222222,0.009746548859316653,0.0649732,-0.020375621246238245
10,0.2842222222222222,0.009537832281454642,0.0649732,-0.02038575034474964
10,0.2842222222222222,0.009226961408085991,0.0649732,-0.0203574980860685
10,0.2842222222222222,0.00898716476417045,0.0649732,-0.020296890633942116
10,0.2842222222222222,0.008643322273358315,0.0649732,-0.020113877756898192
10,0.2842222222222222,0.008330642817573767,0.0649732,-0.019831793339282616
10,0.2842222222222222,0.008045294068706391,0.0649732,-0.019537267136281466
10,0.2842222222222222,0.00778554905054122,0.0649732,-0.019231085321025854
10,0.2842222222222222,0.007554691634517323,0.0649732,-0.018911752973395257
10,0.2842222222222222,0.007147481218466149,0.0649732,-0.018248276177647564
10,0.2842222222222222,0.006767267888926982,0.0649732,-0.01757250947086917
10,0.2842222222222222,0.00640892959144407,0.0649732,-0.016886784571096672
10,0.2842222222222222,0.006070713183496156,0.0649732,-0.016191899563175294
10,0.2842222222222222,0.005749694580355626,0.0649732,-0.015489185581156584
10,0.2842222222222222,0.005443054362520013,0.0649732,-0.014779926112235647
10,0.2842222222222222,0.005148045067829144,0.0649732,-0.014065371886393802
10,0.2842222222222222,0.004862043524077705,0.0649732,-0.013346717052970358
10,0.2842222222222222,0.004582930260456421,0.0649732,-0.01262492646080804
10,0.2842222222222222,0.004308742803993737,0.0649732,-0.011900893488464931
10,0.2842222222222222,0.004037505598564955,0.0649732,-0.011175517470356172
10,0.2842222222222222,0.003767243088045379,0.0649732,-0.010449697740896898
10,0.2842222222222222,0.003496306795138903,0.0649732,-0.009724184738075901
10,0.2842222222222222,0.003224552805160945,0.0649732,-0.008999043976320769
10,0.2842222222222222,0.0029522558643275245,0.0649732,-0.008274150382633376
10,0.2842222222222222,0.002679684177278086,0.0649732,-0.007549381861944114
10,0.2842222222222222,0.002407119031805219,0.0649732,-0.006824610363326322
10,0.2842222222222222,0.0021347762999357964,0.0649732,-0.006099737615138618
10,0.2842222222222222,0.0018626625232463865,0.0649732,-0.005374760639452468
10,0.2842222222222222,0.0015906861196649871,0.0649732,-0.004649721127267251
10,0.2842222222222222,0.0013187882150024512,0.0649732,-0.003924645879939719
10,0.2842222222222222,0.0010468903103399117,0.0649732,-0.00319957063261218
10,0.2842222222222222,0.0007749269899116548,0.0649732,-0.002474525164569908
10,0.2842222222222222,0.0005029047952942525,0.0649732,-0.0017495064978843844
10,0.2842222222222222,0.00023084335121741767,0.0649732,-0.001024505698770016
10,0.2842222222222222,-4.123117601255964e-05,0.0649732,-0.00029951085551270865
10,0.2842222222222222,-0.00031331224481910905,0.0649732,0.0004254810098160734
10,0.2842222222222222,-0.0005853736888959422,0.0649732,0.0011504818089304418
10,0.2842222222222222,-0.0008574220498196328,0.0649732,0.0018754885639018538
10,0.2842222222222222,-0.0011294638691667514,0.0649732,0.0026004982968018016
10,0.2842222222222222,-0.0014014926053607275,0.0649732,0.0033255139855588
10,0.2842222222222222,-0.0016735278831312723,0.0649732,0.0040505266963872695
10,0.2842222222222222,-0.0019455631609018205,0.0649732,0.004775539407215746
10,0.2842222222222222,-0.002217604980248939,0.0649732,0.00550054914011569
10,0.2842222222222222,-0.0024896467995960576,0.0649732,0.006225558873015635
10,0.2842222222222222,-0.002761688618943176,0.0649732,0.006950568605915582
10,0.2842222222222222,-0.0030337304382902965,0.0649732,0.007675578338815527
10,0.2842222222222222,-0.0033057722576374134,0.0649732,0.00840058807171547
10,0.2842222222222222,-0.003577814076984532,0.0649732,0.009125597804615415
10,0.2842222222222222,-0.0038498558963316505,0.0649732,0.00985060753751536
10,0.2842222222222222,-0.004121897715678769,0.0649732,0.010575617270415307
10,0.2842222222222222,-0.004393939535025889,0.0649732,0.011300627003315255
10,0.2842222222222222,-0.004665981354373006,0.0649732,0.012025636736215203
10,0.2842222222222222,-0.004938023173720123,0.0649732,0.012750646469115137
10,0.2842222222222222,-0.005210064993067242,0.0649732,0.013475656202015084
10,0.2842222222222222,-0.005346089173529089,0.0649732,0.013838159579500794
10,0.2842222222222222,-0.005482113353990931,0.0649732,0.014200662956986503
10,0.2842222222222222,-0.005618130992876207,0.0649732,0.014563169312400742
10,0.2842222222222222,-0.0057541486317614805,0.0649732,0.014925675667814973
11,0.3123111111111111,-0.005569964653016972,0.07139432,0.014468762484772555
11,0.3123111111111111,-0.005269689221893784,0.07139432,0.014187273700598444
11,0.3123111111111111,-0.004969739528346907,0.07139432,0.013905642193348788
11,0.3123111111111111,-0.004670491423425939,0.07139432,0.01362370328255182
11,0.3123111111111111,-0.004372301965627984,0.07139432,0.013341300521759334
11,0.3123111111111111,-0.0037804395268113376,0.07139432,0.012774516089838487
11,0.3123111111111111,-0.003195405048728948,0.07139432,0.012204739962680327
11,0.3123111111111111,-0.0026169354356460946,0.07139432,0.011632087416615092
11,0.3123111111111111,-0.0020447487992755857,0.07139432,0.011056681961996623
11,0.3123111111111111,-0.0014789328381956575,0.07139432,0.010478485173381506
11,0.3123111111111111,-0.0009197130630360685,0.07139432,0.009897398242486668
11,0.3123111111111111,-0.00036730245605825357,0.07139432,0.009313327850378101
11,0.3123111111111111,0.00017810479302883195,0.07139432,0.008726188912145397
11,0.3123111111111111,0.0007163332870687121,0.07139432,0.00813590457690171
11,0.3123111111111111,0.0012472890632989914,0.07139432,0.007542433674529104
11,0.3123111111111111,0.0017708906873255895,0.07139432,0.006945740524258691
11,0.3123111111111111,0.0022870629889385867,0.07139432,0.0063457921899961155
11,0.3123111111111111,0.002795755854664706,0.07139432,0.005742566714345147
11,0.3123111111111111,0.003296831472452426,0.07139432,0.005136003714466125
11,0.3123111111111111,0.003789694744806567,0.07139432,0.004525842446278731
11,0.3123111111111111,0.004273619026364579,0.07139432,0.003911764527537536
11,0.3123111111111111,0.004747877671763921,0.07139432,0.0032934515759970896
11,0.3123111111111111,0.005211769092378687,0.07139432,0.002670596188110077
11,0.3123111111111111,0.005664635548872088,0.07139432,0.002042910173050888
11,0.3123111111111111,0.006106295379903491,0.07139432,0.001410313935258166
11,0.3123111111111111,0.006536698471999619,0.07139432,0.0007727855173356654
11,0.3123111111111111,0.00695583229679215,0.07139432,0.00013031942993432105
11,0.3123111111111111,0.007363653004991965,0.07139432,-0.000517103539667562
11,0.3123111111111111,0.007760029048731704,0.07139432,-0.00116954102963511
11,0.3123111111111111,0.00814422125428051,0.07139432,-0.0018273169115628207
11,0.3123111111111111,0.008515214823804476,0.07139432,-0.0024908758227244997
11,0.3123111111111111,0.008872013752022193,0.07139432,-0.003160654166370361
11,0.3123111111111111,0.009213609505283916,0.07139432,-0.003837093835099673
11,0.3123111111111111,0.009539200268017183,0.07139432,-0.004520546147252235
11,0.3123111111111111,0.009849468836295422,0.07139432,-0.005210711933304316
11,0.3123111111111111,0.010145699367871403,0.07139432,-0.0059070285349773315
11,0.3123111111111111,0.010429182284682058,0.07139432,-0.006608930549318184
11,0.3123111111111111,0.010701195480296003,0.07139432,-0.0073158580627228215
11,0.3123111111111111,0.01096234031639258,0.07139432,-0.008027547586436392
11,0.3123111111111111,0.0112085262807154,0.07139432,-0.008745791392926763
11,0.3123111111111111,0.011433689642997714,0.07139432,-0.009473246327138632
11,0.3123111111111111,0.011631647653473735,0.07139432,-0.010212621382832757
11,0.3123111111111111,0.011796054693589521,0.07139432,-0.010966696915307671
11,0.3123111111111111,0.011921097600444713,0.07139432,-0.011738019982526894
11,0.3123111111111111,0.012005642556706383,0.07139432,-0.012527087370580281
11,0.3123111111111111,0.012050303452422188,0.07139432,-0.013333630101363934
11,0.3123111111111111,0.012052311518193477,0.07139432,-0.014158861321019955
11,0.3123111111111111,0.012003786410347134,0.07139432,-0.015006233830106642
11,0.3123111111111111,0.01189606476219007,0.07139432,-0.015879543513498497
11,0.3123111111111111,0.011719036180488258,0.07139432,-0.016783220275886364
11,0.3123111111111111,0.011590121033898303,0.07139432,-0.01725276043545926
11,0.3123111111111111,0.011419536534276927,0.07139432,-0.01774055817000337
11,0.3123111111111111,0.011188828395089171,0.07139432,-0.018254699290683032
11,0.3123111111111111,0.010861576649629574,0.07139432,-0.01881114133521362
11,0.3123111111111111,0.010512264600548585,0.07139432,-0.019294638074017264
11,0.3123111111111111,0.010314719247087944,0.07139432,-0.019546415484150415
11,0.3123111111111111,0.010074070042423274,0.07139432,-0.01981707899972207
11,0.3123111111111111,0.009908912674058785,0.07139432,-0.019972054393116584
11,0.3123111111111111,0.009794089101913636,0.07139432,-0.0200636703019552
11,0.3123111111111111,0.009714727614544895,0.07139432,-0.02011909559592639
11,0.3123111111111111,0.009575799999999999,0.07139432,-0.02020062
11,0.3123111111111111,0.009275670946779965,0.07139432,-0.020311469833709368
11,0.3123111111111111,0.00918841139968046,0.07139432,-0.020329050137552263
11,0.3123111111111111,0.009056119170903099,0.07139432,-0.020345708894233705
11,0.3123111111111111,0.008856538152375295,0.07139432,-0.020350544920002434
11,0.3123111111111111,0.008559419675283887,0.07139432,-0.020315506223451938
11,0.3123111111111111,0.008330361559089408,0.07139432,-0.020250646638136822
11,0.3123111111111111,0.00800223967638597,0.07139432,-0.020063969981667356
11,0.3123111111111111,0.007704244408296972,0.07139432,-0.01978148213596445
11,0.3123111111111111,0.007432420901627889,0.07139432,-0.019487527040076683
11,0.3123111111111111,0.007185115411760519,0.07139432,-0.01918282928807987
11,0.3123111111111111,0.006965472559143111,0.07139432,-0.018866011053360138
11,0.3123111111111111,0.006578380036328289,0.07139432,-0.018209505955739655
11,0.3123111111111111,0.00621713980154123,0.07139432,-0.017541673586335314
11,0.3123111111111111,0.00587684699858476,0.07139432,-0.016864663025303834
11,0.3123111111111111,0.005555822826104033,0.07139432,-0.016179209845419158
11,0.3123111111111111,0.005251267193779592,0.07139432,-0.015486540916196043
11,0.3123111111111111,0.004960480238238533,0.07139432,-0.01478783919235676
11,0.3123111111111111,0.004680831002133714,0.07139432,-0.014084257437203764
11,0.3123111111111111,0.004409807547617029,0.07139432,-0.013376896265223445
11,0.3123111111111111,0.004145380279020681,0.07139432,-0.012666644950963406
11,0.3123111111111111,0.003885669941096713,0.07139432,-0.011954326896782544
11,0.3123111111111111,0.003628784750228842,0.07139432,-0.01124077099438881
11,0.3123111111111111,0.0033728329228007933,0.07139432,-0.01052680613549016
11,0.3123111111111111,0.0031162358844042766,0.07139432,-0.009813123978068062
11,0.3123111111111111,0.0028588558229877773,0.07139432,-0.009099784904962169
11,0.3123111111111111,0.0026009558342860103,0.07139432,-0.008386673639842242
11,0.3123111111111111,0.002342792749849527,0.07139432,-0.007673677651052554
11,0.3123111111111111,0.0020846359295972052,0.07139432,-0.00696067891758834
11,0.3123111111111111,0.0018266920916063193,0.07139432,-0.006247586865190119
11,0.3123111111111111,0.0015689675000610248,0.07139432,-0.005534398749183357
11,0.3123111111111111,0.0013113744563830916,0.07139432,-0.004821152995011473
11,0.3123111111111111,0.0010538565829150744,0.07139432,-0.0041078743047452335
11,0.3123111111111111,0.000796338709447059,0.07139432,-0.0033945956144789957
11,0.3123111111111111,0.0005387581941374443,0.07139432,-0.002681344370958051
11,0.3123111111111111,0.00028112130117038947,0.07139432,-0.001968117829507874
11,0.3123111111111111,2.34468230983758e-05,0.07139432,-0.0012549077561048796
11,0.3123111111111111,-0.0002342401833419546,0.07139432,-0.000541703172050944
11,0.3123111111111111,-0.000491933453966446,0.07139432,0.0001714986673284659
11,0.3123111111111111,-0.0007496079320384597,0.07139432,0.0008847087407314672
11,0.3123111111111111,-0.0010072698817421531,0.07139432,0.0015979243034835236
11,0.3123111111111111,-0.0012649255672616874,0.07139432,0.002311142610910113
11,0.3123111111111111,-0.0015225687244128996,0.07139432,0.0030243664076857607
11,0.3123111111111111,-0.001780218145748273,0.07139432,0.0037375874597868723
11,0.3123111111111111,-0.002037867567083646,0.07139432,0.004450808511887987
11,0.3123111111111111,-0.0022955232526031787,0.07139432,0.005164026819314573
11,0.3123111111111111,-0.0025531789381227146,0.07139432,0.005877245126741162
11,0.3123111111111111,-0.002810834623642247,0.07139432,0.006590463434167752
11,0.3123111111111111,-0.0030684903091617796,0.07139432,0.007303681741594337
11,0.3123111111111111,-0.0033261459946813104,0.07139432,0.00801690004902092
11,0.3123111111111111,-0.0035838016802008446,0.07139432,0.008730118356447509
11,0.3123111111111111,-0.003841457365720379,0.07139432,0.009443336663874098
11,0.3123111111111111,-0.004099113051239915,0.07139432,0.010156554971300684
11,0.3123111111111111,-0.0043567687367594456,0.07139432,0.01086977327872727
11,0.3123111111111111,-0.00461442442227898,0.07139432,0.011582991586153859
11,0.3123111111111111,-0.0048720801077985106,0.07139432,0.012296209893580445
11,0.3123111111111111,-0.0051297357933180465,0.07139432,0.01300942820100703
11,0.3123111111111111,-0.005258566768169893,0.07139432,0.013366035982383059
11,0.3123111111111111,-0.005387397743021738,0.07139432,0.01372264376375908
11,0.3123111111111111,-0.005516222453689426,0.07139432,0.014079254289809644
11,0.3123111111111111,-0.005645047164357113,0.07139432,0.014435864815860209
12,0.3346222222222222,-0.005463270495242903,0.07649464,0.01406085711578246
12,0.3346222222222222,-0.0051748416120552185,0.07649464,0.01377933366131431
12,0.3346222222222222,-0.004886727325259755,0.07649464,0.013497676877208539
12,0.3346222222222222,-0.004599290630693687,0.07649464,0.013215732921575591
12,0.3346222222222222,-0.0043128763744023375,0.07649464,0.012933355644620375
12,0.3346222222222222,-0.003744409861796385,0.07649464,0.012366752424003712
12,0.3346222222222222,-0.003182537773565827,0.07649464,0.011797354409060021
12,0.3346222222222222,-0.0026270060126246317,0.07649464,0.01122526928911199
12,0.3346222222222222,-0.0020775423320949175,0.07649464,0.010650612445576784
12,0.3346222222222222,-0.0015342314310053604,0.07649464,0.010073347982013512
12,0.3346222222222222,-0.0009972911068582679,0.07649464,0.00949338359328843
12,0.3346222222222222,-0.00046692705729470436,0.07649464,0.008910632102330795
12,0.3346222222222222,5.667316983611753e-05,0.07649464,0.008325014024164336
12,0.3346222222222222,0.0005733401764768508,0.07649464,0.007736457565907247
12,0.3346222222222222,0.001082983213668202,0.07649464,0.007144924267087141
12,0.3346222222222222,0.0015855236323121125,0.07649464,0.006550380795294623
12,0.3346222222222222,0.002080888833241151,0.07649464,0.005952796382151765
12,0.3346222222222222,0.00256903041701036,0.07649464,0.005352150515406634
12,0.3346222222222222,0.0030498152851461046,0.07649464,0.004748386786366396
12,0.3346222222222222,0.003522668694239525,0.07649464,0.004141261612039232
12,0.3346222222222222,0.0039868888523387404,0.07649464,0.003530477564771997
12,0.3346222222222222,0.004441773967491879,0.07649464,0.0029157372169115424
12,0.3346222222222222,0.004886646447469538,0.07649464,0.002296753396930678
12,0.3346222222222222,0.0053208710495566604,0.07649464,0.0016732568815226757
12,0.3346222222222222,0.005744272325765276,0.07649464,0.0010451733137742565
12,0.3346222222222222,0.006156801876650428,0.07649464,0.00041248218143346074
12,0.3346222222222222,0.006558447602350875,0.07649464,-0.00022482164356268583
12,0.3346222222222222,0.006949167153352286,0.07649464,-0.0008667561094346313
12,0.3346222222222222,0.007328833481111642,0.07649464,-0.0015133750608437302
12,0.3346222222222222,0.00769673269381583,0.07649464,-0.002164981053506109
12,0.3346222222222222,0.00805188470270447,0.07649464,-0.002821989460523592
12,0.3346222222222222,0.008393327568809044,0.07649464,-0.003484807962903517
12,0.3346222222222222,0.008720087253299792,0.07649464,-0.0041538493697162
12,0.3346222222222222,0.009031389365057402,0.07649464,-0.004829441876992715
12,0.3346222222222222,0.00932789334651941,0.07649464,-0.005511306005300351
12,0.3346222222222222,0.009610839433462843,0.07649464,-0.006198916128183109
12,0.3346222222222222,0.009881473911595341,0.07649464,-0.0068917440551535
12,0.3346222222222222,0.01014103096676331,0.07649464,-0.007589266723787007
12,0.3346222222222222,0.01039009139230623,0.07649464,-0.008291237987060333
12,0.3346222222222222,0.01062470458352949,0.07649464,-0.00899933215753821
12,0.3346222222222222,0.010839014207593294,0.07649464,-0.00971603121770556
12,0.3346222222222222,0.01102704898297607,0.07649464,-0.01044386586664567
12,0.3346222222222222,0.011182680329960143,0.07649464,-0.011185433468260638
12,0.3346222222222222,0.011300293912930501,0.07649464,-0.011943113443775681
12,0.3346222222222222,0.011378794694444992,0.07649464,-0.012717369882890978
12,0.3346222222222222,0.01141877556770434,0.07649464,-0.013507951510520245
12,0.3346222222222222,0.011417562463374668,0.07649464,-0.014315991628583252
12,0.3346222222222222,0.011367544568736496,0.07649464,-0.015144715788697801
12,0.3346222222222222,0.011260354829742877,0.07649464,-0.015997670046418288
12,0.3346222222222222,0.011086228658373743,0.07649464,-0.01687899274857392
12,0.3346222222222222,0.010960146545157912,0.07649464,-0.017336190820763854
12,0.3346222222222222,0.010793820293460347,0.07649464,-0.01781044483044317
12,0.3346222222222222,0.010569426807675635,0.07649464,-0.018309308414389346
12,0.3346222222222222,0.01025179179118128,0.07649464,-0.018847688851700888
12,0.3346222222222222,0.009913166247229654,0.07649464,-0.019314212721503028
12,0.3346222222222222,0.009721747028769738,0.07649464,-0.019556843627478393
12,0.3346222222222222,0.00948869823771619,0.07649464,-0.019817117634154974
12,0.3346222222222222,0.00932887448874477,0.07649464,-0.019965605410886458
12,0.3346222222222222,0.009217820596394546,0.07649464,-0.02005304765136083
12,0.3346222222222222,0.009141094693328274,0.07649464,-0.02010575313794841
12,0.3346222222222222,0.00900684,0.07649464,-0.020182839999999997
12,0.3346222222222222,0.008717055056198852,0.07649464,-0.020285466105271183
12,0.3346222222222222,0.008632858854713757,0.07649464,-0.020300961292357717
12,0.3346222222222222,0.008505249034050446,0.07649464,-0.020314667530238546
12,0.3346222222222222,0.00831280952276366,0.07649464,-0.020315473051200537
12,0.3346222222222222,0.008026483869983756,0.07649464,-0.02027531602010857
12,0.3346222222222222,0.007805890713386064,0.07649464,-0.020207300786848507
12,0.3346222222222222,0.007490252560409109,0.07649464,-0.02001806153879204
12,0.3346222222222222,0.007204025851966968,0.07649464,-0.01973560477686055
12,0.3346222222222222,0.006943075753653613,0.07649464,-0.019442435491352595
12,0.3346222222222222,0.006705805083785467,0.07649464,-0.019139230586582245
12,0.3346222222222222,0.006495250907533577,0.07649464,-0.018824702918740166
12,0.3346222222222222,0.006124550576952504,0.07649464,-0.018174284072658902
12,0.3346222222222222,0.005778818310038617,0.07649464,-0.017513283468607296
12,0.3346222222222222,0.005453317011116751,0.07649464,-0.016843708743244132
12,0.3346222222222222,0.005146425298780848,0.07649464,-0.016166247057009447
12,0.3346222222222222,0.004855438854043935,0.07649464,-0.015482044531980474
12,0.3346222222222222,0.004577750156808955,0.07649464,-0.014792206265730565
12,0.3346222222222222,0.004310818236215666,0.07649464,-0.014097809151486649
12,0.3346222222222222,0.004052217070085598,0.07649464,-0.013399881365877296
12,0.3346222222222222,0.003799986480897995,0.07649464,-0.01269925365510614
12,0.3346222222222222,0.0035523114894669677,0.07649464,-0.011996695228620987
12,0.3346222222222222,0.003307365016745391,0.07649464,-0.011292980423932626
12,0.3346222222222222,0.003063319983686138,0.07649464,-0.01058888357855186
12,0.3346222222222222,0.002818651807773064,0.07649464,-0.009885050828414836
12,0.3346222222222222,0.002573227390532537,0.07649464,-0.0091815385822144
12,0.3346222222222222,0.002327300829050581,0.07649464,-0.00847823915062786
12,0.3346222222222222,0.0020811201704826017,0.07649464,-0.007775047408364013
12,0.3346222222222222,0.0018349455618452415,0.07649464,-0.007071853102068669
12,0.3346222222222222,0.0015889766508489483,0.07649464,-0.006368571618702577
12,0.3346222222222222,0.001343219487424341,0.07649464,-0.005665200394234238
12,0.3346222222222222,0.0010975893725427462,0.07649464,-0.004961775325104554
12,0.3346222222222222,0.0008520318568285886,0.07649464,-0.004258319487596959
12,0.3346222222222222,0.0006064743411144293,0.07649464,-0.0035548636500893627
12,0.3346222222222222,0.0003608563260940733,0.07649464,-0.0028514334528966963
12,0.3346222222222222,0.000115183861698143,0.07649464,-0.002148026331987459
12,0.3346222222222222,-0.00013052490228150637,0.07649464,-0.001444634595267176
12,0.3346222222222222,-0.00037624576612239544,0.07649464,-0.000741247986609888
12,0.3346222222222222,-0.0006219726798939035,0.07649464,-3.7863941984087046e-05
12,0.3346222222222222,-0.0008676814438735529,0.07649464,0.0006655277947361926
12,0.3346222222222222,-0.0011133781079919625,0.07649464,0.001368924659519457
12,0.3346222222222222,-0.0013590687221797532,0.07649464,0.0020723240883342153
12,0.3346222222222222,-0.001604747236506306,0.07649464,0.0027757286452119584
12,0.3346222222222222,-0.0018504318007634742,0.07649464,0.003479130638058204
12,0.3346222222222222,-0.002096116365020646,0.07649464,0.004182532630904456
12,0.3346222222222222,-0.0023418069792084367,0.07649464,0.004885932059719215
12,0.3346222222222222,-0.0025874975933962256,0.07649464,0.005589331488533966
12,0.3346222222222222,-0.002833188207584018,0.07649464,0.006292730917348725
12,0.3346222222222222,-0.003078878821771807,0.07649464,0.006996130346163483
12,0.3346222222222222,-0.0033245694359595977,0.07649464,0.0076995297749782345
12,0.3346222222222222,-0.0035702600501473884,0.07649464,0.008402929203792993
12,0.3346222222222222,-0.003815950664335179,0.07649464,0.009106328632607755
12,0.3346222222222222,-0.0040616412785229716,0.07649464,0.00980972806142251
12,0.3346222222222222,-0.004307331892710762,0.07649464,0.010513127490237268
12,0.3346222222222222,-0.004553022506898551,0.07649464,0.011216526919052023
12,0.3346222222222222,-0.00479871312108634,0.07649464,0.011919926347866778
12,0.3346222222222222,-0.005044403735274131,0.07649464,0.012623325776681533
12,0.3346222222222222,-0.005167252067333336,0.07649464,0.012975024209073167
12,0.3346222222222222,-0.005290100399392542,0.07649464,0.0133267226414648
12,0.3346222222222222,-0.0054129426815211264,0.07649464,0.013678423637887929
12,0.3346222222222222,-0.005535784963649712,0.07649464,0.01403012463431105
13,0.3566,-0.005342557943434681,0.08151876,0.013637552642048856
13,0.3566,-0.0050657712624597295,0.08151876,0.013356443375860567
13,0.3566,-0.004789288457233034,0.08151876,0.013075209694845429
13,0.3566,-0.004513460153617978,0.08151876,0.012793708043434042
13,0.3566,-0.004238619446184767,0.08151876,0.012511802043835424
13,0.3566,-0.003693151385443256,0.08151876,0.011946264985212292
13,0.3566,-0.0031540530278864297,0.08151876,0.011378120000411288
13,0.3566,-0.0026210789354099203,0.08151876,0.010807467578330992
13,0.3566,-0.0020939661386161976,0.08151876,0.010234415385648486
13,0.3566,-0.0015727964502067118,0.08151876,0.009658929926064225
13,0.3566,-0.0010577802456994932,0.08151876,0.009080925066236565
13,0.3566,-0.0005491162130837855,0.08151876,0.00850031945800949
13,0.3566,-4.698550905567374e-05,0.08151876,0.007917038931005479
13,0.3566,0.0004484482409819416,0.08151876,0.00733101649262545
13,0.3566,0.0009370973805632125,0.08151876,0.006742216253977057
13,0.3566,0.0014188859407510725,0.08151876,0.006150607111353585
13,0.3566,0.0018937437963728494,0.08151876,0.0055561603536411555
13,0.3566,0.002361624197313424,0.08151876,0.0049588568400971735
13,0.3566,0.002822398580756222,0.08151876,0.004358643933679525
13,0.3566,0.0032755117890842364,0.08151876,0.0037552943380699394
13,0.3566,0.003720285945628267,0.08151876,0.0031485305125008786
13,0.3566,0.0041560431737191214,0.08151876,0.0025380749162047765
13,0.3566,0.0045821289717451604,0.08151876,0.001923659578785375
13,0.3566,0.004997929744445473,0.08151876,0.0013050332779961892
13,0.3566,0.005403276022652763,0.08151876,0.0006821266286453249
13,0.3566,0.005798121056251913,0.08151876,5.492048999019075e-05
13,0.3566,0.006182453157714141,0.08151876,-0.000576589923154857
13,0.3566,0.006556231420688725,0.08151876,-0.0012124213589395916
13,0.3566,0.0069193331261234794,0.08151876,-0.0018526240618133016
13,0.3566,0.007271068709820431,0.08151876,-0.0024974803577291933
13,0.3566,0.007610491481948459,0.08151876,-0.0031473778467247145
13,0.3566,0.007936672283969616,0.08151876,-0.003802696951058844
13,0.3566,0.008248670269817175,0.08151876,-0.004463822878176194
13,0.3566,0.008545737437649265,0.08151876,-0.005131061879958215
13,0.3566,0.008828510757784356,0.08151876,-0.005804153163787112
13,0.3566,0.009098188201922312,0.08151876,-0.006482606248134019
13,0.3566,0.009355973585527401,0.08151876,-0.0071659282588772445
13,0.3566,0.009603059036535105,0.08151876,-0.007853631107080747
13,0.3566,0.009840005556326822,0.08151876,-0.008545485103833446
13,0.3566,0.010062997166756136,0.08151876,-0.009243052612249242
13,0.3566,0.010266377103893897,0.08151876,-0.009948649662181529
13,0.3566,0.010444377572287557,0.08151876,-0.010664637742747332
13,0.3566,0.01059107883861043,0.08151876,-0.01139344055047711
13,0.3566,0.010701057889508954,0.08151876,-0.012137278411511295
13,0.3566,0.010773257003628611,0.08151876,-0.012896584385150983
13,0.3566,0.01080824886987958,0.08151876,-0.013671123997299452
13,0.3566,0.010803450544401651,0.08151876,-0.014461954773984795
13,0.3566,0.010751510571592689,0.08151876,-0.01527208659697928
13,0.3566,0.010644347025301851,0.08151876,-0.016104828422158147
13,0.3566,0.0104725280698043,0.08151876,-0.016964041894338918
13,0.3566,0.010348929233624694,0.08151876,-0.01740907965784604
13,0.3566,0.01018645767672536,0.08151876,-0.017870032948816707
13,0.3566,0.00996789766921449,0.08151876,-0.01835395034570967
13,0.3566,0.009659273564930853,0.08151876,-0.018874742383202178
13,0.3566,0.009330736892981004,0.08151876,-0.019324800534943887
13,0.3566,0.009145115441926423,0.08151876,-0.019558572144992705
13,0.3566,0.00891928304810689,0.08151876,-0.0198088071862617
13,0.3566,0.008764543029460642,0.08151876,-0.01995104849373574
13,0.3566,0.008657092242941967,0.08151876,-0.020034485019032978
13,0.3566,0.008582890299261414,0.08151876,-0.020084586926935998
13,0.3566,0.00845312,0.08151876,-0.02015744
13,0.3566,0.008173300853193208,0.08151876,-0.020252283757952218
13,0.3566,0.008092064507874358,0.08151876,-0.020265822426567968
13,0.3566,0.00796898463298706,0.08151876,-0.020276771295574605
13,0.3566,0.007783465626283512,0.08151876,-0.02027384109785589
13,0.3566,0.007507622534783266,0.08151876,-0.02022900536531967
13,0.3566,0.0072952719433762,0.08151876,-0.020158174111753475
13,0.3566,0.006991840559175386,0.08151876,-0.01996686051834274
13,0.3566,0.006717181008438253,0.08151876,-0.0196848803483666
13,0.3566,0.006466936705320937,0.08151876,-0.019392903925572854
13,0.3566,0.006239564896024578,0.08151876,-0.019091562894466976
13,0.3566,0.006037999150272765,0.08151876,-0.018779656173451446
13,0.3566,0.005683557903663422,0.08151876,-0.018135907648012945
13,0.3566,0.005353233872690026,0.08151876,-0.017482284891990853
13,0.3566,0.0050424513898355075,0.08151876,-0.016820661305566163
13,0.3566,0.004749644326243447,0.08151876,-0.016151678103615633
13,0.3566,0.004472200519231688,0.08151876,-0.01547640477513148
13,0.3566,0.004207601306348307,0.08151876,-0.01479587252762074
13,0.3566,0.003953392306549662,0.08151876,-0.014111086250069382
13,0.3566,0.0037072301703155192,0.08151876,-0.013423005372199728
13,0.3566,0.0034672215179836433,0.08151876,-0.012732405094086675
13,0.3566,0.0032316132202371475,0.08151876,-0.012040003193577335
13,0.3566,0.002998640460230368,0.08151876,-0.011346522233704493
13,0.3566,0.002766538421117644,0.08151876,-0.010652684777500912
13,0.3566,0.0025338344742727864,0.08151876,-0.009959093758358175
13,0.3566,0.002300400056879228,0.08151876,-0.009265801813318406
13,0.3566,0.002066480607041332,0.08151876,-0.008572708453483012
13,0.3566,0.0018323157190990712,0.08151876,-0.00787971558254621
13,0.3566,0.0015981566749212004,0.08151876,-0.007186720319016586
13,0.3566,0.0013641963187325766,0.08151876,-0.0064936437073309546
13,0.3566,0.0011304404942975898,0.08151876,-0.005800483354896493
13,0.3566,0.0008968073889147853,0.08151876,-0.005107272758012732
13,0.3566,0.0006632444087046555,0.08151876,-0.004414033450015089
13,0.3566,0.00042968142849452405,0.08151876,-0.0037207941420174424
13,0.3566,0.00019606001064049854,0.08151876,-0.003027578759948031
13,0.3566,-3.76140010930337e-05,0.08151876,-0.0023343849112140366
13,0.3566,-0.0002713230754129055,0.08151876,-0.0016412054180369867
13,0.3566,-0.0005050438372615536,0.08151876,-0.0009480307100455838
13,0.3566,-0.0007387704428745926,0.08151876,-0.00025485839464700275
13,0.3566,-0.0009724795171944627,0.08151876,0.00043832109853005063
13,0.3566,-0.0012061769039855546,0.08151876,0.001131505376892751
13,0.3566,-0.0014398684470122557,0.08151876,0.0018246920478482732
13,0.3566,-0.0016735483025101788,0.08151876,0.0025178835039894494
13,0.3566,-0.0019072340017724891,0.08151876,0.00321107256753779
13,0.3566,-0.002140919701034801,0.08151876,0.0039042616310861374
13,0.3566,-0.002374611244061504,0.08151876,0.004597448302041663
13,0.3566,-0.0026083027870882052,0.08151876,0.005290634972997185
13,0.3566,-0.0028419943301149064,0.08151876,0.005983821643952711
13,0.3566,-0.0030756858731416092,0.08151876,0.006677008314908233
13,0.3566,-0.0033093774161683086,0.08151876,0.007370194985863755
13,0.3566,-0.0035430689591950115,0.08151876,0.008063381656819277
13,0.3566,-0.003776760502221711,0.08151876,0.008756568327774803
13,0.3566,-0.004010452045248414,0.08151876,0.009449754998730329
13,0.3566,-0.004244143588275115,0.08151876,0.010142941669685848
13,0.3566,-0.004477835131301816,0.08151876,0.010836128340641373
13,0.3566,-0.0047115266743285155,0.08151876,0.011529315011596888
13,0.3566,-0.004945218217355218,0.08151876,0.012222501682552414
13,0.3566,-0.005062066910750765,0.08151876,0.012569093821733768
13,0.3566,-0.005178915604146309,0.08151876,0.012915685960915115
13,0.3566,-0.005295758453777468,0.08151876,0.013262280492689293
13,0.3566,-0.005412601303408622,0.08151876,0.013608875024463465
14,0.3785777777777778,-0.005214052765511998,0.08654288,0.013194006173342359
14,0.3785777777777778,-0.0049488069601601094,0.08654288,0.012913763279527039
14,0.3785777777777778,-0.004683854535478205,0.08654288,0.012633404505792385
14,0.3785777777777778,-0.004419534007623968,0.08654288,0.01235279614453921
14,0.3785777777777778,-0.004156166966947188,0.08654288,0.012071811173548223
14,0.3785777777777778,-0.0036335007214217153,0.08654288,0.011508234511915651
14,0.3785777777777778,-0.0031169841860940444,0.08654288,0.010942228828897303
14,0.3785777777777778,-0.0026063803996538033,0.08654288,0.010373887719812614
14,0.3785777777777778,-0.0021014354749827307,0.08654288,0.009803311465360995
14,0.3785777777777778,-0.0016022283991842853,0.08654288,0.009230468867102635
14,0.3785777777777778,-0.001108962281953077,0.08654288,0.008655279700477997
14,0.3785777777777778,-0.000621828949111787,0.08654288,0.008077668197847537
14,0.3785777777777778,-0.00014100330067521628,0.08654288,0.00749756527695165
14,0.3785777777777778,0.0003333566891497216,0.08654288,0.006914908540910699
14,0.3785777777777778,0.0008011663913236045,0.08654288,0.006329664562824886
14,0.3785777777777778,0.001262352460678939,0.08654288,0.005741804372714376
14,0.3785777777777778,0.0017168471939841851,0.08654288,0.0051513012290593276
14,0.3785777777777778,0.002164605455751655,0.08654288,0.004558137304179841
14,0.3785777777777778,0.002605503123390201,0.08654288,0.003962263571956212
14,0.3785777777777778,0.0030390042129835003,0.08654288,0.003363468328689674
14,0.3785777777777778,0.0034644542599600444,0.08654288,0.0027614930730217313
14,0.3785777777777778,0.003881198799748323,0.08654288,0.0021560793035939087
14,0.3785777777777778,0.004288605935520672,0.08654288,0.0015469774328876612
14,0.3785777777777778,0.004686083264001157,0.08654288,0.0009339534726043562
14,0.3785777777777778,0.005073467169046898,0.08654288,0.0003169427974043758
14,0.3785777777777778,0.00545071251517021,0.08654288,-0.0003040724203921853
14,0.3785777777777778,0.005817808018499166,0.08654288,-0.0009290966377052887
14,0.3785777777777778,0.006174714185482038,0.08654288,-0.00155814545375485
14,0.3785777777777778,0.006521312535463639,0.08654288,-0.002191265666200596
14,0.3785777777777778,0.0068569373200005395,0.08654288,-0.0028287202333209874
14,0.3785777777777778,0.007180674545467007,0.08654288,-0.003470870165633907
14,0.3785777777777778,0.007491627144045201,0.08654288,-0.004118069788277293
14,0.3785777777777778,0.007788886764045349,0.08654288,-0.0047706778833090345
14,0.3785777777777778,0.008071731237664413,0.08654288,-0.0054289796936074705
14,0.3785777777777778,0.00834077553592217,0.08654288,-0.006092732317034021
14,0.3785777777777778,0.008597176255690682,0.08654288,-0.006761478919291356
14,0.3785777777777778,0.008842095635777977,0.08654288,-0.0074347604376221645
14,0.3785777777777778,0.009076684631120154,0.08654288,-0.008112122266189101
14,0.3785777777777778,0.009301484867569501,0.08654288,-0.00879335047283342
14,0.3785777777777778,0.009512812160943294,0.08654288,-0.009479900241926612
14,0.3785777777777778,0.00970520511723101,0.08654288,-0.010173928722736052
14,0.3785777777777778,0.009873095145638859,0.08654288,-0.010877635405268876
14,0.3785777777777778,0.010010766965038055,0.08654288,-0.011593277719491878
14,0.3785777777777778,0.010112984858856526,0.08654288,-0.012322923676272964
14,0.3785777777777778,0.010178727636685283,0.08654288,-0.013066976626869767
14,0.3785777777777778,0.010208548208248522,0.08654288,-0.01382521818220357
14,0.3785777777777778,0.010199952837851365,0.08654288,-0.014598633321588611
14,0.3785777777777778,0.010145843970054507,0.08654288,-0.015390025447688489
14,0.3785777777777778,0.010038418807423491,0.08654288,-0.016202476520665175
14,0.3785777777777778,0.0098685712653168,0.08654288,-0.01703958327493763
14,0.3785777777777778,0.009747259828281136,0.08654288,-0.017472509104759778
14,0.3785777777777778,0.009588418233230993,0.08654288,-0.01792025865041521
14,0.3785777777777778,0.009375425336824422,0.08654288,-0.018389396955025523
14,0.3785777777777778,0.0090754789233825,0.08654288,-0.01889288028495492
14,0.3785777777777778,0.00875670394724979,0.08654288,-0.019326798534916326
14,0.3785777777777778,0.008576700825180894,0.08654288,-0.019551900452689393
14,0.3785777777777778,0.008357875541762384,0.08654288,-0.01979233640363276
14,0.3785777777777778,0.0082080835643782,0.08654288,-0.019928503467231143
14,0.3785777777777778,0.008104145710325385,0.08654288,-0.020008057996813232
14,0.3785777777777778,0.008032407439690631,0.08654288,-0.020055643785398595
14,0.3785777777777778,0.00790702,0.08654288,-0.02012442
14,0.3785777777777778,0.007636964148164052,0.08654288,-0.02021183654588489
14,0.3785777777777778,0.007558632564164544,0.08654288,-0.020223525564492778
14,0.3785777777777778,0.007440001686480563,0.08654288,-0.020231881552936426
14,0.3785777777777778,0.007261286300582872,0.08654288,-0.020225468800539
14,0.3785777777777778,0.006995762665596848,0.08654288,-0.020176341682556505
14,0.3785777777777778,0.006791538664830204,0.08654288,-0.020103002346815647
14,0.3785777777777778,0.006500172118365534,0.08654288,-0.01991007867368446
14,0.3785777777777778,0.006236979977703554,0.08654288,-0.019629024620433883
14,0.3785777777777778,0.005997359845487828,0.08654288,-0.01933866006135777
14,0.3785777777777778,0.005779822250624579,0.08654288,-0.01903957330989268
14,0.3785777777777778,0.005587199444966371,0.08654288,-0.01873064567912516
14,0.3785777777777778,0.005248962444079397,0.08654288,-0.018094222888978734
14,0.3785777777777778,0.004934009712904652,0.08654288,-0.017448603244466107
14,0.3785777777777778,0.004637923615584448,0.08654288,-0.01679553162975708
14,0.3785777777777778,0.0043591921132811635,0.08654288,-0.016135605272128144
14,0.3785777777777778,0.004095293260620102,0.08654288,-0.015469820293193484
14,0.3785777777777778,0.0038437953832019473,0.08654288,-0.014799137159207477
14,0.3785777777777778,0.00360232886792296,0.08654288,-0.014124491823364647
14,0.3785777777777778,0.0033686312984626647,0.08654288,-0.01344677789811977
14,0.3785777777777778,0.0031408746875696038,0.08654288,-0.012766717404508618
14,0.3785777777777778,0.002917366454455393,0.08654288,-0.012084978880527283
14,0.3785777777777778,0.002696402734459721,0.08654288,-0.011402235321091825
14,0.3785777777777778,0.002476279662922282,0.08654288,-0.010719159721118313
14,0.3785777777777778,0.0022555754719808304,0.08654288,-0.010036313652523459
14,0.3785777777777778,0.0020341660390442162,0.08654288,-0.009353746141426972
14,0.3785777777777778,0.0018122883254228176,0.08654288,-0.008671363592509406
14,0.3785777777777778,0.0015901736504910433,0.08654288,-0.00798907463891129
14,0.3785777777777778,0.0013680646174952307,0.08654288,-0.007306783456853188
14,0.3785777777777778,0.0011461474103221028,0.08654288,-0.00662441650715553
14,0.3785777777777778,0.0009244276709076179,0.08654288,-0.005941971561358325
14,0.3785777777777778,0.0007028264121483217,0.08654288,-0.005259479817901399
14,0.3785777777777778,0.00048129285662056043,0.08654288,-0.004576961332924626
14,0.3785777777777778,0.00025975930109279916,0.08654288,-0.0038944428479478523
14,0.3785777777777778,3.8169326205424875e-05,0.08654288,-0.003211946647570952
14,0.3785777777777778,-0.00018347142610559974,0.08654288,-0.0025294705033339325
14,0.3785777777777778,-0.0004051460300323953,0.08654288,-0.001847007729856829
14,0.3785777777777778,-0.000626831917831111,0.08654288,-0.0011645494132997078
14,0.3785777777777778,-0.0008485234475657868,0.08654288,-0.00048209332520256915
14,0.3785777777777778,-0.0010701980514925807,0.08654288,0.000200369448274524
14,0.3785777777777778,-0.0012918613715474508,0.08654288,0.000882836678671596
14,0.3785777777777778,-0.0015135190496663627,0.08654288,0.001565306137528661
14,0.3785777777777778,-0.001735165443913349,0.08654288,0.002247780053305691
14,0.3785777777777778,-0.0019568174800962956,0.08654288,0.002930251740622735
14,0.3785777777777778,-0.002178469516279244,0.08654288,0.0036127234279397825
14,0.3785777777777778,-0.002400127194398154,0.08654288,0.004295192886796841
14,0.3785777777777778,-0.002621784872517064,0.08654288,0.004977662345653902
14,0.3785777777777778,-0.0028434425506359724,0.08654288,0.00566013180451096
14,0.3785777777777778,-0.0030651002287548842,0.08654288,0.006342601263368022
14,0.3785777777777778,-0.003286757906873791,0.08654288,0.007025070722225076
14,0.3785777777777778,-0.003508415584992701,0.08654288,0.007707540181082134
14,0.3785777777777778,-0.003730073263111611,0.08654288,0.008390009639939196
14,0.3785777777777778,-0.003951730941230523,0.08654288,0.009072479098796257
14,0.3785777777777778,-0.004173388619349433,0.08654288,0.009754948557653319
14,0.3785777777777778,-0.004395046297468341,0.08654288,0.010437418016510373
14,0.3785777777777778,-0.00461670397558725,0.08654288,0.011119887475367428
14,0.3785777777777778,-0.00483836165370616,0.08654288,0.011802356934224493
14,0.3785777777777778,-0.004949193313733596,0.08654288,0.012143590549423034
14,0.3785777777777778,-0.00506002497376103,0.08654288,0.012484824164621561
14,0.3785777777777778,-0.005170850991852504,0.08654288,0.012826060008280089
14,0.3785777777777778,-0.005281677009943978,0.08654288,0.013167295851938609
15,0.40055555555555555,-0.005085016767116578,0.091567,0.012728313196305577
15,0.40055555555555555,-0.004831246052958649,0.091567,0.01244941829694932
15,0.40055555555555555,-0.00457775826880966,0.091567,0.012170415705526138
15,0.40055555555555555,-0.004324879872372237,0.091567,0.011891181161958812
15,0.40055555555555555,-0.004072920998463873,0.091567,0.011611596619173967
15,0.40055555555555555,-0.003572926184040346,0.091567,0.011050934341676304
15,0.40055555555555555,-0.00307886201788116,0.091567,0.010488014672775735
15,0.40055555555555555,-0.002590499979594478,0.091567,0.009922924594526317
15,0.40055555555555555,-0.002107595225903331,0.091567,0.00935575730198597
15,0.40055555555555555,-0.0016302239302716636,0.091567,0.008786483801136665
15,0.40055555555555555,-0.0011585819673210554,0.091567,0.008215029535932086
15,0.40055555555555555,-0.0006928543297496578,0.091567,0.007641324092328462
15,0.40055555555555555,-0.00023320968737049197,0.091567,0.007065303269285898
15,0.40055555555555555,0.0002201996128885506,0.091567,0.006486909078768345
15,0.40055555555555555,0.0006672919566018138,0.091567,0.005906110455756508
15,0.40055555555555555,0.0011079966112670613,0.091567,0.005322880477233654
15,0.40055555555555555,0.001542248285343769,0.091567,0.004737194291184337
15,0.40055555555555555,0.001970003451138255,0.091567,0.004149035329598254
15,0.40055555555555555,0.0023911424074928864,0.091567,0.0035583580304471008
15,0.40055555555555555,0.002805148263045178,0.091567,0.002964965648608601
15,0.40055555555555555,0.0032113898662367232,0.091567,0.0023686179479334504
15,0.40055555555555555,0.0036092360655091155,0.091567,0.001769074692272353
15,0.40055555555555555,0.003998077473150787,0.091567,0.001166103929481157
15,0.40055555555555555,0.004377342788182144,0.091567,0.0005594882044247206
15,0.40055555555555555,0.004746874222713588,0.091567,-5.083254193427936e-05
15,0.40055555555555555,0.005106628249051435,0.091567,-0.0006648748776061433
15,0.40055555555555555,0.005456593985272267,0.091567,-0.001282642944593449
15,0.40055555555555555,0.005796733344644103,0.091567,-0.0019041512399051962
15,0.40055555555555555,0.006126932066971034,0.091567,-0.0025294432545684246
15,0.40055555555555555,0.006446548118771225,0.091567,-0.003158763366734995
15,0.40055555555555555,0.006754700064247595,0.091567,-0.003792447078613422
15,0.40055555555555555,0.007050522790488189,0.091567,-0.004430823679408349
15,0.40055555555555555,0.007333140302657629,0.091567,-0.005074226600326987
15,0.40055555555555555,0.007601856157656986,0.091567,-0.0057229209295340915
15,0.40055555555555555,0.007857263420312694,0.091567,-0.0063766809278893635
15,0.40055555555555555,0.008100477487775384,0.091567,-0.007035082040128957
15,0.40055555555555555,0.0083326191981574,0.091567,-0.007697697639987736
15,0.40055555555555555,0.008554798507647666,0.091567,-0.00836410524320314
15,0.40055555555555555,0.00876753774857038,0.091567,-0.009034106033651606
15,0.40055555555555555,0.008967283972928647,0.091567,-0.009709052375173593
15,0.40055555555555555,0.009148770329786797,0.091567,-0.010390948997014985
15,0.40055555555555555,0.00930662658993666,0.091567,-0.011081839977446113
15,0.40055555555555555,0.009435341059165596,0.091567,-0.011783823240770786
15,0.40055555555555555,0.009529864525006346,0.091567,-0.012498820676183398
15,0.40055555555555555,0.009589212173389334,0.091567,-0.01322720713491691
15,0.40055555555555555,0.009613917218562171,0.091567,-0.01396877965884519
15,0.40055555555555555,0.009601574755448867,0.091567,-0.014724453630537124
15,0.40055555555555555,0.009545340054217727,0.091567,-0.01549683436961184
15,0.40055555555555555,0.009437688264823264,0.091567,-0.016288786070849357
15,0.40055555555555555,0.009269837675064882,0.091567,-0.017103651330327006
15,0.40055555555555555,0.009150820897634436,0.091567,-0.017524440882866782
15,0.40055555555555555,0.00899561084290638,0.091567,-0.017959006735968137
15,0.40055555555555555,0.00878817843768186,0.091567,-0.01841345005942278
15,0.40055555555555555,0.008496889930576582,0.091567,-0.01889981165471373
15,0.40055555555555555,0.008187848889798007,0.091567,-0.019317832818926843
15,0.40055555555555555,0.008013447095318902,0.091567,-0.01953441083973635
15,0.40055555555555555,0.007801606043310501,0.091567,-0.019765239420402175
15,0.40055555555555555,0.007656744554344935,0.091567,-0.019895475866946642
15,0.40055555555555555,0.007556306459457844,0.091567,-0.01997125456934406
15,0.40055555555555555,0.00748702228218104,0.091567,-0.02001640070905266
15,0.40055555555555555,0.007365999999999999,0.091567,-0.020081239999999997
15,0.40055555555555555,0.007105665275898778,0.091567,-0.020161557189263317
15,0.40055555555555555,0.007030225312640529,0.091567,-0.02017149761278946
15,0.40055555555555555,0.006916022909013867,0.091567,-0.020177417840165624
15,0.40055555555555555,0.006744078961429412,0.091567,-0.02016776751456203
15,0.40055555555555555,0.006488824332522994,0.091567,-0.020114730252388493
15,0.40055555555555555,0.006292685752600123,0.091567,-0.020039191561230952
15,0.40055555555555555,0.006013319430168697,0.091567,-0.01984513676020662
15,0.40055555555555555,0.005761529226073355,0.091567,-0.019565488016381874
15,0.40055555555555555,0.005532471360004084,0.091567,-0.01927718662917976
15,0.40055555555555555,0.0053247094180693365,0.091567,-0.01898077934294005
15,0.40055555555555555,0.005140974763047736,0.091567,-0.01867522651501665
15,0.40055555555555555,0.004818839545975626,0.091567,-0.01804686527644599
15,0.40055555555555555,0.0045191591778823564,0.091567,-0.017409957015563596
15,0.40055555555555555,0.0042376733857486795,0.091567,-0.016766123326377246
15,0.40055555555555555,0.003972923991836207,0.091567,-0.016115919237231872
15,0.40055555555555555,0.0037224788862603893,0.091567,-0.015460270485702792
15,0.40055555555555555,0.0034839930145240403,0.091567,-0.014800069673344735
15,0.40055555555555555,0.003255181172708791,0.091567,-0.014136186620698269
15,0.40055555555555555,0.0030338615351687692,0.091567,-0.01346945179927951
15,0.40055555555555555,0.002818271230309803,0.091567,-0.012800536213505468
15,0.40055555555555555,0.0026067779696187727,0.091567,-0.012130061163762262
15,0.40055555555555555,0.0023977385826591327,0.091567,-0.011458652092438586
15,0.40055555555555555,0.002189509898994345,0.091567,-0.01078693444192314
15,0.40055555555555555,0.001980720796273385,0.091567,-0.010115430104540262
15,0.40055555555555555,0.0017712515733386246,0.091567,-0.009444184642318268
15,0.40055555555555555,0.0015613307505819001,0.091567,-0.008773111073203098
15,0.40055555555555555,0.0013511814074333387,0.091567,-0.008102124486141988
15,0.40055555555555555,0.001141037505246488,0.091567,-0.007431135828079586
15,0.40055555555555555,0.0009310785957577913,0.091567,-0.00676007675597343
15,0.40055555555555555,0.0007213101199289576,0.091567,-0.006088945198822221
15,0.40055555555555555,0.0005116559042960432,0.091567,-0.0054177701506439874
15,0.40055555555555555,0.00030206698020365363,0.091567,-0.004746570250450308
15,0.40055555555555555,9.247805611126408e-05,0.091567,-0.0040753703502566276
15,0.40055555555555555,-0.00011716527759822893,0.091567,-0.003404191160075818
15,0.40055555555555555,-0.0003268575799631173,0.091567,-0.0027330306089065892
15,0.40055555555555555,-0.0005365825280982672,0.091567,-0.00206188248374509
15,0.40055555555555555,-0.0007463183581568368,0.091567,-0.0013907385005861653
15,0.40055555555555555,-0.0009560596291771171,0.091567,-0.0007195965884285206
15,0.40055555555555555,-0.001165784577312267,0.091567,-4.8448463267018044e-05
15,0.40055555555555555,-0.0013754986435239973,0.091567,0.0006227038038970623
15,0.40055555555555555,-0.0015852072687740151,0.091567,0.0012938581420624262
15,0.40055555555555555,-0.0017949050121006133,0.091567,0.001965016622230361
15,0.40055555555555555,-0.0020046081963889188,0.091567,0.002636173031397012
15,0.40055555555555555,-0.0022143113806772294,0.091567,0.0033073294405636666
15,0.40055555555555555,-0.0024240200059272472,0.091567,0.003978483778729031
15,0.40055555555555555,-0.002633728631177267,0.091567,0.004649638116894391
15,0.40055555555555555,-0.0028434372564272847,0.091567,0.0053207924550597585
15,0.40055555555555555,-0.0030531458816773025,0.091567,0.005991946793225126
15,0.40055555555555555,-0.0032628545069273204,0.091567,0.006663101131390486
15,0.40055555555555555,-0.003472563132177338,0.091567,0.007334255469555847
15,0.40055555555555555,-0.003682271757427356,0.091567,0.008005409807721211
15,0.40055555555555555,-0.0038919803826773774,0.091567,0.008676564145886582
15,0.40055555555555555,-0.004101689007927395,0.091567,0.009347718484051946
15,0.40055555555555555,-0.004311397633177415,0.091567,0.01001887282221731
15,0.40055555555555555,-0.004521106258427433,0.091567,0.01069002716038267
15,0.40055555555555555,-0.0047308148836774505,0.091567,0.011361181498548038
15,0.40055555555555555,-0.004835671916783316,0.091567,0.011696757632130069
15,0.40055555555555555,-0.004940528949889181,0.091567,0.012032333765712108
15,0.40055555555555555,-0.0050453805420333335,0.091567,0.012367911970295433
15,0.40055555555555555,-0.005150232134177488,0.091567,0.012703490174878766
16,0.42253333333333326,-0.00495833922728759,0.09659111999999999,0.012244011827221013
16,0.42253333333333326,-0.0047157837524664245,0.09659111999999999,0.01196700044074725
16,0.42253333333333326,-0.004473501107353998,0.09659111999999999,0.01168988906318652
16,0.42253333333333326,-0.0042318060954604055,0.09659111999999999,0.011412562320207723
16,0.42253333333333326,-0.003990997780120224,0.09659111999999999,0.011134910606196317
16,0.42253333333333326,-0.003513164038286074,0.09659111999999999,0.010578220763294694
16,0.42253333333333326,-0.0030410492268851804,0.09659111999999999,0.010019434953377964
16,0.42253333333333326,-0.002574432983460475,0.09659111999999999,0.009458633938477894
16,0.42253333333333326,-0.0021130792053793953,0.09659111999999999,0.008895904249342817
16,0.42253333333333326,-0.0016570613467942934,0.09659111999999999,0.008331218965295477
16,0.42253333333333326,-0.0012065682898112244,0.09659111999999999,0.007764508861737206
16,0.42253333333333326,-0.0007617784230859025,0.09659111999999999,0.007195708559880384
16,0.42253333333333326,-0.00032285439509854245,0.09659111999999999,0.006624758449653934
16,0.42253333333333326,0.00011005688584615498,0.09659111999999999,0.006051604689703335
16,0.42253333333333326,0.0005368767188706621,0.09659111999999999,0.005476218436445818
16,0.42253333333333326,0.0009575368965477954,0.09659111999999999,0.00489857469210964
16,0.42253333333333326,0.0013719744581755363,0.09659111999999999,0.0043186503818285794
16,0.42253333333333326,0.0017801474299525425,0.09659111999999999,0.003736430122358487
16,0.42253333333333326,0.00218194038392511,0.09659111999999999,0.0031518716097779613
16,0.42253333333333326,0.0025768548812022734,0.09659111999999999,0.0025647921680627475
16,0.42253333333333326,0.002964282301664527,0.09659111999999999,0.001974968740172705
16,0.42253333333333326,0.0033436140251923725,0.09659111999999999,0.001382178269067686
16,0.42253333333333326,0.0037142624185669756,0.09659111999999999,0.0007862053893296361
16,0.42253333333333326,0.004075676575645685,0.09659111999999999,0.0001868481958791149
16,0.42253333333333326,0.004427704341398625,0.09659111999999999,-0.0004159490755439102
16,0.42253333333333326,0.004770303742024453,0.09659111999999999,-0.0010222018081835968
16,0.42253333333333326,0.005103464284072832,0.09659111999999999,-0.0016319138478509791
16,0.42253333333333326,0.005427149240467583,0.09659111999999999,-0.002245098654884682
16,0.42253333333333326,0.005741248429980178,0.09659111999999999,-0.002861796610300591
16,0.42253333333333326,0.006045142739040777,0.09659111999999999,-0.0034822346169498843
16,0.42253333333333326,0.006337982198172145,0.09659111999999999,-0.0041067241855265585
16,0.42253333333333326,0.00661893257807255,0.09659111999999999,-0.00473557105800804
16,0.42253333333333326,0.006887149155989925,0.09659111999999999,-0.005369084822182797
16,0.42253333333333326,0.007141960351102752,0.09659111999999999,-0.006007511609957201
16,0.42253333333333326,0.007383938056454355,0.09659111999999999,-0.006650641824629733
16,0.42253333333333326,0.007614157850704197,0.09659111999999999,-0.007298081270569112
16,0.42253333333333326,0.007833700559236914,0.09659111999999999,-0.007949433829238538
16,0.42253333333333326,0.008043636513986801,0.09659111999999999,-0.00860430722791225
16,0.42253333333333326,0.008244469400569998,0.09659111999999999,-0.009262516867660468
16,0.42253333333333326,0.008432773107451722,0.09659111999999999,-0.00992531840578675
16,0.42253333333333326,0.008603468804669232,0.09659111999999999,-0.010594573214832953
16,0.42253333333333326,0.008751377974481594,0.09659111999999999,-0.011272179202545784
16,0.42253333333333326,0.008871185684293495,0.09659111999999999,-0.011960084272215439
16,0.42253333333333326,0.008958022973148926,0.09659111999999999,-0.012660072880163036
16,0.42253333333333326,0.009010940183792455,0.09659111999999999,-0.013372493072287417
16,0.42253333333333326,0.009030451495290557,0.09659111999999999,-0.01409715640384777
16,0.42253333333333326,0.009014237855118921,0.09659111999999999,-0.014834912799083257
16,0.42253333333333326,0.008955698883016054,0.09659111999999999,-0.015588181273136083
16,0.42253333333333326,0.008847578358074443,0.09659111999999999,-0.016359621204338266
16,0.42253333333333326,0.008681408065872741,0.09659111999999999,-0.01715233616219659
16,0.42253333333333326,0.008564484165800093,0.09659111999999999,-0.017561095420266997
16,0.42253333333333326,0.008412659049909104,0.09659111999999999,-0.017982645845846138
16,0.42253333333333326,0.008210475865854489,0.09659111999999999,-0.01842265231859137
16,0.42253333333333326,0.007927430153508792,0.09659111999999999,-0.01889229461118696
16,0.42253333333333326,0.007627696833033585,0.09659111999999999,-0.019294871435356187
16,0.42253333333333326,0.007458658639031666,0.09659111999999999,-0.01950318614420522
16,0.42253333333333326,0.007253517729147906,0.09659111999999999,-0.01972473236592671
16,0.42253333333333326,0.007113396462177784,0.09659111999999999,-0.019849267711583005
16,0.42253333333333326,0.00701632831088982,0.09659111999999999,-0.019921433540567378
16,0.42253333333333326,0.006949409710256742,0.09659111999999999,-0.019964254315996216
16,0.42253333333333326,0.0068326,0.09659111999999999,-0.02002536
16,0.42253333333333326,0.0065816667432231375,0.09659111999999999,-0.020099030763784418
16,0.42253333333333326,0.006509027701109364,0.09659111999999999,-0.020107357352240847
16,0.42253333333333326,0.0063991177912401205,0.09659111999999999,-0.020111048223053832
16,0.42253333333333326,0.006233743238571226,0.09659111999999999,-0.02009847597411484
16,0.42253333333333326,0.00598846328622213,0.09659111999999999,-0.020042007345341294
16,0.42253333333333326,0.005800189002824668,0.09659111999999999,-0.019964646348109787
16,0.42253333333333326,0.005532520476718593,0.09659111999999999,-0.01977002021832788
16,0.42253333333333326,0.005291874809858623,0.09659111999999999,-0.019492308894245396
16,0.42253333333333326,0.005073149960751063,0.09659111999999999,-0.01920656367090683
16,0.42253333333333326,0.004874960793951529,0.09659111999999999,-0.018913292195369046
16,0.42253333333333326,0.004699941165494418,0.09659111999999999,-0.018611529169061784
16,0.42253333333333326,0.004393617622680979,0.09659111999999999,-0.01799198146766753
16,0.42253333333333326,0.004108947314636374,0.09659111999999999,-0.01736449793519863
16,0.42253333333333326,0.0038418220555539685,0.09659111999999999,-0.016730584206676034
16,0.42253333333333326,0.003590835723088702,0.09659111999999999,-0.01609075562077868
16,0.42253333333333326,0.003353643031090426,0.09659111999999999,-0.015445871716273322
16,0.42253333333333326,0.00312798264101168,0.09659111999999999,-0.01479676126543841
16,0.42253333333333326,0.0029116509282818533,0.09659111999999999,-0.01414423188859169
16,0.42253333333333326,0.002702543956108529,0.09659111999999999,-0.013489054670846067
16,0.42253333333333326,0.002498961785537237,0.09659111999999999,-0.012831852633589512
16,0.42253333333333326,0.00229933039901754,0.09659111999999999,-0.012173202648477566
16,0.42253333333333326,0.002102065285548664,0.09659111999999999,-0.011513685432976798
16,0.42253333333333326,0.0019055819341298403,0.09659111999999999,-0.010853881704553783
16,0.42253333333333326,0.0017085581700186986,0.09659111999999999,-0.010194276035399165
16,0.42253333333333326,0.0015108785652615427,0.09659111999999999,-0.009534910729434356
16,0.42253333333333326,0.0013127634823154322,0.09659111999999999,-0.008875705024627577
16,0.42253333333333326,0.0011144280369122612,0.09659111999999999,-0.008216580081852573
16,0.42253333333333326,0.0009160978382342566,0.09659111999999999,-0.0075574532161720494
16,0.42253333333333326,0.0007179460282119706,0.09659111999999999,-0.006898260971703901
16,0.42253333333333326,0.0005199778535705671,0.09659111999999999,-0.006239001425542606
16,0.42253333333333326,0.00032211986015769425,0.09659111999999999,-0.005579701498365423
16,0.42253333333333326,0.00012432482744683965,0.09659111999999999,-0.004920378496322018
16,0.42253333333333326,-7.347020526401495e-05,0.09659111999999999,-0.004261055494278614
16,0.42253333333333326,-0.00027131770522655085,0.09659111999999999,-0.0036017517212903957
16,0.42253333333333326,-0.00046921242571560176,0.09659111999999999,-0.00294246525445184
16,0.42253333333333326,-0.0006671386265556601,0.09659111999999999,-0.002283190325046397
16,0.42253333333333326,-0.0008650753208460519,0.09659111999999999,-0.0016239192414519918
16,0.42253333333333326,-0.0010630172618616143,0.09659111999999999,-0.0009646500807631055
16,0.42253333333333326,-0.0012609434627016717,0.09659111999999999,-0.0003053751513576626
16,0.42253333333333326,-0.0014588591700913965,0.09659111999999999,0.0003539036238588214
16,0.42253333333333326,-0.001656769630755949,0.09659111999999999,0.0010131843219808173
16,0.42253333333333326,-0.001854669597970167,0.09659111999999999,0.001672468865913851
16,0.42253333333333326,-0.0020525748119095506,0.09659111999999999,0.0023317514869413657
16,0.42253333333333326,-0.0022504800258489376,0.09659111999999999,0.002991034107968884
16,0.42253333333333326,-0.00244839048651349,0.09659111999999999,0.0036503148060908833
16,0.42253333333333326,-0.002646300947178044,0.09659111999999999,0.004309595504212883
16,0.42253333333333326,-0.0028442114078425984,0.09659111999999999,0.0049688762023348786
16,0.42253333333333326,-0.0030421218685071525,0.09659111999999999,0.005628156900456881
16,0.42253333333333326,-0.003240032329171705,0.09659111999999999,0.006287437598578874
16,0.42253333333333326,-0.0034379427898362574,0.09659111999999999,0.006946718296700873
16,0.42253333333333326,-0.0036358532505008116,0.09659111999999999,0.007605998994822873
16,0.42253333333333326,-0.0038337637111653675,0.09659111999999999,0.008265279692944872
16,0.42253333333333326,-0.00403167417182992,0.09659111999999999,0.008924560391066871
16,0.42253333333333326,-0.004229584632494474,0.09659111999999999,0.009583841089188867
16,0.42253333333333326,-0.0044274950931590265,0.09659111999999999,0.010243121787310863
16,0.42253333333333326,-0.004625405553823581,0.09659111999999999,0.010902402485432866
16,0.42253333333333326,-0.0047243634075184405,0.09659111999999999,0.011232041873041103
16,0.42253333333333326,-0.0048233212612133,0.09659111999999999,0.011561681260649347
16,0.42253333333333326,-0.004922273868182996,0.09659111999999999,0.011891322571163106
16,0.42253333333333326,-0.005021226475152687,0.09659111999999999,0.012220963881676858
17,0.44451111111111113,-0.004835316025856393,0.10161524000000001,0.011737652938825966
17,0.44451111111111113,-0.004603747940781614,0.10161524000000001,0.011463047063140244
17,0.44451111111111113,-0.004372442781467466,0.10161524000000001,0.011188348459968595
17,0.44451111111111113,-0.004141703923791594,0.10161524000000001,0.010913450136057993
17,0.44451111111111113,-0.003911819574837765,0.10161524000000001,0.010638250447818094
17,0.44451111111111113,-0.003455696443726508,0.10161524000000001,0.010086565369081327
17,0.44451111111111113,-0.00300508464105919,0.10161524000000001,0.009532936579581604
17,0.44451111111111113,-0.00255977180372146,0.10161524000000001,0.00897743897459603
17,0.44451111111111113,-0.002119530399805076,0.10161524000000001,0.00842015279906436
17,0.44451111111111113,-0.0016844312170148298,0.10161524000000001,0.007861053087894226
17,0.44451111111111113,-0.0012546562808773047,0.10161524000000001,0.0073000756451338245
17,0.44451111111111113,-0.0008303775043898357,0.10161524000000001,0.00673715984127312
17,0.44451111111111113,-0.00041175163175587604,0.10161524000000001,0.006172250396464723
17,0.44451111111111113,1.0797616150064887e-06,0.10161524000000001,0.005605297380523896
17,0.44451111111111113,0.00040804083175340067,0.10161524000000001,0.005036274045137391
17,0.44451111111111113,0.0008090658472191484,0.10161524000000001,0.0044651572084337225
17,0.44451111111111113,0.0012040941328367184,0.10161524000000001,0.0038919254717622864
17,0.44451111111111113,0.001593085238489094,0.10161524000000001,0.0033165645693560147
17,0.44451111111111113,0.0019759279263544694,0.10161524000000001,0.002739035270355475
17,0.44451111111111113,0.002352141851293235,0.10161524000000001,0.002159168168776742
17,0.44451111111111113,0.002721140486608605,0.10161524000000001,0.0015767564109973285
17,0.44451111111111113,0.003082337305603794,0.10161524000000001,0.0009915931433947603
17,0.44451111111111113,0.0034351660066405244,0.10161524000000001,0.00040347864523009383
17,0.44451111111111113,0.0037790956819329126,0.10161524000000001,-0.00018777432168943717
17,0.44451111111111113,0.004113979699806761,0.10161524000000001,-0.0007822174707694529
17,0.44451111111111113,0.004439777610145053,0.10161524000000001,-0.0013798650677770245
17,0.44451111111111113,0.00475647930041853,0.10161524000000001,-0.0019807206791539085
17,0.44451111111111113,0.0050640493767748025,0.10161524000000001,-0.002584796787446296
17,0.44451111111111113,0.005362381657656693,0.10161524000000001,-0.003192130840292736
17,0.44451111111111113,0.005650879503838159,0.10161524000000001,-0.0038029332577574765
17,0.44451111111111113,0.0059287238004495525,0.10161524000000001,-0.004417492921623637
17,0.44451111111111113,0.006195110601415103,0.10161524000000001,-0.005036093364011687
17,0.44451111111111113,0.006449225848129793,0.10161524000000001,-0.005659021683483855
17,0.44451111111111113,0.006690422338721303,0.10161524000000001,-0.006286506132313227
17,0.44451111111111113,0.0069192512060340305,0.10161524000000001,-0.006918352339423506
17,0.44451111111111113,0.007136748984316602,0.10161524000000001,-0.007554194744533586
17,0.44451111111111113,0.00734395726408228,0.10161524000000001,-0.008193666004141474
17,0.44451111111111113,0.007541907523315064,0.10161524000000001,-0.008836402341186952
17,0.44451111111111113,0.007731085163419192,0.10161524000000001,-0.009482232566465206
17,0.44451111111111113,0.00790818844359293,0.10161524000000001,-0.01013232112321313
17,0.44451111111111113,0.008068322899676888,0.10161524000000001,-0.010788394169245895
17,0.44451111111111113,0.008206497998483758,0.10161524000000001,-0.01145221174357546
17,0.44451111111111113,0.008317591743945913,0.10161524000000001,-0.01212558024895676
17,0.44451111111111113,0.008396911922489063,0.10161524000000001,-0.012810154514369627
17,0.44451111111111113,0.008443543350215639,0.10161524000000001,-0.01350625730279397
17,0.44451111111111113,0.008457981541059131,0.10161524000000001,-0.014213713858583204
17,0.44451111111111113,0.0084379916260542,0.10161524000000001,-0.01493331236536782
17,0.44451111111111113,0.008377212824299492,0.10161524000000001,-0.015667296115019186
17,0.44451111111111113,0.008268652321815218,0.10161524000000001,-0.01641813130201911
17,0.44451111111111113,0.008104149307492649,0.10161524000000001,-0.01718869604487347
17,0.44451111111111113,0.007989287421616514,0.10161524000000001,-0.017585479299388432
17,0.44451111111111113,0.007840791263438469,0.10161524000000001,-0.017994124539220068
17,0.44451111111111113,0.007643765077365995,0.10161524000000001,-0.01841988513309101
17,0.44451111111111113,0.0073688117408549966,0.10161524000000001,-0.018873128727217612
17,0.44451111111111113,0.007078213054800482,0.10161524000000001,-0.01926063519826062
17,0.44451111111111113,0.00691443812082446,0.10161524000000001,-0.019460904322890236
17,0.44451111111111113,0.006715871029946837,0.10161524000000001,-0.019673443790418833
17,0.44451111111111113,0.006580399798569243,0.10161524000000001,-0.01979247603604595
17,0.44451111111111113,0.006486637060710559,0.10161524000000001,-0.019861171288357043
17,0.44451111111111113,0.006422038540526572,0.10161524000000001,-0.019901767320488182
17,0.44451111111111113,0.00630936,0.10161524000000001,-0.01995932
17,0.44451111111111113,0.006067644952787401,0.10161524000000001,-0.020026753272208854
17,0.44451111111111113,0.005997751890145389,0.10161524000000001,-0.02003358913235647
17,0.44451111111111113,0.0058920500447151225,0.10161524000000001,-0.02003524016067641
17,0.44451111111111113,0.005733115211893815,0.10161524000000001,-0.020020037734208768
17,0.44451111111111113,0.0054976120970326395,0.10161524000000001,-0.01996058421308217
17,0.44451111111111113,0.005317045297348896,0.10161524000000001,-0.019881755997056938
17,0.44451111111111113,0.0050608393015306044,0.10161524000000001,-0.01968709416523322
17,0.44451111111111113,0.004831111696780226,0.10161524000000001,-0.019411839197145935
17,0.44451111111111113,0.004622509165643405,0.10161524000000001,-0.01912913393220761
17,0.44451111111111113,0.00443369685425849,0.10161524000000001,-0.018839449140731483
17,0.44451111111111113,0.004267213007468471,0.10161524000000001,-0.018541889645834062
17,0.44451111111111113,0.003976374110764487,0.10161524000000001,-0.017931912859638355
17,0.44451111111111113,0.003706402418178061,0.10161524000000001,-0.01731457672085667
17,0.44451111111111113,0.0034533388745058846,0.10161524000000001,-0.016691277491440747
17,0.44451111111111113,0.0032158284008277967,0.10161524000000001,-0.01606249307458734
17,0.44451111111111113,0.0029916108468553207,0.10161524000000001,-0.01542902057003136
17,0.44451111111111113,0.002778506962534017,0.10161524000000001,-0.01479162854597357
17,0.44451111111111113,0.00257439311672035,0.10161524000000001,-0.01415106595518501
17,0.44451111111111113,0.002377241747298705,0.10161524000000001,-0.013508047869239948
17,0.44451111111111113,0.002185414624529783,0.10161524000000001,-0.012863152051704619
17,0.44451111111111113,0.0019973948690253443,0.10161524000000001,-0.012216913468844053
17,0.44451111111111113,0.001811655488867892,0.10161524000000001,-0.011569870653365054
17,0.44451111111111113,0.0016266694921399337,0.10161524000000001,-0.010922562137974424
17,0.44451111111111113,0.0014411627001553462,0.10161524000000001,-0.010275437294334788
17,0.44451111111111113,0.0012550238750923242,0.10161524000000001,-0.009628535353305583
17,0.44451111111111113,0.0010684653800652234,0.10161524000000001,-0.008981781419609702
17,0.44451111111111113,0.0008816945219237687,0.10161524000000001,-0.008335102381190928
17,0.44451111111111113,0.0006949287200469405,0.10161524000000001,-0.007688421559551267
17,0.44451111111111113,0.0005083348311674474,0.10161524000000001,-0.007041680108401572
17,0.44451111111111113,0.00032191791154991597,0.10161524000000001,-0.006394876244520956
17,0.44451111111111113,0.00013560717348956065,0.10161524000000001,-0.005748034933001788
17,0.44451111111111113,-5.0642889395265817e-05,0.10161524000000001,-0.005101172222832018
17,0.44451111111111113,-0.00023689295228009142,0.10161524000000001,-0.004454309512662248
17,0.44451111111111113,-0.0004231935778111918,0.10161524000000001,-0.0038074646347013123
17,0.44451111111111113,-0.0006095397097239394,0.10161524000000001,-0.0031606358057283297
17,0.44451111111111113,-0.0007959161792244528,0.10161524000000001,-0.002513817676080641
17,0.44451111111111113,-0.0009823027612542185,0.10161524000000001,-0.001867003112874726
17,0.44451111111111113,-0.0011686943995486134,0.10161524000000001,-0.001220190332889691
17,0.44451111111111113,-0.001355070869049126,0.10161524000000001,-0.0005733722032420091
17,0.44451111111111113,-0.0015414372260203826,0.10161524000000001,7.344949284744315e-05
17,0.44451111111111113,-0.0017277985267270136,0.10161524000000001,0.0007202729721577754
17,0.44451111111111113,-0.0019141497149043896,0.10161524000000001,0.0013671000179098745
17,0.44451111111111113,-0.0021005059593463913,0.10161524000000001,0.0020139252804410937
17,0.44451111111111113,-0.002286862203788393,0.10161524000000001,0.002660750542972313
17,0.44451111111111113,-0.002473223504495024,0.10161524000000001,0.0033075740222826486
17,0.44451111111111113,-0.002659584805201653,0.10161524000000001,0.003954397501592981
17,0.44451111111111113,-0.002845946105908284,0.10161524000000001,0.0046012209809033165
17,0.44451111111111113,-0.0030323074066149133,0.10161524000000001,0.005248044460213649
17,0.44451111111111113,-0.0032186687073215443,0.10161524000000001,0.005894867939523981
17,0.44451111111111113,-0.0034050300080281735,0.10161524000000001,0.006541691418834317
17,0.44451111111111113,-0.0035913913087348044,0.10161524000000001,0.007188514898144652
17,0.44451111111111113,-0.003777752609441432,0.10161524000000001,0.007835338377454988
17,0.44451111111111113,-0.003964113910148063,0.10161524000000001,0.00848216185676532
17,0.44451111111111113,-0.004150475210854692,0.10161524000000001,0.009128985336075656
17,0.44451111111111113,-0.004336836511561323,0.10161524000000001,0.009775808815385988
17,0.44451111111111113,-0.004523197812267952,0.10161524000000001,0.01042263229469632
17,0.44451111111111113,-0.00461638099075358,0.10161524000000001,0.010746043142741045
17,0.44451111111111113,-0.004709564169239211,0.10161524000000001,0.011069453990785773
17,0.44451111111111113,-0.004802742291460211,0.10161524000000001,0.01139286662205138
17,0.44451111111111113,-0.004895920413681212,0.10161524000000001,0.011716279253316992
18,0.4664888888888889,-0.004720760693622685,0.10663936,0.011208892538362138
18,0.4664888888888889,-0.004499940032238245,0.10663936,0.010937240541493653
18,0.4664888888888889,-0.004279372565775514,0.10663936,0.010665502648767294
18,0.4664888888888889,-0.004059350442221066,0.10663936,0.010393579749577823
18,0.4664888888888889,-0.003840151202162163,0.10663936,0.010121377688850266
18,0.4664888888888889,-0.003405263367016462,0.10663936,0.00957578258828887
18,0.4664888888888889,-0.002975682886960352,0.10663936,0.00902838697839898
18,0.4664888888888889,-0.002551205258403224,0.10663936,0.008479260236604249
18,0.4664888888888889,-0.002131611370355142,0.10663936,0.007928476695858618
18,0.4664888888888889,-0.0017169693906796393,0.10663936,0.007376013230354195
18,0.4664888888888889,-0.001307454608168672,0.10663936,0.006821810373727838
18,0.4664888888888889,-0.0009032325733479623,0.10663936,0.006265811963303235
18,0.4664888888888889,-0.0005044542293439177,0.10663936,0.005707966791934364
18,0.4664888888888889,-0.00011125591188360703,0.10663936,0.005148228608005439
18,0.4664888888888889,0.00027628934203632275,0.10663936,0.004586572633865145
18,0.4664888888888889,0.0006581182336854461,0.10663936,0.004022977395549018
18,0.4664888888888889,0.0010341723334664462,0.10663936,0.0034574230709360117
18,0.4664888888888889,0.0014044126883144435,0.10663936,0.002889896445278761
18,0.4664888888888889,0.0017687321773010257,0.10663936,0.0023203611780220103
18,0.4664888888888889,0.002126668232780772,0.10663936,0.0017486603440407915
18,0.4664888888888889,0.0024776560353129513,0.10663936,0.0011746023294983247
18,0.4664888888888889,0.0028211307654568405,0.10663936,0.0005979955205578057
18,0.4664888888888889,0.003156547080304147,0.10663936,1.8654910756130128e-05
18,0.4664888888888889,0.0034833937208783544,0.10663936,-0.0005635929434658835
18,0.4664888888888889,0.003801529482319277,0.10663936,-0.0011487959455674136
18,0.4664888888888889,0.004110915411562043,0.10663936,-0.0017369673102958436
18,0.4664888888888889,0.004411541770340425,0.10663936,-0.0023281103413380043
18,0.4664888888888889,0.004703374474722664,0.10663936,-0.002922236601597846
18,0.4664888888888889,0.004986311272913449,0.10663936,-0.0035193807797872026
18,0.4664888888888889,0.005259777607205835,0.10663936,-0.004119737793429699
18,0.4664888888888889,0.005522984678036051,0.10663936,-0.004723575241159489
18,0.4664888888888889,0.0057751582932396486,0.10663936,-0.005331155766080453
18,0.4664888888888889,0.006015514522385965,0.10663936,-0.0059427453149833165
18,0.4664888888888889,0.006243430116436956,0.10663936,-0.006558555323825915
18,0.4664888888888889,0.0064594358109015815,0.10663936,-0.007178405741675404
18,0.4664888888888889,0.006664529778067332,0.10663936,-0.007801957940630547
18,0.4664888888888889,0.00685971505935481,0.10663936,-0.008428871640946701
18,0.4664888888888889,0.007045984957918397,0.10663936,-0.009058809866566046
18,0.4664888888888889,0.007223806910536628,0.10663936,-0.009691614040520203
18,0.4664888888888889,0.007390001373288857,0.10663936,-0.010328362816562853
18,0.4664888888888889,0.007539855025324876,0.10663936,-0.010970655179125178
18,0.4664888888888889,0.007668562032265399,0.10663936,-0.011620121497663345
18,0.4664888888888889,0.00777118996227028,0.10663936,-0.012278435089562468
18,0.4664888888888889,0.007843220259813705,0.10663936,-0.012947128865516902
18,0.4664888888888889,0.007883771611802814,0.10663936,-0.01362650180918578
18,0.4664888888888889,0.007893321193282359,0.10663936,-0.014316392039913884
18,0.4664888888888889,0.007869716847417845,0.10663936,-0.015017529672493136
18,0.4664888888888889,0.00780683320475725,0.10663936,-0.0157319927259467
18,0.4664888888888889,0.007697936254209838,0.10663936,-0.016462065699725324
18,0.4664888888888889,0.007535167214936524,0.10663936,-0.017210414669109927
18,0.4664888888888889,0.0074223792213087515,0.10663936,-0.017595242717943656
18,0.4664888888888889,0.007277201754235147,0.10663936,-0.01799105882921149
18,0.4664888888888889,0.007085290347574485,0.10663936,-0.01840272933363064
18,0.4664888888888889,0.006818335861426876,0.10663936,-0.018839858048848714
18,0.4664888888888889,0.006536750482966052,0.10663936,-0.019212637273609535
18,0.4664888888888889,0.006378165981352737,0.10663936,-0.019405062721848967
18,0.4664888888888889,0.006186076974811465,0.10663936,-0.019608854504665835
18,0.4664888888888889,0.006055184085874589,0.10663936,-0.019722572639435797
18,0.4664888888888889,0.005964673778723886,0.10663936,-0.01978793457082853
18,0.4664888888888889,0.005902357182732089,0.10663936,-0.019826403595870824
18,0.4664888888888889,0.0057937399999999995,0.10663936,-0.01988058
18,0.4664888888888889,0.005561079643072075,0.10663936,-0.01994218130122358
18,0.4664888888888889,0.005493882167478528,0.10663936,-0.019947649659326924
18,0.4664888888888889,0.0053923100425840335,0.10663936,-0.019947451299035072
18,0.4664888888888889,0.0052396927870745685,0.10663936,-0.019929913399275374
18,0.4664888888888889,0.005013776454412918,0.10663936,-0.019867929070433728
18,0.4664888888888889,0.004840763252988335,0.10663936,-0.019787997462826813
18,0.4664888888888889,0.004595781100432001,0.10663936,-0.019593855192947835
18,0.4664888888888889,0.004376732803499499,0.10663936,-0.01932160192507424
18,0.4664888888888889,0.0041780277446993915,0.10663936,-0.019042447255389203
18,0.4664888888888889,0.003998380472890714,0.10663936,-0.018756827270555776
18,0.4664888888888889,0.003840235292894543,0.10663936,-0.018463912745176794
18,0.4664888888888889,0.003564514549972357,0.10663936,-0.01786432053503805
18,0.4664888888888889,0.00330888871939397,0.10663936,-0.017257911167102322
18,0.4664888888888889,0.0030695452699344753,0.10663936,-0.01664597803476797
18,0.4664888888888889,0.002845179273920467,0.10663936,-0.01602896383207172
18,0.4664888888888889,0.002633614228851903,0.10663936,-0.015407606933022608
18,0.4664888888888889,0.0024327515383584957,0.10663936,-0.014782619282134923
18,0.4664888888888889,0.0022405461665341636,0.10663936,-0.014154694653645342
18,0.4664888888888889,0.0020550455910019107,0.10663936,-0.013524495436765534
18,0.4664888888888889,0.0018746722126341889,0.10663936,-0.012892556828763793
18,0.4664888888888889,0.0016979652914980835,0.10663936,-0.012259374382666305
18,0.4664888888888889,0.00152345434939446,0.10663936,-0.01162544695518611
18,0.4664888888888889,0.0013496689081241861,0.10663936,-0.01099127340303624
18,0.4664888888888889,0.0011753819461436093,0.10663936,-0.010357269990758698
18,0.4664888888888889,0.0010004863425243189,0.10663936,-0.009723473058908734
18,0.4664888888888889,0.0008251866008569218,0.10663936,-0.009089813230062685
18,0.4664888888888889,0.0006496823555989161,0.10663936,-0.0084562227786403
18,0.4664888888888889,0.00047418297947402106,0.10663936,-0.007822630675374496
18,0.4664888888888889,0.00029884915387485503,0.10663936,-0.007188982409432389
18,0.4664888888888889,0.0001236857479345304,0.10663936,-0.006555276328970561
18,0.4664888888888889,-5.13754062104908e-05,0.10663936,-0.005921535559796898
18,0.4664888888888889,-0.00022637813075819437,0.10663936,-0.005287774968502192
18,0.4664888888888889,-0.0004013808553058997,0.10663936,-0.00465401437720748
18,0.4664888888888889,-0.0005764322711847023,0.10663936,-0.004020270304346974
18,0.4664888888888889,-0.0007515275092614898,0.10663936,-0.003386541098077258
18,0.4664888888888889,-0.0009266519621369384,0.10663936,-0.0027528218028680627
18,0.4664888888888889,-0.001101786153278603,0.10663936,-0.002119105811345716
18,0.4664888888888889,-0.0012769252135533806,0.10663936,-0.0014853914716667811
18,0.4664888888888889,-0.0014520496664288274,0.10663936,-0.0008516721764575894
18,0.4664888888888889,-0.0016271643810380557,0.10663936,-0.00021794957756155267
18,0.4664888888888889,-0.0018022742265141741,0.10663936,0.00041577467317789954
18,0.4664888888888889,-0.001977374333724073,0.10663936,0.0010495022276042001
18,0.4664888888888889,-0.002152479310067081,0.10663936,0.0016832281301870748
18,0.4664888888888889,-0.002327584286410088,0.10663936,0.0023169540327699495
18,0.4664888888888889,-0.0025026941318862074,0.10663936,0.002950678283509405
18,0.4664888888888889,-0.002677803977362327,0.10663936,0.0035844025342488643
18,0.4664888888888889,-0.0028529138228384444,0.10663936,0.00421812678498832
18,0.4664888888888889,-0.003028023668314562,0.10663936,0.004851851035727772
18,0.4664888888888889,-0.0032031335137906796,0.10663936,0.005485575286467224
18,0.4664888888888889,-0.003378243359266799,0.10663936,0.006119299537206687
18,0.4664888888888889,-0.0035533532047429166,0.10663936,0.006753023787946139
18,0.4664888888888889,-0.003728463050219036,0.10663936,0.007386748038685595
18,0.4664888888888889,-0.0039035728956951536,0.10663936,0.00802047228942505
18,0.4664888888888889,-0.004078682741171271,0.10663936,0.00865419654016451
18,0.4664888888888889,-0.004253792586647389,0.10663936,0.009287920790903959
18,0.4664888888888889,-0.004428902432123508,0.10663936,0.009921645041643414
18,0.4664888888888889,-0.004516459789428121,0.10663936,0.01023850634109143
18,0.4664888888888889,-0.004604017146732736,0.10663936,0.010555367640539451
18,0.4664888888888889,-0.004691569634904239,0.10663936,0.01087223059183089
18,0.4664888888888889,-0.004779122123075745,0.10663936,0.011189093543122329
19,0.4884666666666667,-0.004615575038893302,0.11166348000000001,0.010662476488739255
19,0.4884666666666667,-0.004405157673369358,0.11166348000000001,0.010394326470586825
19,0.4884666666666667,-0.00419498409769482,0.11166348000000001,0.010126096908535834
19,0.4884666666666667,-0.00398533560784977,0.11166348000000001,0.00985769602116484
19,0.4884666666666667,-0.0037764794350152835,0.11166348000000001,0.009589036616123502
19,0.4884666666666667,-0.003362147329373637,0.11166348000000001,0.009050614899293367
19,0.4884666666666667,-0.0029529254340368224,0.11166348000000001,0.008510525819974014
19,0.4884666666666667,-0.0025486168418187814,0.11166348000000001,0.007968833625160432
19,0.4884666666666667,-0.0021490105807344517,0.11166348000000001,0.007425607150918688
19,0.4884666666666667,-0.0017541722865125195,0.11166348000000001,0.006880824981583791
19,0.4884666666666667,-0.0013642707367410353,0.11166348000000001,0.0063344320483028835
19,0.4884666666666667,-0.0009794653324753776,0.11166348000000001,0.005786376341603821
19,0.4884666666666667,-0.0005999014099719261,0.11166348000000001,0.005236610441085542
19,0.4884666666666667,-0.00022571024068804638,0.11166348000000001,0.0046850915154180404
19,0.4884666666666667,0.00014303785138123672,0.11166348000000001,0.004131796619245957
19,0.4884666666666667,0.0005062819187735728,0.11166348000000001,0.0035767058665946566
19,0.4884666666666667,0.0008639657022929455,0.11166348000000001,0.003019800901179856
19,0.4884666666666667,0.0012160516958086764,0.11166348000000001,0.0024610694854786917
19,0.4884666666666667,0.0015624367574614013,0.11166348000000001,0.0019004779663033163
19,0.4884666666666667,0.0019026755019493258,0.11166348000000001,0.0013378810230697952
19,0.4884666666666667,0.002236224090377622,0.11166348000000001,0.0007731012116967105
19,0.4884666666666667,0.002562538683851465,0.11166348000000001,0.00020596108810264427
19,0.4884666666666667,0.002881094196541366,0.11166348000000001,-0.0003637106730323969
19,0.4884666666666667,0.003191398360482181,0.11166348000000001,-0.0009360746891959107
19,0.4884666666666667,0.0034933152159502025,0.11166348000000001,-0.0015111753214082438
19,0.4884666666666667,0.0037868072568147553,0.11166348000000001,-0.0020890248071922662
19,0.4884666666666667,0.004071865106543168,0.11166348000000001,-0.0026696262059286886
19,0.4884666666666667,0.0043484559472711,0.11166348000000001,-0.0032529902254500066
19,0.4884666666666667,0.00461648132540552,0.11166348000000001,-0.003839148989253721
19,0.4884666666666667,0.004875388025518933,0.11166348000000001,-0.004428283000801966
19,0.4884666666666667,0.005124416548465117,0.11166348000000001,-0.0050206400699325925
19,0.4884666666666667,0.005362821459896853,0.11166348000000001,-0.005616463417412376
19,0.4884666666666667,0.005589847948934252,0.11166348000000001,-0.006215999323388802
19,0.4884666666666667,0.005804895917486473,0.11166348000000001,-0.006819443588227588
19,0.4884666666666667,0.006008476386584001,0.11166348000000001,-0.007426629475679805
19,0.4884666666666667,0.0062015504508254465,0.11166348000000001,-0.008037243399222248
19,0.4884666666666667,0.006385083893075761,0.11166348000000001,-0.008650970242641366
19,0.4884666666666667,0.006560033119667227,0.11166348000000001,-0.009267497949104307
19,0.4884666666666667,0.006726848204167973,0.11166348000000001,-0.00988667966833679
19,0.4884666666666667,0.00688246770866144,0.11166348000000001,-0.010509514288141994
19,0.4884666666666667,0.007022353391335626,0.11166348000000001,-0.01113748254878558
19,0.4884666666666667,0.007141877933318175,0.11166348000000001,-0.011772094254649989
19,0.4884666666666667,0.007236292120812029,0.11166348000000001,-0.01241489898206695
19,0.4884666666666667,0.00730124524265858,0.11166348000000001,-0.01306731628368784
19,0.4884666666666667,0.007335888722651245,0.11166348000000001,-0.01372962303346729
19,0.4884666666666667,0.007340682010890825,0.11166348000000001,-0.014401669321750306
19,0.4884666666666667,0.00731355289365738,0.11166348000000001,-0.015084131271674718
19,0.4884666666666667,0.007248603531901846,0.11166348000000001,-0.015778933233709744
19,0.4884666666666667,0.007139350053283323,0.11166348000000001,-0.016488190769619233
19,0.4884666666666667,0.006978225595937594,0.11166348000000001,-0.017214372799639516
19,0.4884666666666667,0.00686742639353903,0.11166348000000001,-0.017587329552607684
19,0.4884666666666667,0.006725440843481991,0.11166348000000001,-0.01797046180583119
19,0.4884666666666667,0.006538457313144426,0.11166348000000001,-0.018368276027102004
19,0.4884666666666667,0.006279218222056343,0.11166348000000001,-0.018789665836156225
19,0.4884666666666667,0.00600633186849001,0.11166348000000001,-0.019148147457688093
19,0.4884666666666667,0.005852757766519821,0.11166348000000001,-0.01933297775701882
19,0.4884666666666667,0.005666923703900507,0.11166348000000001,-0.019528333855696654
19,0.4884666666666667,0.005540452750433346,0.11166348000000001,-0.019636959898921235
19,0.4884666666666667,0.0054530844227418575,0.11166348000000001,-0.019699147001646624
19,0.4884666666666667,0.0053929725736592965,0.11166348000000001,-0.019735600588020548
19,0.4884666666666667,0.005288279999999999,0.11166348000000001,-0.0197866
19,0.4884666666666667,0.005064371986259626,0.11166348000000001,-0.0198428165851487
19,0.4884666666666667,0.004999780639105293,0.11166348000000001,-0.019847051232582902
19,0.4884666666666667,0.004902201548158893,0.11166348000000001,-0.019845208884754193
19,0.4884666666666667,0.004755693506021356,0.11166348000000001,-0.019825650592261296
19,0.4884666666666667,0.004539049280338673,0.11166348000000001,-0.019761615351358574
19,0.4884666666666667,0.00437334306838259,0.11166348000000001,-0.01968096002472611
19,0.4884666666666667,0.004139221547448282,0.11166348000000001,-0.019487905237170942
19,0.4884666666666667,0.0039305107108701725,0.11166348000000001,-0.019219198411728533
19,0.4884666666666667,0.003741387451038472,0.11166348000000001,-0.018944100539974223
19,0.4884666666666667,0.003570614065640818,0.11166348000000001,-0.018663015460162278
19,0.4884666666666667,0.0034205440643772338,0.11166348000000001,-0.01837517526773344
19,0.4884666666666667,0.0031594666969508513,0.11166348000000001,-0.017786749502820526
19,0.4884666666666667,0.002917737804687807,0.11166348000000001,-0.017192010705803916
19,0.4884666666666667,0.0026916864750480265,0.11166348000000001,-0.016592156624233214
19,0.4884666666666667,0.002480056252653807,0.11166348000000001,-0.015987597215124112
19,0.4884666666666667,0.0022807514824535347,0.11166348000000001,-0.015379016250066234
19,0.4884666666666667,0.0020917515216569496,0.11166348000000001,-0.01476707302560348
19,0.4884666666666667,0.0019110872984034752,0.11166348000000001,-0.014152410011685827
19,0.4884666666666667,0.0017368788178928935,0.11166348000000001,-0.013535640614146468
19,0.4884666666666667,0.0015676070818327597,0.11166348000000001,-0.0129172604526611
19,0.4884666666666667,0.00140186561032266,0.11166348000000001,-0.012297728434336842
19,0.4884666666666667,0.001238238546929513,0.11166348000000001,-0.011677506525661538
19,0.4884666666666667,0.0010753100352202394,0.11166348000000001,-0.011057056693123032
19,0.4884666666666667,0.0009118986320784898,0.11166348000000001,-0.010436764418691303
19,0.4884666666666667,0.0007479011956449018,0.11166348000000001,-0.009816663355554207
19,0.4884666666666667,0.0005835146331055335,0.11166348000000001,-0.009196689256716756
19,0.4884666666666667,0.0004189311633801063,0.11166348000000001,-0.008576779404874299
19,0.4884666666666667,0.00025435238192101414,0.11166348000000001,-0.007956868023341484
19,0.4884666666666667,8.993300151730315e-05,0.11166348000000001,-0.00733690463233653
19,0.4884666666666667,-7.43222895646942e-05,0.11166348000000001,-0.006716887702169078
19,0.4884666666666667,-0.0002384791270536625,0.11166348000000001,-0.006096838648504124
19,0.4884666666666667,-0.0004025797053466137,0.11166348000000001,-0.005476771238554891
19,0.4884666666666667,-0.0005666802836395658,0.11166348000000001,-0.004856703828605653
19,0.4884666666666667,-0.000730827744595864,0.11166348000000001,-0.0042366517155599855
19,0.4884666666666667,-0.0008950173999491759,0.11166348000000001,-0.0036166133697275345
19,0.4884666666666667,-0.0010592351849004955,0.11166348000000001,-0.002996584202037224
19,0.4884666666666667,-0.0012234623463844825,0.11166348000000001,-0.002376558093727634
19,0.4884666666666667,-0.0013876941961348064,0.11166348000000001,-0.0017565335151083945
19,0.4884666666666667,-0.001551911981086126,0.11166348000000001,-0.0011365043474180839
19,0.4884666666666667,-0.0017161203895047755,0.11166348000000001,-0.0005164721203470592
19,0.4884666666666667,-0.0018803241096570916,0.11166348000000001,0.00010356163641432603
19,0.4884666666666667,-0.0020445184532767377,0.11166348000000001,0.0007235984525564218
19,0.4884666666666667,-0.0022087174851627162,0.11166348000000001,0.0013436337390081536
19,0.4884666666666667,-0.0023729165170486973,0.11166348000000001,0.0019636690254598924
19,0.4884666666666667,-0.0025371202372010127,0.11166348000000001,0.002583702782221274
19,0.4884666666666667,-0.002701323957353327,0.11166348000000001,0.003203736538982656
19,0.4884666666666667,-0.0028655276775056433,0.11166348000000001,0.0038237702957440375
19,0.4884666666666667,-0.0030297313976579594,0.11166348000000001,0.004443804052505419
19,0.4884666666666667,-0.003193935117810274,0.11166348000000001,0.005063837809266794
19,0.4884666666666667,-0.0033581388379625883,0.11166348000000001,0.005683871566028176
19,0.4884666666666667,-0.0035223425581149045,0.11166348000000001,0.0063039053227895575
19,0.4884666666666667,-0.003686546278267219,0.11166348000000001,0.006923939079550939
19,0.4884666666666667,-0.003850749998419535,0.11166348000000001,0.007543972836312321
19,0.4884666666666667,-0.0040149537185718495,0.11166348000000001,0.008164006593073703
19,0.4884666666666667,-0.004179157438724164,0.11166348000000001,0.008784040349835077
19,0.4884666666666667,-0.00434336115887648,0.11166348000000001,0.00940407410659646
19,0.4884666666666667,-0.004425465363085806,0.11166348000000001,0.009714090220131973
19,0.4884666666666667,-0.0045075695672951305,0.11166348000000001,0.010024106333667487
19,0.4884666666666667,-0.004589669083238119,0.11166348000000001,0.010334123976893352
19,0.4884666666666667,-0.004671768599181111,0.11166348000000001,0.010644141620119223
20,0.5104444444444445,-0.004522481688012499,0.1166876,0.010100931594515701
20,0.5104444444444445,-0.004322213486141963,0.1166876,0.009836763273582134
20,0.5104444444444445,-0.004122179738235788,0.1166876,0.009572521375408555
20,0.5104444444444445,-0.003922650968099001,0.1166876,0.009308121003179567
20,0.5104444444444445,-0.00372388417334638,0.1166876,0.009043481504920525
20,0.5104444444444445,-0.0033296013782315803,0.1166876,0.008513182331670716
20,0.5104444444444445,-0.0029402330989081555,0.1166876,0.007981340866274469
20,0.5104444444444445,-0.002555589968712582,0.1166876,0.007448016536502549
20,0.5104444444444445,-0.0021754690947910858,0.1166876,0.006913273014966519
20,0.5104444444444445,-0.001799933599364847,0.1166876,0.0063770904924094485
20,0.5104444444444445,-0.0014291457967168788,0.1166876,0.005839418030742092
20,0.5104444444444445,-0.001063258983670031,0.1166876,0.005300207521769067
20,0.5104444444444445,-0.0007024129308569049,0.1166876,0.004759415102135744
20,0.5104444444444445,-0.0003467338827198461,0.1166876,0.004217001153328265
20,0.5104444444444445,3.7105297898886933e-06,0.1166876,0.0036729444511427907
20,0.5104444444444445,0.0003488616931812084,0.1166876,0.003127226601269302
20,0.5104444444444445,0.0006886655026931065,0.1166876,0.002579830624344734
20,0.5104444444444445,0.001023085888484915,0.1166876,0.002030745200793691
20,0.5104444444444445,0.001352023658494786,0.1166876,0.0014799392017838635
20,0.5104444444444445,0.001675050483364758,0.1166876,0.0009272782073575306
20,0.5104444444444445,0.001991643350405107,0.1166876,0.0003725980836715853
20,0.5104444444444445,0.0023012792469261083,0.1166876,-0.000184265303117076
20,0.5104444444444445,0.0026034531951583746,0.1166876,-0.0007434704270638734
20,0.5104444444444445,0.002897691778443101,0.1166876,-0.0013051658575957553
20,0.5104444444444445,0.0031838642436078576,0.1166876,-0.0018693926281734934
20,0.5104444444444445,0.0034619345208119767,0.1166876,-0.002436162058372486
20,0.5104444444444445,0.003731893592595286,0.1166876,-0.0030054769780865735
20,0.5104444444444445,0.003993709897847201,0.1166876,-0.003577347291944224
20,0.5104444444444445,0.004247288753235962,0.1166876,-0.004151802713830817
20,0.5104444444444445,0.004492098128611677,0.1166876,-0.004729010207483314
20,0.5104444444444445,0.004727407609700765,0.1166876,-0.005309198994303299
20,0.5104444444444445,0.004952500308419896,0.1166876,-0.005892594050851581
20,0.5104444444444445,0.005166650319225575,0.1166876,-0.006479423183582815
20,0.5104444444444445,0.0053692805246670725,0.1166876,-0.007069867505703195
20,0.5104444444444445,0.005560882376323526,0.1166876,-0.007663772787998072
20,0.5104444444444445,0.005742380163862119,0.1166876,-0.008260848966348162
20,0.5104444444444445,0.005914702685680121,0.1166876,-0.00886080456168726
20,0.5104444444444445,0.006078769722714632,0.1166876,-0.009463350924842998
20,0.5104444444444445,0.006235014113053702,0.1166876,-0.010068352220910735
20,0.5104444444444445,0.006380491655952588,0.1166876,-0.01067673241023142
20,0.5104444444444445,0.006510837900690146,0.1166876,-0.011289861161426846
20,0.5104444444444445,0.006621602730673638,0.1166876,-0.011909135027110353
20,0.5104444444444445,0.006708218802328142,0.1166876,-0.012535987348515288
20,0.5104444444444445,0.006766502014135867,0.1166876,-0.013171731196386517
20,0.5104444444444445,0.006795636285951641,0.1166876,-0.013816622676117163
20,0.5104444444444445,0.006796063473323677,0.1166876,-0.014470523122908736
20,0.5104444444444445,0.006765790717554926,0.1166876,-0.01513405794330136
20,0.5104444444444445,0.006699146036199928,0.1166876,-0.015809007140524595
20,0.5104444444444445,0.006589893855552751,0.1166876,-0.01649732758617343
20,0.5104444444444445,0.0064307570852580945,0.1166876,-0.017201303004582138
20,0.5104444444444445,0.006322109645435114,0.1166876,-0.017562416413968596
20,0.5104444444444445,0.006183470133094505,0.1166876,-0.017932942050289138
20,0.5104444444444445,0.00600155582940931,0.1166876,-0.018317048347179933
20,0.5104444444444445,0.005750152977672149,0.1166876,-0.018722961806053304
20,0.5104444444444445,0.005486043737011334,0.1166876,-0.01906745938167111
20,0.5104444444444445,0.005337514216954617,0.1166876,-0.01924487838553791
20,0.5104444444444445,0.005157960125191076,0.1166876,-0.019432033639184238
20,0.5104444444444445,0.005035914098099344,0.1166876,-0.019535738041137774
20,0.5104444444444445,0.00495168239644697,0.1166876,-0.019594873681402454
20,0.5104444444444445,0.004893767955407048,0.1166876,-0.01962939947555419
20,0.5104444444444445,0.00479298,0.1166876,-0.01967738
20,0.5104444444444445,0.004577751063831502,0.1166876,-0.01972857310541135
20,0.5104444444444445,0.0045157377933716675,0.1166876,-0.019731683484473635
20,0.5104444444444445,0.004422104601947087,0.1166876,-0.01972836608538794
20,0.5104444444444445,0.004281625311177816,0.1166876,-0.019707048382993017
20,0.5104444444444445,0.004074113942704841,0.1166876,-0.019641363492821896
20,0.5104444444444445,0.003915589926592663,0.1166876,-0.01956030520432865
20,0.5104444444444445,0.0036921070610679194,0.1166876,-0.019368825648788928
20,0.5104444444444445,0.003493480036947898,0.1166876,-0.019104142287175264
20,0.5104444444444445,0.0033136904871181126,0.1166876,-0.018833547277315874
20,0.5104444444444445,0.003151548106836432,0.1166876,-0.018557414165198512
20,0.5104444444444445,0.0030093162786049388,0.1166876,-0.018275032647467666
20,0.5104444444444445,0.0027624193612004124,0.1166876,-0.017698480274240678
20,0.5104444444444445,0.002534129972851846,0.1166876,-0.017116088415061046
20,0.5104444444444445,0.002320917777903603,0.1166876,-0.016528964973369756
20,0.5104444444444445,0.0021215744366932156,0.1166876,-0.01593748915494226
20,0.5104444444444445,0.0019340845468732147,0.1166876,-0.015342293441053293
20,0.5104444444444445,0.0017565048457774688,0.1166876,-0.014743987673826814
20,0.5104444444444445,0.0015869416667707694,0.1166876,-0.014143166130970632
20,0.5104444444444445,0.001423587009089503,0.1166876,-0.013540396206201007
20,0.5104444444444445,0.0012649800441865075,0.1166876,-0.0129361363423211
20,0.5104444444444445,0.0011097681530366347,0.1166876,-0.012330811023407915
20,0.5104444444444445,0.0009565896991545692,0.1166876,-0.0117248475634323
20,0.5104444444444445,0.0008040830460549946,0.1166876,-0.011118673276365112
20,0.5104444444444445,0.0006511119937567837,0.1166876,-0.010512644728831025
20,0.5104444444444445,0.0004975773501980961,0.1166876,-0.009906793049662355
20,0.5104444444444445,0.0003436684820424503,0.1166876,-0.009301058811088324
20,0.5104444444444445,0.00018957024722328353,0.1166876,-0.008695384000285073
20,0.5104444444444445,3.547652113420046e-05,0.1166876,-0.0080897077745349
20,0.5104444444444445,-0.00011846390813203232,0.1166876,-0.007483983440589334
20,0.5104444444444445,-0.0002722465318453311,0.1166876,-0.0068782095835014465
20,0.5104444444444445,-0.0004259344722268698,0.1166876,-0.006272406012528171
20,0.5104444444444445,-0.000579568307847402,0.1166876,-0.005666585462191816
20,0.5104444444444445,-0.0007332021434679351,0.1166876,-0.0050607649118554615
20,0.5104444444444445,-0.0008868810663893055,0.1166876,-0.004454958510988339
20,0.5104444444444445,-0.0010406005678814303,0.1166876,-0.0038491648446435274
20,0.5104444444444445,-0.0011943471217540592,0.1166876,-0.003243379667980252
20,0.5104444444444445,-0.0013481026930868539,0.1166876,-0.002637597321210834
20,0.5104444444444445,-0.001501862773149734,0.1166876,-0.0020318163893883294
20,0.5104444444444445,-0.001655609327022363,0.1166876,-0.0014260312127250575
20,0.5104444444444445,-0.0018093468634348226,0.1166876,-0.0008202432061679421
20,0.5104444444444445,-0.0019630798911171995,0.1166876,-0.0002144537846638997
20,0.5104444444444445,-0.002116803901339408,0.1166876,0.0003913384667339932
20,0.5104444444444445,-0.0022705324202917003,0.1166876,0.0009971293031849557
20,0.5104444444444445,-0.0024242609392439943,0.1166876,0.0016029201396359216
20,0.5104444444444445,-0.0025779939669263703,0.1166876,0.0022087095611399606
20,0.5104444444444445,-0.0027317269946087472,0.1166876,0.002814498982644003
20,0.5104444444444445,-0.002885460022291124,0.1166876,0.0034202884041480454
20,0.5104444444444445,-0.003039193049973501,0.1166876,0.004026077825652088
20,0.5104444444444445,-0.003192926077655878,0.1166876,0.004631867247156127
20,0.5104444444444445,-0.0033466591053382547,0.1166876,0.005237656668660166
20,0.5104444444444445,-0.0035003921330206316,0.1166876,0.005843446090164215
20,0.5104444444444445,-0.0036541251607030067,0.1166876,0.006449235511668254
20,0.5104444444444445,-0.0038078581883853853,0.1166876,0.007055024933172296
20,0.5104444444444445,-0.003961591216067762,0.1166876,0.007660814354676339
20,0.5104444444444445,-0.004115324243750137,0.1166876,0.008266603776180378
20,0.5104444444444445,-0.004269057271432514,0.1166876,0.00887239319768442
20,0.5104444444444445,-0.0043459260396387445,0.1166876,0.00917528720096298
20,0.5104444444444445,-0.004422794807844975,0.1166876,0.009478181204241536
20,0.5104444444444445,-0.004499659067321121,0.1166876,0.009781076622467022
20,0.5104444444444445,-0.004576523326797268,0.1166876,0.010083972040692502
21,0.5324222222222222,-0.0044422647101978975,0.12171172,0.00952211892432836
21,0.5324222222222222,-0.0042518307834765795,0.12171172,0.009262446391769662
21,0.5324222222222222,-0.004061622159845361,0.12171172,0.00900270583491037
21,0.5324222222222222,-0.003871898804408196,0.12171172,0.008742818764172863
21,0.5324222222222222,-0.003682907684013842,0.12171172,0.008482710614458412
21,0.5324222222222222,-0.0033080493572243607,0.12171172,0.007961551131938537
21,0.5324222222222222,-0.0029379137298234407,0.12171172,0.007438965755425367
21,0.5324222222222222,-0.002572318826238309,0.12171172,0.006915009427623225
21,0.5324222222222222,-0.0022110696726409997,0.12171172,0.006389741015715319
21,0.5324222222222222,-0.0018542269275557697,0.12171172,0.005863142205466885
21,0.5324222222222222,-0.0015019465700449935,0.12171172,0.00533516590313134
21,0.5324222222222222,-0.00115437591366758,0.12171172,0.004805767631281384
21,0.5324222222222222,-0.0008116492737272416,0.12171172,0.004274906836968576
21,0.5324222222222222,-0.00047388796727248963,0.12171172,0.003742546891723361
21,0.5324222222222222,-0.00014115698557931513,0.12171172,0.003208668173151342
21,0.5324222222222222,0.0001864873455797592,0.12171172,0.0026732536751773693
21,0.5324222222222222,0.0005089930331839397,0.12171172,0.002136287699885917
21,0.5324222222222222,0.0008263254152193686,0.12171172,0.001597759781999969
21,0.5324222222222222,0.0011383891711479232,0.12171172,0.0010576411420077404
21,0.5324222222222222,0.0014447726895550086,0.12171172,0.0005158075047446767
21,0.5324222222222222,0.0017449733712396396,0.12171172,-2.7892876305952996e-05
21,0.5324222222222222,0.002038488617000831,0.12171172,-0.0005736117476608515
21,0.5324222222222222,0.002324833158644529,0.12171172,-0.0011214956231982362
21,0.5324222222222222,0.0026035520572388077,0.12171172,-0.0016716818596789265
21,0.5324222222222222,0.002874519662983421,0.12171172,-0.002224208393732101
21,0.5324222222222222,0.0031377013138645083,0.12171172,-0.0027790856906347756
21,0.5324222222222222,0.0033930883443786053,0.12171172,-0.003336316366706213
21,0.5324222222222222,0.003640650425263581,0.12171172,-0.003895909579063786
21,0.5324222222222222,0.003880296568733053,0.12171172,-0.004457892799059671
21,0.5324222222222222,0.00411151551008257,0.12171172,-0.005022420389529832
21,0.5324222222222222,0.004333605343531448,0.12171172,-0.005589704272333828
21,0.5324222222222222,0.004545877161554199,0.12171172,-0.006159952444852334
21,0.5324222222222222,0.0047476333911218695,0.12171172,-0.006733375520785269
21,0.5324222222222222,0.004938319440012685,0.12171172,-0.007310140944564884
21,0.5324222222222222,0.005118407578165502,0.12171172,-0.007890106126791844
21,0.5324222222222222,0.005288786019685507,0.12171172,-0.008473002894742636
21,0.5324222222222222,0.005450347311429621,0.12171172,-0.009058561767534131
21,0.5324222222222222,0.0056039753347513,0.12171172,-0.00964651588060244
21,0.5324222222222222,0.005750086033816877,0.12171172,-0.010236739650623381
21,0.5324222222222222,0.005885850121744945,0.12171172,-0.010830087305833312
21,0.5324222222222222,0.006007073494858326,0.12171172,-0.011427825144751047
21,0.5324222222222222,0.006109479727196919,0.12171172,-0.012031244320928317
21,0.5324222222222222,0.006188679741255575,0.12171172,-0.012641670000067148
21,0.5324222222222222,0.00624065274342642,0.12171172,-0.013260316154301288
21,0.5324222222222222,0.006264614505645849,0.12171172,-0.013887419560523199
21,0.5324222222222222,0.0062609896375836575,0.12171172,-0.014522852019089446
21,0.5324222222222222,0.006227863062974026,0.12171172,-0.015167191736555112
21,0.5324222222222222,0.006159784180137313,0.12171172,-0.01582208437773081
21,0.5324222222222222,0.0060507607934273,0.12171172,-0.01648933912738051
21,0.5324222222222222,0.0058937998415475295,0.12171172,-0.017171067355142
21,0.5324222222222222,0.0057873752833080844,0.12171172,-0.0175203684445363
21,0.5324222222222222,0.00565212926054322,0.12171172,-0.0178783714117686
21,0.5324222222222222,0.005475297486648627,0.12171172,-0.018248930095099678
21,0.5324222222222222,0.005231689343050827,0.12171172,-0.018639650134600214
21,0.5324222222222222,0.004976274286467823,0.12171172,-0.018970501156188143
21,0.5324222222222222,0.004832734883345312,0.12171172,-0.01914070668225872
21,0.5324222222222222,0.004659381815550611,0.12171172,-0.01931991365472185
21,0.5324222222222222,0.004541695777502869,0.12171172,-0.01941887963940299
21,0.5324222222222222,0.004460549918935313,0.12171172,-0.019475096383422916
21,0.5324222222222222,0.004404795027580419,0.12171172,-0.019507788546765464
21,0.5324222222222222,0.004307839999999999,0.12171172,-0.01955292
21,0.5324222222222222,0.0041011124586407734,0.12171172,-0.0195994774550134
21,0.5324222222222222,0.00404162048665959,0.12171172,-0.0196015810295862
21,0.5324222222222222,0.003951843622126845,0.12171172,-0.019596969874687016
21,0.5324222222222222,0.0038172508577907984,0.12171172,-0.019574172792440527
21,0.5324222222222222,0.0036186458548431574,0.12171172,-0.01950726870762569
21,0.5324222222222222,0.00346711619947048,0.12171172,-0.01942615146846481
21,0.5324222222222222,0.003253970152680549,0.12171172,-0.019236770061566065
21,0.5324222222222222,0.0030651133475899078,0.12171172,-0.018976621358903184
21,0.5324222222222222,0.002894358779238172,0.12171172,-0.018711007165319204
21,0.5324222222222222,0.002740562601167928,0.12171172,-0.01844027283495562
21,0.5324222222222222,0.0026058998547489535,0.12171172,-0.018163761671679737
21,0.5324222222222222,0.0023726748493472314,0.12171172,-0.01759983975911682
21,0.5324222222222222,0.0021573311103460498,0.12171172,-0.017030519071773775
21,0.5324222222222222,0.0019564760931387645,0.12171172,-0.016456823898638444
21,0.5324222222222222,0.001768948620261032,0.12171172,-0.015879104826490836
21,0.5324222222222222,0.0015928119516883691,0.12171172,-0.015297946602684163
21,0.5324222222222222,0.0014261986714240145,0.12171172,-0.014713913044017611
21,0.5324222222222222,0.0012672890237402663,0.12171172,-0.014127553577534467
21,0.5324222222222222,0.0011143455751923418,0.12171172,-0.013539392775245112
21,0.5324222222222222,0.0009659645142188712,0.12171172,-0.012949854480868654
21,0.5324222222222222,0.0008208460153000664,0.12171172,-0.012359331142293158
21,0.5324222222222222,0.0006776815874126752,0.12171172,-0.011768217823725936
21,0.5324222222222222,0.0005351627395334454,0.12171172,-0.01117690958937431
21,0.5324222222222222,0.0003921976182257548,0.12171172,-0.010585736095464253
21,0.5324222222222222,0.00024869090295148635,0.12171172,-0.009994726121507555
21,0.5324222222222222,0.00010482456928341023,0.12171172,-0.00940382472479989
21,0.5324222222222222,-3.922373995743616e-05,0.12171172,-0.008812978270796553
21,0.5324222222222222,-0.0001832677164465505,0.12171172,-0.008222130508633588
21,0.5324222222222222,-0.0003271643793767544,0.12171172,-0.007631238269043312
21,0.5324222222222222,-0.0004709093959963176,0.12171172,-0.007040300243866092
21,0.5324222222222222,-0.0006145634248294956,0.12171172,-0.006449334747336707
21,0.5324222222222222,-0.0007581654606418813,0.12171172,-0.005858353552891804
21,0.5324222222222222,-0.0009017674964542678,0.12171172,-0.0052673723584468965
21,0.5324222222222222,-0.00104541285978398,0.12171172,-0.004676404245598261
21,0.5324222222222222,-0.0011890972178792867,0.12171172,-0.0040854479061862604
21,0.5324222222222222,-0.0013328075724849883,0.12171172,-0.0034944994157320303
21,0.5324222222222222,-0.0014765265925941549,0.12171172,-0.0029035535415970516
21,0.5324222222222222,-0.0016202499454550543,0.12171172,-0.0023126089756216987
21,0.5324222222222222,-0.0017639603000607568,0.12171172,-0.0017216604851674616
21,0.5324222222222222,-0.0019076619891629926,0.12171172,-0.0011307093783939764
21,0.5324222222222222,-0.002051359345513498,0.12171172,-0.0005397569634608586
21,0.5324222222222222,-0.002195048036360536,0.12171172,5.1198067791507346e-05
21,0.5324222222222222,-0.002338741059959306,0.12171172,0.0006421517908842475
21,0.5324222222222222,-0.0024824340835580784,0.12171172,0.0012331055139769911
21,0.5324222222222222,-0.002626131439908581,0.12171172,0.0018240579289101055
21,0.5324222222222222,-0.002769828796259086,0.12171172,0.0024150103438432165
21,0.5324222222222222,-0.0029135261526095886,0.12171172,0.0030059627587763343
21,0.5324222222222222,-0.003057223508960094,0.12171172,0.0035969151737094487
21,0.5324222222222222,-0.003200920865310597,0.12171172,0.00418786758864256
21,0.5324222222222222,-0.0033446182216611007,0.12171172,0.004778820003575674
21,0.5324222222222222,-0.0034883155780116052,0.12171172,0.005369772418508792
21,0.5324222222222222,-0.00363201293436211,0.12171172,0.005960724833441906
21,0.5324222222222222,-0.0037757102907126144,0.12171172,0.006551677248375021
21,0.5324222222222222,-0.003919407647063117,0.12171172,0.007142629663308135
21,0.5324222222222222,-0.00406310500341362,0.12171172,0.0077335820782412495
21,0.5324222222222222,-0.004206802359764125,0.12171172,0.00832453449317436
21,0.5324222222222222,-0.004278653204315243,0.12171172,0.008620010046561107
21,0.5324222222222222,-0.004350504048866361,0.12171172,0.008915485599947853
21,0.5324222222222222,-0.004422350560665746,0.12171172,0.009210962461494221
21,0.5324222222222222,-0.004494197072465132,0.12171172,0.009506439323040593
22,0.5544,-0.00437865327261624,0.12673584,0.008928995606281801
22,0.5544,-0.004197728387330424,0.12673584,0.008674322095519705
22,0.5544,-0.0040170198358862735,0.12673584,0.008419585714312828
22,0.5544,-0.0038367772342549444,0.12673584,0.008164713919840277
22,0.5544,-0.0036572377176090297,0.12673584,0.0079096377964222
22,0.5544,-0.003301158236237232,0.12673584,0.007398613826688279
22,0.5544,-0.002949613445008059,0.12673584,0.006886271995708071
22,0.5544,-0.002602428612741702,0.12673584,0.006372663083456194
22,0.5544,-0.002259416527459797,0.12673584,0.005857841497048332
22,0.5544,-0.0019206354328889469,0.12673584,0.005341790309826271
22,0.5544,-0.0015862350986118432,0.12673584,0.004824465996097479
22,0.5544,-0.0012563569736788066,0.12673584,0.0043058274482634384
22,0.5544,-0.0009311300263416,0.12673584,0.0037858371858666973
22,0.5544,-0.0006106707440534276,0.12673584,0.003264461355590831
22,0.5544,-0.00029504153080707864,0.12673584,0.0027416818217306065
22,0.5544,1.570352993703018e-05,0.12673584,0.0022174828666748497
22,0.5544,0.0003215145149846701,0.12673584,0.0016918499818593634
22,0.5544,0.0006223581422063512,0.12673584,0.0011647734949080356
22,0.5544,0.0009181428857459846,0.12673584,0.000636226806786537
22,0.5544,0.0012084735203159117,0.12673584,0.00010609505802844713
22,0.5544,0.0014928674550385682,0.12673584,-0.0004257620008199653
22,0.5544,0.0017708420990363897,0.12673584,-0.0009594846192124383
22,0.5544,0.0020419315024965564,0.12673584,-0.001495208210414642
22,0.5544,0.002305698837469549,0.12673584,-0.002033059724363146
22,0.5544,0.0025620234562359766,0.12673584,-0.00257307422342138
22,0.5544,0.0028108720766663537,0.12673584,-0.00311526137996547
22,0.5544,0.0030522363782283066,0.12673584,-0.0036596236120894424
22,0.5544,0.0032860872390585347,0.12673584,-0.004206169383122406
22,0.5544,0.003512337293567134,0.12673584,-0.00475492408305167
22,0.5544,0.0037304956303441696,0.12673584,-0.005306030379424995
22,0.5544,0.003939888286267526,0.12673584,-0.005859684137858808
22,0.5544,0.004139853779013646,0.12673584,-0.006416077596828485
22,0.5544,0.0043297223057266005,0.12673584,-0.006975405412903427
22,0.5544,0.004508961352334597,0.12673584,-0.007537822344101551
22,0.5544,0.004678024387851895,0.12673584,-0.008103196604298224
22,0.5544,0.004837764266846604,0.12673584,-0.008671280338855386
22,0.5544,0.004989038004153019,0.12673584,-0.009241824484087958
22,0.5544,0.005132694294073062,0.12673584,-0.009814582394404893
22,0.5544,0.00526913252216058,0.12673584,-0.010389438001292753
22,0.5544,0.005395636034596181,0.12673584,-0.0109671808124523
22,0.5544,0.005508177693711922,0.12673584,-0.011548981185393995
22,0.5544,0.005602651316782324,0.12673584,-0.01213603244952159
22,0.5544,0.0056748425541610775,0.12673584,-0.012729559369461222
22,0.5544,0.005720890678827671,0.12673584,-0.013330683940842757
22,0.5544,0.005740042682602461,0.12673584,-0.013939625001175902
22,0.5544,0.005732706271571662,0.12673584,-0.014556264063853191
22,0.5544,0.005697042608081109,0.12673584,-0.01518113552765523
22,0.5544,0.005627818077268949,0.12673584,-0.01581576037372682
22,0.5544,0.005519279031000088,0.12673584,-0.01646181071408962
22,0.5544,0.005364710799650495,0.12673584,-0.017121237950625756
22,0.5544,0.005260595047209774,0.12673584,-0.017458749317616703
22,0.5544,0.005128805204100487,0.12673584,-0.017804303265351054
22,0.5544,0.0049570851261389855,0.12673584,-0.01816146164633483
22,0.5544,0.004721247025720484,0.12673584,-0.018537253859912912
22,0.5544,0.004474457626768742,0.12673584,-0.01885477801757414
22,0.5544,0.0043358613146496135,0.12673584,-0.019017957954197355
22,0.5544,0.0041686382109053476,0.12673584,-0.019189457343330395
22,0.5544,0.004055251633940771,0.12673584,-0.019283860187382866
22,0.5544,0.003977143375266592,0.12673584,-0.01933728517891852
22,0.5544,0.00392351167321413,0.12673584,-0.019368234175426713
22,0.5544,0.0038303199999999995,0.12673584,-0.01941068
22,0.5544,0.0036319186162448087,0.12673584,-0.019452976280704096
22,0.5544,0.003574891398018673,0.12673584,-0.019454186725746385
22,0.5544,0.0034888813159255133,0.12673584,-0.01944845742990323
22,0.5544,0.0033600322339502183,0.12673584,-0.019424452557342854
22,0.5544,0.0031701048061678434,0.12673584,-0.019356747436348673
22,0.5544,0.003025378670495209,0.12673584,-0.01927590601953713
22,0.5544,0.0028222602430396145,0.12673584,-0.019089133042259943
22,0.5544,0.0026428496946454636,0.12673584,-0.018834019438384406
22,0.5544,0.002480820738375978,0.12673584,-0.018573854436080436
22,0.5544,0.0023350750639580826,0.12673584,-0.018308957223759977
22,0.5544,0.0022077011250170955,0.12673584,-0.018038720859821524
22,0.5544,0.001987616584995991,0.12673584,-0.017488174352216116
22,0.5544,0.0017847014635240716,0.12673584,-0.016932638107580035
22,0.5544,0.001595698272177783,0.12673584,-0.016373058809725984
22,0.5544,0.0014194920596193035,0.12673584,-0.015809760483253967
22,0.5544,0.0012542231868635408,0.12673584,-0.015243283572179665
22,0.5544,0.0010980985791843732,0.12673584,-0.014674149175766517
22,0.5544,0.0009493709247837255,0.12673584,-0.014102865093760799
22,0.5544,0.0008063719569210534,0.12673584,-0.013529916154015505
22,0.5544,0.0006677537493521286,0.12673584,-0.012955694087763474
22,0.5544,0.0005322682222211814,0.12673584,-0.01238056160910919
22,0.5544,0.00039865897514007294,0.12673584,-0.011804883850251167
22,0.5544,0.0002656696077206629,0.12673584,-0.01122902594338792
22,0.5544,0.0001322517328841053,0.12673584,-0.01065329256836721
22,0.5544,-1.6861752256893021e-06,0.12673584,-0.010077710324223367
22,0.5544,-0.00013596938542891285,0.12673584,-0.009502228430981767
22,0.5544,-0.00027042732681194356,0.12673584,-0.008926797317714794
22,0.5544,-0.0004048811079287889,0.12673584,-0.008351364995400805
22,0.5544,-0.0005391934399953126,0.12673584,-0.007775891565488309
22,0.5544,-0.000673360162745332,0.12673584,-0.007200375818930288
22,0.5544,-0.0008074395199054465,0.12673584,-0.006624834682384954
22,0.5544,-0.0009414689538713304,0.12673584,-0.006049279037275443
22,0.5544,-0.0010754983878372144,0.12673584,-0.00547372339216593
22,0.5544,-0.0012095694244649573,0.12673584,-0.0048981798375265645
22,0.5544,-0.0013436779034883728,0.12673584,-0.004322647164310335
22,0.5544,-0.0014778113441089049,0.12673584,-0.003747121745376194
22,0.5544,-0.0016119531052618068,0.12673584,-0.00317159874453609
22,0.5544,-0.0017460990266808959,0.12673584,-0.0025960769527429914
22,0.5544,-0.001880232467301428,0.12673584,-0.0020205515338088537
22,0.5544,-0.0020143575873895875,0.12673584,-0.001445023696780682
22,0.5544,-0.002148478547211561,0.12673584,-0.0008694946507054983
22,0.5544,-0.0022825911865011627,0.12673584,-0.0002939631865362842
22,0.5544,-0.0024167079860569498,0.12673584,0.00028156706858591465
22,0.5544,-0.0025508247856127378,0.12673584,0.0008570973237081135
22,0.5544,-0.002684945745434711,0.12673584,0.0014326263697833005
22,0.5544,-0.0028190667052566845,0.12673584,0.002008155415858477
22,0.5544,-0.002953187665078658,0.12673584,0.0025836844619336642
22,0.5544,-0.003087308624900632,0.12673584,0.003159213508008848
22,0.5544,-0.0032214295847226046,0.12673584,0.003734742554084028
22,0.5544,-0.003355550544544579,0.12673584,0.004310271600159215
22,0.5544,-0.003489671504366552,0.12673584,0.0048858006462343985
22,0.5544,-0.0036237924641885255,0.12673584,0.0054613296923095855
22,0.5544,-0.0037579134240104998,0.12673584,0.006036858738384769
22,0.5544,-0.003892034383832473,0.12673584,0.006612387784459956
22,0.5544,-0.004026155343654445,0.12673584,0.007187916830535136
22,0.5544,-0.00416027630347642,0.12673584,0.00776344587661032
22,0.5544,-0.0042273388635205005,0.12673584,0.008051209795124407
22,0.5544,-0.004294401423564579,0.12673584,0.008338973713638492
22,0.5544,-0.004361459823342474,0.12673584,0.008626738841199594
22,0.5544,-0.004428518223120367,0.12673584,0.00891450396876069
23,0.5763777777777779,-0.004324740850578875,0.13175996,0.008322119441258588
23,0.5763777777777779,-0.004152938615133866,0.13175996,0.008072950332183554
23,0.5763777777777779,-0.003981344044155639,0.13175996,0.007823723090528364
23,0.5763777777777779,-0.0038101967504904836,0.13175996,0.00757437064023898
23,0.5763777777777779,-0.0036397243663423705,0.13175996,0.007324829259064084
23,0.5763777777777779,-0.0033016589457490323,0.13175996,0.006824940466131701
23,0.5763777777777779,-0.002967946491863252,0.13175996,0.006323833124884454
23,0.5763777777777779,-0.002638419275692625,0.13175996,0.005821554188560157
23,0.5763777777777779,-0.002312897587602439,0.13175996,0.0053181539641993375
23,0.5763777777777779,-0.001991437337256825,0.13175996,0.0048136168007227136
23,0.5763777777777779,-0.001674182292363558,0.13175996,0.004307902452497878
23,0.5763777777777779,-0.0013612682335355322,0.13175996,0.0038009729097608774
23,0.5763777777777779,-0.0010528189607433313,0.13175996,0.003292793516550461
23,0.5763777777777779,-0.0007489462933152218,0.13175996,0.0027833329707080794
23,0.5763777777777779,-0.000449710134462775,0.13175996,0.002272574503220229
23,0.5763777777777779,-0.00015516240030268805,0.13175996,0.001760503580941871
23,0.5763777777777779,0.00013464898659578403,0.13175996,0.0012471067886621959
23,0.5763777777777779,0.00041969207785313295,0.13175996,0.000732375182907339
23,0.5763777777777779,0.0006998790154257215,0.13175996,0.0002162841691241528
23,0.5763777777777779,0.0009748304123069289,0.13175996,-0.00030127245643957537
23,0.5763777777777779,0.0012440830169939314,0.13175996,-0.000820424374154971
23,0.5763777777777779,0.0015071735779839078,0.13175996,-0.0013413012643931597
23,0.5763777777777779,0.0017636548179637847,0.13175996,-0.0018640283357883244
23,0.5763777777777779,0.0020131074144525618,0.13175996,-0.002388722971435022
23,0.5763777777777779,0.0022554155545745323,0.13175996,-0.0029154175914260193
23,0.5763777777777779,0.002490547289950194,0.13175996,-0.003444121139235208
23,0.5763777777777779,0.002718494633484667,0.13175996,-0.003974835850731044
23,0.5763777777777779,0.0029392296303458864,0.13175996,-0.004507569551453164
23,0.5763777777777779,0.0031526684160376513,0.13175996,-0.005042345718020478
23,0.5763777777777779,0.0033583397519622612,0.13175996,-0.005579296266672581
23,0.5763777777777779,0.0035555966834347427,0.13175996,-0.006118602302755351
23,0.5763777777777779,0.003743804236412432,0.13175996,-0.0066604415778119645
23,0.5763777777777779,0.0039223194497577905,0.13175996,-0.007204994079254068
23,0.5763777777777779,0.004090631149398741,0.13175996,-0.007752402902663592
23,0.5763777777777779,0.004249174632006037,0.13175996,-0.008302546193209049
23,0.5763777777777779,0.004398768574804492,0.13175996,-0.008855194774372502
23,0.5763777777777779,0.004540235648566364,0.13175996,-0.009410118351701786
23,0.5763777777777779,0.004674390536969029,0.13175996,-0.009967088866613204
23,0.5763777777777779,0.004801616620566546,0.13175996,-0.010525998997420303
23,0.5763777777777779,0.00491930611288182,0.13175996,-0.011087578755177775
23,0.5763777777777779,0.005023593259994746,0.13175996,-0.01165291030022396
23,0.5763777777777779,0.005110536430583895,0.13175996,-0.012223097033647639
23,0.5763777777777779,0.005176090161094444,0.13175996,-0.012799271422827677
23,0.5763777777777779,0.005216548439503815,0.13175996,-0.013382470910733066
23,0.5763777777777779,0.005231188433725706,0.13175996,-0.01397289784346012
23,0.5763777777777779,0.0052204015114090535,0.13175996,-0.014570442663453932
23,0.5763777777777779,0.005182422524586207,0.13175996,-0.01517559949764585
23,0.5763777777777779,0.005112227590580005,0.13175996,-0.015789774707302022
23,0.5763777777777779,0.005004293633283518,0.13175996,-0.016414514395467827
23,0.5763777777777779,0.004852175067131615,0.13175996,-0.017051622907996656
23,0.5763777777777779,0.004750359399853474,0.13175996,-0.01737738728110212
23,0.5763777777777779,0.004621978655016925,0.13175996,-0.017710588152730973
23,0.5763777777777779,0.00445526784186925,0.13175996,-0.018054518957136067
23,0.5763777777777779,0.00422700847560519,0.13175996,-0.01841567936395285
23,0.5763777777777779,0.0039886111248833315,0.13175996,-0.018720225230652796
23,0.5763777777777779,0.0038548200271834934,0.13175996,-0.01887658309569316
23,0.5763777777777779,0.0036935493295619155,0.13175996,-0.019040633466196465
23,0.5763777777777779,0.003584332161736464,0.13175996,-0.019130659706759593
23,0.5763777777777779,0.003509166792385989,0.13175996,-0.019181427393509764
23,0.5763777777777779,0.0034575907174875607,0.13175996,-0.019210728478440166
23,0.5763777777777779,0.0033680399999999997,0.13175996,-0.01925066
23,0.5763777777777779,0.0031776829775493646,0.13175996,-0.019289084488888865
23,0.5763777777777779,0.0031230346841411,0.13175996,-0.019289519336643936
23,0.5763777777777779,0.0030406586006049736,0.13175996,-0.019282853037483876
23,0.5763777777777779,0.002917347475298146,0.13175996,-0.01925791963561936
23,0.5763777777777779,0.002735780112451551,0.13175996,-0.01918984168322135
23,0.5763777777777779,0.002597602642520186,0.13175996,-0.019109617375372843
23,0.5763777777777779,0.0024041217990934307,0.13175996,-0.018925969388455522
23,0.5763777777777779,0.0022337732149159,0.13175996,-0.018676393351319376
23,0.5763777777777779,0.002080109671934855,0.13175996,-0.018422146584954315
23,0.5763777777777779,0.0019420768736266335,0.13175996,-0.01816352422399807
23,0.5763777777777779,0.0018216795808051723,0.13175996,-0.01789996506546526
23,0.5763777777777779,0.0016141592324167098,0.13175996,-0.017363532120363415
23,0.5763777777777779,0.0014231202543053896,0.13175996,-0.016822485460678584
23,0.5763777777777779,0.0012454356988271602,0.13175996,-0.016277700428915843
23,0.5763777777777779,0.0010800352952686039,0.13175996,-0.015729476631449864
23,0.5763777777777779,0.0009251339279248792,0.13175996,-0.01517831378488316
23,0.5763777777777779,0.0007790103778501536,0.13175996,-0.014624693718870513
23,0.5763777777777779,0.0006399873551204143,0.13175996,-0.014069085965790127
23,0.5763777777777779,0.0005064634472129732,0.13175996,-0.013511938817269767
23,0.5763777777777779,0.0003771447447578789,0.13175996,-0.01295361448400119
23,0.5763777777777779,0.0002508331835236921,0.13175996,-0.012394448346254545
23,0.5763777777777779,0.00012632271218409978,0.13175996,-0.01183477802016844
23,0.5763777777777779,2.4072794127887563e-06,0.13175996,-0.011274941121881503
23,0.5763777777777779,-0.00012191948874464963,0.13175996,-0.010715219370820647
23,0.5763777777777779,-0.0002467454503318539,0.13175996,-0.010155637361539018
23,0.5763777777777779,-0.00037190287635642137,0.13175996,-0.009596148140798798
23,0.5763777777777779,-0.0004972280313733915,0.13175996,-0.009036705873296396
23,0.5763777777777779,-0.0006225491928429235,0.13175996,-0.008477262487859762
23,0.5763777777777779,-0.0007477345736995587,0.13175996,-0.007917781092659178
23,0.5763777777777779,-0.0008727801803958594,0.13175996,-0.007358260569760409
23,0.5763777777777779,-0.00099774192259596,0.13175996,-0.0067987165702427296
23,0.5763777777777779,-0.0011226557422268023,0.13175996,-0.006239159155514247
23,0.5763777777777779,-0.0012475695618576455,0.13175996,-0.005679601740785762
23,0.5763777777777779,-0.0013725233169628683,0.13175996,-0.005120055505399616
23,0.5763777777777779,-0.0014975130139950363,0.13175996,-0.004560519331421573
23,0.5763777777777779,-0.0016225266723118334,0.13175996,-0.004000989865048932
23,0.5763777777777779,-0.001747548317723504,0.13175996,-0.0034414626345447667
23,0.5763777777777779,-0.0018725739566826144,0.13175996,-0.002881936521974826
23,0.5763777777777779,-0.00199758761499941,0.13175996,-0.002322407055602188
23,0.5763777777777779,-0.002122593286221329,0.13175996,-0.0017628753533610805
23,0.5763777777777779,-0.002247594963895811,0.13175996,-0.0012033425331857417
23,0.5763777777777779,-0.002372588654475417,0.13175996,-0.0006438074771419333
23,0.5763777777777779,-0.0024975863386024594,0.13175996,-8.42735390323597e-05
23,0.5763777777777779,-0.0026225840227295026,0.13175996,0.0004752603990772139
23,0.5763777777777779,-0.0027475857004039855,0.13175996,0.0010347932192525562
23,0.5763777777777779,-0.002872587378078466,0.13175996,0.001594326039427895
23,0.5763777777777779,-0.002997589055752948,0.13175996,0.0021538588596032374
23,0.5763777777777779,-0.003122590733427429,0.13175996,0.002713391679778576
23,0.5763777777777779,-0.0032475924111019096,0.13175996,0.0032729244999539185
23,0.5763777777777779,-0.0033725940887763925,0.13175996,0.0038324573201292574
23,0.5763777777777779,-0.0034975957664508737,0.13175996,0.004391990140304596
23,0.5763777777777779,-0.003622597444125355,0.13175996,0.0049515229604799385
23,0.5763777777777779,-0.003747599121799836,0.13175996,0.005511055780655277
23,0.5763777777777779,-0.003872600799474319,0.13175996,0.00607058860083062
23,0.5763777777777779,-0.003997602477148799,0.13175996,0.006630121421005955
23,0.5763777777777779,-0.004122604154823281,0.13175996,0.007189654241181301
23,0.5763777777777779,-0.004185106990434241,0.13175996,0.007469420092301851
23,0.5763777777777779,-0.0042476098260452,0.13175996,0.007749185943422405
23,0.5763777777777779,-0.004310108668108721,0.13175996,0.00802895291247719
23,0.5763777777777779,-0.004372607510172244,0.13175996,0.008308719881531978
24,0.5983555555555555,-0.004283683671755871,0.13678408,0.007707228692578907
24,0.5983555555555555,-0.004120773265858361,0.13678408,0.007463982377493326
24,0.5983555555555555,-0.003958061800918178,0.13678408,0.007220682372097765
24,0.5983555555555555,-0.003795778824193776,0.13678408,0.006977266726034572
24,0.5983555555555555,-0.0036341424055806883,0.13678408,0.0067336765864639755
24,0.5983555555555555,-0.00331362796124361,0.13678408,0.006245751870524886
24,0.5983555555555555,-0.0029972836254351233,0.13678408,0.0057567017230883075
24,0.5983555555555555,-0.002684948715074308,0.13678408,0.005266569509404587
24,0.5983555555555555,-0.002376451069717325,0.13678408,0.0047754016922419845
24,0.5983555555555555,-0.0020718442503911473,0.13678408,0.0042831838165170305
24,0.5983555555555555,-0.0017712659854508474,0.13678408,0.0037898787120151413
24,0.5983555555555555,-0.0014748463516762165,0.13678408,0.0032954512735336415
24,0.5983555555555555,-0.0011827039484841218,0.13678408,0.002799869493387737
24,0.5983555555555555,-0.00089494589792851,0.13678408,0.0023031044614105142
24,0.5983555555555555,-0.0006116295868239937,0.13678408,0.0018051406900125681
24,0.5983555555555555,-0.00033280475040990427,0.13678408,0.0013059647566163943
24,0.5983555555555555,-5.85172981379346e-05,0.13678408,0.0008055642711504718
24,0.5983555555555555,0.0002112021636907894,0.13678408,0.00030393097356710627
24,0.5983555555555555,0.00047626946774816667,0.13678408,-0.000198957851264836
24,0.5983555555555555,0.0007363211642083126,0.13678408,-0.0007032002914116632
24,0.5983555555555555,0.0009909134617048809,0.13678408,-0.0012089161175648441
24,0.5983555555555555,0.0012396025688715256,0.13678408,-0.001716225100415858
24,0.5983555555555555,0.0014819599974924655,0.13678408,-0.00222524288063234
24,0.5983555555555555,0.0017175840398654042,0.13678408,-0.0027360778713401875
24,0.5983555555555555,0.0019463637481487552,0.13678408,-0.0032487600152122757
24,0.5983555555555555,0.002168268516041393,0.13678408,-0.003763297572296294
24,0.5983555555555555,0.0023832906919680334,0.13678408,-0.004279692607604161
24,0.5983555555555555,0.0025914034954151927,0.13678408,-0.004797952348677605
24,0.5983555555555555,0.0027925265848424098,0.13678408,-0.005318098478141808
24,0.5983555555555555,0.0029862085173080572,0.13678408,-0.005840252831700166
24,0.5983555555555555,0.00317182951521431,0.13678408,-0.006364582675318364
24,0.5983555555555555,0.003348781278326261,0.13678408,-0.006891252177444206
24,0.5983555555555555,0.0035164478548337244,0.13678408,-0.0074204275715374045
24,0.5983555555555555,0.0036743395439186644,0.13678408,-0.007952241018360975
24,0.5983555555555555,0.0038228733564339397,0.13678408,-0.008486579974765169
24,0.5983555555555555,0.003962833578845937,0.13678408,-0.009023232777027972
24,0.5983555555555555,0.004095008323408683,0.13678408,-0.009561986728921426
24,0.5983555555555555,0.004220178050800925,0.13678408,-0.010102631199229484
24,0.5983555555555555,0.004338710036636188,0.13678408,-0.010645067067379884
24,0.5983555555555555,0.004448106041584959,0.13678408,-0.011189968559765166
24,0.5983555555555555,0.004544662703210839,0.13678408,-0.011738335142155587
24,0.5983555555555555,0.0046246039691122485,0.13678408,-0.012291185897934655
24,0.5983555555555555,0.004684054316408947,0.13678408,-0.012849566755640873
24,0.5983555555555555,0.00471946341417017,0.13678408,-0.013414435880806054
24,0.5983555555555555,0.004730138794832913,0.13678408,-0.013985980157009137
24,0.5983555555555555,0.004716455385585986,0.13678408,-0.014564098398665947
24,0.5983555555555555,0.004676722188292105,0.13678408,-0.015149246973411246
24,0.5983555555555555,0.004606126362099009,0.13678408,-0.01574272477374398
24,0.5983555555555555,0.004499376842699318,0.13678408,-0.016345959755408222
24,0.5983555555555555,0.004350298808840604,0.13678408,-0.01696061838302504
24,0.5983555555555555,0.004251085374521201,0.13678408,-0.017274606844028952
24,0.5983555555555555,0.004126422800814469,0.13678408,-0.017595463534685482
24,0.5983555555555555,0.0039650403173302875,0.13678408,-0.017926230217555746
24,0.5983555555555555,0.0037446947947244093,0.13678408,-0.018272909882297034
24,0.5983555555555555,0.0035149721232962013,0.13678408,-0.018564677722365322
24,0.5983555555555555,0.003386131359542214,0.13678408,-0.01871433441918098
24,0.5983555555555555,0.0032309653510311283,0.13678408,-0.018871095789514323
24,0.5983555555555555,0.0031260011846295965,0.13678408,-0.018956866119843912
24,0.5983555555555555,0.003053825859547249,0.13678408,-0.019005066109442987
24,0.5983555555555555,0.003004332637112329,0.13678408,-0.01903278400512989
24,0.5983555555555555,0.00291846,0.13678408,-0.019070319999999998
24,0.5983555555555555,0.002736183181360983,0.13678408,-0.019105152347936805
24,0.5983555555555555,0.002683914278335353,0.13678408,-0.0191048980783067
24,0.5983555555555555,0.0026051661067714622,0.13678408,-0.019097429416363356
24,0.5983555555555555,0.0024873699619933987,0.13678408,-0.019071777778119303
24,0.5983555555555555,0.0023140997531076873,0.13678408,-0.01900365497952641
24,0.5983555555555555,0.0021823967269404576,0.13678408,-0.018924314003667186
24,0.5983555555555555,0.001998383419730151,0.13678408,-0.018744205488245937
24,0.5983555555555555,0.0018368656005339319,0.13678408,-0.018500583340990546
24,0.5983555555555555,0.0016913319221014324,0.13678408,-0.018252647383830072
24,0.5983555555555555,0.0015607723764954526,0.13678408,-0.018000670198338217
24,0.5983555555555555,0.0014471075091117293,0.13678408,-0.017744133466522562
24,0.5983555555555555,0.00125165423696834,0.13678408,-0.01722245716322415
24,0.5983555555555555,0.001071989990418984,0.13678408,-0.016696519707824663
24,0.5983555555555555,0.0009051191777408297,0.13678408,-0.016167129552491576
24,0.5983555555555555,0.0007500164878461125,0.13678408,-0.01563456340882243
24,0.5983555555555555,0.0006049717936593463,0.13678408,-0.015099282806981801
24,0.5983555555555555,0.0004683361807073,0.13678408,-0.01456173275703888
24,0.5983555555555555,0.0003385028181807897,0.13678408,-0.014022346911497292
24,0.5983555555555555,0.00021393756523581213,0.13678408,-0.013481539305247398
24,0.5983555555555555,9.34008666767126e-05,0.13678408,-0.012939644470220564
24,0.5983555555555555,-2.4255013788782986e-05,0.13678408,-0.01239697215820509
24,0.5983555555555555,-0.00014018546402822744,0.13678408,-0.011853834186001206
24,0.5983555555555555,-0.0002555458719091766,0.13678408,-0.011310542370409134
24,0.5983555555555555,-0.0003713003359171398,0.13678408,-0.01076735690293104
24,0.5983555555555555,-0.00048753302338021666,0.13678408,-0.010224300498698075
24,0.5983555555555555,-0.0006040832512174887,0.13678408,-0.009681329792459873
24,0.5983555555555555,-0.0007207941621356789,0.13678408,-0.009138402451472032
24,0.5983555555555555,-0.0008375012472662284,0.13678408,-0.00859547407797823
24,0.5983555555555555,-0.0009540782556169869,0.13678408,-0.008052510599281757
24,0.5983555555555555,-0.0010705213614003142,0.13678408,-0.007509510982876645
24,0.5983555555555555,-0.001186884125643182,0.13678408,-0.006966489683846352
24,0.5983555555555555,-0.0013032009804343583,0.13678408,-0.006423455994744531
24,0.5983555555555555,-0.0014195178352255345,0.13678408,-0.005880422305642707
24,0.5983555555555555,-0.001535872947893121,0.13678408,-0.005337398941600494
24,0.5983555555555555,-0.0016522624926494744,0.13678408,-0.004794384870111929
24,0.5983555555555555,-0.0017686749921316746,0.13678408,-0.00425137699365913
24,0.5983555555555555,-0.0018850951431891552,0.13678408,-0.0037083711822182546
24,0.5983555555555555,-0.0020015191200342774,0.13678408,-0.00316536640328334
24,0.5983555555555555,-0.0021179316195164767,0.13678408,-0.0026223585268305392
24,0.5983555555555555,-0.0022343364674233947,0.13678408,-0.00207934858536582
24,0.5983555555555555,-0.002350737489542672,0.13678408,-0.0015363376113951381
24,0.5983555555555555,-0.002467130860086667,0.13678408,-0.0009933245724125343
24,0.5983555555555555,-0.0025835280564183018,0.13678408,-0.0004503125659358932
24,0.5983555555555555,-0.0026999252527499375,0.13678408,9.269944054074788e-05
24,0.5983555555555555,-0.002816326274869214,0.13678408,0.0006357104145114298
24,0.5983555555555555,-0.002932727296988492,0.13678408,0.0011787213884821152
24,0.5983555555555555,-0.0030491283191077683,0.13678408,0.001721732362452797
24,0.5983555555555555,-0.0031655293412270447,0.13678408,0.002264743336423479
24,0.5983555555555555,-0.003281930363346322,0.13678408,0.0028077543103941574
24,0.5983555555555555,-0.0033983313854655975,0.13678408,0.003350765284364836
24,0.5983555555555555,-0.0035147324075848747,0.13678408,0.0038937762583355177
24,0.5983555555555555,-0.003631133429704152,0.13678408,0.004436787232306203
24,0.5983555555555555,-0.0037475344518234283,0.13678408,0.0049797982062768816
24,0.5983555555555555,-0.0038639354739427065,0.13678408,0.005522809180247567
24,0.5983555555555555,-0.003980336496061981,0.13678408,0.006065820154218242
24,0.5983555555555555,-0.004096737518181258,0.13678408,0.006608831128188927
24,0.5983555555555555,-0.004154939942134717,0.13678408,0.006880336098921285
24,0.5983555555555555,-0.004213142366088177,0.13678408,0.0071518410696536465
24,0.5983555555555555,-0.0042713409642539946,0.13678408,0.0074233470728919705
24,0.5983555555555555,-0.004329539562419812,0.13678408,0.007694853076130291
25,0.6203333333333333,-0.004252752121778005,0.1418082,0.007082520049126448
25,0.6203333333333333,-0.004098550854496891,0.1418082,0.006845589576220893
25,0.6203333333333333,-0.0039445396493321926,0.1418082,0.0066086095990303025
25,0.6203333333333333,-0.003790937808725923,0.1418082,0.006371522997225772
25,0.6203333333333333,-0.003637953669997998,0.1418082,0.006134275506494848
25,0.6203333333333333,-0.003334620676887039,0.1418082,0.005659094129080784
25,0.6203333333333333,-0.0030352716781393697,0.1418082,0.005182875065691789
25,0.6203333333333333,-0.0027397531620455746,0.1418082,0.004705658300558083
25,0.6203333333333333,-0.0024479006517741466,0.1418082,0.004227486673926348
25,0.6203333333333333,-0.002159765317894888,0.1418082,0.0037483468577198358
25,0.6203333333333333,-0.001875478741873007,0.1418082,0.0032682045797412136
25,0.6203333333333333,-0.0015951651950923133,0.1418082,0.0027870274718041037
25,0.6203333333333333,-0.0013189379838145165,0.1418082,0.0023047860217385793
25,0.6203333333333333,-0.0010468994491792216,0.1418082,0.0018214535733911512
25,0.6203333333333333,-0.0007791044167969334,0.1418082,0.0013370158466796053
25,0.6203333333333333,-0.0005156004021967561,0.1418082,0.0008514604655326698
25,0.6203333333333333,-0.00025643126586709147,0.1418082,0.0003647760058845678
25,0.6203333333333333,-1.6262481335434578e-06,0.1418082,-0.00012304514830854818
25,0.6203333333333333,0.00024873424010848346,0.1418082,-0.0006120239411672758
25,0.6203333333333333,0.0004943029699924629,0.1418082,-0.0011022508132123646
25,0.6203333333333333,0.0007346559567971652,0.1418082,-0.0015938361970796802
25,0.6203333333333333,0.0009693692158013602,0.1418082,-0.002086890525405092
25,0.6203333333333333,0.0011980333824466172,0.1418082,-0.002581520422802526
25,0.6203333333333333,0.0014202646774594085,0.1418082,-0.0030778258498475597
25,0.6203333333333333,0.0016359571046594273,0.1418082,-0.00357583441469915
25,0.6203333333333333,0.0018450814237210705,0.1418082,-0.00407555373340116
25,0.6203333333333333,0.002047630324562938,0.1418082,-0.004576985709964546
25,0.6203333333333333,0.002243578221900129,0.1418082,-0.005080137008427681
25,0.6203333333333333,0.0024328483598779357,0.1418082,-0.005585027620905679
25,0.6203333333333333,0.0026150094436937286,0.1418082,-0.006091769884045362
25,0.6203333333333333,0.0027894693567540652,0.1418082,-0.006600518022734758
25,0.6203333333333333,0.0029556469475876005,0.1418082,-0.007111423405845429
25,0.6203333333333333,0.0031129537546415956,0.1418082,-0.007624639306259916
25,0.6203333333333333,0.0032609219327064147,0.1418082,-0.008140287580679861
25,0.6203333333333333,0.003399949881218388,0.1418082,-0.008658264460507773
25,0.6203333333333333,0.003530786883521068,0.1418082,-0.009178374784619926
25,0.6203333333333333,0.003654185877998709,0.1418082,-0.00970042243988711
25,0.6203333333333333,0.0037708924929541663,0.1418082,-0.010224213217191082
25,0.6203333333333333,0.0038812576122946654,0.1418082,-0.01074965572400561
25,0.6203333333333333,0.003982894494442933,0.1418082,-0.011277371619910171
25,0.6203333333333333,0.004072265060001114,0.1418082,-0.011808282446210943
25,0.6203333333333333,0.004145761783798045,0.1418082,-0.012343327832318254
25,0.6203333333333333,0.00419968210960436,0.1418082,-0.012883472159784953
25,0.6203333333333333,0.0042306341596502145,0.1418082,-0.013429598889697952
25,0.6203333333333333,0.004237956371568859,0.1418082,-0.013981880335049423
25,0.6203333333333333,0.00422200693934892,0.1418082,-0.014540223199302165
25,0.6203333333333333,0.004181170335000881,0.1418082,-0.015105048268879045
25,0.6203333333333333,0.004110848517323808,0.1418082,-0.0156775531666759
25,0.6203333333333333,0.0040059865650292365,0.1418082,-0.016259054516273762
25,0.6203333333333333,0.0038606852424269396,0.1418082,-0.01685108885451992
25,0.6203333333333333,0.0037644613961294363,0.1418082,-0.017153245982996505
25,0.6203333333333333,0.0036439242190937737,0.1418082,-0.017461735851936614
25,0.6203333333333333,0.0034883059614169735,0.1418082,-0.01777936306948901
25,0.6203333333333333,0.0032763562164676977,0.1418082,-0.01811166259552365
25,0.6203333333333333,0.003055735501925583,0.1418082,-0.01839080173292915
25,0.6203333333333333,0.0029320696259357596,0.1418082,-0.018533849929661624
25,0.6203333333333333,0.0027832534148874172,0.1418082,-0.018683448876112906
25,0.6203333333333333,0.002682686183071453,0.1418082,-0.018765061852570278
25,0.6203333333333333,0.0026135882451588602,0.1418082,-0.018810768789015442
25,0.6203333333333333,0.002566232013588837,0.1418082,-0.018836958084445507
25,0.6203333333333333,0.00248412,0.1418082,-0.0188722
25,0.6203333333333333,0.0023100502109073043,0.1418082,-0.01890368414865004
25,0.6203333333333333,0.0022601860148909942,0.1418082,-0.018902817247024747
25,0.6203333333333333,0.002185096252218856,0.1418082,-0.018894665974822766
25,0.6203333333333333,0.002072845084221224,0.1418082,-0.018868484469536366
25,0.6203333333333333,0.0019078833612332672,0.1418082,-0.018800613289668484
25,0.6203333333333333,0.0017826336554536833,0.1418082,-0.01872239857024315
25,0.6203333333333333,0.001607983648506403,0.1418082,-0.01854621311363855
25,0.6203333333333333,0.001455112816040186,0.1418082,-0.018308936110737698
25,0.6203333333333333,0.0013175127436196746,0.1418082,-0.01806768162893477
25,0.6203333333333333,0.0011942185004999977,0.1418082,-0.01782270099767691
25,0.6203333333333333,0.0010870649171126883,0.1418082,-0.01757351631021235
25,0.6203333333333333,0.0009032115494526731,0.1418082,-0.01706721482561064
25,0.6203333333333333,0.000734442534762649,0.1418082,-0.016556984414386414
25,0.6203333333333333,0.0005778959761743095,0.1418082,-0.016043570496831756
25,0.6203333333333333,0.00043259232277998274,0.1418082,-0.01552722821041573
25,0.6203333333333333,0.00029689777138665156,0.1418082,-0.015008383101588611
25,0.6203333333333333,0.0001692369994525018,0.1418082,-0.014487445484712959
25,0.6203333333333333,4.807488988342124e-05,0.1418082,-0.013964815202091044
25,0.6203333333333333,-6.805422864139413e-05,0.1418082,-0.013440874007920982
25,0.6203333333333333,-0.00018033458930883208,0.1418082,-0.012915930351978806
25,0.6203333333333333,-0.00028986270432897025,0.1418082,-0.012390269835908994
25,0.6203333333333333,-0.00039774239599328935,0.1418082,-0.011864179965366983
25,0.6203333333333333,-0.0005050774865932692,0.1418082,-0.011337948246008221
25,0.6203333333333333,-0.0006127890463853759,0.1418082,-0.010811814583214058
25,0.6203333333333333,-0.0007209574862650156,0.1418082,-0.010285799921105097
25,0.6203333333333333,-0.0008294292945227777,0.1418082,-0.009759864275451105
25,0.6203333333333333,-0.0009380546144899513,0.1418082,-0.00923396861402734
25,0.6203333333333333,-0.0010466762794164243,0.1418082,-0.008708072000598095
25,0.6203333333333333,-0.0011551736729590876,0.1418082,-0.008182143018982475
25,0.6203333333333333,-0.0012635431400772417,0.1418082,-0.007656180717175
25,0.6203333333333333,-0.0013718358513406912,0.1418082,-0.00713019842325241
25,0.6203333333333333,-0.001480084702115737,0.1418082,-0.006604204705264044
25,0.6203333333333333,-0.001588333552890783,0.1418082,-0.006078210987275675
25,0.6203333333333333,-0.0016966189540728312,0.1418082,-0.005552226789342123
25,0.6203333333333333,-0.0018049372506211826,0.1418082,-0.005026251159457906
25,0.6203333333333333,-0.0019132774774137345,0.1418082,-0.004500281241606577
25,0.6203333333333333,-0.0020216250142876878,0.1418082,-0.003974313227766214
25,0.6203333333333333,-0.002129976206202341,0.1418082,-0.003448346165931329
25,0.6203333333333333,-0.0022383164329948936,0.1418082,-0.002922376248080002
25,0.6203333333333333,-0.002346649349706045,0.1418082,-0.0023964044262177082
25,0.6203333333333333,-0.0024549786113764968,0.1418082,-0.0018704316523499367
25,0.6203333333333333,-0.002563300562965547,0.1418082,-0.0013444569744712025
25,0.6203333333333333,-0.002671626169595299,0.1418082,-0.0008184832485979461
25,0.6203333333333333,-0.00277995177622505,0.1418082,-0.0002925095227246932
25,0.6203333333333333,-0.0028882810378955026,0.1418082,0.00023346325114308175
25,0.6203333333333333,-0.0029966102995659543,0.1418082,0.0007594360250108567
25,0.6203333333333333,-0.003104939561236406,0.1418082,0.0012854087988786282
25,0.6203333333333333,-0.0032132688229068577,0.1418082,0.0018113815727463997
25,0.6203333333333333,-0.0033215980845773085,0.1418082,0.002337354346614171
25,0.6203333333333333,-0.00342992734624776,0.1418082,0.002863327120481946
25,0.6203333333333333,-0.003538256607918212,0.1418082,0.003389299894349714
25,0.6203333333333333,-0.0036465858695886627,0.1418082,0.003915272668217489
25,0.6203333333333333,-0.0037549151312591144,0.1418082,0.004441245442085264
25,0.6203333333333333,-0.003863244392929567,0.1418082,0.004967218215953039
25,0.6203333333333333,-0.003971573654600019,0.1418082,0.005493190989820811
25,0.6203333333333333,-0.004079902916270471,0.1418082,0.006019163763688582
25,0.6203333333333333,-0.004134069374626046,0.1418082,0.006282149674619729
25,0.6203333333333333,-0.004188235832981621,0.1418082,0.006545135585550872
25,0.6203333333333333,-0.004242398636296498,0.1418082,0.0068081224484875
25,0.6203333333333333,-0.004296561439611374,0.1418082,0.007071109311424129
26,0.642311111111111,-0.004231744662548793,0.14683232,0.006453763602348367
26,0.642311111111111,-0.004085958625566192,0.14683232,0.006223559339648226
26,0.642311111111111,-0.003940353864375479,0.14683232,0.005993309449427487
26,0.642311111111111,-0.003795139543351909,0.14683232,0.005762961284547011
26,0.642311111111111,-0.0036505143686519723,0.14683232,0.005532464830224609
26,0.642311111111111,-0.0033637774778280836,0.14683232,0.005070839278457719
26,0.642311111111111,-0.003080840406487993,0.14683232,0.004608257303663012
26,0.642311111111111,-0.0028015567395690234,0.14683232,0.004144755758837881
26,0.642311111111111,-0.0025257696037897324,0.14683232,0.0036803741293366804
26,0.642311111111111,-0.0022535278041710136,0.14683232,0.003215100130826952
26,0.642311111111111,-0.0019849568393380214,0.14683232,0.0027489021750252036
26,0.642311111111111,-0.001720175235770064,0.14683232,0.0022817504285525883
26,0.642311111111111,-0.001459291061727693,0.14683232,0.0018136176903872162
26,0.642311111111111,-0.0012024019272526914,0.14683232,0.001344479391864141
26,0.642311111111111,-0.000949560123438874,0.14683232,0.0008743223711985895
26,0.642311111111111,-0.0007008109692342142,0.14683232,0.0004031352215104027
26,0.642311111111111,-0.0004561962975137596,0.14683232,-6.909258662824228e-05
26,0.642311111111111,-0.0002157439968608803,0.14683232,-0.0005423680728358984
26,0.642311111111111,2.046923912016373e-05,0.14683232,-0.0010167105410635868
26,0.642311111111111,0.0002521122335018872,0.14683232,-0.0014922033492816254
26,0.642311111111111,0.00047878060182546126,0.14683232,-0.0019689482819590307
26,0.642311111111111,0.0007000699596320624,0.14683232,-0.002447047123564812
26,0.642311111111111,0.0009155898667545462,0.14683232,-0.0029265981487587196
26,0.642311111111111,0.0011249742855362161,0.14683232,-0.0034076934900342474
26,0.642311111111111,0.001328122119862365,0.14683232,-0.003890358593508657
26,0.642311111111111,0.0015250054811496282,0.14683232,-0.004374600478800502
26,0.642311111111111,0.0017156173972521617,0.14683232,-0.00486042090081442
26,0.642311111111111,0.0018999334656595204,0.14683232,-0.005347826001716642
26,0.642311111111111,0.0020778804788403643,0.14683232,-0.005836834208005872
26,0.642311111111111,0.0022490470801900244,0.14683232,-0.00632754905905576
26,0.642311111111111,0.0024128685258953137,0.14683232,-0.006820112702142009
26,0.642311111111111,0.0025687905303618053,0.14683232,-0.007314664652183351
26,0.642311111111111,0.002716251835849233,0.14683232,-0.00781134617900316
26,0.642311111111111,0.0028548062250237185,0.14683232,-0.00831026959649829
26,0.642311111111111,0.0029848336798336417,0.14683232,-0.008811339262365952
26,0.642311111111111,0.00310704884522779,0.14683232,-0.009314375298880729
26,0.642311111111111,0.0032221698522278733,0.14683232,-0.009819196950864889
26,0.642311111111111,0.0033309078597097584,0.14683232,-0.010325625218045333
26,0.642311111111111,0.0034335975306738526,0.14683232,-0.010833575864999423
26,0.642311111111111,0.0035279624595027986,0.14683232,-0.01134362186809154
26,0.642311111111111,0.0036106281276091483,0.14683232,-0.011856612601166577
26,0.642311111111111,0.003678153781019957,0.14683232,-0.012373414109663491
26,0.642311111111111,0.0037270080278663355,0.14683232,-0.012894915252781537
26,0.642311111111111,0.003753955792477673,0.14683232,-0.013421930306272848
26,0.642311111111111,0.0037583660956552857,0.14683232,-0.013954618089007179
26,0.642311111111111,0.003740580572545421,0.14683232,-0.014492892610657256
26,0.642311111111111,0.003699058378917035,0.14683232,-0.015037141705148128
26,0.642311111111111,0.0036294140350356147,0.14683232,-0.015588469207497228
26,0.642311111111111,0.0035268263020515316,0.14683232,-0.016148088634261884
26,0.642311111111111,0.0033856686582704265,0.14683232,-0.016717416193485126
26,0.642311111111111,0.003292606409076422,0.14683232,-0.017007739101828824
26,0.642311111111111,0.0031763548028124803,0.14683232,-0.017303898822999212
26,0.642311111111111,0.00302664386865358,0.14683232,-0.017608480331528384
26,0.642311111111111,0.002823205578637512,0.14683232,-0.017926585135199617
26,0.642311111111111,0.002611754507919452,0.14683232,-0.018193326987034516
26,0.642311111111111,0.0024932908621073924,0.14683232,-0.01832990412372598
26,0.642311111111111,0.0023508395485265054,0.14683232,-0.01847251900982521
26,0.642311111111111,0.0022546640678410613,0.14683232,-0.018550106379122668
26,0.642311111111111,0.002188631767137921,0.14683232,-0.018593416749583997
26,0.642311111111111,0.002143400417271459,0.14683232,-0.018618146527740808
26,0.642311111111111,0.00206502,0.14683232,-0.01865122
26,0.642311111111111,0.00189906156624441,0.14683232,-0.018679647160786954
26,0.642311111111111,0.0018515668624874099,0.14683232,-0.018678256736866045
26,0.642311111111111,0.001780077072533309,0.14683232,-0.018669560982941133
26,0.642311111111111,0.0016732724713254595,0.14683232,-0.018643064152375946
26,0.642311111111111,0.0015164513967914931,0.14683232,-0.018575776792967333
26,0.642311111111111,0.001397506504543286,0.14683232,-0.018498955914111635
26,0.642311111111111,0.0012319597053017345,0.14683232,-0.018327105265874145
26,0.642311111111111,0.0010874425988623476,0.14683232,-0.018096581610529846
26,0.642311111111111,0.0009574903050865503,0.14683232,-0.017862391959396325
26,0.642311111111111,0.0008411825007232211,0.14683232,-0.01762476795988582
26,0.642311111111111,0.0007402691943786599,0.14683232,-0.017383269130934145
26,0.642311111111111,0.000567488541266615,0.14683232,-0.016892960540307998
26,0.642311111111111,0.00040909491109919266,0.14683232,-0.016399030703960905
26,0.642311111111111,0.00026235870877931635,0.14683232,-0.01590216666705872
26,0.642311111111111,0.00012634566676417917,0.14683232,-0.015402603586822963
26,0.642311111111111,-5.024895418682951e-07,0.14683232,-0.014900733684440276
26,0.642311111111111,-0.00011968825756774031,0.14683232,-0.014396935141860195
26,0.642311111111111,-0.0002326757879402225,0.14683232,-0.013891576489056742
26,0.642311111111111,-0.00034086299590060237,0.14683232,-0.013385009584409881
26,0.642311111111111,-0.0004453793690752574,0.14683232,-0.012877518722471
26,0.642311111111111,-0.0005472707293404625,0.14683232,-0.012369367138935834
26,0.642311111111111,-0.0006475898707183339,0.14683232,-0.011860819824404751
26,0.642311111111111,-0.000747389587230988,0.14683232,-0.011352141769478121
26,0.642311111111111,-0.0008475483692544977,0.14683232,-0.01084355409214036
26,0.642311111111111,-0.0009481429103931215,0.14683232,-0.010335076096342483
26,0.642311111111111,-0.0010490267955841808,0.14683232,-0.009826670929087096
26,0.642311111111111,-0.001150057095837919,0.14683232,-0.00931830261482911
26,0.642311111111111,-0.0012510839100187366,0.14683232,-0.008809933423118803
26,0.642311111111111,-0.0013519921977202427,0.14683232,-0.008301534398029652
26,0.642311111111111,-0.001452778472869517,0.14683232,-0.007793104662109328
26,0.642311111111111,-0.0015534915404874523,0.14683232,-0.007284656499690302
26,0.642311111111111,-0.0016541627752303355,0.14683232,-0.006776197807843448
26,0.642311111111111,-0.0017548340099732196,0.14683232,-0.006267739115996596
26,0.642311111111111,-0.0018555401054453123,0.14683232,-0.005759289198672931
26,0.642311111111111,-0.001956277575573694,0.14683232,-0.005250847178420141
26,0.642311111111111,-0.002057035962139601,0.14683232,-0.004742410422881264
26,0.642311111111111,-0.002157801320851349,0.14683232,-0.004233975422247028
26,0.642311111111111,-0.0022585701656360185,0.14683232,-0.00372554129906511
26,0.642311111111111,-0.0023593285522019256,0.14683232,-0.003217104543526231
26,0.642311111111111,-0.002460079966621991,0.14683232,-0.0027086660330827156
26,0.642311111111111,-0.0025608278949691343,0.14683232,-0.0022002266451868827
26,0.642311111111111,-0.0026615688511704375,0.14683232,-0.0016917855023864115
26,0.642311111111111,-0.00276231329344466,0.14683232,-0.0011833452370382594
26,0.642311111111111,-0.002863057735718883,0.14683232,-0.0006749049716901073
26,0.642311111111111,-0.0029638056640660278,0.14683232,-0.0001664655837942744
26,0.642311111111111,-0.003064553592413171,0.14683232,0.000341973804101562
26,0.642311111111111,-0.0031653015207603157,0.14683232,0.0008504131919973949
26,0.642311111111111,-0.0032660494491074596,0.14683232,0.0013588525798932313
26,0.642311111111111,-0.0033667973774546027,0.14683232,0.0018672919677890608
26,0.642311111111111,-0.0034675453058017475,0.14683232,0.0023757313556848937
26,0.642311111111111,-0.0035682932341488905,0.14683232,0.00288417074358073
26,0.642311111111111,-0.0036690411624960353,0.14683232,0.003392610131476563
26,0.642311111111111,-0.0037697890908431793,0.14683232,0.003901049519372396
26,0.642311111111111,-0.003870537019190324,0.14683232,0.004409488907268229
26,0.642311111111111,-0.003971284947537467,0.14683232,0.004917928295164058
26,0.642311111111111,-0.004072032875884611,0.14683232,0.005426367683059895
26,0.642311111111111,-0.004122408583094644,0.14683232,0.005680586938281652
26,0.642311111111111,-0.004172784290304676,0.14683232,0.0059348061935034085
26,0.642311111111111,-0.004223156511441788,0.14683232,0.006189026326177488
26,0.642311111111111,-0.004273528732578899,0.14683232,0.006443246458851561
27,0.6642888888888889,-0.004219769533439097,0.15185644,0.005816614467962198
27,0.6642888888888889,-0.0040821701742705515,0.15185644,0.005593543687575028
27,0.6642888888888889,-0.003944743273551788,0.15185644,0.0053704308934536225
27,0.6642888888888889,-0.003807687821801785,0.15185644,0.005147227608212332
27,0.6642888888888889,-0.0036711928600135736,0.15185644,0.004923887778334784
27,0.6642888888888889,-0.0034005941391735484,0.15185644,0.004476625581995422
27,0.6642888888888889,-0.0031336104127616445,0.15185644,0.004028482713150032
27,0.6642888888888889,-0.0028701023874145746,0.15185644,0.00357949310596856
27,0.6642888888888889,-0.0026099208202431034,0.15185644,0.0031296931184902517
27,0.6642888888888889,-0.0023531121423683273,0.15185644,0.002679071439325123
27,0.6642888888888889,-0.002099795748101635,0.15185644,0.002227598982041782
27,0.6642888888888889,-0.001850084398737113,0.15185644,0.0017752482761216846
27,0.6642888888888889,-0.001604080906042901,0.15185644,0.0013219942749155868
27,0.6642888888888889,-0.0013618781322611887,0.15185644,0.0008678143556435057
27,0.6642888888888889,-0.0011235258250217206,0.15185644,0.00041269639895904
27,0.6642888888888889,-0.0008890670989369443,0.15185644,-4.337009857137766e-05
27,0.6642888888888889,-0.000658541752110653,0.15185644,-0.0005003948324248733
27,0.6642888888888889,-0.0004319763166120451,0.15185644,-0.0009583842662528701
27,0.6642888888888889,-0.0002094437556314137,0.15185644,-0.0014173561750967685
27,0.6642888888888889,8.74086250952596e-06,0.15185644,-0.0018773873148171909
27,0.6642888888888889,0.00022219282280741396,0.15185644,-0.002338571408359736
27,0.6642888888888889,0.00043052741025889,0.15185644,-0.002801002178669994
27,0.6642888888888889,0.0006333731758951936,0.15185644,-0.003264770116867856
27,0.6642888888888889,0.0008303818863081107,0.15185644,-0.003729960058378211
27,0.6642888888888889,0.0010214573627468024,0.15185644,-0.00419659543393746
27,0.6642888888888889,0.0012065730731420719,0.15185644,-0.004664682707197025
27,0.6642888888888889,0.0013857223844766181,0.15185644,-0.005134223494069759
27,0.6642888888888889,0.0015588820811898955,0.15185644,-0.005605223450250656
27,0.6642888888888889,0.0017259825166002602,0.15185644,-0.0060776995428246956
27,0.6642888888888889,0.0018866323426870535,0.15185644,-0.006551747110650326
27,0.6642888888888889,0.002040294285049032,0.15185644,-0.007027497042668812
27,0.6642888888888889,0.0021864410188109007,0.15185644,-0.007505077803952136
27,0.6642888888888889,0.0023245385860800665,0.15185644,-0.007984619475485134
27,0.6642888888888889,0.002454162473749375,0.15185644,-0.008466225475690531
27,0.6642888888888889,0.002575674181261636,0.15185644,-0.008949807737317728
27,0.6642888888888889,0.002689753592890029,0.15185644,-0.009435200629299072
27,0.6642888888888889,0.002797083909416382,0.15185644,-0.009922237712610488
27,0.6642888888888889,0.002898341698605225,0.15185644,-0.010410754164140758
27,0.6642888888888889,0.002993845345286923,0.15185644,-0.010900672420072829
27,0.6642888888888889,0.0030814291693132536,0.15185644,-0.011392520075953903
27,0.6642888888888889,0.0031578827903113566,0.15185644,-0.011887079233605848
27,0.6642888888888889,0.003219932814244024,0.15185644,-0.012385147346022658
27,0.6642888888888889,0.0032642196178491612,0.15185644,-0.012887542873065448
27,0.6642888888888889,0.0032876654810998903,0.15185644,-0.01339501559829899
27,0.6642888888888889,0.0032896701159306264,0.15185644,-0.013907711761836666
27,0.6642888888888889,0.003270558540189034,0.15185644,-0.014425552183948578
27,0.6642888888888889,0.0032288648570519673,0.15185644,-0.014948893981375706
27,0.6642888888888889,0.0031604168986381666,0.15185644,-0.015478753563303912
27,0.6642888888888889,0.003060627933485163,0.15185644,-0.016016248333472503
27,0.6642888888888889,0.0029241451166324194,0.15185644,-0.016562682333555553
27,0.6642888888888889,0.002834513885670124,0.15185644,-0.016841110248576586
27,0.6642888888888889,0.0027228212391703496,0.15185644,-0.01712491268975371
27,0.6642888888888889,0.0025792967426512244,0.15185644,-0.0174164698967225
27,0.6642888888888889,0.0023846582148236775,0.15185644,-0.017720479328152745
27,0.6642888888888889,0.002182615766726015,0.15185644,-0.017974974024589876
27,0.6642888888888889,0.0020694760200713584,0.15185644,-0.018105173645594722
27,0.6642888888888889,0.0019335153773984537,0.15185644,-0.018240932814777566
27,0.6642888888888889,0.0018417988036564486,0.15185644,-0.018314594943520994
27,0.6642888888888889,0.0017788687885113674,0.15185644,-0.018355584963603542
27,0.6642888888888889,0.0017357827346304495,0.15185644,-0.018378911052966965
27,0.6642888888888889,0.0016611599999999999,0.15185644,-0.01840992
27,0.6642888888888889,0.001503328643376408,0.15185644,-0.018435540718974228
27,0.6642888888888889,0.001458198883685258,0.15185644,-0.018433705462627313
27,0.6642888888888889,0.0013902959491102552,0.15185644,-0.018424588515655344
27,0.6642888888888889,0.0012889054902176789,0.15185644,-0.018397970457862674
27,0.6642888888888889,0.0011401504983353412,0.15185644,-0.018331572732072487
27,0.6642888888888889,0.0010274293729314622,0.15185644,-0.018256396559696922
27,0.6642888888888889,0.000870811309621263,0.15185644,-0.018089277503161194
27,0.6642888888888889,0.0007344191596011906,0.15185644,-0.01786591262663439
27,0.6642888888888889,0.0006118833827193602,0.15185644,-0.01763917210815327
27,0.6642888888888889,0.0005023284206922642,0.15185644,-0.017409269248214704
27,0.6642888888888889,0.00040741916086202727,0.15185644,-0.017175798452692057
27,0.6642888888888889,0.00024523379127044573,0.15185644,-0.016702124968692382
27,0.6642888888888889,9.673565287597369e-05,0.15185644,-0.016225117048516195
27,0.6642888888888889,-4.06720805940649e-05,0.15185644,-0.015745407322046268
27,0.6642888888888889,-0.00016787823345777698,0.15185644,-0.01526321232160518
27,0.6642888888888889,-0.0002863652850815567,0.15185644,-0.014778893203716056
27,0.6642888888888889,-0.00039756265069340363,0.15185644,-0.014292798197599169
27,0.6642888888888889,-0.0005028632639261703,0.15185644,-0.013805266644954087
27,0.6642888888888889,-0.0006035970447483675,0.15185644,-0.013316622536308267
27,0.6642888888888889,-0.0007008385419624826,0.15185644,-0.012827127649544232
27,0.6642888888888889,-0.0007955827081634105,0.15185644,-0.012337024371590247
27,0.6642888888888889,-0.0008888311289633455,0.15185644,-0.011846556705287437
27,0.6642888888888889,-0.0009815853899744827,0.15185644,-0.011355968653476921
27,0.6642888888888889,-0.001074681251376534,0.15185644,-0.010865463821178444
27,0.6642888888888889,-0.001168191676359792,0.15185644,-0.010375059983433408
27,0.6642888888888889,-0.0012619773715609702,0.15185644,-0.009884723206071862
27,0.6642888888888889,-0.001355902360125434,0.15185644,-0.00939442036288027
27,0.6642888888888889,-0.0014498240321812485,0.15185644,-0.008904116711732253
27,0.6642888888888889,-0.0015436329429429744,0.15185644,-0.0084137855900657
27,0.6642888888888889,-0.001637325775901963,0.15185644,-0.007923426189924181
27,0.6642888888888889,-0.0017309489621793086,0.15185644,-0.007433049822697685
27,0.6642888888888889,-0.0018245323503528583,0.15185644,-0.006942663759994059
27,0.6642888888888889,-0.0019181157385264084,0.15185644,-0.00645227769729043
27,0.6642888888888889,-0.002011732291786455,0.15185644,-0.005961899714151078
27,0.6642888888888889,-0.002105378693624348,0.15185644,-0.005471529002619572
27,0.6642888888888889,-0.0021990449945141393,0.15185644,-0.004981163138826633
27,0.6642888888888889,-0.0022927179284212293,0.15185644,-0.004490798890946552
27,0.6642888888888889,-0.0023863941788369696,0.15185644,-0.004000435451022896
27,0.6642888888888889,-0.002480060479726761,0.15185644,-0.003510069587229955
27,0.6642888888888889,-0.002573720147599253,0.15185644,-0.0030197021075241623
27,0.6642888888888889,-0.0026673764989630947,0.15185644,-0.0025293338198619404
27,0.6642888888888889,-0.002761026217309638,0.15185644,-0.0020389639162868636
27,0.6642888888888889,-0.0028546792521648304,0.15185644,-0.0015485948206682178
27,0.6642888888888889,-0.002948332287020023,0.15185644,-0.001058225725049565
27,0.6642888888888889,-0.0030419886383838655,0.15185644,-0.0005678574373873431
27,0.6642888888888889,-0.0031356449897477073,0.15185644,-7.748914972512122e-05
27,0.6642888888888889,-0.00322930134111155,0.15185644,0.00041287913793710065
27,0.6642888888888889,-0.0033229576924753926,0.15185644,0.0009032474255993225
27,0.6642888888888889,-0.0034166140438392344,0.15185644,0.001393615713261541
27,0.6642888888888889,-0.0035102703952030762,0.15185644,0.0018839840009237628
27,0.6642888888888889,-0.003603926746566918,0.15185644,0.0023743522885859847
27,0.6642888888888889,-0.0036975830979307607,0.15185644,0.0028647205762482066
27,0.6642888888888889,-0.0037912394492946033,0.15185644,0.003355088863910425
27,0.6642888888888889,-0.003884895800658445,0.15185644,0.0038454571515726503
27,0.6642888888888889,-0.003978552152022287,0.15185644,0.004335825439234869
27,0.6642888888888889,-0.004072208503386129,0.15185644,0.004826193726897091
27,0.6642888888888889,-0.004119038337322375,0.15185644,0.005071377466749988
27,0.6642888888888889,-0.0041658681712586215,0.15185644,0.005316561206602885
27,0.6642888888888889,-0.004212694688686218,0.15185644,0.005561745754412213
27,0.6642888888888889,-0.004259521206113814,0.15185644,0.005806930302221538
28,0.6862666666666667,-0.00421730705192964,0.15688056,0.005181802009179757
28,0.6862666666666667,-0.004087638873568703,0.15688056,0.00496621364729526
28,0.6862666666666667,-0.003958134353761617,0.15688056,0.004750586626517252
28,0.6862666666666667,-0.0038289823293012892,0.15688056,0.00453487634043017
28,0.6862666666666667,-0.003700362195140982,0.15688056,0.004319040412939214
28,0.6862666666666667,-0.0034453911156151233,0.15688056,0.003886832537530093
28,0.6862666666666667,-0.0031938505711603966,0.15688056,0.0034538143122379815
28,0.6862666666666667,-0.002945608376021763,0.15688056,0.0030200169615537675
28,0.6862666666666667,-0.002700522902604547,0.15688056,0.0025854739402891395
28,0.6862666666666667,-0.0024586382128270927,0.15688056,0.0021501748402804714
28,0.6862666666666667,-0.0022200676087651425,0.15688056,0.0017140928976784042
28,0.6862666666666667,-0.0019849180979346773,0.15688056,0.0012772028355141143
28,0.6862666666666667,-0.0017532872460120329,0.15688056,0.0008394816071395604
28,0.6862666666666667,-0.0015252631768338963,0.15688056,0.000400908396227459
28,0.6862666666666667,-0.0013008930995984979,0.15688056,-3.852794882607327e-05
28,0.6862666666666667,-0.0010802179289442974,0.15688056,-0.00047883709274441216
28,0.6862666666666667,-0.0008632754322298762,0.15688056,-0.0009200279568106831
28,0.6862666666666667,-0.000650090787694291,0.15688056,-0.0013621064885469547
28,0.6862666666666667,-0.00044073323549493953,0.15688056,-0.0018050890436389355
28,0.6862666666666667,-0.00023550176722058952,0.15688056,-0.002249046248911299
28,0.6862666666666667,-3.476146733752622e-05,0.15688056,-0.002694064343434161
28,0.6862666666666667,0.00016112257968796482,0.15688056,-0.003140229566277639
28,0.6862666666666667,0.00035179787850912443,0.15688056,-0.003587625182750808
28,0.6862666666666667,0.0005369339647383667,0.15688056,-0.004036329254080933
28,0.6862666666666667,0.0007164395672591209,0.15688056,-0.00448636334003554
28,0.6862666666666667,0.0008902895078323333,0.15688056,-0.00493773338813671
28,0.6862666666666667,0.001058477491898239,0.15688056,-0.00539044088526496
28,0.6862666666666667,0.0012209814884976667,0.15688056,-0.00584449103550211
28,0.6862666666666667,0.0013777354047530988,0.15688056,-0.006299899451093608
28,0.6862666666666667,0.001528367861638486,0.15688056,-0.006756753857990095
28,0.6862666666666667,0.0016723689998129829,0.15688056,-0.0072151746935136315
28,0.6862666666666667,0.0018092384017753863,0.15688056,-0.007675280164665494
28,0.6862666666666667,0.0019384693554647305,0.15688056,-0.008137189965327488
28,0.6862666666666667,0.0020596590090561505,0.15688056,-0.008600999255852847
28,0.6862666666666667,0.00217315041605676,0.15688056,-0.009066627001253269
28,0.6862666666666667,0.0022795887688423196,0.15688056,-0.00953392079627553
28,0.6862666666666667,0.002379622407068475,0.15688056,-0.010002727492226143
28,0.6862666666666667,0.002473893375831108,0.15688056,-0.010472895427292149
28,0.6862666666666667,0.0025627038139988687,0.15688056,-0.010944353231208615
28,0.6862666666666667,0.00264399854780896,0.15688056,-0.01141758637046509
28,0.6862666666666667,0.0027147310103358287,0.15688056,-0.011893314495232891
28,0.6862666666666667,0.0027717948363361654,0.15688056,-0.012372271381048284
28,0.6862666666666667,0.0028120018312897364,0.15688056,-0.01285521013289427
28,0.6862666666666667,0.0028324313194662597,0.15688056,-0.013342820663331798
28,0.6862666666666667,0.0028325136432071334,0.15688056,-0.013835237535047853
28,0.6862666666666667,0.0028125572359407715,0.15688056,-0.014332387890896997
28,0.6862666666666667,0.0027711709999594302,0.15688056,-0.014834600331473984
28,0.6862666666666667,0.0027043956571718435,0.15688056,-0.015342810104625435
28,0.6862666666666667,0.0026078785195015213,0.15688056,-0.01585804538823042
28,0.6862666666666667,0.0024765398772192844,0.15688056,-0.016381506094867996
28,0.6862666666666667,0.0023905721744806843,0.15688056,-0.01664803126614129
28,0.6862666666666667,0.002283668765968544,0.15688056,-0.016919501802021664
28,0.6862666666666667,0.002146557765151166,0.15688056,-0.017198107877514003
28,0.6862666666666667,0.001960940886795933,0.15688056,-0.017488171854287814
28,0.6862666666666667,0.001768479884163407,0.15688056,-0.01773060889613394
28,0.6862666666666667,0.001660749222159153,0.15688056,-0.017854543947765707
28,0.6862666666666667,0.001531362127288433,0.15688056,-0.01798359461182401
28,0.6862666666666667,0.001444143497739238,0.15688056,-0.01805344074579136
28,0.6862666666666667,0.0013843335597732245,0.15688056,-0.018092190671511497
28,0.6862666666666667,0.0013434005220844922,0.15688056,-0.018114170649041323
28,0.6862666666666667,0.00127254,0.15688056,-0.01814322
28,0.6862666666666667,0.0011228076751711655,0.15688056,-0.018166278376839037
28,0.6862666666666667,0.0010800262152846718,0.15688056,-0.018164073166775204
28,0.6862666666666667,0.0010156791091947026,0.15688056,-0.018154651215857347
28,0.6862666666666667,0.0009196442203479012,0.15688056,-0.01812809263444742
28,0.6862666666666667,0.000778843631928348,0.15688056,-0.018062864829798138
28,0.6862666666666667,0.000672238239424236,0.15688056,-0.017989559546727932
28,0.6862666666666667,0.0005243398065225231,0.15688056,-0.017827521108319613
28,0.6862666666666667,0.0003958172380385504,0.15688056,-0.017611662134180604
28,0.6862666666666667,0.0002804440049006167,0.15688056,-0.017392697066636847
28,0.6862666666666667,0.0001773892252199343,0.15688056,-0.017170822173916883
28,0.6862666666666667,8.823283349715296e-05,0.15688056,-0.01694566424901038
28,0.6862666666666667,-6.385681397349467e-05,0.15688056,-0.016489154054954103
28,0.6862666666666667,-0.00020295763737207366,0.15688056,-0.01602957568294632
28,0.6862666666666667,-0.00033153395684601015,0.15688056,-0.015567511246710321
28,0.6862666666666667,-0.00045042924340361933,0.15688056,-0.01510315998823569
28,0.6862666666666667,-0.0005610503311520528,0.15688056,-0.014636854225318482
28,0.6862666666666667,-0.0006647536977203534,0.15688056,-0.0141689143807106
28,0.6862666666666667,-0.0007628612006588655,0.15688056,-0.01369965269932109
28,0.6862666666666667,-0.0008566348992001789,0.15688056,-0.013229367300694066
28,0.6862666666666667,-0.0009470945120259875,0.15688056,-0.012758299059473644
28,0.6862666666666667,-0.0010351842231008223,0.15688056,-0.01228667100773772
28,0.6862666666666667,-0.0011218545109489787,0.15688056,-0.011814707664444701
28,0.6862666666666667,-0.001208055854094751,0.15688056,-0.011342633548552998
28,0.6862666666666667,-0.0012945813670683461,0.15688056,-0.010870636007008036
28,0.6862666666666667,-0.0013815002900271624,0.15688056,-0.010398731395495527
28,0.6862666666666667,-0.0014686804372161652,0.15688056,-0.00992688848952457
28,0.6862666666666667,-0.0015559927701602034,0.15688056,-0.009455076808044516
28,0.6862666666666667,-0.0016433019558243591,0.15688056,-0.008983264383124202
28,0.6862666666666667,-0.0017305041339725344,0.15688056,-0.008511426681235062
28,0.6862666666666667,-0.001817596157324848,0.15688056,-0.008039562958936836
28,0.6862666666666667,-0.001904622087799645,0.15688056,-0.007567683624393154
28,0.6862666666666667,-0.0019916102509158597,0.15688056,-0.007095795368566358
28,0.6862666666666667,-0.002078598414032075,0.15688056,-0.006623907112739564
28,0.6862666666666667,-0.002165618049947108,0.15688056,-0.006152026291315364
28,0.6862666666666667,-0.0022526660113810766,0.15688056,-0.0056801521608535
28,0.6862666666666667,-0.002339732856494336,0.15688056,-0.005208282491033197
28,0.6862666666666667,-0.002426805996167359,0.15688056,-0.0047364143080934114
28,0.6862666666666667,-0.0025138822831202636,0.15688056,-0.004264546868593885
28,0.6862666666666667,-0.002600949128233523,0.15688056,-0.0037926771987735804
28,0.6862666666666667,-0.0026880096787870195,0.15688056,-0.003320806042072754
28,0.6862666666666667,-0.0027750670820606334,0.15688056,-0.0028489341419316704
28,0.6862666666666667,-0.002862118190774484,0.15688056,-0.0023770607549100688
28,0.6862666666666667,-0.002949172446768216,0.15688056,-0.0019051881113287296
28,0.6862666666666667,-0.003036226702761948,0.15688056,-0.0014333154677473835
28,0.6862666666666667,-0.0031232841060355636,0.15688056,-0.0009614435676062981
28,0.6862666666666667,-0.0032103415093091775,0.15688056,-0.0004895716674652127
28,0.6862666666666667,-0.0032973989125827906,0.15688056,-1.769976732413081e-05
28,0.6862666666666667,-0.0033844563158564054,0.15688056,0.00045417213281695457
28,0.6862666666666667,-0.0034715137191300193,0.15688056,0.000926044032958033
28,0.6862666666666667,-0.003558571122403633,0.15688056,0.0013979159330991218
28,0.6862666666666667,-0.003645628525677248,0.15688056,0.0018697878332402072
28,0.6862666666666667,-0.003732685928950862,0.15688056,0.0023416597333812857
28,0.6862666666666667,-0.003819743332224476,0.15688056,0.002813531633522371
28,0.6862666666666667,-0.003906800735498091,0.15688056,0.00328540353366346
28,0.6862666666666667,-0.0039938581387717045,0.15688056,0.0037572754338045383
28,0.6862666666666667,-0.004080915542045318,0.15688056,0.004229147333945624
28,0.6862666666666667,-0.004124445817322066,0.15688056,0.004465082912296036
28,0.6862666666666667,-0.004167976092598814,0.15688056,0.004701018490646448
28,0.6862666666666667,-0.004211503220595681,0.15688056,0.004936954812437121
28,0.6862666666666667,-0.004255030348592546,0.15688056,0.005172891134227791
29,0.7082444444444445,-0.004221582818424804,0.16190468,0.004543277194390273
29,0.7082444444444445,-0.004099651302916973,0.16190468,0.0043355350123400055
29,0.7082444444444445,-0.003977874646363596,0.16190468,0.004127757311648467
29,0.7082444444444445,-0.003856431532173657,0.16190468,0.0039199031092680275
29,0.7082444444444445,-0.003735491709585692,0.16190468,0.0037119334713034448
29,0.7082444444444445,-0.0034957592433743972,0.16190468,0.003295501715751978
29,0.7082444444444445,-0.0032592728590929952,0.16190468,0.0028783254348353285
29,0.7082444444444445,-0.0030259074783551944,0.16190468,0.002460433316686817
29,0.7082444444444445,-0.0027955290886042578,0.16190468,0.0020418560985921777
29,0.7082444444444445,-0.002568179382635614,0.16190468,0.0016225842178402873
29,0.7082444444444445,-0.002343965570494655,0.16190468,0.0012025930846025733
29,0.7082444444444445,-0.0021229889061131395,0.16190468,0.0007818594751520525
29,0.7082444444444445,-0.001905341709252374,0.16190468,0.00036036221491411724
29,0.7082444444444445,-0.0016911073655032204,0.16190468,-6.191782153346093e-05
29,0.7082444444444445,-0.0014803305457179242,0.16190468,-0.00048499087995258414
29,0.7082444444444445,-0.0012730499646350984,0.16190468,-0.0009088658400035823
29,0.7082444444444445,-0.0010693013589365401,0.16190468,-0.0013335508982959612
29,0.7082444444444445,-0.0008691085530767809,0.16190468,-0.0017590515192360892
29,0.7082444444444445,-0.000672537064305782,0.16190468,-0.002185382729941416
29,0.7082444444444445,-0.00047986980802110224,0.16190468,-0.0026126094202373537
29,0.7082444444444445,-0.0002914522388134462,0.16190468,-0.0030408108240159784
29,0.7082444444444445,-0.0001076298112735177,0.16190468,-0.003470066175169366
29,0.7082444444444445,7.126393223524452e-05,0.16190468,-0.0039004519753864132
29,0.7082444444444445,0.0002449162957471173,0.16190468,-0.004332039945000466
29,0.7082444444444445,0.00041324091561442417,0.16190468,-0.004764849892484543
29,0.7082444444444445,0.0005762139673826348,0.16190468,-0.005198887282244994
29,0.7082444444444445,0.0007338294949381153,0.16190468,-0.005634153480383408
29,0.7082444444444445,0.0008860666518831516,0.16190468,-0.006070653268255339
29,0.7082444444444445,0.0010328628990245977,0.16190468,-0.006508400989927459
29,0.7082444444444445,0.0011738668256581182,0.16190468,-0.006947477245393425
29,0.7082444444444445,0.0013085959865794528,0.16190468,-0.007387992688881833
29,0.7082444444444445,0.001436576870754793,0.16190468,-0.007830055925468886
29,0.7082444444444445,0.0015573300110366941,0.16190468,-0.008273776926332375
29,0.7082444444444445,0.0016704742161526567,0.16190468,-0.008719243121973906
29,0.7082444444444445,0.0017763340942956692,0.16190468,-0.009166380059856956
29,0.7082444444444445,0.001875520147113097,0.16190468,-0.009615047714568808
29,0.7082444444444445,0.0019686458543091206,0.16190468,-0.010065105377645947
29,0.7082444444444445,0.0020563187394742896,0.16190468,-0.010516413706726449
29,0.7082444444444445,0.0021388246960629795,0.16190468,-0.01096890712893411
29,0.7082444444444445,0.002214219052974071,0.16190468,-0.011423031676437257
29,0.7082444444444445,0.0022796190512092756,0.16190468,-0.011879448542404237
29,0.7082444444444445,0.0023320853486907918,0.16190468,-0.012338831897968486
29,0.7082444444444445,0.0023686011738635925,0.16190468,-0.01280187367358408
29,0.7082444444444445,0.002386402890002043,0.16190468,-0.013269207740387617
29,0.7082444444444445,0.0023849514688223748,0.16190468,-0.01374095773057277
29,0.7082444444444445,0.0023645387598925944,0.16190468,-0.01421705670516175
29,0.7082444444444445,0.002323848462099848,0.16190468,-0.014697806572605394
29,0.7082444444444445,0.002259134179969085,0.16190468,-0.015184066610802245
29,0.7082444444444445,0.0021662772609232052,0.16190468,-0.015676781479000063
29,0.7082444444444445,0.002040471121260515,0.16190468,-0.01617705362117997
29,0.7082444444444445,0.001958361073991704,0.16190468,-0.01643159502836423
29,0.7082444444444445,0.0018564409927801038,0.16190468,-0.01669068008942854
29,0.7082444444444445,0.0017259375222445571,0.16190468,-0.016956321072011293
29,0.7082444444444445,0.0015495362400544293,0.16190468,-0.017232489233427368
29,0.7082444444444445,0.0013668117605770162,0.16190468,-0.01746296598214896
29,0.7082444444444445,0.0012645677012311312,0.16190468,-0.01758070022411013
29,0.7082444444444445,0.0011418316329314974,0.16190468,-0.017703134538583118
29,0.7082444444444445,0.0010591496461466018,0.16190468,-0.017769240290350503
29,0.7082444444444445,0.0010024791052916603,0.16190468,-0.017805809170195037
29,0.7082444444444445,0.000963708723779473,0.16190468,-0.01782648702009862
29,0.7082444444444445,0.0008966199999999999,0.16190468,-0.017853659999999997
29,0.7082444444444445,0.0007549767215169785,0.16190468,-0.017874362050232778
29,0.7082444444444445,0.0007145337697693557,0.16190468,-0.01787185266839224
29,0.7082444444444445,0.0006537229472735604,0.16190468,-0.017862229459310472
29,0.7082444444444445,0.0005630045978659036,0.16190468,-0.01783589502306016
29,0.7082444444444445,0.00043008044458998245,0.16190468,-0.0177720992531293
29,0.7082444444444445,0.00032951287862440534,0.16190468,-0.017700882136324307
29,0.7082444444444445,0.00019017838174748523,0.16190468,-0.017544273232642356
29,0.7082444444444445,6.933087892082917e-05,0.16190468,-0.017336282420103166
29,0.7082444444444445,-3.9074302526846726e-05,0.16190468,-0.017125437821347674
29,0.7082444444444445,-0.00013582336959507653,0.16190468,-0.016911919761785434
29,0.7082444444444445,-0.00021942133776201933,0.16190468,-0.01669538534991798
29,0.7082444444444445,-0.0003618041047015396,0.16190468,-0.01625662534696952
29,0.7082444444444445,-0.0004918964311597172,0.16190468,-0.01581504639339524
29,0.7082444444444445,-0.0006120301356238045,0.16190468,-0.015371183317966646
29,0.7082444444444445,-0.0007230033373206008,0.16190468,-0.014925219178296471
29,0.7082444444444445,-0.0008261472276470431,0.16190468,-0.014477459298089518
29,0.7082444444444445,-0.0009227453490910063,0.16190468,-0.014028198072237895
29,0.7082444444444445,-0.0010140484855153844,0.16190468,-0.01357772238207498
29,0.7082444444444445,-0.00110125083770356,0.16190468,-0.013126306130969064
29,0.7082444444444445,-0.0011853172960640508,0.16190468,-0.01267417062737733
29,0.7082444444444445,-0.0012671412776417818,0.16190468,-0.012221520786537897
29,0.7082444444444445,-0.0013476221555953098,0.16190468,-0.011768562889790482
29,0.7082444444444445,-0.0014276593030831913,0.16190468,-0.011315503218474798
29,0.7082444444444445,-0.0015080031904231642,0.16190468,-0.01086251390139087
29,0.7082444444444445,-0.0015887193348651887,0.16190468,-0.010409609965656163
29,0.7082444444444445,-0.001669682658022976,0.16190468,-0.009956762723137336
29,0.7082444444444445,-0.0017507710595670522,0.16190468,-0.009503944168751846
29,0.7082444444444445,-0.001831856483054312,0.16190468,-0.009051124931315562
29,0.7082444444444445,-0.0019128406526098137,0.16190468,-0.008598282470152293
29,0.7082444444444445,-0.0019937205901767417,0.16190468,-0.008145416102211239
29,0.7082444444444445,-0.0020745379885505244,0.16190468,-0.007692535390203519
29,0.7082444444444445,-0.0021553196502425097,0.16190468,-0.007239646481586273
29,0.7082444444444445,-0.0022361013119344955,0.16190468,-0.006786757572969027
29,0.7082444444444445,-0.002316912754194645,0.16190468,-0.006333875494859722
29,0.7082444444444445,-0.002397750998966143,0.16190468,-0.005880999564207557
29,0.7082444444444445,-0.002478607112078539,0.16190468,-0.005428127731860154
29,0.7082444444444445,-0.0025594691813045673,0.16190468,-0.004975257265614342
29,0.7082444444444445,-0.0026403342285874127,0.16190468,-0.004522387482419321
29,0.7082444444444445,-0.0027211903416998087,0.16190468,-0.004069515650071917
29,0.7082444444444445,-0.002802040498698572,0.16190468,-0.003616642451622928
29,0.7082444444444445,-0.002882887677640519,0.16190468,-0.003163768570123144
29,0.7082444444444445,-0.002963728900468833,0.16190468,-0.002710893322521774
29,0.7082444444444445,-0.0030445731013539626,0.16190468,-0.0022580187579712002
29,0.7082444444444445,-0.003125417302239094,0.16190468,-0.001805144193420618
29,0.7082444444444445,-0.00320626448118104,0.16190468,-0.001352270311920839
29,0.7082444444444445,-0.003287111660122987,0.16190468,-0.0008993964304210532
29,0.7082444444444445,-0.0033679588390649346,0.16190468,-0.00044652254892126736
29,0.7082444444444445,-0.0034488060180068803,0.16190468,6.351332578515001e-06
29,0.7082444444444445,-0.0035296531969488277,0.16190468,0.0004592252140782939
29,0.7082444444444445,-0.0036105003758907742,0.16190468,0.0009120990955780797
29,0.7082444444444445,-0.0036913475548327216,0.16190468,0.001364972977077862
29,0.7082444444444445,-0.003772194733774669,0.16190468,0.001817846858577648
29,0.7082444444444445,-0.0038530419127166156,0.16190468,0.0022707207400774303
29,0.7082444444444445,-0.003933889091658562,0.16190468,0.002723594621577216
29,0.7082444444444445,-0.004014736270600508,0.16190468,0.0031764685030769915
29,0.7082444444444445,-0.004095583449542455,0.16190468,0.003629342384576781
29,0.7082444444444445,-0.004136008528041837,0.16190468,0.0038557789838012738
29,0.7082444444444445,-0.0041764336065412185,0.16190468,0.004082215583025767
29,0.7082444444444445,-0.004216855706983783,0.16190468,0.004308652865301056
29,0.7082444444444445,-0.004257277807426349,0.16190468,0.0045350901475763455
30,0.7302222222222222,-0.004227059240090779,0.1669288,0.003909819223606118
30,0.7302222222222222,-0.0041126766883988,0.1669288,0.0037102125546972925
30,0.7302222222222222,-0.003998440247045285,0.1669288,0.0035105733191557915
30,0.7302222222222222,-0.003884518504882304,0.1669288,0.0033108639400977295
30,0.7302222222222222,-0.0037710716213193263,0.1669288,0.0031110487194834467
30,0.7302222222222222,-0.003546203730232442,0.1669288,0.002710966729367093
30,0.7302222222222222,-0.0033243985366248753,0.1669288,0.0023102020925271603
30,0.7302222222222222,-0.00310553802830017,0.1669288,0.0019087811127823581
30,0.7302222222222222,-0.002889495763619277,0.1669288,0.0015067319727955913
30,0.7302222222222222,-0.00267631107998101,0.1669288,0.0011040459046272842
30,0.7302222222222222,-0.0024660851306966135,0.1669288,0.0007007003621471233
30,0.7302222222222222,-0.0022589134494489286,0.1669288,0.00029667405178757794
30,0.7302222222222222,-0.0020548831404781933,0.1669288,-0.00010805244117467402
30,0.7302222222222222,-0.0018540728785820396,0.1669288,-0.0005134966526187841
30,0.7302222222222222,-0.0016565248109734875,0.1669288,-0.0009196679767657055
30,0.7302222222222222,-0.001462275465237152,0.1669288,-0.0013265745552736158
30,0.7302222222222222,-0.0012713585591434475,0.1669288,-0.0017342239035192872
30,0.7302222222222222,-0.0010837965712059833,0.1669288,-0.0021426210317539007
30,0.7302222222222222,-0.0008996513173371864,0.1669288,-0.0025517797181682095
30,0.7302222222222222,-0.0007191897298861714,0.1669288,-0.0029617594594950006
30,0.7302222222222222,-0.0005427377473002786,0.1669288,-0.0033726329043764196
30,0.7302222222222222,-0.0003706213080268472,0.1669288,-0.0037844727014546
30,0.7302222222222222,-0.0002031551112564124,0.1669288,-0.004197348994246102
30,0.7302222222222222,-4.063418748010154e-05,0.1669288,-0.004611327542297684
30,0.7302222222222222,0.00011685997869025002,0.1669288,-0.005026426507769886
30,0.7302222222222222,0.0002693049087410341,0.1669288,-0.005442650900913891
30,0.7302222222222222,0.0004166949830438474,0.1669288,-0.005860001974292492
30,0.7302222222222222,0.0005590105328992821,0.1669288,-0.006278484111875477
30,0.7302222222222222,0.0006961925522091119,0.1669288,-0.0066981104655721956
30,0.7302222222222222,0.0008279094828975944,0.1669288,-0.007118954936587582
30,0.7302222222222222,0.0009537061350641352,0.1669288,-0.007541118982508083
30,0.7302222222222222,0.0010731357482507411,0.1669288,-0.007964702182075942
30,0.7302222222222222,0.001185745942371019,0.1669288,-0.008389805366596201
30,0.7302222222222222,0.0012911770612072148,0.1669288,-0.008816508700087775
30,0.7302222222222222,0.001389735374507259,0.1669288,-0.009244743917878304
30,0.7302222222222222,0.0014819968941823993,0.1669288,-0.009674382632281249
30,0.7302222222222222,0.0015685404419580836,0.1669288,-0.010105295829328665
30,0.7302222222222222,0.0016499392199313587,0.1669288,-0.010537355747615405
30,0.7302222222222222,0.0017264629702655404,0.1669288,-0.010970502264127286
30,0.7302222222222222,0.0017962768842872414,0.1669288,-0.011405144340617053
30,0.7302222222222222,0.0018566610618496928,0.1669288,-0.011841888217477753
30,0.7302222222222222,0.0019048422163363038,0.1669288,-0.012281352034448988
30,0.7302222222222222,0.0019379740059612518,0.1669288,-0.012724170214586706
30,0.7302222222222222,0.001953448923145818,0.1669288,-0.01317092394702804
30,0.7302222222222222,0.001950758391519584,0.1669288,-0.013621726588705991
30,0.7302222222222222,0.0019301777728742671,0.1669288,-0.01407651676404357
30,0.7302222222222222,0.0018904651293329346,0.1669288,-0.014535571289418603
30,0.7302222222222222,0.0018280857146304686,0.1669288,-0.014999678026829482
30,0.7302222222222222,0.0017391535557266008,0.1669288,-0.015469703123449334
30,0.7302222222222222,0.0016191336125005824,0.1669288,-0.015946657397454166
30,0.7302222222222222,0.0015410017441968914,0.1669288,-0.01618917373633153
30,0.7302222222222222,0.0014441789918267743,0.1669288,-0.016435856099066896
30,0.7302222222222222,0.0013203876427534764,0.1669288,-0.016688549510658103
30,0.7302222222222222,0.0011532914372111825,0.1669288,-0.016950895171151815
30,0.7302222222222222,0.000980361368386491,0.1669288,-0.0171695208506737
30,0.7302222222222222,0.0008836292728829367,0.1669288,-0.017281122122662113
30,0.7302222222222222,0.0007675628458608794,0.1669288,-0.01739703283694861
30,0.7302222222222222,0.0006894197921118153,0.1669288,-0.017459470490055737
30,0.7302222222222222,0.0006358847466365723,0.1669288,-0.017493913100104345
30,0.7302222222222222,0.000599271634937923,0.1669288,-0.01751332889514645
30,0.7302222222222222,0.00053594,0.1669288,-0.0175387
30,0.7302222222222222,0.00040233175757535295,0.1669288,-0.017557224958316492
30,0.7302222222222222,0.0003642066213361082,0.1669288,-0.017554467622173796
30,0.7302222222222222,0.0003068973063879523,0.1669288,-0.017544731186986007
30,0.7302222222222222,0.0002214361184575614,0.1669288,-0.01751875939454572
30,0.7302222222222222,9.628561593443512e-05,0.1669288,-0.017456613685695396
30,0.7302222222222222,1.6637447074182915e-06,0.1669288,-0.017387663429458248
30,0.7302222222222222,-0.000129270733443176,0.1669288,-0.017236766325417326
30,0.7302222222222222,-0.00024263051276591542,0.1669288,-0.017036931690079714
30,0.7302222222222222,-0.0003442508883560138,0.1669288,-0.016834480451062197
30,0.7302222222222222,-0.0004348736511625898,0.1669288,-0.016629577946653793
30,0.7302222222222222,-0.0005130882744566371,0.1669288,-0.01642190978359281
30,0.7302222222222222,-0.0006461061491202785,0.1669288,-0.016001355280864594
30,0.7302222222222222,-0.0007675279205755407,0.1669288,-0.015578216114807756
30,0.7302222222222222,-0.0008795536733419675,0.1669288,-0.01515298266375676
30,0.7302222222222222,-0.0009829364376254838,0.1669288,-0.01472582277112621
30,0.7302222222222222,-0.0010789322003740272,0.1669288,-0.01429701638470091
30,0.7302222222222222,-0.0011687519915083186,0.1669288,-0.013866833431763297
30,0.7302222222222222,-0.0012535759329928647,0.1669288,-0.013435536950500444
30,0.7302222222222222,-0.0013345307603223494,0.1669288,-0.013003378079752853
30,0.7302222222222222,-0.0014125268532979634,0.1669288,-0.012570559734693409
30,0.7302222222222222,-0.001488407156180069,0.1669288,-0.012137269799741435
30,0.7302222222222222,-0.0015630202328574309,0.1669288,-0.011703697411879068
30,0.7302222222222222,-0.001637214647218812,0.1669288,-0.011270031708088433
30,0.7302222222222222,-0.001711698472442918,0.1669288,-0.010836430511281768
30,0.7302222222222222,-0.0017865335244421749,0.1669288,-0.010402907599649824
30,0.7302222222222222,-0.0018616017910201318,0.1669288,-0.009969436669373895
30,0.7302222222222222,-0.0019367880697945391,0.1669288,-0.009535992042916676
30,0.7302222222222222,-0.0020119715387547457,0.1669288,-0.009102546790178054
30,0.7302222222222222,-0.0020870594740321105,0.1669288,-0.008669080243871911
30,0.7302222222222222,-0.002162049065812434,0.1669288,-0.008235591777716846
30,0.7302222222222222,-0.002236979651494532,0.1669288,-0.007802090159652426
30,0.7302222222222222,-0.0023118765194062143,0.1669288,-0.007368581026211235
30,0.7302222222222222,-0.002386773387317898,0.1669288,-0.006935071892770043
30,0.7302222222222222,-0.0024616983533715933,0.1669288,-0.006501569022142826
30,0.7302222222222222,-0.0025366486077531,0.1669288,-0.006068071788048192
30,0.7302222222222222,-0.002611615721019813,0.1669288,-0.005634578311641944
30,0.7302222222222222,-0.0026865884539149284,0.1669288,-0.005201086087798493
30,0.7302222222222222,-0.0027615639966242457,0.1669288,-0.004767594490236438
30,0.7302222222222222,-0.0028365311098909594,0.1669288,-0.004334101013830189
30,0.7302222222222222,-0.00291149260352927,0.1669288,-0.0039006062848611477
30,0.7302222222222222,-0.00298645128735338,0.1669288,-0.003467110929610705
30,0.7302222222222222,-0.0030614043515490874,0.1669288,-0.0030336143217974676
30,0.7302222222222222,-0.003136360225558996,0.1669288,-0.0026001183402656284
30,0.7302222222222222,-0.003211316099568905,0.1669288,-0.002166622358733789
30,0.7302222222222222,-0.003286274783393014,0.1669288,-0.00173312700348335
30,0.7302222222222222,-0.0033612334672171243,0.1669288,-0.0012996316482329108
30,0.7302222222222222,-0.003436192151041234,0.1669288,-0.0008661362929824647
30,0.7302222222222222,-0.003511150834865344,0.1669288,-0.000432640937732022
30,0.7302222222222222,-0.0035861095186894535,0.1669288,8.544175184171943e-07
30,0.7302222222222222,-0.0036610682025135636,0.1669288,0.00043434977276885986
30,0.7302222222222222,-0.0037360268863376738,0.1669288,0.0008678451280192991
30,0.7302222222222222,-0.003810985570161783,0.1669288,0.0013013404832697417
30,0.7302222222222222,-0.0038859442539858923,0.1669288,0.001734835838520181
30,0.7302222222222222,-0.003960902937810003,0.1669288,0.0021683311937706236
30,0.7302222222222222,-0.004035861621634111,0.1669288,0.0026018265490210628
30,0.7302222222222222,-0.004110820305458221,0.1669288,0.003035321904271502
30,0.7302222222222222,-0.004148301052277377,0.1669288,0.0032520692687560276
30,0.7302222222222222,-0.004185781799096533,0.1669288,0.00346881663324055
30,0.7302222222222222,-0.004223259736101486,0.1669288,0.003685564624006467
30,0.7302222222222222,-0.004260737673106441,0.1669288,0.0039023126147723873
31,0.7522,-0.0042344126883657775,0.17195291999999998,0.003279502424820252
31,0.7522,-0.004127413083954767,0.17195291999999998,0.0030883318384763575
31,0.7522,-0.004020550885581969,0.17195291999999998,0.002897131466820517
31,0.7522,-0.003913984638676094,0.17195291999999998,0.002705866942185088
31,0.7522,-0.003807864961394413,0.17195291999999998,0.0025145056152858225
31,0.7522,-0.0035975307943993625,0.17195291999999998,0.0021313699766812126
31,0.7522,-0.003390076869359178,0.17195291999999998,0.0017476099921145787
31,0.7522,-0.003185392204473763,0.17195291999999998,0.0013632497189532584
31,0.7522,-0.0029833578906715875,0.17195291999999998,0.0009783149329479768
31,0.7522,-0.002784010921886016,0.17195291999999998,0.0005927976149762912
31,0.7522,-0.0025874464253742746,0.17195291999999998,0.00020667714443762045
31,0.7522,-0.002393754243545963,0.17195291999999998,-0.00018006595367970127
31,0.7522,-0.002203016291539249,0.17195291999999998,-0.0005674494360039389
31,0.7522,-0.002015306557220861,0.17195291999999998,-0.0009554893407800052
31,0.7522,-0.0018306646769479778,0.17195291999999998,-0.0013441942599248004
31,0.7522,-0.001649125002230152,0.17195291999999998,-0.0017335716397663143
31,0.7522,-0.0014707192421531251,0.17195291999999998,-0.002123628353838069
31,0.7522,-0.0012954685361073921,0.17195291999999998,-0.002514368984495755
31,0.7522,-0.0011234310174168122,0.17195291999999998,-0.0029058061332175
31,0.7522,-0.0009548577163435068,0.17195291999999998,-0.003297994215477062
31,0.7522,-0.0007900551540496452,0.17195291999999998,-0.003690999675431867
31,0.7522,-0.0006293298516973967,0.17195291999999998,-0.004084888957239342
31,0.7522,-0.000472977760753683,0.17195291999999998,-0.0044797262138790706
31,0.7522,-0.0003212763357187446,0.17195291999999998,-0.004875571588769416
31,0.7522,-0.00017430220688312338,0.17195291999999998,-0.00527244169294973
31,0.7522,-3.20765136373122e-05,0.17195291999999998,-0.005670341108775701
31,0.7522,0.000105395459171063,0.17195291999999998,-0.006069270981836253
31,0.7522,0.0002380952145753217,0.17195291999999998,-0.006469235321692605
31,0.7522,0.00036596726167541487,0.17195291999999998,-0.0068702461570284284
31,0.7522,0.0004886997944615495,0.17195291999999998,-0.007272371077590075
31,0.7522,0.000605864740276214,0.17195291999999998,-0.007675702876080158
31,0.7522,0.0007170419537333311,0.17195291999999998,-0.008080332626817906
31,0.7522,0.0008218060045992008,0.17195291999999998,-0.008486352549711473
31,0.7522,0.0009198186626259122,0.17195291999999998,-0.008893835962451815
31,0.7522,0.0010113679520089521,0.17195291999999998,-0.009302720430442727
31,0.7522,0.0010969955696297396,0.17195291999999998,-0.009712888530819794
31,0.7522,0.0011772458547935059,0.17195291999999998,-0.010124222267924133
31,0.7522,0.0012526578619578602,0.17195291999999998,-0.010536604791685786
31,0.7522,0.0013234852638087352,0.17195291999999998,-0.010949981113836542
31,0.7522,0.0013880025575970228,0.17195291999999998,-0.011364725269159152
31,0.7522,0.0014436518770728976,0.17195291999999998,-0.011781391722691461
31,0.7522,0.0014878251499341089,0.17195291999999998,-0.012200545822566054
31,0.7522,0.001517845600859299,0.17195291999999998,-0.012622767809571495
31,0.7522,0.0015312610605511146,0.17195291999999998,-0.0130485892369672
31,0.7522,0.0015275932502996205,0.17195291999999998,-0.013478113780550534
31,0.7522,0.0015071011276383715,0.17195291999999998,-0.01391128530646436
31,0.7522,0.001468616741242551,0.17195291999999998,-0.014348356989860252
31,0.7522,0.0014088159219569104,0.17195291999999998,-0.014790049406169618
31,0.7522,0.0013240441976497246,0.17195291999999998,-0.015237154730131434
31,0.7522,0.001210036696288743,0.17195291999999998,-0.01569059745200507
31,0.7522,0.0011359906332340242,0.17195291999999998,-0.015921013050815377
31,0.7522,0.0010443671669831873,0.17195291999999998,-0.01615523887837744
31,0.7522,0.000927381716986659,0.17195291999999998,-0.01639496238717212
31,0.7522,0.0007696712312026116,0.17195291999999998,-0.016643513804193207
31,0.7522,0.0006065881819244762,0.17195291999999998,-0.016850356876424333
31,0.7522,0.0005153912406770779,0.17195291999999998,-0.016955871403498843
31,0.7522,0.00040601178118065826,0.17195291999999998,-0.017065327329256582
31,0.7522,0.0003324102242113694,0.17195291999999998,-0.017124154782089798
31,0.7522,0.0002820075691554655,0.17195291999999998,-0.017156516967992228
31,0.7522,0.00024754718859095343,0.17195291999999998,-0.017174705132733302
31,0.7522,0.00018796,0.17195291999999998,-0.01719834
31,0.7522,6.23397036216326e-05,0.17195291999999998,-0.01721485229647512
31,0.7522,2.6514253215978293e-05,0.17195291999999998,-0.01721189989159093
31,0.7522,-2.732406867996166e-05,0.17195291999999998,-0.01720213387436379
31,0.7522,-0.00010758028057675459,0.17195291999999998,-0.017176657951792115
31,0.7522,-0.0002250476204760585,0.17195291999999998,-0.017116375284885965
31,0.7522,-0.0003138050256601151,0.17195291999999998,-0.01704986920616565
31,0.7522,-0.0004364842570856784,0.17195291999999998,-0.016904970418079132
31,0.7522,-0.000542522019229193,0.17195291999999998,-0.016713591334551588
31,0.7522,-0.000637519734686992,0.17195291999999998,-0.016519819115767755
31,0.7522,-0.0007221750033453913,0.17195291999999998,-0.016323804979465225
31,0.7522,-0.0007951613284508652,0.17195291999999998,-0.016125261382824788
31,0.7522,-0.0009191173034618651,0.17195291999999998,-0.01572340166609839
31,0.7522,-0.0010321679954015512,0.17195291999999998,-0.015319178026633188
31,0.7522,-0.0011363824221145658,0.17195291999999998,-0.01491303896249182
31,0.7522,-0.0012324687531824724,0.17195291999999998,-0.014505137982589717
31,0.7522,-0.0013216081520491469,0.17195291999999998,-0.01409573112605076
31,0.7522,-0.0014049395033774767,0.17195291999999998,-0.013685065267287454
31,0.7522,-0.00148357262516842,0.17195291999999998,-0.013273380979973243
31,0.7522,-0.001558567129370509,0.17195291999999998,-0.012860907954686817
31,0.7522,-0.001630779161298769,0.17195291999999998,-0.012447831776833403
31,0.7522,-0.0017010014480967409,0.17195291999999998,-0.012034324284751177
31,0.7522,-0.001770032001755589,0.17195291999999998,-0.01162055846236723
31,0.7522,-0.0018386688342664787,0.17195291999999998,-0.011206707293608656
31,0.7522,-0.001907577836429984,0.17195291999999998,-0.010792915122679523
31,0.7522,-0.001976817141569965,0.17195291999999998,-0.010379194551057961
31,0.7522,-0.002046275767886326,0.17195291999999998,-0.009965521521376627
31,0.7522,-0.002115845376002782,0.17195291999999998,-0.009551872549062637
31,0.7522,-0.0021854123416954266,0.17195291999999998,-0.009138223003954187
31,0.7522,-0.0022548894649784697,0.17195291999999998,-0.008724553983834078
31,0.7522,-0.0023242741034280997,0.17195291999999998,-0.008310864915907847
31,0.7522,-0.0023936032509776824,0.17195291999999998,-0.007897163819297944
31,0.7522,-0.0024629006894415226,0.17195291999999998,-0.007483455849154516
31,0.7522,-0.0025321981279053628,0.17195291999999998,-0.007069747879011087
31,0.7522,-0.002601521990607322,0.17195291999999998,-0.006656045636812264
31,0.7522,-0.0026708696351235867,0.17195291999999998,-0.006242348549763585
31,0.7522,-0.0027402331341827226,0.17195291999999998,-0.0058286548994816705
31,0.7522,-0.002809601918089481,0.17195291999999998,-0.00541496239478868
31,0.7522,-0.002878973344420052,0.17195291999999998,-0.005001270462890145
31,0.7522,-0.002948336843479188,0.17195291999999998,-0.004587576812608232
31,0.7522,-0.0030176950576907002,0.17195291999999998,-0.004173882016737395
31,0.7522,-0.0030870506294784004,0.17195291999999998,-0.003760186648072098
31,0.7522,-0.0031564009164184773,0.17195291999999998,-0.003346490133817881
31,0.7522,-0.0032257538457823656,0.17195291999999998,-0.002932794192358125
31,0.7522,-0.003295106775146254,0.17195291999999998,-0.002519098250898367
31,0.7522,-0.003364462346933954,0.17195291999999998,-0.0021054028822330706
31,0.7522,-0.0034338179187216548,0.17195291999999998,-0.001691707513567774
31,0.7522,-0.0035031734905093545,0.17195291999999998,-0.0012780121449024774
31,0.7522,-0.003572529062297055,0.17195291999999998,-0.0008643167762371791
31,0.7522,-0.0036418846340847545,0.17195291999999998,-0.0004506214075718912
31,0.7522,-0.003711240205872455,0.17195291999999998,-3.692603890658938e-05
31,0.7522,-0.0037805957776601553,0.17195291999999998,0.0003767693297587055
31,0.7522,-0.003849951349447856,0.17195291999999998,0.0007904646984240038
31,0.7522,-0.003919306921235556,0.17195291999999998,0.0012041600670892987
31,0.7522,-0.003988662493023256,0.17195291999999998,0.001617855435754597
31,0.7522,-0.004058018064810956,0.17195291999999998,0.002031550804419892
31,0.7522,-0.004127373636598656,0.17195291999999998,0.0024452461730851867
31,0.7522,-0.004162052743704413,0.17195291999999998,0.002652093571020607
31,0.7522,-0.004196731850810168,0.17195291999999998,0.002858940968956024
31,0.7522,-0.004231408315492113,0.17195291999999998,0.003065788939685902
31,0.7522,-0.004266084780174057,0.17195291999999998,0.00327263691041578
32,0.7741777777777777,-0.004243099684507547,0.17697704,0.0026603496452147976
32,0.7741777777777777,-0.004143310435976564,0.17697704,0.0024778826075455007
32,0.7741777777777777,-0.004043649959786436,0.17697704,0.0022953884032407557
32,0.7741777777777777,-0.003944266839407386,0.17697704,0.0021128356861827395
32,0.7741777777777777,-0.00384530222913612,0.17697704,0.0019301946775595082
32,0.7741777777777777,-0.0036491584866273873,0.17697704,0.0015645359844638322
32,0.7741777777777777,-0.0034557140104943037,0.17697704,0.0011983078368943134
32,0.7741777777777777,-0.003264864792307715,0.17697704,0.0008315321771334254
32,0.7741777777777777,-0.003076499394464958,0.17697704,0.00046423251476954835
32,0.7741777777777777,-0.002890652486442415,0.17697704,9.640153570850823e-05
32,0.7741777777777777,-0.0027074132183222206,0.17697704,-0.0002719795677203797
32,0.7741777777777777,-0.002526865787404162,0.17697704,-0.0006409285583172247
32,0.7741777777777777,-0.002349086961814523,0.17697704,-0.001010461631576226
32,0.7741777777777777,-0.0021741460805060685,0.17697704,-0.0013805934156857162
32,0.7741777777777777,-0.0020020802893463566,0.17697704,-0.001751331747175143
32,0.7741777777777777,-0.0018329217814206003,0.17697704,-0.0021226834177033686
32,0.7741777777777777,-0.0016667002734228429,0.17697704,-0.002494654696493964
32,0.7741777777777777,-0.0015034355764824473,0.17697704,-0.0028672497630293035
32,0.7741777777777777,-0.0013431821712051612,0.17697704,-0.0032404801108859207
32,0.7741777777777777,-0.0011861753147521647,0.17697704,-0.0036143953714170406
32,0.7741777777777777,-0.0010327022684992143,0.17697704,-0.003989056147117132
32,0.7741777777777777,-0.000883050293822067,0.17697704,-0.004364523040480659
32,0.7741777777777777,-0.0007374967465317993,0.17697704,-0.004740854564260892
32,0.7741777777777777,-0.0005963016477012954,0.17697704,-0.00511810557416403
32,0.7741777777777777,-0.0004595368126744934,0.17697704,-0.005496291220813685
32,0.7741777777777777,-0.0003272220525807553,0.17697704,-0.005875415683692242
32,0.7741777777777777,-0.000199362320202424,0.17697704,-0.006255480007670292
32,0.7741777777777777,-7.597495027768995e-05,0.17697704,-0.0066364878497949115
32,0.7741777777777777,4.288805297886987e-05,0.17697704,-0.0070184501812073415
32,0.7741777777777777,0.0001569344754091579,0.17697704,-0.007401428649272642
32,0.7741777777777777,0.0002657631416435813,0.17697704,-0.007785507888508942
32,0.7741777777777777,0.00036898030548605977,0.17697704,-0.008170770966128484
32,0.7741777777777777,0.00046618726795817183,0.17697704,-0.008557301994214096
32,0.7741777777777777,0.0005570670509901174,0.17697704,-0.008945167844483815
32,0.7741777777777777,0.00064188958121946,0.17697704,-0.00933431157149025
32,0.7741777777777777,0.0007211625188361156,0.17697704,-0.0097246260759975
32,0.7741777777777777,0.0007953960004211701,0.17697704,-0.010116003736334356
32,0.7741777777777777,0.0008650952097733692,0.17697704,-0.010508337975700215
32,0.7741777777777777,0.0009304978804450636,0.17697704,-0.010901578640306546
32,0.7741777777777777,0.000989986929002034,0.17697704,-0.011296066880402368
32,0.7741777777777777,0.0010411652087914105,0.17697704,-0.011692308413355272
32,0.7741777777777777,0.0010815885217280881,0.17697704,-0.012090818882803504
32,0.7741777777777777,0.001108748283556532,0.17697704,-0.012492127515703031
32,0.7741777777777777,0.0011203464032706863,0.17697704,-0.012896719132009564
32,0.7741777777777777,0.0011159346540687224,0.17697704,-0.013304688292511883
32,0.7741777777777777,0.0010957557222853315,0.17697704,-0.013715983798550869
32,0.7741777777777777,0.0010587150430232323,0.17697704,-0.014130836566527843
32,0.7741777777777777,0.001001697316190163,0.17697704,-0.014549903820046561
32,0.7741777777777777,0.0009212776927975709,0.17697704,-0.014973908087122925
32,0.7741777777777777,0.0008134592774965595,0.17697704,-0.015403692578326456
32,0.7741777777777777,0.0007435785849930756,0.17697704,-0.015621954270376902
32,0.7741777777777777,0.0006572249384246239,0.17697704,-0.01584369120202369
32,0.7741777777777777,0.0005471028894034422,0.17697704,-0.01607044246765209
32,0.7741777777777777,0.0003988146996652901,0.17697704,-0.016305245506079473
32,0.7741777777777777,0.0002455889632253998,0.17697704,-0.016500386357921937
32,0.7741777777777777,0.00015992736166910583,0.17697704,-0.016599865762418793
32,0.7741777777777777,5.722571246984069e-05,0.17697704,-0.016702940044195026
32,0.7741777777777777,-1.1848643735771298e-05,0.17697704,-0.01675821625450452
32,0.7741777777777777,-5.9133045387798884e-05,0.17697704,-0.01678854359535112
32,0.7741777777777777,-9.145252087461356e-05,0.17697704,-0.016805537879055473
32,0.7741777777777777,-0.00014732,0.17697704,-0.0168275
32,0.7741777777777777,-0.00026502277800233417,0.17697704,-0.01684215536902956
32,0.7741777777777777,-0.0002985728312548581,0.17697704,-0.016839057341792904
32,0.7741777777777777,-0.00034897958488077957,0.17697704,-0.016829339550981804
32,0.7741777777777777,-0.0004240955809582131,0.17697704,-0.016804482658281543
32,0.7741777777777777,-0.0005339871609485694,0.17697704,-0.01674625840189118
32,0.7741777777777777,-0.0006169727508734,0.17697704,-0.016682357885997774
32,0.7741777777777777,-0.0007315538611565833,0.17697704,-0.016543715276925434
32,0.7741777777777777,-0.0008304417033015699,0.17697704,-0.01636105807280799
32,0.7741777777777777,-0.00091898318313696,0.17697704,-0.016176218134019246
32,0.7741777777777777,-0.0009978320679317181,0.17697704,-0.01598933338347763
32,0.7741777777777777,-0.0010657452093183434,0.17697704,-0.015800141558664
32,0.7741777777777777,-0.0011809382008604891,0.17697704,-0.01541740497814126
32,0.7741777777777777,-0.001285911126042725,0.17697704,-0.015032512307147366
32,0.7741777777777777,-0.0013826029991514104,0.17697704,-0.014645872612519956
32,0.7741777777777777,-0.0014716774930201924,0.17697704,-0.014257625906918647
32,0.7741777777777777,-0.0015542415545022033,0.17697704,-0.013868005718921252
32,0.7741777777777777,-0.0016313625081918511,0.17697704,-0.01347723721814082
32,0.7741777777777777,-0.0017040804383806703,0.17697704,-0.013085539827402133
32,0.7741777777777777,-0.0017733883779279586,0.17697704,-0.012693123043259334
32,0.7741777777777777,-0.0018400886775729005,0.17697704,-0.012300156134748684
32,0.7741777777777777,-0.001904924254666591,0.17697704,-0.011906795832459313
32,0.7741777777777777,-0.001968642979342468,0.17697704,-0.011513199911850947
32,0.7741777777777777,-0.0020319927217339663,0.17697704,-0.011119526148383314
32,0.7741777777777777,-0.0020955975324160082,0.17697704,-0.010725906195751282
32,0.7741777777777777,-0.00215951189199434,0.17697704,-0.010332351547531388
32,0.7741777777777777,-0.0022236317920398085,0.17697704,-0.009938840261441154
32,0.7741777777777777,-0.0022878557005144304,0.17697704,-0.009545350917633397
32,0.7741777777777777,-0.002352077132597882,0.17697704,-0.009151861051390344
32,0.7741777777777777,-0.0024162143673815426,0.17697704,-0.00875835342234719
32,0.7741777777777777,-0.002480264928474242,0.17697704,-0.008364827508068638
32,0.7741777777777777,-0.002544263485352365,0.17697704,-0.007971290622648845
32,0.7741777777777777,-0.0026082323255364435,0.17697704,-0.007577747468005488
32,0.7741777777777777,-0.0026722011657205227,0.17697704,-0.007184204313362131
32,0.7741777777777777,-0.0027361947698163044,0.17697704,-0.006790666383071745
32,0.7741777777777777,-0.0028002106614326196,0.17697704,-0.006397133154699031
32,0.7741777777777777,-0.002864241411395957,0.17697704,-0.0060036030609381
32,0.7741777777777777,-0.002928277114141634,0.17697704,-0.005610074012047767
32,0.7741777777777777,-0.0029923152932784815,0.17697704,-0.005216545485592729
32,0.7741777777777777,-0.0030563460432418187,0.17697704,-0.004823015391831798
32,0.7741777777777777,-0.003120371840422815,0.17697704,-0.004429484253200272
32,0.7741777777777777,-0.003184395161212641,0.17697704,-0.0040359525921334505
32,0.7741777777777777,-0.003248413529220126,0.17697704,-0.0036424198861960376
32,0.7741777777777777,-0.0033124343736187813,0.17697704,-0.0032488877026939193
32,0.7741777777777777,-0.003376455218017437,0.17697704,-0.0028553555191917993
32,0.7741777777777777,-0.0034404785388072634,0.17697704,-0.0024618238581249775
32,0.7741777777777777,-0.0035045018595970894,0.17697704,-0.002068292197058159
32,0.7741777777777777,-0.003568525180386915,0.17697704,-0.0016747605359913372
32,0.7741777777777777,-0.0036325485011767414,0.17697704,-0.0012812288749245136
32,0.7741777777777777,-0.0036965718219665665,0.17697704,-0.0008876972138576952
32,0.7741777777777777,-0.0037605951427563933,0.17697704,-0.0004941655527908734
32,0.7741777777777777,-0.0038246184635462185,0.17697704,-0.00010063389172405152
32,0.7741777777777777,-0.003888641784336045,0.17697704,0.00029289776934277034
32,0.7741777777777777,-0.00395266510512587,0.17697704,0.0006864294304095887
32,0.7741777777777777,-0.004016688425915697,0.17697704,0.001079961091476414
32,0.7741777777777777,-0.004080711746705523,0.17697704,0.0014734927525432324
32,0.7741777777777777,-0.004144735067495349,0.17697704,0.0018670244136100578
32,0.7741777777777777,-0.0041767479660858465,0.17697704,0.002063789982925817
32,0.7741777777777777,-0.004208760864676344,0.17697704,0.0022605555522415763
32,0.7741777777777777,-0.0042407712868756725,0.17697704,0.002457321643992639
32,0.7741777777777777,-0.004272781709075001,0.17697704,0.0026540877357436946
33,0.7961555555555555,-0.004251532359706138,0.18200116,0.002045216854626126
33,0.7961555555555555,-0.004158800176098377,0.18200116,0.0018717347819696382
33,0.7961555555555555,-0.004066188194247348,0.18200116,0.0016982280133534325
33,0.7961555555555555,-0.0039738351084877424,0.18200116,0.0015246680534393743
33,0.7961555555555555,-0.0038818726784375147,0.18200116,0.0013510278316562346
33,0.7961555555555555,-0.0036996144619255915,0.18200116,0.0010034049691100486
33,0.7961555555555555,-0.00351987585916055,0.18200116,0.0006552644412544176
33,0.7961555555555555,-0.003342559784108103,0.18200116,0.0003066261948260346
33,0.7961555555555555,-0.003167562216017235,0.18200116,-4.248839867148843e-05
33,0.7961555555555555,-0.0029949155168993735,0.18200116,-0.0003920859881503917
33,0.7961555555555555,-0.0028247029033553325,0.18200116,-0.0007421836708135579
33,0.7961555555555555,-0.0026570029688414367,0.18200116,-0.0010927975940192586
33,0.7961555555555555,-0.002491887372097276,0.18200116,-0.001443942480358864
33,0.7961555555555555,-0.002329420837145707,0.18200116,-0.0017956316276568351
33,0.7961555555555555,-0.0021696380375704014,0.18200116,-0.00214787215974771
33,0.7961555555555555,-0.002012569023810543,0.18200116,-0.0025006702506214177
33,0.7961555555555555,-0.0018582415347330686,0.18200116,-0.00285403159934558
33,0.7961555555555555,-0.0017066740629159381,0.18200116,-0.0032079600052986167
33,0.7961555555555555,-0.0015579174629485383,0.18200116,-0.0035624659167711806
33,0.7961555555555555,-0.0014121913341941287,0.18200116,-0.00391759445138198
33,0.7961555555555555,-0.001269763819033111,0.18200116,-0.004273400700118078
33,0.7961555555555555,-0.0011309030598458873,0.18200116,-0.004629939753966533
33,0.7961555555555555,-0.0009958679527238804,0.18200116,-0.0049872648042251985
33,0.7961555555555555,-0.0008649012127527994,0.18200116,-0.005345425717735804
33,0.7961555555555555,-0.000738069875527744,0.18200116,-0.005704436267245117
33,0.7961555555555555,-0.0006153924336266724,0.18200116,-0.00606430025213156
33,0.7961555555555555,-0.0004968735101940751,0.18200116,-0.006425018622239735
33,0.7961555555555555,-0.0003825292862356661,0.18200116,-0.006786594702025755
33,0.7961555555555555,-0.0002724083047685866,0.18200116,-0.00714903846485797
33,0.7961555555555555,-0.00016678333131772878,0.18200116,-0.007512405951568039
33,0.7961555555555555,-6.602884058675665e-05,0.18200116,-0.007876774099568934
33,0.7961555555555555,2.948762743739872e-05,0.18200116,-0.008242218421506704
33,0.7961555555555555,0.00011939390962331794,0.18200116,-0.008608815379872013
33,0.7961555555555555,0.00020339412472366182,0.18200116,-0.008976625764719547
33,0.7961555555555555,0.00028174023411311696,0.18200116,-0.00934559780951836
33,0.7961555555555555,0.00035490611010187704,0.18200116,-0.009715634155196495
33,0.7961555555555555,0.00042336793657237967,0.18200116,-0.010086636967759691
33,0.7961555555555555,0.00048759727426257325,0.18200116,-0.01045850936305829
33,0.7961555555555555,0.0005478160341079622,0.18200116,-0.010831205748551273
33,0.7961555555555555,0.0006025147594326648,0.18200116,-0.011205036248502012
33,0.7961555555555555,0.0006494558483036709,0.18200116,-0.011580460587699067
33,0.7961555555555555,0.0006863577789153202,0.18200116,-0.011957947514454757
33,0.7961555555555555,0.0007108789285835854,0.18200116,-0.012337978125061246
33,0.7961555555555555,0.0007208741582652513,0.18200116,-0.012720993147415014
33,0.7961555555555555,0.0007159250733840022,0.18200116,-0.01310707854245277
33,0.7961555555555555,0.0006962582080198312,0.18200116,-0.013496187767788891
33,0.7961555555555555,0.0006608518472405188,0.18200116,-0.01388853073908097
33,0.7961555555555555,0.0006067980331620502,0.18200116,-0.014284704908585225
33,0.7961555555555555,0.0005308998613698072,0.18200116,-0.014685367093845655
33,0.7961555555555555,0.00042942645426061155,0.18200116,-0.015091283819458075
33,0.7961555555555555,0.0003637812655128927,0.18200116,-0.015297305193652586
33,0.7961555555555555,0.00028275949819247246,0.18200116,-0.015506485751001602
33,0.7961555555555555,0.0001795512604660408,0.18200116,-0.015720224612607525
33,0.7961555555555555,4.071707130207482e-05,0.18200116,-0.015941282976735582
33,0.7961555555555555,-0.00010264294428956707,0.18200116,-0.01612476433260033
33,0.7961555555555555,-0.0001827694370680475,0.18200116,-0.01621824037662509
33,0.7961555555555555,-0.0002788018584632988,0.18200116,-0.01631498436101157
33,0.7961555555555555,-0.00034336199171727214,0.18200116,-0.016366755372121945
33,0.7961555555555555,-0.0003875408764745928,0.18200116,-0.016395085540227918
33,0.7961555555555555,-0.00041773006799918614,0.18200116,-0.016410914752027956
33,0.7961555555555555,-0.0004699,0.18200116,-0.01643126
33,0.7961555555555555,-0.0005797481666402944,0.18200116,-0.016444202056192004
33,0.7961555555555555,-0.0006110444852563037,0.18200116,-0.01644100530270927
33,0.7961555555555555,-0.0006580548139858297,0.18200116,-0.01643141034450439
33,0.7961555555555555,-0.0007280882862601367,0.18200116,-0.01640729215936428
33,0.7961555555555555,-0.0008304997189402439,0.18200116,-0.016351319304780558
33,0.7961555555555555,-0.0009077959191801219,0.18200116,-0.016290186419382995
33,0.7961555555555555,-0.0010144185724348777,0.18200116,-0.016158065060971765
33,0.7961555555555555,-0.001106309343745515,0.18200116,-0.015984410116597257
33,0.7961555555555555,-0.001188542366217195,0.18200116,-0.015808770946843992
33,0.7961555555555555,-0.0012617278949225554,0.18200116,-0.015631272931199754
33,0.7961555555555555,-0.0013247055205946852,0.18200116,-0.015451677658668821
33,0.7961555555555555,-0.001431400751994906,0.18200116,-0.015088530060984687
33,0.7961555555555555,-0.001528556124740656,0.18200116,-0.014723422458959204
33,0.7961555555555555,-0.0016179815998996479,0.18200116,-0.01435672671675503
33,0.7961555555555555,-0.0017002966788335003,0.18200116,-0.013988570113549162
33,0.7961555555555555,-0.0017765346343356575,0.18200116,-0.013619164939610705
33,0.7961555555555555,-0.0018476917540436485,0.18200116,-0.013248715886451923
33,0.7961555555555555,-0.001914738898300307,0.18200116,-0.012877422421439756
33,0.7961555555555555,-0.0019786030075758148,0.18200116,-0.012505474988417403
33,0.7961555555555555,-0.0020400330312775024,0.18200116,-0.012133027462210792
33,0.7961555555555555,-0.002099722441078823,0.18200116,-0.011760222319510592
33,0.7961555555555555,-0.0021583693317977185,0.18200116,-0.011387202986852082
33,0.7961555555555555,-0.002216671798252132,0.18200116,-0.01101411289077054
33,0.7961555555555555,-0.0022752123566477647,0.18200116,-0.010641071711686129
33,0.7961555555555555,-0.002334041861574003,0.18200116,-0.010268089897889496
33,0.7961555555555555,-0.0023930632269965634,0.18200116,-0.009895147502643949
33,0.7961555555555555,-0.002452181678453407,0.18200116,-0.009522225054135096
33,0.7961555555555555,-0.002511297818338006,0.18200116,-0.009149302130703942
33,0.7961555555555555,-0.00257033536476628,0.18200116,-0.00877636305991451
33,0.7961555555555555,-0.002629292006165985,0.18200116,-0.008403407366844503
33,0.7961555555555555,-0.002688200104548548,0.18200116,-0.008030441700406146
33,0.7961555555555555,-0.0027470804640641723,0.18200116,-0.007657470334900163
33,0.7961555555555555,-0.0028059608235797974,0.18200116,-0.007284498969394178
33,0.7961555555555555,-0.002864864298817871,0.18200116,-0.006911532353111217
33,0.7961555555555555,-0.0029237885782061475,0.18200116,-0.006538570011128977
33,0.7961555555555555,-0.002982726727027894,0.18200116,-0.006165610518680548
33,0.7961555555555555,-0.003041669498994129,0.18200116,-0.005792651976076729
33,0.7961555555555555,-0.003100614582532609,0.18200116,-0.0054196939083952095
33,0.7961555555555555,-0.003159552731354355,0.18200116,-0.005046734415946779
33,0.7961555555555555,-0.0032184862570316113,0.18200116,-0.004673773973653749
33,0.7961555555555555,-0.0032774174711366227,0.18200116,-0.0043008130564384135
33,0.7961555555555555,-0.0033363440620971445,0.18200116,-0.003927851189378478
33,0.7961555555555555,-0.0033952729646299106,0.18200116,-0.0035548897972408396
33,0.7961555555555555,-0.0034542018671626777,0.18200116,-0.003181928405103205
33,0.7961555555555555,-0.003513133081267689,0.18200116,-0.0028089674878878715
33,0.7961555555555555,-0.0035720642953727005,0.18200116,-0.0024360065706725362
33,0.7961555555555555,-0.003630995509477712,0.18200116,-0.002063045653457201
33,0.7961555555555555,-0.0036899267235827233,0.18200116,-0.0016900847362418692
33,0.7961555555555555,-0.0037488579376877343,0.18200116,-0.0013171238190265357
33,0.7961555555555555,-0.003807789151792746,0.18200116,-0.0009441629018111988
33,0.7961555555555555,-0.003866720365897757,0.18200116,-0.000571201984595867
33,0.7961555555555555,-0.0039256515800027685,0.18200116,-0.0001982410673805335
33,0.7961555555555555,-0.003984582794107779,0.18200116,0.00017471984983480002
33,0.7961555555555555,-0.004043514008212791,0.18200116,0.0005476807670501335
33,0.7961555555555555,-0.004102445222317802,0.18200116,0.000920641684265467
33,0.7961555555555555,-0.004161376436422813,0.18200116,0.0012936026014808005
33,0.7961555555555555,-0.004190843199261442,0.18200116,0.001480082822627321
33,0.7961555555555555,-0.00422030996210007,0.18200116,0.0016665630437738346
33,0.7961555555555555,-0.0042497744133664535,0.18200116,0.001853043739842651
33,0.7961555555555555,-0.004279238864632837,0.18200116,0.002039524435911471
34,0.8181333333333333,-0.004261903667528211,0.18702528,0.001439480198301698
34,0.8181333333333333,-0.004176067430035877,0.18702528,0.0012752333937184543
34,0.8181333333333333,-0.0040903429115595295,0.18702528,0.001110964221873751
34,0.8181333333333333,-0.00400485901865608,0.18702528,0.0009466468743889872
34,0.8181333333333333,-0.003919738212554588,0.18702528,0.0007822568333044691
34,0.8181333333333333,-0.0037510456274771277,0.18702528,0.00045316662045251366
34,0.8181333333333333,-0.0035846948448501766,0.18702528,0.00012360755538919424
34,0.8181333333333333,-0.0034205956300839,0.18702528,-0.00020640229602046645
34,0.8181333333333333,-0.0032586513032606145,0.18702528,-0.000536843577492516
34,0.8181333333333333,-0.0030988919425769326,0.18702528,-0.0008677223109819568
34,0.8181333333333333,-0.0029413948919670006,0.18702528,-0.0011990539815159573
34,0.8181333333333333,-0.002786233198479732,0.18702528,-0.0015308532138423904
34,0.8181333333333333,-0.0026334734638361985,0.18702528,-0.0018631333422902043
34,0.8181333333333333,-0.0024831758444296224,0.18702528,-0.002195906410769421
34,0.8181333333333333,-0.0023353725668992307,0.18702528,-0.002529178871374684
34,0.8181333333333333,-0.0021900915609990215,0.18702528,-0.002862956315921367
34,0.8181333333333333,-0.0020473586080403763,0.18702528,-0.003197243906085185
34,0.8181333333333333,-0.0019071908955642157,0.18702528,-0.003532045082983286
34,0.8181333333333333,-0.0017696356893080736,0.18702528,-0.00386736930968783
34,0.8181333333333333,-0.001634897091320388,0.18702528,-0.004203257449464941
34,0.8181333333333333,-0.0015032243209445167,0.18702528,-0.004539759398513265
34,0.8181333333333333,-0.0013748665975238169,0.18702528,-0.004876925053031436
34,0.8181333333333333,-0.0012500645466311836,0.18702528,-0.005214802588659525
34,0.8181333333333333,-0.0011290437547412085,0.18702528,-0.005553437170060096
34,0.8181333333333333,-0.0010118665266897313,0.18702528,-0.005892841271282803
34,0.8181333333333333,-0.0008985500500176711,0.18702528,-0.006233018333444801
34,0.8181333333333333,-0.0007890986216102605,0.18702528,-0.006573969216825374
34,0.8181333333333333,-0.0006835272805658034,0.18702528,-0.006915696932402024
34,0.8181333333333333,-0.0005818811441792198,0.18702528,-0.0072582105131072695
34,0.8181333333333333,-0.00048441372867909574,0.18702528,-0.007601560715419028
34,0.8181333333333333,-0.00039147308176908546,0.18702528,-0.007945817221959549
34,0.8181333333333333,-0.00030340080582499755,0.18702528,-0.008291048424932137
34,0.8181333333333333,-0.00022054280010786972,0.18702528,-0.00863732357681939
34,0.8181333333333333,-0.00014317406527244135,0.18702528,-0.008984697735495668
34,0.8181333333333333,-7.106042107366114e-05,0.18702528,-0.009333124015739836
34,0.8181333333333333,-3.761436775424334e-06,0.18702528,-0.009682514238924987
34,0.8181333333333333,5.916546680098927e-05,0.18702528,-0.010032779796284566
34,0.8181333333333333,0.00011815857194906964,0.18702528,-0.010383832939331311
34,0.8181333333333333,0.00017342412915987066,0.18702528,-0.01073563237465945
34,0.8181333333333333,0.00022355920540570234,0.18702528,-0.01108845898345616
34,0.8181333333333333,0.0002664841082351021,0.18702528,-0.0114427291408963
34,0.8181333333333333,0.00030007832478692095,0.18702528,-0.011798867394807965
34,0.8181333333333333,0.0003221654826920145,0.18702528,-0.012157309476649973
34,0.8181333333333333,0.0003307518272035277,0.18702528,-0.012518454556011449
34,0.8181333333333333,0.000325448490208119,0.18702528,-0.012882380488167857
34,0.8181333333333333,0.0003064660190820723,0.18702528,-0.01324904511943414
34,0.8181333333333333,0.0002728548021894933,0.18702528,-0.013618638571532709
34,0.8181333333333333,0.00022191209872052752,0.18702528,-0.013991701960135022
34,0.8181333333333333,0.00015066661253842724,0.18702528,-0.01436883016836798
34,0.8181333333333333,5.565075726234601e-05,0.18702528,-0.01475071744161612
34,0.8181333333333333,-5.713551022081876e-06,0.18702528,-0.01494443526387065
34,0.8181333333333333,-8.136929958246428e-05,0.18702528,-0.01514101437503344
34,0.8181333333333333,-0.00017764580036302253,0.18702528,-0.015341721966494106
34,0.8181333333333333,-0.00030703409872821904,0.18702528,-0.015549058870139694
34,0.8181333333333333,-0.00044055848075397273,0.18702528,-0.015720937443875226
34,0.8181333333333333,-0.0005151710810825948,0.18702528,-0.01580844846100017
34,0.8181333333333333,-0.0006045671150460399,0.18702528,-0.01589891926901173
34,0.8181333333333333,-0.000664641535824366,0.18702528,-0.015947233182445713
34,0.8181333333333333,-0.0007057378545749956,0.18702528,-0.015973604282977387
34,0.8181333333333333,-0.0007338141568737838,0.18702528,-0.01598829704255389
34,0.8181333333333333,-0.00078232,0.18702528,-0.01600708
34,0.8181333333333333,-0.0008843984997694019,0.18702528,-0.016018445530163617
34,0.8181333333333333,-0.0009134686225908954,0.18702528,-0.016015194054963364
34,0.8181333333333333,-0.0009571262165651799,0.18702528,-0.016005791533226326
34,0.8181333333333333,-0.0010221470154963739,0.18702528,-0.01598252293067213
34,0.8181333333333333,-0.0011171904831580252,0.18702528,-0.015928978750771854
34,0.8181333333333333,-0.00118889112180611,0.18702528,-0.015870761103645447
34,0.8181333333333333,-0.0012877079179527593,0.18702528,-0.015745399551511663
34,0.8181333333333333,-0.00137276212233318,0.18702528,-0.015580996176098203
34,0.8181333333333333,-0.0014488401334675192,0.18702528,-0.01541479567725439
34,0.8181333333333333,-0.0015165091402061749,0.18702528,-0.015246911611846097
34,0.8181333333333333,-0.0015746906243563437,0.18702528,-0.015077128049772306
34,0.8181333333333333,-0.0016731527687872802,0.18702528,-0.014733977002115465
34,0.8181333333333333,-0.0017627482905455075,0.18702528,-0.014389050768150086
34,0.8181333333333333,-0.0018451594201986845,0.18702528,-0.014042686147216996
34,0.8181333333333333,-0.0019209619403676714,0.18702528,-0.013694998416740638
34,0.8181333333333333,-0.001991116204901438,0.18702528,-0.013346179849141639
34,0.8181333333333333,-0.0020565481925671125,0.18702528,-0.012996415834606328
34,0.8181333333333333,-0.0021181602492630564,0.18702528,-0.012645887031784953
34,0.8181333333333333,-0.0021768139004779436,0.18702528,-0.012294765926674542
34,0.8181333333333333,-0.0022332052416190813,0.18702528,-0.011943191884519574
34,0.8181333333333333,-0.002287978805471014,0.18702528,-0.011591293947213083
34,0.8181333333333333,-0.002341783421703516,0.18702528,-0.011239202016927394
34,0.8181333333333333,-0.002395267919986361,0.18702528,-0.010887045995834833
34,0.8181333333333333,-0.0024489737078585653,0.18702528,-0.010534934279125545
34,0.8181333333333333,-0.002502948051057664,0.18702528,-0.010182876329871691
34,0.8181333333333333,-0.002557100714993819,0.18702528,-0.009830854082208244
34,0.8181333333333333,-0.0026113436135198104,0.18702528,-0.009478849900409819
34,0.8181333333333333,-0.002665584363603187,0.18702528,-0.009126845288471751
34,0.8181333333333333,-0.0027197520666376483,0.18702528,-0.008774826051785808
34,0.8181333333333333,-0.0027738445741805795,0.18702528,-0.008422791760212343
34,0.8181333333333333,-0.0028278919644285925,0.18702528,-0.008070748435706366
34,0.8181333333333333,-0.002881913573365224,0.18702528,-0.007718699949524668
34,0.8181333333333333,-0.0029359351823018557,0.18702528,-0.0073666514633429665
34,0.8181333333333333,-0.0029899782756646386,0.18702528,-0.007014607278557702
34,0.8181333333333333,-0.0030440407050109576,0.18702528,-0.00666256696502923
34,0.8181333333333333,-0.0030981160250129684,0.18702528,-0.006310529232338616
34,0.8181333333333333,-0.003152195641900208,0.18702528,-0.005958492359927292
34,0.8181333333333333,-0.003206277407230064,0.18702528,-0.005606455917655609
34,0.8181333333333333,-0.0032603527272320743,0.18702528,-0.005254418184964997
34,0.8181333333333333,-0.0033144237503488537,0.18702528,-0.004902379591995097
34,0.8181333333333333,-0.003368492625023018,0.18702528,-0.0045503405688855515
34,0.8181333333333333,-0.0034225572028119527,0.18702528,-0.004198300685496724
34,0.8181333333333333,-0.003476623929043502,0.18702528,-0.0038462612322475373
34,0.8181333333333333,-0.003530690655275052,0.18702528,-0.0034942217789983507
34,0.8181333333333333,-0.0035847595299492163,0.18702528,-0.0031421827558888085
34,0.8181333333333333,-0.0036388284046233806,0.18702528,-0.0027901437327792628
34,0.8181333333333333,-0.0036928972792975457,0.18702528,-0.0024381047096697223
34,0.8181333333333333,-0.00374696615397171,0.18702528,-0.0020860656865601766
34,0.8181333333333333,-0.0038010350286458747,0.18702528,-0.001734026663450636
34,0.8181333333333333,-0.0038551039033200393,0.18702528,-0.001381987640341092
34,0.8181333333333333,-0.0039091727779942045,0.18702528,-0.0010299486172315481
34,0.8181333333333333,-0.003963241652668368,0.18702528,-0.0006779095941220042
34,0.8181333333333333,-0.004017310527342534,0.18702528,-0.0003258705710124585
34,0.8181333333333333,-0.004071379402016698,0.18702528,2.6168452097082018e-05
34,0.8181333333333333,-0.004125448276690863,0.18702528,0.0003782074752066225
34,0.8181333333333333,-0.004179517151365027,0.18702528,0.000730246498316163
34,0.8181333333333333,-0.004206552662923417,0.18702528,0.0009062657948011171
34,0.8181333333333333,-0.004233588174481807,0.18702528,0.0010822850912860643
34,0.8181333333333333,-0.004260621537597582,0.18702528,0.0012583048179106576
34,0.8181333333333333,-0.0042876549007133564,0.18702528,0.0014343245445352544
35,0.840111111111111,-0.004267759906712798,0.19204939999999998,0.0008460552033593277
35,0.840111111111111,-0.004188675861130814,0.19204939999999998,0.0006913099602654689
35,0.840111111111111,-0.004109695131727257,0.19204939999999998,0.0005365445490074158
35,0.840111111111111,-0.004030936929477236,0.19204939999999998,0.00038173569862649456
35,0.840111111111111,-0.003952514504807106,0.19204939999999998,0.00022686130171196625
35,0.840111111111111,-0.003797102174017736,0.19204939999999998,-8.316713147056565e-05
35,0.840111111111111,-0.0036438555092761747,0.19204939999999998,-0.000393618320402446
35,0.840111111111111,-0.0034926910628998477,0.19204939999999998,-0.000704475975412594
35,0.840111111111111,-0.0033435194266574226,0.19204939999999998,-0.0010157226432820007
35,0.840111111111111,-0.0031963684164430916,0.19204939999999998,-0.0013273637539010282
35,0.840111111111111,-0.00305130955884192,0.19204939999999998,-0.0016394132698448836
35,0.840111111111111,-0.0029084104067398026,0.19204939999999998,-0.0019518843779901523
35,0.840111111111111,-0.0027677325524738793,0.19204939999999998,-0.0022647891016654795
35,0.840111111111111,-0.0026293316278325337,0.19204939999999998,-0.0025781383006515893
35,0.840111111111111,-0.0024932374355595434,0.19204939999999998,-0.00289193779268815
35,0.840111111111111,-0.0023594758046995156,0.19204939999999998,-0.0032061926198162054
35,0.840111111111111,-0.0022280705774474713,0.19204939999999998,-0.003520907436227497
35,0.840111111111111,-0.002099037648600092,0.19204939999999998,-0.0038360853447165118
35,0.840111111111111,-0.001972420728848251,0.19204939999999998,-0.0041517348779680965
35,0.840111111111111,-0.001848408568902537,0.19204939999999998,-0.004467892881666834
35,0.840111111111111,-0.0017272316433148273,0.19204939999999998,-0.004784604346332835
35,0.840111111111111,-0.0016091204266369986,0.19204939999999998,-0.005101914262486211
35,0.840111111111111,-0.0014942974460225877,0.19204939999999998,-0.0054198660692498304
35,0.840111111111111,-0.0013829713206780349,0.19204939999999998,-0.005738500490801386
35,0.840111111111111,-0.0012751996692413094,0.19204939999999998,-0.006057828774770905
35,0.840111111111111,-0.0011709983865090918,0.19204939999999998,-0.00637785402395288
35,0.840111111111111,-0.0010703714461805533,0.19204939999999998,-0.006698577014045928
35,0.840111111111111,-0.0009733327562027896,0.19204939999999998,-0.007020000459995235
35,0.840111111111111,-0.0008799240404170883,0.19204939999999998,-0.007342132506636333
35,0.840111111111111,-0.0007903797470744972,0.19204939999999998,-0.007665018920187961
35,0.840111111111111,-0.0007050217458078102,0.19204939999999998,-0.007988722532238554
35,0.840111111111111,-0.0006241659457010653,0.19204939999999998,-0.008313305010828614
35,0.840111111111111,-0.0005481322295374713,0.19204939999999998,-0.008638828799697263
35,0.840111111111111,-0.00047717491406392646,0.19204939999999998,-0.008965343543556352
35,0.840111111111111,-0.00041107743267565,0.19204939999999998,-0.009292806966830944
35,0.840111111111111,-0.00034943248120768763,0.19204939999999998,-0.00962113956041222
35,0.840111111111111,-0.00029183076864549846,0.19204939999999998,-0.009950261427342046
35,0.840111111111111,-0.0002378669776737126,0.19204939999999998,-0.010280093446360907
35,0.840111111111111,-0.00018735037073215588,0.19204939999999998,-0.010610598383934923
35,0.840111111111111,-0.00014157836059992943,0.19204939999999998,-0.010942029505664386
35,0.840111111111111,-0.00010247421767545445,0.19204939999999998,-0.01127476224968266
35,0.840111111111111,-7.199896249927124e-05,0.19204939999999998,-0.011609179423260027
35,0.840111111111111,-5.216527370113344e-05,0.19204939999999998,-0.011945673917748856
35,0.840111111111111,-4.481694769605687e-05,0.19204939999999998,-0.012284605657310065
35,0.840111111111111,-5.03136042589523e-05,0.19204939999999998,-0.012626044842668997
35,0.840111111111111,-6.846053213047684e-05,0.19204939999999998,-0.012969953464593145
35,0.840111111111111,-0.00010013591882726395,0.19204939999999998,-0.013316502952478115
35,0.840111111111111,-0.00014783922112742863,0.19204939999999998,-0.013666181220757556
35,0.840111111111111,-0.00021431825200722847,0.19204939999999998,-0.014019524665029034
35,0.840111111111111,-0.00030277978669709027,0.19204939999999998,-0.014377159274081027
35,0.840111111111111,-0.000359824740441424,0.19204939999999998,-0.014558478012740423
35,0.840111111111111,-0.00043008621762615287,0.19204939999999998,-0.014742376725018765
35,0.840111111111111,-0.0005194174771291184,0.19204939999999998,-0.014929998014987218
35,0.840111111111111,-0.0006393700624383633,0.19204939999999998,-0.015123596838541834
35,0.840111111111111,-0.000763088419390257,0.19204939999999998,-0.01528389415226476
35,0.840111111111111,-0.0008322075462503294,0.19204939999999998,-0.01536546001050981
35,0.840111111111111,-0.0009149981851057955,0.19204939999999998,-0.015449694659866097
35,0.840111111111111,-0.0009706133870144226,0.19204939999999998,-0.015494587822065404
35,0.840111111111111,-0.0010086482962082782,0.19204939999999998,-0.015519030857495111
35,0.840111111111111,-0.0010346276717515597,0.19204939999999998,-0.015532611399196853
35,0.840111111111111,-0.0010795,0.19204939999999998,-0.015549879999999999
35,0.840111111111111,-0.0011738859591744837,0.19204939999999998,-0.015559795757427728
35,0.840111111111111,-0.0012007547957465163,0.19204939999999998,-0.01555653161955796
35,0.840111111111111,-0.0012410991158371082,0.19204939999999998,-0.015547388851610774
35,0.840111111111111,-0.001301170217873226,0.19204939999999998,-0.015525078603412764
35,0.840111111111111,-0.0013889466422034237,0.19204939999999998,-0.015474140041735234
35,0.840111111111111,-0.0014551359457910039,0.19204939999999998,-0.015418987497290143
35,0.840111111111111,-0.0015462834503752023,0.19204939999999998,-0.015300633759491313
35,0.840111111111111,-0.0016246442827081934,0.19204939999999998,-0.015145747339248129
35,0.840111111111111,-0.0016947040574744419,0.19204939999999998,-0.014989240484582222
35,0.840111111111111,-0.001756987302964427,0.19204939999999998,-0.014831215587711784
35,0.840111111111111,-0.0018104966206864046,0.19204939999999998,-0.014671477948282528
35,0.840111111111111,-0.0019009608253869183,0.19204939999999998,-0.014348771108962044
35,0.840111111111111,-0.0019832253018495323,0.19204939999999998,-0.014024463615533715
35,0.840111111111111,-0.002058845753299416,0.19204939999999998,-0.01369885915400831
35,0.840111111111111,-0.0021283546554253887,0.19204939999999998,-0.013372061668001265
35,0.840111111111111,-0.002192640129992011,0.19204939999999998,-0.013044244526154741
35,0.840111111111111,-0.002252558509170481,0.19204939999999998,-0.012715574891521924
35,0.840111111111111,-0.0023089442697865614,0.19204939999999998,-0.012386215660813566
35,0.840111111111111,-0.0023625941385238937,0.19204939999999998,-0.012056322361603514
35,0.840111111111111,-0.0024141518546480674,0.19204939999999998,-0.011726020657068634
35,0.840111111111111,-0.002464213473034625,0.19204939999999998,-0.011395426902002324
35,0.840111111111111,-0.0025133790222582825,0.19204939999999998,-0.011064658226896607
35,0.840111111111111,-0.002562248530893752,0.19204939999999998,-0.010733831762243502
35,0.840111111111111,-0.002611322685036493,0.19204939999999998,-0.010403045246069463
35,0.840111111111111,-0.0026606451953773763,0.19204939999999998,-0.010072307211059341
35,0.840111111111111,-0.0027101326142338266,0.19204939999999998,-0.009741601367542058
35,0.840111111111111,-0.0027597034807728535,0.19204939999999998,-0.009410911813695853
35,0.840111111111111,-0.0028092723604622952,0.19204939999999998,-0.009080221872000332
35,0.840111111111111,-0.0028587736872658417,0.19204939999999998,-0.00874951874342823
35,0.840111111111111,-0.0029082054743339086,0.19204939999999998,-0.008418802040130232
35,0.840111111111111,-0.0029575955375606873,0.19204939999999998,-0.008088077191996695
35,0.840111111111111,-0.003006961758592444,0.19204939999999998,-0.00775734768967142
35,0.840111111111111,-0.0030563279796242005,0.19204939999999998,-0.007426618187346148
35,0.840111111111111,-0.003105714069151809,0.19204939999999998,-0.007095892563513987
35,0.840111111111111,-0.003155118040325684,0.19204939999999998,-0.0067651704303256285
35,0.840111111111111,-0.003204533932597069,0.19204939999999998,-0.006434450624233137
35,0.840111111111111,-0.0032539537985676248,0.19204939999999998,-0.0061037315938392706
35,0.840111111111111,-0.0033033756513877657,0.19204939999999998,-0.005773012951294716
35,0.840111111111111,-0.0033527915436591506,0.19204939999999998,-0.005442293145202226
35,0.840111111111111,-0.0034022034622313664,0.19204939999999998,-0.005111572563411113
35,0.840111111111111,-0.0034516133939539962,0.19204939999999998,-0.004780851593770688
35,0.840111111111111,-0.003501019351977456,0.19204939999999998,-0.00445012984843164
35,0.840111111111111,-0.0035504272968505,0.19204939999999998,-0.004119408490941907
35,0.840111111111111,-0.003599835241723545,0.19204939999999998,-0.00378868713345217
35,0.840111111111111,-0.0036492451734461756,0.19204939999999998,-0.0034579661638117452
35,0.840111111111111,-0.0036986551051688054,0.19204939999999998,-0.003127245194171322
35,0.840111111111111,-0.0037480650368914353,0.19204939999999998,-0.0027965242245308972
35,0.840111111111111,-0.003797474968614065,0.19204939999999998,-0.0024658032548904724
35,0.840111111111111,-0.003846884900336695,0.19204939999999998,-0.002135082285250051
35,0.840111111111111,-0.003896294832059325,0.19204939999999998,-0.0018043613156096244
35,0.840111111111111,-0.003945704763781956,0.19204939999999998,-0.0014736403459691995
35,0.840111111111111,-0.0039951146955045855,0.19204939999999998,-0.0011429193763287764
35,0.840111111111111,-0.004044524627227215,0.19204939999999998,-0.0008121984066883532
35,0.840111111111111,-0.004093934558949845,0.19204939999999998,-0.00048147743704792835
35,0.840111111111111,-0.004143344490672475,0.19204939999999998,-0.00015075646740750348
35,0.840111111111111,-0.004192754422395105,0.19204939999999998,0.00017996450223291965
35,0.840111111111111,-0.004217460381681212,0.19204939999999998,0.00034532479312847364
35,0.840111111111111,-0.00424216634096732,0.19204939999999998,0.0005106850840240311
35,0.840111111111111,-0.004266870313403843,0.19204939999999998,0.0006760457627689002
35,0.840111111111111,-0.004291574285840365,0.19204939999999998,0.0008414064415137659
36,0.8620888888888889,-0.004274450697586907,0.19707352,0.00026765772056920427
36,0.8620888888888889,-0.004201954602056137,0.19707352,0.00012262704639458277
36,0.8620888888888889,-0.004129553538711968,0.19707352,-2.2421724855614666e-05
36,0.8620888888888889,-0.004057357160077404,0.19707352,-0.0001675094744224316
36,0.8620888888888889,-0.003985469636049298,0.19707352,-0.000312656039484863
36,0.8620888888888889,-0.003843012245811165,0.19707352,-0.0006032000925229753
36,0.8620888888888889,-0.003702546876407578,0.19707352,-0.0008941234881067687
36,0.8620888888888889,-0.0035639967710724345,0.19707352,-0.001185411609367519
36,0.8620888888888889,-0.003427279690413483,0.19707352,-0.0014770487953744364
36,0.8620888888888889,-0.0032924212200194244,0.19707352,-0.0017690399184170959
36,0.8620888888888889,-0.0031594871514040597,0.19707352,-0.0020613975072401314
36,0.8620888888888889,-0.0030285396209970904,0.19707352,-0.0023541333945467976
36,0.8620888888888889,-0.0028996352826020687,0.19707352,-0.002647258368978306
36,0.8620888888888889,-0.002772825307396394,0.19707352,-0.0029407821751138083
36,0.8620888888888889,-0.0026481371085108184,0.19707352,-0.003234710033263569
36,0.8620888888888889,-0.0025255944439919915,0.19707352,-0.0035290464676964797
36,0.8620888888888889,-0.002405219244344515,0.19707352,-0.0038237956546607523
36,0.8620888888888889,-0.002287026129904788,0.19707352,-0.004118960378321858
36,0.8620888888888889,-0.0021710553065979127,0.19707352,-0.004414548295134846
36,0.8620888888888889,-0.0020574803909186416,0.19707352,-0.004710592467064708
36,0.8620888888888889,-0.00194651337774478,0.19707352,-0.005007133264510804
36,0.8620888888888889,-0.0018383662619541336,0.19707352,-0.0053042110578724894
36,0.8620888888888889,-0.001733243728256306,0.19707352,-0.005601864825466384
36,0.8620888888888889,-0.0016313376685665522,0.19707352,-0.0059001311094643225
36,0.8620888888888889,-0.0015327010816043238,0.19707352,-0.006199020002466138
36,0.8620888888888889,-0.0014373485877060205,0.19707352,-0.006498534288637312
36,0.8620888888888889,-0.0013452838419557426,0.19707352,-0.006798674664019209
36,0.8620888888888889,-0.00125651963714784,0.19707352,-0.007099443564756617
36,0.8620888888888889,-0.001171094351665364,0.19707352,-0.007400848299283901
36,0.8620888888888889,-0.0010892236354702195,0.19707352,-0.007702929934041789
36,0.8620888888888889,-0.0010112035503745131,0.19707352,-0.00800574484838111
36,0.8620888888888889,-0.0009373246755642018,0.19707352,-0.008309348377590633
36,0.8620888888888889,-0.0008678812453093423,0.19707352,-0.008613796553000503
36,0.8620888888888889,-0.0008031071849923395,0.19707352,-0.008919133921258288
36,0.8620888888888889,-0.0007428032925297391,0.19707352,-0.009225322548109417
36,0.8620888888888889,-0.0006865949218012827,0.19707352,-0.009532291089313645
36,0.8620888888888889,-0.0006341055991446617,0.19707352,-0.00983996785261005
36,0.8620888888888889,-0.000584962505981667,0.19707352,-0.010148281841779069
36,0.8620888888888889,-0.0005389901982754949,0.19707352,-0.010457199646835027
36,0.8620888888888889,-0.0004973820609848233,0.19707352,-0.010766948525284651
36,0.8620888888888889,-0.0004619071548140919,0.19707352,-0.011077865361150165
36,0.8620888888888889,-0.0004343692637666922,0.19707352,-0.01139029365084679
36,0.8620888888888889,-0.0004166196879393173,0.19707352,-0.011704585939327536
36,0.8620888888888889,-0.0004103543863544054,0.19707352,-0.012021065189787258
36,0.8620888888888889,-0.0004159041441230138,0.19707352,-0.012339794393969783
36,0.8620888888888889,-0.0004330898621242392,0.19707352,-0.01266073944584807
36,0.8620888888888889,-0.00046271931394419995,0.19707352,-0.012984054170564493
36,0.8620888888888889,-0.0005070915474818483,0.19707352,-0.013310176378139672
36,0.8620888888888889,-0.0005687340533923924,0.19707352,-0.013639587381179735
36,0.8620888888888889,-0.0006505964845445998,0.19707352,-0.013972848885068848
36,0.8620888888888889,-0.0007033144325724486,0.19707352,-0.014141724196415604
36,0.8620888888888889,-0.0007681891903171761,0.19707352,-0.01431291454135309
36,0.8620888888888889,-0.0008506046966582053,0.19707352,-0.014487445188816714
36,0.8620888888888889,-0.0009611862810744801,0.19707352,-0.014667339531063915
36,0.8620888888888889,-0.001075182311046585,0.19707352,-0.014816116853818761
36,0.8620888888888889,-0.0011388581646834903,0.19707352,-0.01489177718277594
36,0.8620888888888889,-0.001215109335166734,0.19707352,-0.014969832242060515
36,0.8620888888888889,-0.0012663146388605057,0.19707352,-0.015011350555739012
36,0.8620888888888889,-0.0013013245634099818,0.19707352,-0.015033901149049742
36,0.8620888888888889,-0.0013252332330280668,0.19707352,-0.015046395910182246
36,0.8620888888888889,-0.00136652,0.19707352,-0.015062199999999998
36,0.8620888888888889,-0.001453325655315502,0.19707352,-0.015070788679931859
36,0.8620888888888889,-0.001478027776686481,0.19707352,-0.015067550920976128
36,0.8620888888888889,-0.0015151125584691068,0.19707352,-0.015058729395633047
36,0.8620888888888889,-0.0015703177181810737,0.19707352,-0.015037474934307824
36,0.8620888888888889,-0.0016509573776098251,0.19707352,-0.014989296754713149
36,0.8620888888888889,-0.001711740792664872,0.19707352,-0.014937337330385563
36,0.8620888888888889,-0.0017953824701524958,0.19707352,-0.014826196356493638
36,0.8620888888888889,-0.0018672133403770511,0.19707352,-0.014681039002789999
36,0.8620888888888889,-0.0019314087399165312,0.19707352,-0.014534427618668128
36,0.8620888888888889,-0.0019884511398721477,0.19707352,-0.01438645408158863
36,0.8620888888888889,-0.002037423114134779,0.19707352,-0.01423694368516808
36,0.8620888888888889,-0.002120139982299093,0.19707352,-0.013935023183986936
36,0.8620888888888889,-0.002195314584422884,0.19707352,-0.013631666401442451
36,0.8620888888888889,-0.002264377885931335,0.19707352,-0.013327145837730285
36,0.8620888888888889,-0.002327819668093857,0.19707352,-0.013021554762393781
36,0.8620888888888889,-0.0023864568422068194,0.19707352,-0.01271504874067874
36,0.8620888888888889,-0.0024410770788937893,0.19707352,-0.012407777769500014
36,0.8620888888888889,-0.002492447945815785,0.19707352,-0.01209988801754493
36,0.8620888888888889,-0.002541302287334873,0.19707352,-0.011791519041107822
36,0.8620888888888889,-0.0025882322270752668,0.19707352,-0.01148278359889034
36,0.8620888888888889,-0.002633786027651979,0.19707352,-0.01117378609709772
36,0.8620888888888889,-0.0026785156067641227,0.19707352,-0.010864631637976564
36,0.8620888888888889,-0.0027229728821108095,0.19707352,-0.010555425323773474
36,0.8620888888888889,-0.002767618394288651,0.19707352,-0.010246254855700848
36,0.8620888888888889,-0.0028124923492227477,0.19707352,-0.009937127890213737
36,0.8620888888888889,-0.0028575179901469978,0.19707352,-0.009628029810443408
36,0.8620888888888889,-0.0029026203878373498,0.19707352,-0.009318946347541811
36,0.8620888888888889,-0.0029477209579856518,0.19707352,-0.00900986253661953
36,0.8620888888888889,-0.002992759391704252,0.19707352,-0.00870076689299399
36,0.8620888888888889,-0.0030377338614511014,0.19707352,-0.008391659068644506
36,0.8620888888888889,-0.0030826699528148996,0.19707352,-0.008082543935860654
36,0.8620888888888889,-0.003127584113674097,0.19707352,-0.0077734246268285935
36,0.8620888888888889,-0.0031724982745332947,0.19707352,-0.007464305317796533
36,0.8620888888888889,-0.003217430710812993,0.19707352,-0.007155189488971312
36,0.8620888888888889,-0.003262379594971141,0.19707352,-0.00684607679233225
36,0.8620888888888889,-0.00330733944438159,0.19707352,-0.006536966183817291
36,0.8620888888888889,-0.0033523029488761384,0.19707352,-0.006227856271343705
36,0.8620888888888889,-0.0033972682809127372,0.19707352,-0.005918746706890798
36,0.8620888888888889,-0.003442228130323186,0.19707352,-0.00560963609837584
36,0.8620888888888889,-0.0034871843246495346,0.19707352,-0.0053005247938195145
36,0.8620888888888889,-0.0035321386914338336,0.19707352,-0.004991413141242504
36,0.8620888888888889,-0.0035770894031340317,0.19707352,-0.004682300792624126
36,0.8620888888888889,-0.0036220419423762798,0.19707352,-0.004373188792026434
36,0.8620888888888889,-0.0036669944816185287,0.19707352,-0.004064076791428738
36,0.8620888888888889,-0.0037119488484028272,0.19707352,-0.0037549651388517277
36,0.8620888888888889,-0.003756903215187126,0.19707352,-0.003445853486274717
36,0.8620888888888889,-0.0038018575819714242,0.19707352,-0.0031367418336977083
36,0.8620888888888889,-0.003846811948755723,0.19707352,-0.0028276301811206977
36,0.8620888888888889,-0.0038917663155400213,0.19707352,-0.002518518528543687
36,0.8620888888888889,-0.00393672068232432,0.19707352,-0.0022094068759666782
36,0.8620888888888889,-0.003981675049108619,0.19707352,-0.0019002952233896676
36,0.8620888888888889,-0.004026629415892918,0.19707352,-0.0015911835708126588
36,0.8620888888888889,-0.004071583782677216,0.19707352,-0.0012820719182356482
36,0.8620888888888889,-0.004116538149461515,0.19707352,-0.0009729602656586359
36,0.8620888888888889,-0.004161492516245813,0.19707352,-0.0006638486130816287
36,0.8620888888888889,-0.004206446883030112,0.19707352,-0.00035473696050461814
36,0.8620888888888889,-0.004228924980193286,0.19707352,-0.00020018130822645544
36,0.8620888888888889,-0.00425140307735646,0.19707352,-4.562565594829274e-05
36,0.8620888888888889,-0.004273879346977585,0.19707352,0.00010893034435055515
36,0.8620888888888889,-0.004296355616598709,0.19707352,0.0002634863446494013
37,0.8840666666666667,-0.004280332231677076,0.20209764,-0.00030045290985601485
37,0.8840666666666667,-0.004214316232005915,0.20209764,-0.00043552012553938445
37,0.8840666666666667,-0.004148387011932221,0.20209764,-0.0005706034699932347
37,0.8840666666666667,-0.0040826447017607605,0.20209764,-0.000705721553337358
37,0.8840666666666667,-0.004017184425281066,0.20209764,-0.0008408920551855464
37,0.8840666666666667,-0.003887467104817309,0.20209764,-0.0011114566904880403
37,0.8840666666666667,-0.003759568818223513,0.20209764,-0.001382359409633339
37,0.8840666666666667,-0.003633419474286339,0.20209764,-0.0016535871855375972
37,0.8840666666666667,-0.0035089439752772123,0.20209764,-0.0019251260606109651
37,0.8840666666666667,-0.0033861656849339112,0.20209764,-0.0021969803772147363
37,0.8840666666666667,-0.0032651446814392967,0.20209764,-0.002469161301420778
37,0.8840666666666667,-0.0031459377052994045,0.20209764,-0.002741679378963637
37,0.8840666666666667,-0.0030285964905050317,0.20209764,-0.0030145442250718683
37,0.8840666666666667,-0.0029131677645317365,0.20209764,-0.003287764524468044
37,0.8840666666666667,-0.002799676559955712,0.20209764,-0.0035613449296821083
37,0.8840666666666667,-0.002688144571676324,0.20209764,-0.0038352894729066812
37,0.8840666666666667,-0.0025785918257545254,0.20209764,-0.004109601876165724
37,0.8840666666666667,-0.00247103167289762,0.20209764,-0.004384284620808535
37,0.8840666666666667,-0.0023655008275506894,0.20209764,-0.004659344530545709
37,0.8840666666666667,-0.0022621578293629493,0.20209764,-0.004934811071400242
37,0.8840666666666667,-0.002161196263590287,0.20209764,-0.0052107202229370545
37,0.8840666666666667,-0.002062809715488587,0.20209764,-0.005487107964721068
37,0.8840666666666667,-0.001967185094960084,0.20209764,-0.005764009035642557
37,0.8840666666666667,-0.0018744976300381234,0.20209764,-0.006041456003411147
37,0.8840666666666667,-0.001784795717036676,0.20209764,-0.006319457862918066
37,0.8840666666666667,-0.0016980927066630445,0.20209764,-0.006598017095512627
37,0.8840666666666667,-0.0016143919365940547,0.20209764,-0.006877134321532147
37,0.8840666666666667,-0.0015337050886985958,0.20209764,-0.007156811712157273
37,0.8840666666666667,-0.001456067208583337,0.20209764,-0.00743705578092993
37,0.8840666666666667,-0.0013816752191809904,0.20209764,-0.007717903127752366
37,0.8840666666666667,-0.0013107994723144294,0.20209764,-0.007999403999948008
37,0.8840666666666667,-0.0012437053132912917,0.20209764,-0.008281607714334295
37,0.8840666666666667,-0.0011806614250960388,0.20209764,-0.008564564208065985
37,0.8840666666666667,-0.0011218814190455102,0.20209764,-0.008848313182731963
37,0.8840666666666667,-0.0010671833917527097,0.20209764,-0.009132820829947947
37,0.8840666666666667,-0.0010162252313430124,0.20209764,-0.009418023565137993
37,0.8840666666666667,-0.000968663157103379,0.20209764,-0.009703857493557502
37,0.8840666666666667,-0.0009241567259975968,0.20209764,-0.009990259340799192
37,0.8840666666666667,-0.0008825457295380364,0.20209764,-0.010277199330671408
37,0.8840666666666667,-0.0008449199192082618,0.20209764,-0.010564880003311166
37,0.8840666666666667,-0.0008128947305918703,0.20209764,-0.010853601601984376
37,0.8840666666666667,-0.0007881173072023039,0.20209764,-0.011143670263161539
37,0.8840666666666667,-0.0007722781823517373,0.20209764,-0.011435400187698404
37,0.8840666666666667,-0.0007669260380872558,0.20209764,-0.011729079212114352
37,0.8840666666666667,-0.0007723629341615775,0.20209764,-0.012024763476937407
37,0.8840666666666667,-0.000788425324410248,0.20209764,-0.012322422585638582
37,0.8840666666666667,-0.0008158508354117276,0.20209764,-0.012622193632766981
37,0.8840666666666667,-0.0008567388658893289,0.20209764,-0.012924466810500815
37,0.8840666666666667,-0.0009133974193679656,0.20209764,-0.013229671082101187
37,0.8840666666666667,-0.0009885200010459098,0.20209764,-0.013538307059790382
37,0.8840666666666667,-0.0010368444652282868,0.20209764,-0.01369462548142781
37,0.8840666666666667,-0.0010962700425326624,0.20209764,-0.013853007145012348
37,0.8840666666666667,-0.0011717131309231688,0.20209764,-0.014014365807425568
37,0.8840666666666667,-0.0012728763569318717,0.20209764,-0.01418050478927488
37,0.8840666666666667,-0.001377120610365761,0.20209764,-0.014317749030978197
37,0.8840666666666667,-0.0014353406726431062,0.20209764,-0.014387504508124916
37,0.8840666666666667,-0.0015050440120389827,0.20209764,-0.014459394255842604
37,0.8840666666666667,-0.0015518395582573878,0.20209764,-0.014497559006823438
37,0.8840666666666667,-0.0015838276770965192,0.20209764,-0.014518237975507295
37,0.8840666666666667,-0.0016056693463145642,0.20209764,-0.014529664290844816
37,0.8840666666666667,-0.0016433799999999998,0.20209764,-0.01454404
37,0.8840666666666667,-0.0017226382306682743,0.20209764,-0.014551404012443297
37,0.8840666666666667,-0.0017451859943925084,0.20209764,-0.014548227873376257
37,0.8840666666666667,-0.0017790318821002385,0.20209764,-0.014539784748284046
37,0.8840666666666667,-0.00182940612130599,0.20209764,-0.01451967987788237
37,0.8840666666666667,-0.0019029692219728516,0.20209764,-0.014474417489556697
37,0.8840666666666667,-0.0019584003932845546,0.20209764,-0.014425785118706165
37,0.8840666666666667,-0.0020346310011653697,0.20209764,-0.014322083756907914
37,0.8840666666666667,-0.002100039543654268,0.20209764,-0.014186903639831168
37,0.8840666666666667,-0.002158475679254455,0.20209764,-0.014050427638079883
37,0.8840666666666667,-0.0022103799813069118,0.20209764,-0.013912737636181123
37,0.8840666666666667,-0.002254914692928408,0.20209764,-0.013773677929466
37,0.8840666666666667,-0.002330079354515885,0.20209764,-0.013492974190734591
37,0.8840666666666667,-0.002398356719973704,0.20209764,-0.013210990385930462
37,0.8840666666666667,-0.0024610534897790927,0.20209764,-0.01292796937711684
37,0.8840666666666667,-0.0025186169126266847,0.20209764,-0.012643994289495444
37,0.8840666666666667,-0.002571792959287004,0.20209764,-0.01235920376845869
37,0.8840666666666667,-0.0026213008991159714,0.20209764,-0.012073731496700386
37,0.8840666666666667,-0.0026678416442469663,0.20209764,-0.011787707745059045
37,0.8840666666666667,-0.0027120843988835248,0.20209764,-0.01150125689116858
37,0.8840666666666667,-0.0027545698666713962,0.20209764,-0.011214479429675843
37,0.8840666666666667,-0.0027957986991344235,0.20209764,-0.010927468411179772
37,0.8840666666666667,-0.0028362748854732743,0.20209764,-0.01064031750661663
37,0.8840666666666667,-0.002876502414888617,0.20209764,-0.010353120386922685
37,0.8840666666666667,-0.0029169018346604783,0.20209764,-0.010065955214601043
37,0.8840666666666667,-0.0029575098592339415,0.20209764,-0.009778828813362289
37,0.8840666666666667,-0.002998256397395667,0.20209764,-0.009491728156122575
37,0.8840666666666667,-0.0030390730267707304,0.20209764,-0.009204640525966711
37,0.8840666666666667,-0.0030798879873073816,0.20209764,-0.008917552585642186
37,0.8840666666666667,-0.003120646207337997,0.20209764,-0.008630454099583115
37,0.8840666666666667,-0.0031613460180241635,0.20209764,-0.008343344757620833
37,0.8840666666666667,-0.003202010783103662,0.20209764,-0.008056228902116627
37,0.8840666666666667,-0.0032426555221222063,0.20209764,-0.007769109324588462
37,0.8840666666666667,-0.003283300261140751,0.20209764,-0.007481989747060297
37,0.8840666666666667,-0.003323961688543423,0.20209764,-0.007194873271218764
37,0.8840666666666667,-0.003364638135491811,0.20209764,-0.006907759586895199
37,0.8840666666666667,-0.0034053245954706757,0.20209764,-0.006620647763583612
37,0.8840666666666667,-0.003446014393126366,0.20209764,-0.006333536560609351
37,0.8840666666666667,-0.003486705859620469,0.20209764,-0.006046425667803754
37,0.8840666666666667,-0.003527392319599334,0.20209764,-0.0057593138444921674
37,0.8840666666666667,-0.0035680754419013727,0.20209764,-0.005472201400843257
37,0.8840666666666667,-0.0036087568953649986,0.20209764,-0.0051850886470256805
37,0.8840666666666667,-0.0036494350111517995,0.20209764,-0.004897975272870779
37,0.8840666666666667,-0.003690114795777013,0.20209764,-0.004610862208884538
37,0.8840666666666667,-0.003730794580402226,0.20209764,-0.004323749144898302
37,0.8840666666666667,-0.0037714760338658526,0.20209764,-0.004036636391080723
37,0.8840666666666667,-0.003812157487329479,0.20209764,-0.0037495236372631496
37,0.8840666666666667,-0.0038528389407931044,0.20209764,-0.0034624108834455727
37,0.8840666666666667,-0.003893520394256731,0.20209764,-0.0031752981296279976
37,0.8840666666666667,-0.0039342018477203575,0.20209764,-0.0028881853758104224
37,0.8840666666666667,-0.003974883301183983,0.20209764,-0.0026010726219928473
37,0.8840666666666667,-0.004015564754647609,0.20209764,-0.0023139598681752704
37,0.8840666666666667,-0.004056246208111236,0.20209764,-0.0020268471143576935
37,0.8840666666666667,-0.004096927661574862,0.20209764,-0.00173973436054012
37,0.8840666666666667,-0.004137609115038488,0.20209764,-0.0014526216067225414
37,0.8840666666666667,-0.004178290568502115,0.20209764,-0.001165508852904968
37,0.8840666666666667,-0.00421897202196574,0.20209764,-0.0008783960990873911
37,0.8840666666666667,-0.0042393135831167595,0.20209764,-0.0007348398772629352
37,0.8840666666666667,-0.004259655144267779,0.20209764,-0.0005912836554384793
37,0.8840666666666667,-0.004279995036580386,0.20209764,-0.00044772712344536003
37,0.8840666666666667,-0.004300334928892993,0.20209764,-0.00030417059145223906
38,0.9060444444444445,-0.004283170800791359,0.20712176000000002,-0.0008479824743845739
38,0.9060444444444445,-0.0042234468025072885,0.20712176000000002,-0.0009728786206097146
38,0.9060444444444445,-0.004163801531562751,0.20712176000000002,-0.0010977890538622428
38,0.9060444444444445,-0.0041043258271956685,0.20712176000000002,-0.0012227302591737658
38,0.9060444444444445,-0.004045105986682066,0.20712176000000002,-0.0013477178973243069
38,0.9060444444444445,-0.003927757890497226,0.20712176000000002,-0.001597891268755161
38,0.9060444444444445,-0.003812060040467971,0.20712176000000002,-0.0018483641182601498
38,0.9060444444444445,-0.003697948849127756,0.20712176000000002,-0.0020991249063171576
38,0.9060444444444445,-0.0035853561870481387,0.20712176000000002,-0.002350161269152473
38,0.9060444444444445,-0.0034743032500513028,0.20712176000000002,-0.0026014770532734755
38,0.9060444444444445,-0.003364844541679999,0.20712176000000002,-0.002853082149699128
38,0.9060444444444445,-0.003257031537502385,0.20712176000000002,-0.0031049858999473347
38,0.9060444444444445,-0.0031509111711247205,0.20712176000000002,-0.0033571968212844257
38,0.9060444444444445,-0.0030465258341913683,0.20712176000000002,-0.003609722606725152
38,0.9060444444444445,-0.0029438982365118087,0.20712176000000002,-0.0038625673775274146
38,0.9060444444444445,-0.0028430480599209262,0.20712176000000002,-0.004115734705448057
38,0.9060444444444445,-0.0027439934722663043,0.20712176000000002,-0.004369227887493403
38,0.9060444444444445,-0.0026467465854463326,0.20712176000000002,-0.00462304912166767
38,0.9060444444444445,-0.0025513407071815833,0.20712176000000002,-0.004877204452482435
38,0.9060444444444445,-0.002457919666265432,0.20712176000000002,-0.005131719981237749
38,0.9060444444444445,-0.002366659085224529,0.20712176000000002,-0.0053866275789947096
38,0.9060444444444445,-0.002277734586585523,0.20712176000000002,-0.005641959116814414
38,0.9060444444444445,-0.0021913157369258694,0.20712176000000002,-0.005897745366755859
38,0.9060444444444445,-0.0021075615049119317,0.20712176000000002,-0.0061540151776243515
38,0.9060444444444445,-0.0020265157961753717,0.20712176000000002,-0.006410776517185164
38,0.9060444444444445,-0.00194819072261458,0.20712176000000002,-0.006668031583442514
38,0.9060444444444445,-0.0018725893122041534,0.20712176000000002,-0.006925780925897454
38,0.9060444444444445,-0.0017997221628551826,0.20712176000000002,-0.0071840264678036695
38,0.9060444444444445,-0.001729621068300941,0.20712176000000002,-0.007442773978922223
38,0.9060444444444445,-0.001662464679042675,0.20712176000000002,-0.007702055879815268
38,0.9060444444444445,-0.0015984982610227744,0.20712176000000002,-0.007961916680068137
38,0.9060444444444445,-0.001537962538221733,0.20712176000000002,-0.008222400065014578
38,0.9060444444444445,-0.001481101262594642,0.20712176000000002,-0.008483550269489396
38,0.9060444444444445,-0.0014281082245157348,0.20712176000000002,-0.00874540246156001
38,0.9060444444444445,-0.0013788183993694528,0.20712176000000002,-0.00900792669341901
38,0.9060444444444445,-0.0013329214197595628,0.20712176000000002,-0.009271066641208414
38,0.9060444444444445,-0.0012901054043025315,0.20712176000000002,-0.009534765706319717
38,0.9060444444444445,-0.001250061499589424,0.20712176000000002,-0.009798967839645463
38,0.9060444444444445,-0.0012126443628395645,0.20712176000000002,-0.010063646665135088
38,0.9060444444444445,-0.0011788426277590063,0.20712176000000002,-0.010328981594882549
38,0.9060444444444445,-0.0011501218340528921,0.20712176000000002,-0.010595238587397719
38,0.9060444444444445,-0.0011279762871850415,0.20712176000000002,-0.010862688821450481
38,0.9060444444444445,-0.0011139396562890396,0.20712176000000002,-0.011131610619324415
38,0.9060444444444445,-0.0011094169215780827,0.20712176000000002,-0.011402258949508328
38,0.9060444444444445,-0.0011146821147532346,0.20712176000000002,-0.01167468354184756
38,0.9060444444444445,-0.0011295868650592236,0.20712176000000002,-0.011948857470790487
38,0.9060444444444445,-0.0011548003548820756,0.20712176000000002,-0.012224902176069927
38,0.9060444444444445,-0.001192227180243558,0.20712176000000002,-0.012503163293848507
38,0.9060444444444445,-0.0012439611855777756,0.20712176000000002,-0.012784020804104696
38,0.9060444444444445,-0.0013124459463848344,0.20712176000000002,-0.01306791815418864
38,0.9060444444444445,-0.0013564527878713434,0.20712176000000002,-0.013211638832752764
38,0.9060444444444445,-0.001410530672868819,0.20712176000000002,-0.013357187151820703
38,0.9060444444444445,-0.0014791398079592381,0.20712176000000002,-0.01350537252644421
38,0.9060444444444445,-0.001571082515297255,0.20712176000000002,-0.013657792356185694
38,0.9060444444444445,-0.0016657870837305379,0.20712176000000002,-0.013783566484837318
38,0.9060444444444445,-0.001718671477536637,0.20712176000000002,-0.013847457487587806
38,0.9060444444444445,-0.0017819736179451057,0.20712176000000002,-0.01391323904871273
38,0.9060444444444445,-0.0018244602952461515,0.20712176000000002,-0.013948096218795007
38,0.9060444444444445,-0.001853496883516744,0.20712176000000002,-0.013966939082172494
38,0.9060444444444445,-0.0018733201891466924,0.20712176000000002,-0.013977323239706903
38,0.9060444444444445,-0.0019075399999999999,0.20712176000000002,-0.013990319999999999
38,0.9060444444444445,-0.001979435558912727,0.20712176000000002,-0.01399658050412549
38,0.9060444444444445,-0.0019998828014409576,0.20712176000000002,-0.013993504435851602
38,0.9060444444444445,-0.0020305714981168673,0.20712176000000002,-0.013985500206003133
38,0.9060444444444445,-0.002076238245270054,0.20712176000000002,-0.013966640660090303
38,0.9060444444444445,-0.002142908886480569,0.20712176000000002,-0.013924445882184194
38,0.9060444444444445,-0.0021931300556906844,0.20712176000000002,-0.013879265939805154
38,0.9060444444444445,-0.002262154129688249,0.20712176000000002,-0.013783204432116345
38,0.9060444444444445,-0.0023213270365955913,0.20712176000000002,-0.013658208276699476
38,0.9060444444444445,-0.0023741745045689562,0.20712176000000002,-0.013532064213581923
38,0.9060444444444445,-0.002421096226255201,0.20712176000000002,-0.013404844776902744
38,0.9060444444444445,-0.0024613321800303766,0.20712176000000002,-0.013276412041897523
38,0.9060444444444445,-0.0025291895454079417,0.20712176000000002,-0.013017257350498353
38,0.9060444444444445,-0.0025907986852037627,0.20712176000000002,-0.012756968763675365
38,0.9060444444444445,-0.0026473450514727243,0.20712176000000002,-0.012495761411090989
38,0.9060444444444445,-0.0026992343928108776,0.20712176000000002,-0.012233708925886384
38,0.9060444444444445,-0.0027471434615407428,0.20712176000000002,-0.011970934121547006
38,0.9060444444444445,-0.0027917247861880606,0.20712176000000002,-0.011707555415549874
38,0.9060444444444445,-0.0028336142414182863,0.20712176000000002,-0.011443688203116212
38,0.9060444444444445,-0.002873418936138199,0.20712176000000002,-0.01117944265920724
38,0.9060444444444445,-0.002911629402232578,0.20712176000000002,-0.010914907802993623
38,0.9060444444444445,-0.002948699835891035,0.20712176000000002,-0.010650166059633375
38,0.9060444444444445,-0.0029850874612777764,0.20712176000000002,-0.010385300403785571
38,0.9060444444444445,-0.003021249502557012,0.20712176000000002,-0.010120393810109287
38,0.9060444444444445,-0.003057567484528013,0.20712176000000002,-0.009855515515737254
38,0.9060444444444445,-0.003094074714911353,0.20712176000000002,-0.009590671565181064
38,0.9060444444444445,-0.003130707606240484,0.20712176000000002,-0.009325850418918591
38,0.9060444444444445,-0.0031674040850361612,0.20712176000000002,-0.00906104081217824
38,0.9060444444444445,-0.00320409904984454,0.20712176000000002,-0.008796230930687364
38,0.9060444444444445,-0.0032407425390847617,0.20712176000000002,-0.008531411707678582
38,0.9060444444444445,-0.00327733303876953,0.20712176000000002,-0.00826658286840136
38,0.9060444444444445,-0.0033138917447210255,0.20712176000000002,-0.008001748259363076
38,0.9060444444444445,-0.0033504322828249358,0.20712176000000002,-0.007736910353318475
38,0.9060444444444445,-0.003386972820928847,0.20712176000000002,-0.007472072447273871
38,0.9060444444444445,-0.0034235284989057443,0.20712176000000002,-0.007207237288734535
38,0.9060444444444445,-0.0034600978027683306,0.20712176000000002,-0.00694240460294994
38,0.9060444444444445,-0.003496676190554709,0.20712176000000002,-0.006677573565668504
38,0.9060444444444445,-0.003533257606315685,0.20712176000000002,-0.006412743077888125
38,0.9060444444444445,-0.003569840536063959,0.20712176000000002,-0.00614791286485827
38,0.9060444444444445,-0.0036064189238503375,0.20712176000000002,-0.005883081827576835
38,0.9060444444444445,-0.003642994283662118,0.20712176000000002,-0.005618250240794346
38,0.9060444444444445,-0.0036795681294866005,0.20712176000000002,-0.005353418379261331
38,0.9060444444444445,-0.003716138947336485,0.20712176000000002,-0.005088585968227264
38,0.9060444444444445,-0.0037527112791736683,0.20712176000000002,-0.004823753831943724
38,0.9060444444444445,-0.0037892836110108522,0.20712176000000002,-0.004558921695660181
38,0.9060444444444445,-0.0038258574568353345,0.20712176000000002,-0.004294089834127166
38,0.9060444444444445,-0.003862431302659817,0.20712176000000002,-0.004029257972594152
38,0.9060444444444445,-0.003899005148484299,0.20712176000000002,-0.0037644261110611373
38,0.9060444444444445,-0.0039355789943087815,0.20712176000000002,-0.003499594249528122
38,0.9060444444444445,-0.003972152840133263,0.20712176000000002,-0.003234762387995107
38,0.9060444444444445,-0.004008726685957745,0.20712176000000002,-0.0029699305264620935
38,0.9060444444444445,-0.0040453005317822276,0.20712176000000002,-0.0027050986649290766
38,0.9060444444444445,-0.00408187437760671,0.20712176000000002,-0.0024402668033960614
38,0.9060444444444445,-0.004118448223431192,0.20712176000000002,-0.002175434941863048
38,0.9060444444444445,-0.0041550220692556745,0.20712176000000002,-0.0019106030803300311
38,0.9060444444444445,-0.004191595915080156,0.20712176000000002,-0.0016457712187970194
38,0.9060444444444445,-0.004228169760904638,0.20712176000000002,-0.0013809393572640043
38,0.9060444444444445,-0.004246457440810529,0.20712176000000002,-0.001248523563872759
38,0.9060444444444445,-0.00426474512071642,0.20712176000000002,-0.0011161077704815153
38,0.9060444444444445,-0.004283031286635011,0.20712176000000002,-0.0009836917023397455
38,0.9060444444444445,-0.004301317452553603,0.20712176000000002,-0.000851275634197974
39,0.9280222222222222,-0.004284456590052945,0.21214587999999998,-0.0013797693948034012
39,0.9280222222222222,-0.004230882196158801,0.21214587999999998,-0.0014942740077652263
39,0.9280222222222222,-0.00417737860063194,0.21214587999999998,-0.0016087911703974288
39,0.9280222222222222,-0.004124027493896152,0.21214587999999998,-0.0017233353630889073
39,0.9280222222222222,-0.004070906481854034,0.21214587999999998,-0.0018379203422091133
39,0.9280222222222222,-0.003965646104362327,0.21214587999999998,-0.0020672643064561097
39,0.9280222222222222,-0.003861869769569446,0.21214587999999998,-0.002296871331101404
39,0.9280222222222222,-0.0037595202941787397,0.21214587999999998,-0.0025267312798727785
39,0.9280222222222222,-0.0036585364103723667,0.21214587999999998,-0.0027568332924785537
39,0.9280222222222222,-0.0035589371792492113,0.21214587999999998,-0.0029871807476761388
39,0.9280222222222222,-0.0034607716150635466,0.21214587999999998,-0.0032177823336988747
39,0.9280222222222222,-0.003364086009055519,0.21214587999999998,-0.0034486462561004686
39,0.9280222222222222,-0.0032689225679440864,0.21214587999999998,-0.0036797799964151823
39,0.9280222222222222,-0.0031753194139270166,0.21214587999999998,-0.003911190312157836
39,0.9280222222222222,-0.003083296969610257,0.21214587999999998,-0.004142880823425656
39,0.9280222222222222,-0.0029928729345856274,0.21214587999999998,-0.004374854667636237
39,0.9280222222222222,-0.002904063646937887,0.21214587999999998,-0.004607114740867356
39,0.9280222222222222,-0.002816879998723541,0.21214587999999998,-0.004839662973837533
39,0.9280222222222222,-0.0027313519430979772,0.21214587999999998,-0.005072504676022695
39,0.9280222222222222,-0.0026476088232321956,0.21214587999999998,-0.005305662774705268
39,0.9280222222222222,-0.00256580857394552,0.21214587999999998,-0.005539165265303783
39,0.9280222222222222,-0.002486109130057275,0.21214587999999998,-0.005773040143236777
39,0.9280222222222222,-0.0024086629803585337,0.21214587999999998,-0.006007314438563524
39,0.9280222222222222,-0.0023336130830909256,0.21214587999999998,-0.006242013491964595
39,0.9280222222222222,-0.0022609989219592825,0.21214587999999998,-0.006477144302294622
39,0.9280222222222222,-0.0021908313890201076,0.21214587999999998,-0.006712708800272129
39,0.9280222222222222,-0.0021231132072875294,0.21214587999999998,-0.006948707468576742
39,0.9280222222222222,-0.0020578539073109886,0.21214587999999998,-0.007185141996587168
39,0.9280222222222222,-0.0019950820807388124,0.21214587999999998,-0.007422017452439519
39,0.9280222222222222,-0.0019349583854044502,0.21214587999999998,-0.00765936231423196
39,0.9280222222222222,-0.0018777033854521325,0.21214587999999998,-0.007897215679014517
39,0.9280222222222222,-0.001823533560504899,0.21214587999999998,-0.008135615919817764
39,0.9280222222222222,-0.0017726681131999154,0.21214587999999998,-0.008374601892351913
39,0.9280222222222222,-0.0017252813164412646,0.21214587999999998,-0.008614204488113274
39,0.9280222222222222,-0.0016812247659590634,0.21214587999999998,-0.008854397401062022
39,0.9280222222222222,-0.001640219352805368,0.21214587999999998,-0.009095131156536087
39,0.9280222222222222,-0.0016019846065251702,0.21214587999999998,-0.00933635603853359
39,0.9280222222222222,-0.001566242779677589,0.21214587999999998,-0.009578022813732276
39,0.9280222222222222,-0.0015328631675845623,0.21214587999999998,-0.009820108313509913
39,0.9280222222222222,-0.0015027348343583232,0.21214587999999998,-0.010062770132765669
39,0.9280222222222222,-0.001477175718835995,0.21214587999999998,-0.01030624188844042
39,0.9280222222222222,-0.0014575296284889006,0.21214587999999998,-0.010550761782931524
39,0.9280222222222222,-0.001445175769972005,0.21214587999999998,-0.01079657429347154
39,0.9280222222222222,-0.001441377621839905,0.21214587999999998,-0.011043903383408743
39,0.9280222222222222,-0.0014463816168710304,0.21214587999999998,-0.011292792735249642
39,0.9280222222222222,-0.0014600543273731931,0.21214587999999998,-0.01154321869769237
39,0.9280222222222222,-0.0014829975394683025,0.21214587999999998,-0.01179528794293514
39,0.9280222222222222,-0.0015169240290417935,0.21214587999999998,-0.012049304076465164
39,0.9280222222222222,-0.0015637167603619938,0.21214587999999998,-0.012305600871246531
39,0.9280222222222222,-0.0016255732058288183,0.21214587999999998,-0.01256456784974058
39,0.9280222222222222,-0.0016652824683659772,0.21214587999999998,-0.012695607860124167
39,0.9280222222222222,-0.0017140484758871688,0.21214587999999998,-0.012828253262956849
39,0.9280222222222222,-0.0017758822282004155,0.21214587999999998,-0.012963215045333484
39,0.9280222222222222,-0.0018586995273708355,0.21214587999999998,-0.013101896356938232
39,0.9280222222222222,-0.0019439736203792917,0.21214587999999998,-0.013216212923436978
39,0.9280222222222222,-0.0019915856136922473,0.21214587999999998,-0.013274253062370202
39,0.9280222222222222,-0.002048566137106696,0.21214587999999998,-0.013333953860570144
39,0.9280222222222222,-0.002086800704864841,0.21214587999999998,-0.013365531528725761
39,0.9280222222222222,-0.002112926346351447,0.21214587999999998,-0.013382562659501059
39,0.9280222222222222,-0.002130759887844006,0.21214587999999998,-0.013391923879600316
39,0.9280222222222222,-0.00216154,0.21214587999999998,-0.013403579999999998
39,0.9280222222222222,-0.0022261879178997602,0.21214587999999998,-0.013408839387230637
39,0.9280222222222222,-0.0022445691027797652,0.21214587999999998,-0.013405897564869413
39,0.9280222222222222,-0.0022721535534271226,0.21214587999999998,-0.013398387048454344
39,0.9280222222222222,-0.002313194095927593,0.21214587999999998,-0.013380861632364401
39,0.9280222222222222,-0.0023730962308699194,0.21214587999999998,-0.013341879374598867
39,0.9280222222222222,-0.0024182055915711884,0.21214587999999998,-0.013300274959743829
39,0.9280222222222222,-0.0024801703183993636,0.21214587999999998,-0.013212057846193767
39,0.9280222222222222,-0.0025332491237225235,0.21214587999999998,-0.013097465385539298
39,0.9280222222222222,-0.0025806395525358678,0.21214587999999998,-0.012981864607137938
39,0.9280222222222222,-0.0026227010427040676,0.21214587999999998,-0.01286531922470084
39,0.9280222222222222,-0.0026587501176814237,0.21214587999999998,-0.01274770808564089
39,0.9280222222222222,-0.002719504190786021,0.21214587999999998,-0.012510474964182774
39,0.9280222222222222,-0.002774639324241024,0.21214587999999998,-0.01227224583330833
39,0.9280222222222222,-0.0028252215780768734,0.21214587999999998,-0.01203320966209267
39,0.9280222222222222,-0.0028716158361864925,0.21214587999999998,-0.011793431129606204
39,0.9280222222222222,-0.0029144306922271063,0.21214587999999998,-0.011553018114746218
39,0.9280222222222222,-0.0029542529557429293,0.21214587999999998,-0.011312074634972955
39,0.9280222222222222,-0.0029916544597004832,0.21214587999999998,-0.0110707020530087
39,0.9280222222222222,-0.003027181168432088,0.21214587999999998,-0.010828997146119249
39,0.9280222222222222,-0.003061274210226202,0.21214587999999998,-0.010587038108404648
39,0.9280222222222222,-0.003094342037201769,0.21214587999999998,-0.010344897341809385
39,0.9280222222222222,-0.0031267958244918575,0.21214587999999998,-0.010102647730957577
39,0.9280222222222222,-0.0031590467472295382,0.21214587999999998,-0.00986036216047334
39,0.9280222222222222,-0.0031914379051947222,0.21214587999999998,-0.009618101447990045
39,0.9280222222222222,-0.0032239992515427996,0.21214587999999998,-0.009375870902983616
39,0.9280222222222222,-0.0032566736029771177,0.21214587999999998,-0.009133660389181833
39,0.9280222222222222,-0.003289405137708088,0.21214587999999998,-0.008891460011652273
39,0.9280222222222222,-0.003322135310931995,0.21214587999999998,-0.008649259392782903
39,0.9280222222222222,-0.0033548191929157548,0.21214587999999998,-0.008407050568359822
39,0.9280222222222222,-0.0033874554221523055,0.21214587999999998,-0.008164833297043216
39,0.9280222222222222,-0.0034200630597405295,0.21214587999999998,-0.007922610957590498
39,0.9280222222222222,-0.0034526543592439955,0.21214587999999998,-0.007680385722060002
39,0.9280222222222222,-0.003485245658747462,0.21214587999999998,-0.007438160486529504
39,0.9280222222222222,-0.00351785057332156,0.21214587999999998,-0.007195937664397156
39,0.9280222222222222,-0.003550467741459226,0.21214587999999998,-0.006953717014323142
39,0.9280222222222222,-0.003583093078639271,0.21214587999999998,-0.0067114978122880175
39,0.9280222222222222,-0.003615721138833442,0.21214587999999998,-0.006469279092932525
39,0.9280222222222222,-0.0036483505605346767,0.21214587999999998,-0.006227060614916846
39,0.9280222222222222,-0.0036809758977147215,0.21214587999999998,-0.005984841412881722
39,0.9280222222222222,-0.00371359851188064,0.21214587999999998,-0.005742621728166968
39,0.9280222222222222,-0.0037462197645394954,0.21214587999999998,-0.005500401802112399
39,0.9280222222222222,-0.0037788382941842252,0.21214587999999998,-0.0052581813933782005
39,0.9280222222222222,-0.003811458185336017,0.21214587999999998,-0.0050159612259838195
39,0.9280222222222222,-0.0038440780764878095,0.21214587999999998,-0.004773741058589435
39,0.9280222222222222,-0.003876699329146665,0.21214587999999998,-0.004531521132534865
39,0.9280222222222222,-0.003909320581805521,0.21214587999999998,-0.004289301206480295
39,0.9280222222222222,-0.003941941834464377,0.21214587999999998,-0.004047081280425725
39,0.9280222222222222,-0.003974563087123233,0.21214587999999998,-0.003804861354371159
39,0.9280222222222222,-0.0040071843397820875,0.21214587999999998,-0.0035626414283165906
39,0.9280222222222222,-0.004039805592440943,0.21214587999999998,-0.0033204215022620224
39,0.9280222222222222,-0.004072426845099799,0.21214587999999998,-0.0030782015762074524
39,0.9280222222222222,-0.004105048097758654,0.21214587999999998,-0.0028359816501528842
39,0.9280222222222222,-0.004137669350417509,0.21214587999999998,-0.0025937617240983143
39,0.9280222222222222,-0.004170290603076365,0.21214587999999998,-0.002351541798043746
39,0.9280222222222222,-0.004202911855735221,0.21214587999999998,-0.0021093218719891796
39,0.9280222222222222,-0.004235533108394076,0.21214587999999998,-0.0018671019459346096
39,0.9280222222222222,-0.004251844415477036,0.21214587999999998,-0.0017459921035772336
39,0.9280222222222222,-0.004268155722559995,0.21214587999999998,-0.0016248822612198559
39,0.9280222222222222,-0.0042844656681358916,0.21214587999999998,-0.0015037721775226637
39,0.9280222222222222,-0.004300775613711788,0.21214587999999998,-0.0013826620938254715
40,0.9491222222222222,-0.0042800454405318685,0.21696933999999998,-0.0018745476844108239
40,0.9491222222222222,-0.004232200647218285,0.21696933999999998,-0.0019788427670943947
40,0.9491222222222222,-0.004184419155754867,0.21696933999999998,-0.0020831488513890564
40,0.9491222222222222,-0.004136774006737957,0.21696933999999998,-0.002187478631461452
40,0.9491222222222222,-0.0040893345887340815,0.21696933999999998,-0.0022918441667698925
40,0.9491222222222222,-0.003995333457225728,0.21696933999999998,-0.0025007277789559253
40,0.9491222222222222,-0.003902659229884286,0.21696933999999998,-0.0027098420018359676
40,0.9491222222222222,-0.0038112607782923133,0.21696933999999998,-0.0029191779494933696
40,0.9491222222222222,-0.003721083322002553,0.21696933999999998,-0.00312872610130315
40,0.9491222222222222,-0.003632143903820819,0.21696933999999998,-0.003338489419237523
40,0.9491222222222222,-0.003544486348104917,0.21696933999999998,-0.0035484755197964755
40,0.9491222222222222,-0.003458152044526109,0.21696933999999998,-0.0037586915963411065
40,0.9491222222222222,-0.0033731787307258385,0.21696933999999998,-0.003969144207524179
40,0.9491222222222222,-0.003289600492315733,0.21696933999999998,-0.004179839277290126
40,0.9491222222222222,-0.003207435589444878,0.21696933999999998,-0.004390779979180611
40,0.9491222222222222,-0.0031266998475758152,0.21696933999999998,-0.004601969063598405
40,0.9491222222222222,-0.0030474078748278133,0.21696933999999998,-0.004813409069376837
40,0.9491222222222222,-0.002969569409947051,0.21696933999999998,-0.0050251016890714584
40,0.9491222222222222,-0.002893211234485522,0.21696933999999998,-0.005237051577210038
40,0.9491222222222222,-0.0028184489960541024,0.21696933999999998,-0.0054492788328897625
40,0.9491222222222222,-0.0027454239064723905,0.21696933999999998,-0.005661807998166139
40,0.9491222222222222,-0.002674277177559985,0.21696933999999998,-0.005874663615094676
40,0.9491222222222222,-0.0026051451517633936,0.21696933999999998,-0.006087869379453109
40,0.9491222222222222,-0.002538155650126218,0.21696933999999998,-0.006301447506033061
40,0.9491222222222222,-0.002473343975603357,0.21696933999999998,-0.006515404130348409
40,0.9491222222222222,-0.00241071986694099,0.21696933999999998,-0.006729740944954708
40,0.9491222222222222,-0.0023502857588256626,0.21696933999999998,-0.006944458372990843
40,0.9491222222222222,-0.0022920501726602805,0.21696933999999998,-0.007159557895442924
40,0.9491222222222222,-0.0022360386726535644,0.21696933999999998,-0.007375043955269276
40,0.9491222222222222,-0.002182394905311657,0.21696933999999998,-0.0075909415176642955
40,0.9491222222222222,-0.0021313160802446866,0.21696933999999998,-0.007807284856877918
40,0.9491222222222222,-0.002082995755032964,0.21696933999999998,-0.008024107612451748
40,0.9491222222222222,-0.002037629921943344,0.21696933999999998,-0.008241443847066274
40,0.9491222222222222,-0.0019953744009146945,0.21696933999999998,-0.008459320641610335
40,0.9491222222222222,-0.001956096501530323,0.21696933999999998,-0.008677714935014532
40,0.9491222222222222,-0.0019195466684193896,0.21696933999999998,-0.008896583355542834
40,0.9491222222222222,-0.0018854741288677804,0.21696933999999998,-0.009115882319889768
40,0.9491222222222222,-0.0018536305448479265,0.21696933999999998,-0.009335568667888748
40,0.9491222222222222,-0.001823899051405679,0.21696933999999998,-0.009555622088873148
40,0.9491222222222222,-0.0017970745736979109,0.21696933999999998,-0.009776180737689925
40,0.9491222222222222,-0.0017743355000123008,0.21696933999999998,-0.009997449413560922
40,0.9491222222222222,-0.0017568833481587034,0.21696933999999998,-0.010219636935527403
40,0.9491222222222222,-0.001745951286872055,0.21696933999999998,-0.010442957623436193
40,0.9491222222222222,-0.0017426690107091379,0.21696933999999998,-0.010667607813731361
40,0.9491222222222222,-0.0017472568588022559,0.21696933999999998,-0.010893625800482282
40,0.9491222222222222,-0.0017595955315107144,0.21696933999999998,-0.011120990849883439
40,0.9491222222222222,-0.0017802230945609119,0.21696933999999998,-0.011349796475629097
40,0.9491222222222222,-0.0018106709657895216,0.21696933999999998,-0.011580308832079871
40,0.9491222222222222,-0.0018526227309422659,0.21696933999999998,-0.011812820519776869
40,0.9491222222222222,-0.001908043182060791,0.21696933999999998,-0.012047673011802786
40,0.9491222222222222,-0.0019436046630553667,0.21696933999999998,-0.012166463774945112
40,0.9491222222222222,-0.001987263911497915,0.21696933999999998,-0.012286661898029228
40,0.9491222222222222,-0.002042607220668913,0.21696933999999998,-0.012408890664637288
40,0.9491222222222222,-0.002116712224354066,0.21696933999999998,-0.012534380139516976
40,0.9491222222222222,-0.002193002512817549,0.21696933999999998,-0.012637727344554034
40,0.9491222222222222,-0.002235595829366623,0.21696933999999998,-0.012690174021821106
40,0.9491222222222222,-0.0022865656849730487,0.21696933999999998,-0.012744076508432652
40,0.9491222222222222,-0.0023207631385767937,0.21696933999999998,-0.012772541954249456
40,0.9491222222222222,-0.002344128139873321,0.21696933999999998,-0.01278786373087108
40,0.9491222222222222,-0.002360076211348057,0.21696933999999998,-0.012796265958513827
40,0.9491222222222222,-0.0023875999999999997,0.21696933999999998,-0.012806679999999999
40,0.9491222222222222,-0.0024453998013102382,0.21696933999999998,-0.012811094860846953
40,0.9491222222222222,-0.002461831843537942,0.21696933999999998,-0.012808320168846365
40,0.9491222222222222,-0.002486489816994134,0.21696933999999998,-0.012801344595222879
40,0.9491222222222222,-0.0025231733927688726,0.21696933999999998,-0.01278519799185505
40,0.9491222222222222,-0.002576710022411032,0.21696933999999998,-0.012749458318875894
40,0.9491222222222222,-0.002617020217398617,0.21696933999999998,-0.012711419943887187
40,0.9491222222222222,-0.002672378299785042,0.21696933999999998,-0.01263095270480695
40,0.9491222222222222,-0.002719779980147473,0.21696933999999998,-0.012526580610845746
40,0.9491222222222222,-0.0027620956003178367,0.21696933999999998,-0.012421324579747322
40,0.9491222222222222,-0.0027996465389200456,0.21696933999999998,-0.012315240465844904
40,0.9491222222222222,-0.0028318216896313572,0.21696933999999998,-0.012208222061277583
40,0.9491222222222222,-0.0028860290869083833,0.21696933999999998,-0.011992422455535157
40,0.9491222222222222,-0.0029352125085002345,0.21696933999999998,-0.011775749702697156
40,0.9491222222222222,-0.002980325134189196,0.21696933999999998,-0.011558369461638268
40,0.9491222222222222,-0.00302169321197227,0.21696933999999998,-0.011340338432969495
40,0.9491222222222222,-0.0030598608942922164,0.21696933999999998,-0.01112175118823233
40,0.9491222222222222,-0.0030953528560994387,0.21696933999999998,-0.010902698913857154
40,0.9491222222222222,-0.003128680381568342,0.21696933999999998,-0.010683270469010464
40,0.9491222222222222,-0.0031603316253511573,0.21696933999999998,-0.010463550693039324
40,0.9491222222222222,-0.00319070100666814,0.21696933999999998,-0.010243608134443605
40,0.9491222222222222,-0.0032201537285010094,0.21696933999999998,-0.01002350626405652
40,0.9491222222222222,-0.003249057428518029,0.21696933999999998,-0.00980330897585017
40,0.9491222222222222,-0.003277779744387461,0.21696933999999998,-0.009583080163796658
40,0.9491222222222222,-0.00330662744661395,0.21696933999999998,-0.009362873143395883
40,0.9491222222222222,-0.0033356273167494885,0.21696933999999998,-0.009142692569175612
40,0.9491222222222222,-0.0033647282263766357,0.21696933999999998,-0.008922529555219197
40,0.9491222222222222,-0.003393880264421224,0.21696933999999998,-0.008702375427179432
40,0.9491222222222222,-0.0034230310851225388,0.21696933999999998,-0.008482221087570225
40,0.9491222222222222,-0.0034521405161525927,0.21696933999999998,-0.008262059554599918
40,0.9491222222222222,-0.003481207340168113,0.21696933999999998,-0.008041890616699071
40,0.9491222222222222,-0.0035102485999749127,0.21696933999999998,-0.007821717235839899
40,0.9491222222222222,-0.003539275251662444,0.21696933999999998,-0.007601541316147398
40,0.9491222222222222,-0.003568301903349975,0.21696933999999998,-0.007381365396454896
40,0.9491222222222222,-0.0035973407284702304,0.21696933999999998,-0.007161191592456835
40,0.9491222222222222,-0.003626390509679937,0.21696933999999998,-0.006941019692583771
40,0.9491222222222222,-0.003655447594949278,0.21696933999999998,-0.006720849062127371
40,0.9491222222222222,-0.0036845071149051636,0.21696933999999998,-0.006500678854809859
40,0.9491222222222222,-0.0037135678522043215,0.21696933999999998,-0.006280508859061792
40,0.9491222222222222,-0.0037426249374736625,0.21696933999999998,-0.006060338228605392
40,0.9491222222222222,-0.0037716795880564586,0.21696933999999998,-0.005840167175010104
40,0.9491222222222222,-0.0038007330212959825,0.21696933999999998,-0.005619995909845371
40,0.9491222222222222,-0.0038297840198489616,0.21696933999999998,-0.005399824221541751
40,0.9491222222222222,-0.0038588362357452125,0.21696933999999998,-0.005179652744807576
40,0.9491222222222222,-0.003887888451641464,0.21696933999999998,-0.0049594812680733985
40,0.9491222222222222,-0.003916941884880988,0.21696933999999998,-0.004739310002908666
40,0.9491222222222222,-0.003945995318120512,0.21696933999999998,-0.004519138737743934
40,0.9491222222222222,-0.003975048751360036,0.21696933999999998,-0.004298967472579202
40,0.9491222222222222,-0.004004102184599559,0.21696933999999998,-0.004078796207414472
40,0.9491222222222222,-0.004033155617839083,0.21696933999999998,-0.0038586249422497398
40,0.9491222222222222,-0.004062209051078607,0.21696933999999998,-0.0036384536770850077
40,0.9491222222222222,-0.004091262484318131,0.21696933999999998,-0.0034182824119202756
40,0.9491222222222222,-0.004120315917557654,0.21696933999999998,-0.0031981111467555418
40,0.9491222222222222,-0.004149369350797178,0.21696933999999998,-0.0029779398815908097
40,0.9491222222222222,-0.004178422784036702,0.21696933999999998,-0.0027577686164260776
40,0.9491222222222222,-0.004207476217276226,0.21696933999999998,-0.002537597351261347
40,0.9491222222222222,-0.00423652965051575,0.21696933999999998,-0.002317426086096615
40,0.9491222222222222,-0.004251056975807148,0.21696933999999998,-0.0022073405592989703
40,0.9491222222222222,-0.004265584301098546,0.21696933999999998,-0.0020972550325013255
40,0.9491222222222222,-0.004280110409046672,0.21696933999999998,-0.0019871692941342382
40,0.9491222222222222,-0.004294636516994797,0.21696933999999998,-0.0018770835557671492
41,0.9550555555555555,-0.0042815837388436246,0.21832569999999998,-0.002006131942091531
41,0.9550555555555555,-0.004235121935647704,0.21832569999999998,-0.0021074987075788646
41,0.9550555555555555,-0.004188721374229319,0.21832569999999998,-0.0022088761679659504
41,0.9550555555555555,-0.004142452718177933,0.21832569999999998,-0.002310276663521734
41,0.9550555555555555,-0.004096383097903539,0.21832569999999998,-0.0024117119175017104
41,0.9550555555555555,-0.004005092998154811,0.21832569999999998,-0.0026147307143601535
41,0.9550555555555555,-0.003915086620281349,0.21832569999999998,-0.0028179736927710936
41,0.9550555555555555,-0.003826314499770528,0.21832569999999998,-0.0030214322145462724
41,0.9550555555555555,-0.003738723638930249,0.21832569999999998,-0.0032250970244839805
41,0.9550555555555555,-0.003652330525931388,0.21832569999999998,-0.003428971001980306
41,0.9550555555555555,-0.0035671775589276233,0.21832569999999998,-0.0036330615511966126
41,0.9550555555555555,-0.0034833047806196514,0.21832569999999998,-0.0038373756649519707
41,0.9550555555555555,-0.0034007487005286953,0.21832569999999998,-0.004041919719052002
41,0.9550555555555555,-0.0033195422949965046,0.21832569999999998,-0.004246699472288881
41,0.9550555555555555,-0.0032397032299204456,0.21832569999999998,-0.004451718009729846
41,0.9550555555555555,-0.0031612468157449026,0.21832569999999998,-0.004656978005099833
41,0.9550555555555555,-0.0030841871851877674,0.21832569999999998,-0.004862481926452627
41,0.9550555555555555,-0.0030085337600609698,0.21832569999999998,-0.005068231419157426
41,0.9550555555555555,-0.0029343124503473125,0.21832569999999998,-0.0052742310079795076
41,0.9550555555555555,-0.0028616351400634473,0.21832569999999998,-0.005480500231678037
41,0.9550555555555555,-0.0027906384454823388,0.21832569999999998,-0.005687062948106305
41,0.9550555555555555,-0.00272145898287695,0.21832569999999998,-0.005893943015117606
41,0.9550555555555555,-0.0026542286576142814,0.21832569999999998,-0.006101163467880638
41,0.9550555555555555,-0.0025890711309758956,0.21832569999999998,-0.0063087459018660525
41,0.9550555555555555,-0.0025260205570300327,0.21832569999999998,-0.006516696281537173
41,0.9550555555555555,-0.002465086357588622,0.21832569999999998,-0.006725016252263194
41,0.9550555555555555,-0.0024062708881046452,0.21832569999999998,-0.006933706225386414
41,0.9550555555555555,-0.00234958239266354,0.21832569999999998,-0.007142767640604874
41,0.9550555555555555,-0.002295045603521619,0.21832569999999998,-0.007352204817012707
41,0.9550555555555555,-0.002242799492404828,0.21832569999999998,-0.007562042023805502
41,0.9550555555555555,-0.0021930348510047206,0.21832569999999998,-0.007772312579709414
41,0.9550555555555555,-0.002145938937833377,0.21832569999999998,-0.007983049186437146
41,0.9550555555555555,-0.002101701366855859,0.21832569999999998,-0.008194284957043694
41,0.9550555555555555,-0.002060472887063023,0.21832569999999998,-0.00840604621743615
41,0.9550555555555555,-0.0020221251262673434,0.21832569999999998,-0.00861831054945926
41,0.9550555555555555,-0.0019864166505381515,0.21832569999999998,-0.008831035790527459
41,0.9550555555555555,-0.0019531048482182853,0.21832569999999998,-0.00904417957238404
41,0.9550555555555555,-0.0019219494631035673,0.21832569999999998,-0.00925769993811459
41,0.9550555555555555,-0.0018928374334508551,0.21832569999999998,-0.009471577143288798
41,0.9550555555555555,-0.0018665378146588173,0.21832569999999998,-0.009685945491167011
41,0.9550555555555555,-0.0018441906459708084,0.21832569999999998,-0.009901004071421542
41,0.9550555555555555,-0.0018269583434335145,0.21832569999999998,-0.010116955881476535
41,0.9550555555555555,-0.0018160339439823893,0.21832569999999998,-0.010334009266206009
41,0.9550555555555555,-0.0018125103778011448,0.21832569999999998,-0.010552355088436311
41,0.9550555555555555,-0.0018166008133846648,0.21832569999999998,-0.010772030574645427
41,0.9550555555555555,-0.0018281898335368247,0.21832569999999998,-0.010993015569060745
41,0.9550555555555555,-0.0018477979933666767,0.21832569999999998,-0.011215400978330159
41,0.9550555555555555,-0.0018769068727999868,0.21832569999999998,-0.011439445536759215
41,0.9550555555555555,-0.0019171452675739039,0.21832569999999998,-0.011665433687547092
41,0.9550555555555555,-0.0019704140282450146,0.21832569999999998,-0.011893697383928408
41,0.9550555555555555,-0.0020046441555847225,0.21832569999999998,-0.012009155708195067
41,0.9550555555555555,-0.0020467085195430253,0.21832569999999998,-0.012125982156945419
41,0.9550555555555555,-0.002100076702362613,0.21832569999999998,-0.012244782637384655
41,0.9550555555555555,-0.002171596005862565,0.21832569999999998,-0.012366752921573538
41,0.9550555555555555,-0.0022452642877427674,0.21832569999999998,-0.012467202374877313
41,0.9550555555555555,-0.0022864018412812365,0.21832569999999998,-0.012518178623907946
41,0.9550555555555555,-0.002335643330804755,0.21832569999999998,-0.012570570096115407
41,0.9550555555555555,-0.0023686930640630993,0.21832569999999998,-0.012598237820633117
41,0.9550555555555555,-0.002391280277805052,0.21832569999999998,-0.012613130375131868
41,0.9550555555555555,-0.0024067006383007355,0.21832569999999998,-0.012621297324087627
41,0.9550555555555555,-0.0024333199999999997,0.21832569999999998,-0.01263142
41,0.9550555555555555,-0.002489247488059799,0.21832569999999998,-0.012635712814926757
41,0.9550555555555555,-0.0025051534745000738,0.21832569999999998,-0.01263301651286542
41,0.9550555555555555,-0.002529026393104323,0.21832569999999998,-0.012626237479526788
41,0.9550555555555555,-0.0025645509625149936,0.21832569999999998,-0.012610545163335506
41,0.9550555555555555,-0.0026164149367968116,0.21832569999999998,-0.012575810147934402
41,0.9550555555555555,-0.0026554829127531593,0.21832569999999998,-0.012538840515498527
41,0.9550555555555555,-0.00270917868452318,0.21832569999999998,-0.012460633162941033
41,0.9550555555555555,-0.0027552117952763513,0.21832569999999998,-0.012359191533155433
41,0.9550555555555555,-0.0027963243647498343,0.21832569999999998,-0.01225689060930897
41,0.9550555555555555,-0.002832827312737271,0.21832569999999998,-0.012153784688585004
41,0.9550555555555555,-0.002864129420540145,0.21832569999999998,-0.012049770524066692
41,0.9550555555555555,-0.002916920819022301,0.21832569999999998,-0.011840028543015921
41,0.9550555555555555,-0.002964851740275813,0.21832569999999998,-0.011629437757132889
41,0.9550555555555555,-0.0030088443441431884,0.21832569999999998,-0.011418159206927328
41,0.9550555555555555,-0.003049214261324034,0.21832569999999998,-0.011206248012267193
41,0.9550555555555555,-0.0030864879355598585,0.21832569999999998,-0.010993796108156123
41,0.9550555555555555,-0.003121172966968311,0.21832569999999998,-0.01078089213885937
41,0.9550555555555555,-0.003153764000675643,0.21832569999999998,-0.01056762248625955
41,0.9550555555555555,-0.003184733305004772,0.21832569999999998,-0.010354069624487447
41,0.9550555555555555,-0.0032144624633388044,0.21832569999999998,-0.010140300190995358
41,0.9550555555555555,-0.0032433047936250613,0.21832569999999998,-0.009926375887128013
41,0.9550555555555555,-0.0032716159692638466,0.21832569999999998,-0.00971235882557243
41,0.9550555555555555,-0.003299751663655462,0.21832569999999998,-0.009498311119015636
41,0.9550555555555555,-0.0033280086638756575,0.21832569999999998,-0.009284284596587195
41,0.9550555555555555,-0.003356412879907237,0.21832569999999998,-0.00907028378305239
41,0.9550555555555555,-0.003384914847237575,0.21832569999999998,-0.008856300040222961
41,0.9550555555555555,-0.0034134662790805377,0.21832569999999998,-0.00864232493558179
41,0.9550555555555555,-0.00344201653319701,0.21832569999999998,-0.008428349625269472
41,0.9550555555555555,-0.0034705267446127853,0.21832569999999998,-0.008214367322138086
41,0.9550555555555555,-0.0034989957356013736,0.21832569999999998,-0.00800037782051648
41,0.9550555555555555,-0.0035274399943336495,0.21832569999999998,-0.007786383999800745
41,0.9550555555555555,-0.003555870120348032,0.21832569999999998,-0.00757238771103122
41,0.9550555555555555,-0.003584300246362415,0.21832569999999998,-0.007358391422261696
41,0.9550555555555555,-0.0036127421496417087,0.21832569999999998,-0.007144397190203662
41,0.9550555555555555,-0.003641194652459422,0.21832569999999998,-0.0069304048091859685
41,0.9550555555555555,-0.0036696542216360815,0.21832569999999998,-0.006716413662195171
41,0.9550555555555555,-0.003698116146265723,0.21832569999999998,-0.006502422926546673
41,0.9550555555555555,-0.003726579248621856,0.21832569999999998,-0.006288432396569323
41,0.9550555555555555,-0.0037550388177985156,0.21832569999999998,-0.006074441249578524
41,0.9550555555555555,-0.0037834960315221927,0.21832569999999998,-0.005860449691245427
41,0.9550555555555555,-0.0038119520675193794,0.21832569999999998,-0.005646457927241183
41,0.9550555555555555,-0.003840405748063584,0.21832569999999998,-0.0054324657518946395
41,0.9550555555555555,-0.003868860606334279,0.21832569999999998,-0.005218473782219246
41,0.9550555555555555,-0.0038973154646049744,0.21832569999999998,-0.005004481812543852
41,0.9550555555555555,-0.00392577150060216,0.21832569999999998,-0.004790490048539608
41,0.9550555555555555,-0.003954227536599347,0.21832569999999998,-0.004576498284535362
41,0.9550555555555555,-0.0039826835725965334,0.21832569999999998,-0.004362506520531115
41,0.9550555555555555,-0.00401113960859372,0.21832569999999998,-0.004148514756526871
41,0.9550555555555555,-0.004039595644590907,0.21832569999999998,-0.003934522992522628
41,0.9550555555555555,-0.0040680516805880924,0.21832569999999998,-0.003720531228518384
41,0.9550555555555555,-0.004096507716585279,0.21832569999999998,-0.0035065394645141384
41,0.9550555555555555,-0.004124963752582466,0.21832569999999998,-0.0032925477005098912
41,0.9550555555555555,-0.004153419788579652,0.21832569999999998,-0.0030785559365056475
41,0.9550555555555555,-0.004181875824576838,0.21832569999999998,-0.002864564172501402
41,0.9550555555555555,-0.004210331860574025,0.21832569999999998,-0.00265057240849716
41,0.9550555555555555,-0.004238787896571211,0.21832569999999998,-0.002436580644492913
41,0.9550555555555555,-0.00425301650343305,0.21832569999999998,-0.0023295848653263652
41,0.9550555555555555,-0.004267245110294889,0.21832569999999998,-0.0022225890861598176
41,0.9550555555555555,-0.004281472539430236,0.21832569999999998,-0.0021155931013221215
41,0.9550555555555555,-0.004295699968565584,0.21832569999999998,-0.0020085971164844237
42,0.9601,-0.004278601324817781,0.21947886,-0.0021225012576553577
42,0.9601,-0.004233204179099126,0.21947886,-0.0022212928951359633
42,0.9601,-0.004187866510446256,0.21947886,-0.002320095036726196
42,0.9601,-0.00414265694624277,0.21947886,-0.002418919802552537
42,0.9601,-0.004097640682503085,0.21947886,-0.002517778706735153
42,0.9601,-0.004008432827416623,0.21947886,-0.002715642158620352
42,0.9601,-0.003920471703132197,0.21947886,-0.0029137257928034174
42,0.9601,-0.0038337092704812882,0.21947886,-0.0031120211251958116
42,0.9601,-0.0037480940589261985,0.21947886,-0.003310519065702667
42,0.9601,-0.0036636420815231007,0.21947886,-0.0035092224423534935
42,0.9601,-0.003580394514702153,0.21947886,-0.003708138527224191
42,0.9601,-0.003498390247314062,0.21947886,-0.0039072741883864285
42,0.9601,-0.003417664736840353,0.21947886,-0.004106635687905563
42,0.9601,-0.0033382500093933724,0.21947886,-0.004306228681840624
42,0.9601,-0.0032601632218190193,0.21947886,-0.004506056200223228
42,0.9601,-0.00318341924338374,0.21947886,-0.004706120869080785
42,0.9601,-0.0031080317995642545,0.21947886,-0.004906425112438592
42,0.9601,-0.0030340100406783758,0.21947886,-0.0051069705463135115
42,0.9601,-0.00296137913010009,0.21947886,-0.005307761614751924
42,0.9601,-0.002890247727853427,0.21947886,-0.005508817507954105
42,0.9601,-0.0028207485135466784,0.21947886,-0.005710161658164595
42,0.9601,-0.002753014166788133,0.21947886,-0.00591181749762794
42,0.9601,-0.002687172792027175,0.21947886,-0.006113807650580248
42,0.9601,-0.002623344487185101,0.21947886,-0.0063161533272428775
42,0.9601,-0.0025615624221639846,0.21947886,-0.00651886038567696
42,0.9601,-0.0025018357472816376,0.21947886,-0.006721930441899364
42,0.9601,-0.002444166750117514,0.21947886,-0.006925363899914306
42,0.9601,-0.0023885634371997,0.21947886,-0.0071291621737365396
42,0.9601,-0.002335049828112455,0.21947886,-0.007333329505410339
42,0.9601,-0.002283760890043522,0.21947886,-0.007537889731184461
42,0.9601,-0.0022348819169286174,0.21947886,-0.0077428755754004285
42,0.9601,-0.0021885947713342767,0.21947886,-0.00794831915639343
42,0.9601,-0.0021450836034064883,0.21947886,-0.008154252996502877
42,0.9601,-0.002104494818230262,0.21947886,-0.008360702951998613
42,0.9601,-0.002066703742725394,0.21947886,-0.00856764700465085
42,0.9601,-0.002031475899997924,0.21947886,-0.00877504374402742
42,0.9601,-0.0019985756693641633,0.21947886,-0.008982851557694045
42,0.9601,-0.0019677697177198786,0.21947886,-0.009191029237220668
42,0.9601,-0.0019389482412513126,0.21947886,-0.009399557390404906
42,0.9601,-0.0019128581346499595,0.21947886,-0.009608567924623375
42,0.9601,-0.0018906065863712068,0.21947886,-0.009818256377916746
42,0.9601,-0.0018733225168752461,0.21947886,-0.010028822126365753
42,0.9601,-0.0018621645851551627,0.21947886,-0.010240469798105936
42,0.9601,-0.0018581942280772778,0.21947886,-0.010453386851093645
42,0.9601,-0.001861618471582113,0.21947886,-0.010667609847710454
42,0.9601,-0.0018723252242764572,0.21947886,-0.010883118991749765
42,0.9601,-0.0018908200412194854,0.21947886,-0.011100003568143373
42,0.9601,-0.0019185418098873084,0.21947886,-0.011318517695543316
42,0.9601,-0.0019570723914718686,0.21947886,-0.011538940742865144
42,0.9601,-0.0020082578625919604,0.21947886,-0.011761598741511387
42,0.9601,-0.002041227469993963,0.21947886,-0.011874230553430933
42,0.9601,-0.0020818055666575676,0.21947886,-0.011988206083373797
42,0.9601,-0.002133361757117451,0.21947886,-0.012104120429550553
42,0.9601,-0.002202546034844292,0.21947886,-0.0122231480322179
42,0.9601,-0.0022738721995069085,0.21947886,-0.012321192083802437
42,0.9601,-0.0023137146894993553,0.21947886,-0.012370952225297835
42,0.9601,-0.0023614275966008036,0.21947886,-0.012422102343299317
42,0.9601,-0.002393470153225082,0.21947886,-0.012449123131387987
42,0.9601,-0.002415379089155094,0.21947886,-0.012463673331283951
42,0.9601,-0.0024303413963222427,0.21947886,-0.012471656246618843
42,0.9601,-0.0024561799999999996,0.21947886,-0.01248156
42,0.9601,-0.002510509618262357,0.21947886,-0.012485814574378095
42,0.9601,-0.002525970974034074,0.21947886,-0.012483204713117514
42,0.9601,-0.002549183399030236,0.21947886,-0.012476623294385406
42,0.9601,-0.0025837391430292293,0.21947886,-0.012461364281045061
42,0.9601,-0.0026342182963802695,0.21947886,-0.01242755564002284
42,0.9601,-0.0026722701743513793,0.21947886,-0.01239155224609572
42,0.9601,-0.0027246380058863896,0.21947886,-0.012315353510493442
42,0.9601,-0.0027696188121445484,0.21947886,-0.012216488344245473
42,0.9601,-0.00280982086492481,0.21947886,-0.012116779213189712
42,0.9601,-0.0028455461247150074,0.21947886,-0.012016279445882707
42,0.9601,-0.0028762204090723676,0.21947886,-0.011914887637266173
42,0.9601,-0.002928038921784734,0.21947886,-0.011710420938468117
42,0.9601,-0.0029751370142952617,0.21947886,-0.011505120576969783
42,0.9601,-0.0030184102739599095,0.21947886,-0.011299144720421843
42,0.9601,-0.0030581652364254164,0.21947886,-0.011092547505389277
42,0.9601,-0.0030949131756995893,0.21947886,-0.01088541922681442
42,0.9601,-0.0031291470651546105,0.21947886,-0.01067784694760588
42,0.9601,-0.003161347296475668,0.21947886,-0.010469915508649076
42,0.9601,-0.0031919725293431435,0.21947886,-0.010261705912789368
42,0.9601,-0.003221393351628469,0.21947886,-0.010053283608709792
42,0.9601,-0.003249952900249635,0.21947886,-0.00984470919704279
42,0.9601,-0.0032779965997040868,0.21947886,-0.009636043682425018
42,0.9601,-0.0033058698744892695,0.21947886,-0.009427348069493136
42,0.9601,-0.003333860959616296,0.21947886,-0.00921867326277839
42,0.9601,-0.003361995018459152,0.21947886,-0.00901002370632716
42,0.9601,-0.0033902240118493195,0.21947886,-0.008801390916050908
42,0.9601,-0.003418501044408006,0.21947886,-0.008592766609863196
42,0.9601,-0.0034467769331769657,0.21947886,-0.008384142101673375
42,0.9601,-0.0034750139330952195,0.21947886,-0.00817551072541188
42,0.9601,-0.003503210900373041,0.21947886,-0.007966872279076598
42,0.9601,-0.003531383848066603,0.21947886,-0.007758229590697046
42,0.9601,-0.003559543070283446,0.21947886,-0.007549584478292197
42,0.9601,-0.003587702292500288,0.21947886,-0.007340939365887348
42,0.9601,-0.003615872952614397,0.21947886,-0.007132296273503581
42,0.9601,-0.0036440539068360455,0.21947886,-0.006923654999138784
42,0.9601,-0.003672241723796054,0.21947886,-0.006715014936786638
42,0.9601,-0.0037004318283355153,0.21947886,-0.00650637527843871
42,0.9601,-0.0037286230766647036,0.21947886,-0.006297735822092887
42,0.9601,-0.003756810893624712,0.21947886,-0.006089095759740742
42,0.9601,-0.0037849964230052676,0.21947886,-0.005880455293384378
42,0.9601,-0.0038131808085960957,0.21947886,-0.005671814625025908
42,0.9601,-0.0038413629066074715,0.21947886,-0.005463173552663221
42,0.9601,-0.003869546148408573,0.21947886,-0.0052545326823026425
42,0.9601,-0.0038977293902096744,0.21947886,-0.005045891811942064
42,0.9601,-0.003925913775800503,0.21947886,-0.004837251143583593
42,0.9601,-0.003954098161391332,0.21947886,-0.004628610475225121
42,0.9601,-0.00398228254698216,0.21947886,-0.004419969806866653
42,0.9601,-0.004010466932572988,0.21947886,-0.00421132913850818
42,0.9601,-0.004038651318163817,0.21947886,-0.004002688470149712
42,0.9601,-0.004066835703754646,0.21947886,-0.003794047801791241
42,0.9601,-0.004095020089345474,0.21947886,-0.003585407133432769
42,0.9601,-0.004123204474936303,0.21947886,-0.0033767664650743
42,0.9601,-0.004151388860527131,0.21947886,-0.003168125796715828
42,0.9601,-0.00417957324611796,0.21947886,-0.0029594851283573573
42,0.9601,-0.004207757631708788,0.21947886,-0.0027508444599988885
42,0.9601,-0.004235942017299617,0.21947886,-0.0025422037916404162
42,0.9601,-0.0042500347819898945,0.21947886,-0.0024378835584622366
42,0.9601,-0.004264127546680172,0.21947886,-0.002333563325284055
42,0.9601,-0.004278219167580723,0.21947886,-0.0022292428901037643
42,0.9601,-0.004292310788481274,0.21947886,-0.002124922454923475
43,0.9651555555555555,-0.004277305620748965,0.22063456,-0.0022333269521426103
43,0.9651555555555555,-0.004232861926355312,0.22063456,-0.0023295457007141696
43,0.9651555555555555,-0.004188475928422678,0.22063456,-0.0024257748234485163
43,0.9651555555555555,-0.004144214199790701,0.22063456,-0.0025220262905334846
43,0.9651555555555555,-0.004100139984657036,0.22063456,-0.002618311473647515
43,0.9651555555555555,-0.004012791538012684,0.22063456,-0.002811025681632693
43,0.9651555555555555,-0.00392665249795508,0.22063456,-0.0030039573480301566
43,0.9651555555555555,-0.003841676263496478,0.22063456,-0.003197098093708427
43,0.9651555555555555,-0.00375781290500715,0.22063456,-0.0033904389410266307
43,0.9651555555555555,-0.003675077956149678,0.22063456,-0.0035839826830285915
43,0.9651555555555555,-0.003593511360627845,0.22063456,-0.0037777365018270143
43,0.9651555555555555,-0.003513150843050778,0.22063456,-0.0039717071805283315
43,0.9651555555555555,-0.0034340307993856235,0.22063456,-0.004165900903729591
43,0.9651555555555555,-0.0033561822969575454,0.22063456,-0.0043603232575184486
43,0.9651555555555555,-0.0032796219789764536,0.22063456,-0.0045549772344418635
43,0.9651555555555555,-0.0032043642695576027,0.22063456,-0.004749865428040534
43,0.9651555555555555,-0.00313042248326892,0.22063456,-0.004944990232352024
43,0.9651555555555555,-0.0030578054964890237,0.22063456,-0.0051403532434013775
43,0.9651555555555555,-0.002986537719259115,0.22063456,-0.005335958850257467
43,0.9651555555555555,-0.0029167245585752857,0.22063456,-0.0055318260057176955
43,0.9651555555555555,-0.002848494721927502,0.22063456,-0.005727977852145203
43,0.9651555555555555,-0.0027819769168057305,0.22063456,-0.0059244375319031355
43,0.9651555555555555,-0.002717295412510627,0.22063456,-0.00612122738934211
43,0.9651555555555555,-0.0026545667115115573,0.22063456,-0.006318368372290835
43,0.9651555555555555,-0.002593822990681013,0.22063456,-0.006515866266340094
43,0.9651555555555555,-0.0025350731263976125,0.22063456,-0.006713722667514935
43,0.9651555555555555,-0.0024783193377560103,0.22063456,-0.006911937974821616
43,0.9651555555555555,-0.0024235693915874972,0.22063456,-0.007110513584782052
43,0.9651555555555555,-0.002370846588385947,0.22063456,-0.007309453686961986
43,0.9651555555555555,-0.00232028185473598,0.22063456,-0.0075087818227308175
43,0.9651555555555555,-0.0022720549373046166,0.22063456,-0.007708530311595697
43,0.9651555555555555,-0.002226342254116897,0.22063456,-0.00790873087455438
43,0.9651555555555555,-0.0021833224422925157,0.22063456,-0.008109415631610883
43,0.9651555555555555,-0.002143137523889365,0.22063456,-0.008310610119165915
43,0.9651555555555555,-0.002105666558248771,0.22063456,-0.008512292591378246
43,0.9651555555555555,-0.002070682088168638,0.22063456,-0.008714422150106118
43,0.9651555555555555,-0.002037955546899544,0.22063456,-0.008916957697704639
43,0.9651555555555555,-0.0020072605867867224,0.22063456,-0.009119858535535178
43,0.9651555555555555,-0.0019784906912867516,0.22063456,-0.009323105511297204
43,0.9651555555555555,-0.001952370394804355,0.22063456,-0.009526828900534957
43,0.9651555555555555,-0.0019299737391523498,0.22063456,-0.009731221822278804
43,0.9651555555555555,-0.001912395847542774,0.22063456,-0.009936481186118583
43,0.9651555555555555,-0.0019007606914181743,0.22063456,-0.010142809088725536
43,0.9651555555555555,-0.0018960979306982776,0.22063456,-0.010350390669004799
43,0.9651555555555555,-0.0018986083934493234,0.22063456,-0.010559262037023
43,0.9651555555555555,-0.0019081833440332376,0.22063456,-0.01076940364147335
43,0.9651555555555555,-0.0019253132023686831,0.22063456,-0.010980903662739547
43,0.9651555555555555,-0.0019513937789933933,0.22063456,-0.011194013075759807
43,0.9651555555555555,-0.0019879595778610135,0.22063456,-0.011409007793363667
43,0.9651555555555555,-0.002036801408357792,0.22063456,-0.01162620981360382
43,0.9651555555555555,-0.002068378349093551,0.22063456,-0.011736097519164313
43,0.9651555555555555,-0.0021073359986504567,0.22063456,-0.011847312319549157
43,0.9651555555555555,-0.0021569430834547107,0.22063456,-0.011960441950980921
43,0.9651555555555555,-0.0022236505116671897,0.22063456,-0.012076646324660564
43,0.9651555555555555,-0.002292516830399442,0.22063456,-0.01217239688233792
43,0.9651555555555555,-0.0023310042756994934,0.22063456,-0.012221001145615591
43,0.9651555555555555,-0.002377126516158641,0.22063456,-0.012270978189934506
43,0.9651555555555555,-0.0024081286666096436,0.22063456,-0.012297394555999236
43,0.9651555555555555,-0.0024293411367023805,0.22063456,-0.012311629681396053
43,0.9651555555555555,-0.00244383522558358,0.22063456,-0.012319446303063876
43,0.9651555555555555,-0.0024688799999999997,0.22063456,-0.012329159999999999
43,0.9651555555555555,-0.002521603397753477,0.22063456,-0.012333429477483409
43,0.9651555555555555,-0.002536622158230918,0.22063456,-0.012330919439584816
43,0.9651555555555555,-0.0025591802206525235,0.22063456,-0.012324554513184661
43,0.9651555555555555,-0.0025927825728804255,0.22063456,-0.012309754416398741
43,0.9651555555555555,-0.0026419127513746424,0.22063456,-0.012276904316830406
43,0.9651555555555555,-0.0026789876981578318,0.22063456,-0.012241886615748756
43,0.9651555555555555,-0.0027301122655882465,0.22063456,-0.012167711124620494
43,0.9651555555555555,-0.0027741520847547655,0.22063456,-0.012071419756909419
43,0.9651555555555555,-0.002813556215187858,0.22063456,-0.011974294865118949
43,0.9651555555555555,-0.00284861757738193,0.22063456,-0.011876389118075543
43,0.9651555555555555,-0.00287877917857868,0.22063456,-0.011777602365207676
43,0.9651555555555555,-0.002929857632641184,0.22063456,-0.011578366599388285
43,0.9651555555555555,-0.0029763569848839534,0.22063456,-0.011378307484149154
43,0.9651555555555555,-0.003019146010864258,0.22063456,-0.0111775812304415
43,0.9651555555555555,-0.003058522069265813,0.22063456,-0.010976241305104304
43,0.9651555555555555,-0.003094981127743917,0.22063456,-0.01077437688603692
43,0.9651555555555555,-0.003129001401196633,0.22063456,-0.010572073959088608
43,0.9651555555555555,-0.003161048899501424,0.22063456,-0.010369416315574198
43,0.9651555555555555,-0.0031915685511365336,0.22063456,-0.010166483956249034
43,0.9651555555555555,-0.003220919849436005,0.22063456,-0.00996334152012741
43,0.9651555555555555,-0.0032494356585980257,0.22063456,-0.009760048858148492
43,0.9651555555555555,-0.0032774510619154374,0.22063456,-0.0095566662202577
43,0.9651555555555555,-0.0033053011426810827,0.22063456,-0.009353253856400456
43,0.9651555555555555,-0.003333265506821439,0.22063456,-0.009149862041365659
43,0.9651555555555555,-0.003361368564377707,0.22063456,-0.00894649516422218
43,0.9651555555555555,-0.00338956371436214,0.22063456,-0.008743144845838534
43,0.9651555555555555,-0.003417805465334319,0.22063456,-0.008539802906586371
43,0.9651555555555555,-0.0034460461067591713,0.22063456,-0.00833646076783108
43,0.9651555555555555,-0.0034742490235748955,0.22063456,-0.008133111845969349
43,0.9651555555555555,-0.0035024131062341645,0.22063456,-0.007929755941498048
43,0.9651555555555555,-0.00353055388839956,0.22063456,-0.007726395847461006
43,0.9651555555555555,-0.003558681355997028,0.22063456,-0.007523033359386399
43,0.9651555555555555,-0.0035868088235944968,0.22063456,-0.007319670871311791
43,0.9651555555555555,-0.0036149473866652383,0.22063456,-0.0071163103782684875
43,0.9651555555555555,-0.0036430959356619245,0.22063456,-0.0069129516807533604
43,0.9651555555555555,-0.0036712511419425753,0.22063456,-0.006709594180257015
43,0.9651555555555555,-0.0036994085673178806,0.22063456,-0.006506237078766933
43,0.9651555555555555,-0.003727567102240513,0.22063456,-0.006302880176779981
43,0.9651555555555555,-0.003755722308521164,0.22063456,-0.006099522676283636
43,0.9651555555555555,-0.0037838752957071596,0.22063456,-0.00589616477678103
43,0.9651555555555555,-0.003812027173345828,0.22063456,-0.005692806677775295
43,0.9651555555555555,-0.0038401768318898424,0.22063456,-0.005489448179763296
43,0.9651555555555555,-0.0038683275999811836,0.22063456,-0.005286089881254431
43,0.9651555555555555,-0.0038964783680725252,0.22063456,-0.0050827315827455645
43,0.9651555555555555,-0.003924630245711194,0.22063456,-0.004879373483739829
43,0.9651555555555555,-0.003952782123349863,0.22063456,-0.004676015384734092
43,0.9651555555555555,-0.0039809340009885315,0.22063456,-0.004472657285728356
43,0.9651555555555555,-0.0040090858786271995,0.22063456,-0.004269299186722621
43,0.9651555555555555,-0.0040372377562658684,0.22063456,-0.004065941087716886
43,0.9651555555555555,-0.004065389633904537,0.22063456,-0.0038625829887111492
43,0.9651555555555555,-0.004093541511543206,0.22063456,-0.0036592248897054126
43,0.9651555555555555,-0.004121693389181875,0.22063456,-0.003455866790699676
43,0.9651555555555555,-0.004149845266820543,0.22063456,-0.0032525086916939394
43,0.9651555555555555,-0.004177997144459213,0.22063456,-0.0030491505926882045
43,0.9651555555555555,-0.004206149022097881,0.22063456,-0.0028457924936824697
43,0.9651555555555555,-0.004234300899736549,0.22063456,-0.002642434394676733
43,0.9651555555555555,-0.004248377393329547,0.22063456,-0.0025407554449254285
43,0.9651555555555555,-0.004262453886922545,0.22063456,-0.0024390764951741258
43,0.9651555555555555,-0.004276529270968216,0.22063456,-0.0023373973459196937
43,0.9651555555555555,-0.004290604655013887,0.22063456,-0.00223571819666526
44,0.9702,-0.00427639551631839,0.22178772,-0.002346188683655043
44,0.9702,-0.004232778757587735,0.22178772,-0.002439782736480203
44,0.9702,-0.004189217960809467,0.22178772,-0.002533387102352444
44,0.9702,-0.004145777697467107,0.22178772,-0.0026270136809414743
44,0.9702,-0.004102519310470004,0.22178772,-0.002720673776933519
44,0.9702,-0.004016778470469463,0.22178772,-0.0029081369632819425
44,0.9702,-0.0039322106790862545,0.22178772,-0.0030958163269634107
44,0.9702,-0.003848770736281912,0.22178772,-0.003283703538209129
44,0.9702,-0.0037664102134437926,0.22178772,-0.003471789672266811
44,0.9702,-0.003685144177251385,0.22178772,-0.003660077505726063
44,0.9702,-0.003605011370594803,0.22178772,-0.0038485741783887036
44,0.9702,-0.0035260483839813766,0.22178772,-0.004037286433400905
44,0.9702,-0.00344828857934426,0.22178772,-0.004226220418925347
44,0.9702,-0.0033717620900424287,0.22178772,-0.00441538168814123
44,0.9702,-0.003296485058946764,0.22178772,-0.004604773215965982
44,0.9702,-0.003222471476545364,0.22178772,-0.0047943975806613685
44,0.9702,-0.0031497342571349314,0.22178772,-0.004984257162161336
44,0.9702,-0.0030782820102466034,0.22178772,-0.00517435354708851
44,0.9702,-0.0030081384120910055,0.22178772,-0.005364691098655117
44,0.9702,-0.002939405700850381,0.22178772,-0.005555288658004864
44,0.9702,-0.0028722087147262086,0.22178772,-0.0057461692311658544
44,0.9702,-0.002806672291919965,0.22178772,-0.005937355824166193
44,0.9702,-0.0027429169658675593,0.22178772,-0.006128870649722667
44,0.9702,-0.002681055736665157,0.22178772,-0.00632073453225727
44,0.9702,-0.0026211198138631282,0.22178772,-0.006512953223277025
44,0.9702,-0.0025631178069926075,0.22178772,-0.0067055283094045615
44,0.9702,-0.0025070518684363807,0.22178772,-0.006898460187295537
44,0.9702,-0.002452929531534191,0.22178772,-0.0070917502452447516
44,0.9702,-0.0024007733963052717,0.22178772,-0.007285402648136601
44,0.9702,-0.0023507104533338845,0.22178772,-0.007479440798654847
44,0.9702,-0.0023029150456255415,0.22178772,-0.007673896825907704
44,0.9702,-0.002257558287611577,0.22178772,-0.0078688022640199
44,0.9702,-0.0022148134461061125,0.22178772,-0.00806418904377182
44,0.9702,-0.002174818273607328,0.22178772,-0.008260082551125513
44,0.9702,-0.0021374554652534915,0.22178772,-0.008456461168347671
44,0.9702,-0.002102504401809233,0.22178772,-0.008653284238233454
44,0.9702,-0.002069743387847791,0.22178772,-0.0088505109052502
44,0.9702,-0.0020389528803251874,0.22178772,-0.009048100710520895
44,0.9702,-0.002010029564867786,0.22178772,-0.009246034614574006
44,0.9702,-0.0019836761944545937,0.22178772,-0.00944444212548153
44,0.9702,-0.0019609345223531123,0.22178772,-0.00964351522458144
44,0.9702,-0.0019428667494672926,0.22178772,-0.009843449661440445
44,0.9702,-0.0019305630576772783,0.22178772,-0.010044446342148796
44,0.9702,-0.0019250221525948896,0.22178772,-0.010246689314931327
44,0.9702,-0.0019264388248620866,0.22178772,-0.010450214477124992
44,0.9702,-0.001934707607722449,0.22178772,-0.010655002392602598
44,0.9702,-0.001950304177771262,0.22178772,-0.010861140722264337
44,0.9702,-0.0019745823837797206,0.22178772,-0.011068878962518435
44,0.9702,-0.0020090305984430267,0.22178772,-0.011278491400751687
44,0.9702,-0.0020553857946679446,0.22178772,-0.011490298138079258
44,0.9702,-0.0020855042891634126,0.22178772,-0.011597480622072835
44,0.9702,-0.00212278160879878,0.22178772,-0.011705982382781473
44,0.9702,-0.002170388213415017,0.22178772,-0.011816387693987877
44,0.9702,-0.002234581079765488,0.22178772,-0.01192984963368684
44,0.9702,-0.0023009697665927658,0.22178772,-0.012023389825209898
44,0.9702,-0.0023380965133529457,0.22178772,-0.012070884610856699
44,0.9702,-0.0023826285330818034,0.22178772,-0.012119744090291281
44,0.9702,-0.002412596844739115,0.22178772,-0.012145593262277016
44,0.9702,-0.0024331206957583346,0.22178772,-0.012159538740766992
44,0.9702,-0.002447153595905678,0.22178772,-0.01216720642072298
44,0.9702,-0.0024714199999999998,0.22178772,-0.01217676
44,0.9702,-0.0025225838505742756,0.22178772,-0.012181107218221257
44,0.9702,-0.002537176565263999,0.22178772,-0.012178714860175051
44,0.9702,-0.002559107388469655,0.22178772,-0.012172593216190847
44,0.9702,-0.0025918013968056915,0.22178772,-0.012158291880346284
44,0.9702,-0.0026396582557013134,0.22178772,-0.01212645844833119
44,0.9702,-0.002675822295122341,0.22178772,-0.012092470184459645
44,0.9702,-0.00272581725019663,0.22178772,-0.012020377957619902
44,0.9702,-0.00276904227526058,0.22178772,-0.011926711713465174
44,0.9702,-0.002807770972688556,0.22178772,-0.01183221685564305
44,0.9702,-0.0028422874570080588,0.22178772,-0.01173694574270025
44,0.9702,-0.0028720514801402804,0.22178772,-0.011640798814066875
44,0.9702,-0.0029226126997261856,0.22178772,-0.011446852489333217
44,0.9702,-0.002968732477437111,0.22178772,-0.011252087665651413
44,0.9702,-0.0030112534711330304,0.22178772,-0.011056659633711169
44,0.9702,-0.003050464100107012,0.22178772,-0.010860621545370513
44,0.9702,-0.0030868454219113014,0.22178772,-0.01066406205316878
44,0.9702,-0.0031208612750358708,0.22178772,-0.010467066636400044
44,0.9702,-0.00315296365986538,0.22178772,-0.01026971859275227
44,0.9702,-0.00318358412914804,0.22178772,-0.010072097451684674
44,0.9702,-0.003213071368894874,0.22178772,-0.009874267471413688
44,0.9702,-0.0032417482365234966,0.22178772,-0.009676288150287855
44,0.9702,-0.0032699397418343057,0.22178772,-0.009478219383311377
44,0.9702,-0.0032979708946276995,0.22178772,-0.009280121065488455
44,0.9702,-0.0033261128951344743,0.22178772,-0.009082043175431867
44,0.9702,-0.0033543894195652555,0.22178772,-0.008883990076353838
44,0.9702,-0.003382755267881576,0.22178772,-0.008685953438485576
44,0.9702,-0.003411166316236363,0.22178772,-0.008487925130386108
44,0.9702,-0.003439576288399758,0.22178772,-0.00828989662395881
44,0.9702,-0.003467949670055823,0.22178772,-0.008091861374385346
44,0.9702,-0.0034962853850131663,0.22178772,-0.007893819183337885
44,0.9702,-0.003524598499951277,0.22178772,-0.007695772827406025
44,0.9702,-0.0035528987005926825,0.22178772,-0.007497724091540224
44,0.9702,-0.0035811989012340885,0.22178772,-0.0072996753556744225
44,0.9702,-0.003609509863789415,0.22178772,-0.0071016286030869055
44,0.9702,-0.0036378305120672695,0.22178772,-0.006903583635449845
44,0.9702,-0.0036661576174934767,0.22178772,-0.006705539857779756
44,0.9702,-0.0036944868753024675,0.22178772,-0.006507496476765325
44,0.9702,-0.003722817209302851,0.22178772,-0.00630945329407872
44,0.9702,-0.003751144314729058,0.22178772,-0.006111409516408631
44,0.9702,-0.003779469267772481,0.22178772,-0.005913365342082884
44,0.9702,-0.0038077931446245123,0.22178772,-0.005715320969429309
44,0.9702,-0.0038361148690937586,0.22178772,-0.0055172762001200765
44,0.9702,-0.0038644376697543974,0.22178772,-0.005319231629138675
44,0.9702,-0.0038927604704150362,0.22178772,-0.005121187058157271
44,0.9702,-0.0039210843472670676,0.22178772,-0.004923142685503696
44,0.9702,-0.003949408224119098,0.22178772,-0.004725098312850122
44,0.9702,-0.003977732100971129,0.22178772,-0.004527053940196546
44,0.9702,-0.004006055977823161,0.22178772,-0.004329009567542971
44,0.9702,-0.004034379854675191,0.22178772,-0.004130965194889397
44,0.9702,-0.004062703731527222,0.22178772,-0.003932920822235821
44,0.9702,-0.004091027608379253,0.22178772,-0.003734876449582248
44,0.9702,-0.004119351485231284,0.22178772,-0.003536832076928672
44,0.9702,-0.004147675362083315,0.22178772,-0.0033387877042750976
44,0.9702,-0.004175999238935346,0.22178772,-0.0031407433316215233
44,0.9702,-0.0042043231157873765,0.22178772,-0.002942698958967949
44,0.9702,-0.004232646992639408,0.22178772,-0.002744654586314373
44,0.9702,-0.004246809469161119,0.22178772,-0.0026456324991515
44,0.9702,-0.00426097194568283,0.22178772,-0.0025466104119886285
44,0.9702,-0.00427513334601315,0.22178772,-0.0024475881264979255
44,0.9702,-0.00428929474634347,0.22178772,-0.0023485658410072243
45,0.9752555555555555,-0.004274989596094009,0.22294342,-0.0024573965223165916
45,0.9752555555555555,-0.004232411302547215,0.22294342,-0.002547653728199298
45,0.9752555555555555,-0.004189886839889955,0.22294342,-0.002637921168699965
45,0.9752555555555555,-0.004147478320687072,0.22294342,-0.0027282106529931665
45,0.9752555555555555,-0.004105244751875171,0.22294342,-0.0028185333997947423
45,0.9752555555555555,-0.0040215240002389255,0.22294342,-0.0029993208003123266
45,0.9752555555555555,-0.003938931626864038,0.22294342,-0.003180322734167955
45,0.9752555555555555,-0.003857424152955115,0.22294342,-0.0033615309349394294
45,0.9752555555555555,-0.003776954994088523,0.22294342,-0.00354293654574582
45,0.9752555555555555,-0.00369753864319606,0.22294342,-0.0037245423220611962
45,0.9752555555555555,-0.0036192123678166327,0.22294342,-0.0039063553493902965
45,0.9752555555555555,-0.0035420113650703198,0.22294342,-0.004088382319598714
45,0.9752555555555555,-0.0034659677264489595,0.22294342,-0.004270629334093307
45,0.9752555555555555,-0.003391110437816144,0.22294342,-0.0044531019038222125
45,0.9752555555555555,-0.0033174550273130862,0.22294342,-0.0046358029810790735
45,0.9752555555555555,-0.003245014952662169,0.22294342,-0.0048187351245183785
45,0.9752555555555555,-0.003173802636376361,0.22294342,-0.0050019006959750425
45,0.9752555555555555,-0.003103826360130976,0.22294342,-0.005185301270005676
45,0.9752555555555555,-0.003035108898533122,0.22294342,-0.005368941176640952
45,0.9752555555555555,-0.0029677485964771395,0.22294342,-0.005552839113740611
45,0.9752555555555555,-0.002901865538255062,0.22294342,-0.005737017912375492
45,0.9752555555555555,-0.0028375798081589233,0.22294342,-0.00592150040361643
45,0.9752555555555555,-0.002775007349643102,0.22294342,-0.00610630863125596
45,0.9752555555555555,-0.0027142568596960777,0.22294342,-0.006291463261349581
45,0.9752555555555555,-0.0026553583593908587,0.22294342,-0.006476970001664999
45,0.9752555555555555,-0.0025983201304027575,0.22294342,-0.00666283042675883
45,0.9752555555555555,-0.0025431442431506023,0.22294342,-0.006849044930270223
45,0.9752555555555555,-0.002489837944100292,0.22294342,-0.0070356148899362115
45,0.9752555555555555,-0.0024384229726495217,0.22294342,-0.007222544438967895
45,0.9752555555555555,-0.002389021483509155,0.22294342,-0.007409856802075263
45,0.9752555555555555,-0.002341801180604274,0.22294342,-0.007597583864029662
45,0.9752555555555555,-0.0022969266622317177,0.22294342,-0.007785756919143702
45,0.9752555555555555,-0.0022545645971071564,0.22294342,-0.007974407655369149
45,0.9752555555555555,-0.0022148474920355918,0.22294342,-0.008163561265611758
45,0.9752555555555555,-0.002177662509190889,0.22294342,-0.008353196296537722
45,0.9752555555555555,-0.00214279743064316,0.22294342,-0.008543272400133924
45,0.9752555555555555,-0.002110039003253102,0.22294342,-0.008733749031567668
45,0.9752555555555555,-0.002079176044300241,0.22294342,-0.008924586039645412
45,0.9752555555555555,-0.0020501091736808237,0.22294342,-0.00911576452968784
45,0.9752555555555555,-0.0020235143831422516,0.22294342,-0.00930741302487821
45,0.9752555555555555,-0.0020003937553973615,0.22294342,-0.009499722046566263
45,0.9752555555555555,-0.0019817690421378605,0.22294342,-0.009692885855673702
45,0.9752555555555555,-0.00196868891050022,0.22294342,-0.009887103830431204
45,0.9752555555555555,-0.001962114034820715,0.22294342,-0.010082558619405472
45,0.9752555555555555,-0.0019622317880032946,0.22294342,-0.010279285846939795
45,0.9752555555555555,-0.001968940719525379,0.22294342,-0.010477266224715707
45,0.9752555555555555,-0.001982698391947996,0.22294342,-0.010676586746985883
45,0.9752555555555555,-0.002004807098714068,0.22294342,-0.010877495012777167
45,0.9752555555555555,-0.0020366985344432817,0.22294342,-0.011080263223563428
45,0.9752555555555555,-0.0020800435271299757,0.22294342,-0.011285209046140634
45,0.9752555555555555,-0.0021083926065894893,0.22294342,-0.011388951345285862
45,0.9752555555555555,-0.0021436278990715233,0.22294342,-0.011494002888251892
45,0.9752555555555555,-0.0021887991315099834,0.22294342,-0.011600943505510174
45,0.9752555555555555,-0.002249925011438383,0.22294342,-0.011710917506076666
45,0.9752555555555555,-0.0023132875908959257,0.22294342,-0.011801646276009208
45,0.9752555555555555,-0.002348751535823778,0.22294342,-0.011847729839706868
45,0.9752555555555555,-0.002391338756729977,0.22294342,-0.011895167718908278
45,0.9752555555555555,-0.0024200413609597117,0.22294342,-0.011920295296215763
45,0.9752555555555555,-0.0024397214035336017,0.22294342,-0.011933872213637932
45,0.9752555555555555,-0.002453188798607515,0.22294342,-0.011941350328143979
45,0.9752555555555555,-0.0024765,0.22294342,-0.011950699999999998
45,0.9752555555555555,-0.002525746626441012,0.22294342,-0.011955145412238997
45,0.9752555555555555,-0.0025398147665724523,0.22294342,-0.011952902501639974
45,0.9752555555555555,-0.0025609727001749587,0.22294342,-0.011947089919678846
45,0.9752555555555555,-0.0025925461992899698,0.22294342,-0.011933422359014486
45,0.9752555555555555,-0.0026388296361644823,0.22294342,-0.011902881046789663
45,0.9752555555555555,-0.0026738655227549184,0.22294342,-0.011870201289869558
45,0.9752555555555555,-0.002722454630174615,0.22294342,-0.011800757376184294
45,0.9752555555555555,-0.00276465610749468,0.22294342,-0.011710428527975856
45,0.9752555555555555,-0.0028025324798826813,0.22294342,-0.011619277367578104
45,0.9752555555555555,-0.0028363570426239377,0.22294342,-0.011527355855359153
45,0.9752555555555555,-0.002865610120592578,0.22294342,-0.011434565187891755
45,0.9752555555555555,-0.0029154909116916677,0.22294342,-0.01124734395224816
45,0.9752555555555555,-0.0029610993935388127,0.22294342,-0.011059310442213638
45,0.9752555555555555,-0.0030032461351052436,0.22294342,-0.010870618767516342
45,0.9752555555555555,-0.003042208572513937,0.22294342,-0.010681321675802694
45,0.9752555555555555,-0.0030784494443729907,0.22294342,-0.010491507145423247
45,0.9752555555555555,-0.003112414925939877,0.22294342,-0.010301260005615338
45,0.9752555555555555,-0.003144539805168512,0.22294342,-0.010110662920600966
45,0.9752555555555555,-0.0031752392010339476,0.22294342,-0.009919794815030185
45,0.9752555555555555,-0.003204848521386347,0.22294342,-0.009728719458445678
45,0.9752555555555555,-0.0032336783290499373,0.22294342,-0.009537495896720299
45,0.9752555555555555,-0.0032620412572677733,0.22294342,-0.00934618356936606
45,0.9752555555555555,-0.0032902499392829104,0.22294342,-0.009154841915894971
45,0.9752555555555555,-0.003318565247867699,0.22294342,-0.008963520534840227
45,0.9752555555555555,-0.0033470099576292482,0.22294342,-0.008772223756232508
45,0.9752555555555555,-0.0033755405897721667,0.22294342,-0.008580943313649612
45,0.9752555555555555,-0.0034041147007104772,0.22294342,-0.008389671137488917
45,0.9752555555555555,-0.003432687776439374,0.22294342,-0.008198398764508643
45,0.9752555555555555,-0.003461225655048191,0.22294342,-0.008007119699662783
45,0.9752555555555555,-0.0034897273013275157,0.22294342,-0.007815833746131751
45,0.9752555555555555,-0.0035182072082091437,0.22294342,-0.007624543659389623
45,0.9752555555555555,-0.003546674692577803,0.22294342,-0.00743325121081258
45,0.9752555555555555,-0.003575142176946462,0.22294342,-0.0072419587622355374
45,0.9752555555555555,-0.0036036200134092625,0.22294342,-0.007050668281854256
45,0.9752555555555555,-0.0036321071667567897,0.22294342,-0.006859379572849159
45,0.9752555555555555,-0.003660600531360801,0.22294342,-0.0066680920447615205
45,0.9752555555555555,-0.0036890959663836405,0.22294342,-0.006476804910313035
45,0.9752555555555555,-0.003717592436615894,0.22294342,-0.006285517972684125
45,0.9752555555555555,-0.003746085801219906,0.22294342,-0.006094230444596486
45,0.9752555555555555,-0.0037745770954050895,0.22294342,-0.005902942522869695
45,0.9752555555555555,-0.0038030673543808587,0.22294342,-0.0057116544043233275
45,0.9752555555555555,-0.0038315555429377993,0.22294342,-0.005520365892137808
45,0.9752555555555555,-0.003860044766704155,0.22294342,-0.005329077576771865
45,0.9752555555555555,-0.00388853399047051,0.22294342,-0.0051377892614059215
45,0.9752555555555555,-0.0039170242494462795,0.22294342,-0.004946501142859554
45,0.9752555555555555,-0.003945514508422048,0.22294342,-0.004755213024313187
45,0.9752555555555555,-0.003974004767397818,0.22294342,-0.0045639249057668205
45,0.9752555555555555,-0.004002495026373587,0.22294342,-0.004372636787220453
45,0.9752555555555555,-0.004030985285349356,0.22294342,-0.004181348668674087
45,0.9752555555555555,-0.004059475544325125,0.22294342,-0.0039900605501277196
45,0.9752555555555555,-0.004087965803300894,0.22294342,-0.003798772431581351
45,0.9752555555555555,-0.004116456062276664,0.22294342,-0.0036074843130349827
45,0.9752555555555555,-0.0041449463212524336,0.22294342,-0.003416196194488616
45,0.9752555555555555,-0.004173436580228202,0.22294342,-0.0032249080759422476
45,0.9752555555555555,-0.004201926839203972,0.22294342,-0.0030336199573958843
45,0.9752555555555555,-0.004230417098179741,0.22294342,-0.002842331838849516
45,0.9752555555555555,-0.004244662745272332,0.22294342,-0.0027466878779861207
45,0.9752555555555555,-0.004258908392364924,0.22294342,-0.0026510439171227255
45,0.9752555555555555,-0.004273153004248102,0.22294342,-0.002555399759439754
45,0.9752555555555555,-0.00428739761613128,0.22294342,-0.0024597556017567825
46,0.9802999999999998,-0.004272393719503544,0.22409657999999996,-0.002566941388670727
46,0.9802999999999998,-0.004231747838399871,0.22409657999999996,-0.0026517541356366695
46,0.9802999999999998,-0.004191152393622916,0.22409657999999996,-0.002736576851518447
46,0.9802999999999998,-0.004150665580934271,0.22409657999999996,-0.0028214210389112537
46,0.9802999999999998,-0.004110342686307453,0.22409657999999996,-0.002906297625280524
46,0.9802999999999998,-0.004030396216122322,0.22409657999999996,-0.00307618902087131
46,0.9802999999999998,-0.003951506968939506,0.22409657999999996,-0.003246289380274785
46,0.9802999999999998,-0.0038736342077258907,0.22409657999999996,-0.003416590651674314
46,0.9802999999999998,-0.003796734285660278,0.22409657999999996,-0.0035870842081235036
46,0.9802999999999998,-0.0037208207817537066,0.22409657999999996,-0.0037577727335612304
46,0.9802999999999998,-0.003645928613463134,0.22409657999999996,-0.003928663129544611
46,0.9802999999999998,-0.0035720907583867987,0.22409657999999996,-0.0040997619142109235
46,0.9802999999999998,-0.003499337284334857,0.22409657999999996,-0.00427107503056768
46,0.9802999999999998,-0.0034276953493293867,0.22409657999999996,-0.004442607846492643
46,0.9802999999999998,-0.0033571795023107876,0.22409657999999996,-0.004614363237634609
46,0.9802999999999998,-0.0032878023523607376,0.22409657999999996,-0.0047863436962225355
46,0.9802999999999998,-0.0032195755386315566,0.22409657999999996,-0.004958551522775463
46,0.9802999999999998,-0.003152506820558124,0.22409657999999996,-0.005130988250972751
46,0.9802999999999998,-0.0030866175365863576,0.22409657999999996,-0.005303658098432635
46,0.9802999999999998,-0.0030219998300054503,0.22409657999999996,-0.005476579277597507
46,0.9802999999999998,-0.002958766212621153,0.22409657999999996,-0.005649774026818075
46,0.9802999999999998,-0.0028970291962392173,0.22409657999999996,-0.005823264584445048
46,0.9802999999999998,-0.002836897412947954,0.22409657999999996,-0.005997072421989454
46,0.9802999999999998,-0.002778472705330156,0.22409657999999996,-0.006171217668992882
46,0.9802999999999998,-0.0027217832013372596,0.22409657999999996,-0.006345705885043009
46,0.9802999999999998,-0.002666836660404145,0.22409657999999996,-0.006520538603819195
46,0.9802999999999998,-0.002613635022389532,0.22409657999999996,-0.006695716208741282
46,0.9802999999999998,-0.0025621850767989403,0.22409657999999996,-0.006871240041778705
46,0.9802999999999998,-0.002512507192148928,0.22409657999999996,-0.0070471141288397845
46,0.9802999999999998,-0.0024647158201039658,0.22409657999999996,-0.007223361091695066
46,0.9802999999999998,-0.0024189680892203616,0.22409657999999996,-0.007400011987351576
46,0.9802999999999998,-0.0023754182182663427,0.22409657999999996,-0.007577097297686578
46,0.9802999999999998,-0.0023342223658688577,0.22409657999999996,-0.007754647887997176
46,0.9802999999999998,-0.002295504682985976,0.22409657999999996,-0.007932688297153115
46,0.9802999999999998,-0.0022591594473174654,0.22409657999999996,-0.008111197628773128
46,0.9802999999999998,-0.002224987823344543,0.22409657999999996,-0.008290136582323634
46,0.9802999999999998,-0.002192790005619064,0.22409657999999996,-0.008469465665561136
46,0.9802999999999998,-0.002162368128551604,0.22409657999999996,-0.008649145769661972
46,0.9802999999999998,-0.0021336290789236104,0.22409657999999996,-0.008829158490473834
46,0.9802999999999998,-0.002107206220607113,0.22409657999999996,-0.009009629014574416
46,0.9802999999999998,-0.002084038445222517,0.22409657999999996,-0.009190742917166178
46,0.9802999999999998,-0.0020650830730480673,0.22409657999999996,-0.009372689415940062
46,0.9802999999999998,-0.0020513226425253658,0.22409657999999996,-0.009555662713044926
46,0.9802999999999998,-0.0020436572481004204,0.22409657999999996,-0.009739840715286437
46,0.9802999999999998,-0.002042262446987377,0.22409657999999996,-0.009925258122160097
46,0.9802999999999998,-0.0020470431861089647,0.22409657999999996,-0.010111896146093754
46,0.9802999999999998,-0.0020584281742422684,0.22409657999999996,-0.010299839522872004
46,0.9802999999999998,-0.0020776375825220707,0.22409657999999996,-0.010489329423574079
46,0.9802999999999998,-0.002106012823253146,0.22409657999999996,-0.010680630983019202
46,0.9802999999999998,-0.0021451193624224102,0.22409657999999996,-0.010874053621018091
46,0.9802999999999998,-0.0021709281914138664,0.22409657999999996,-0.010972001373145924
46,0.9802999999999998,-0.00220318899050753,0.22409657999999996,-0.011071224379660927
46,0.9802999999999998,-0.0022447591715977354,0.22409657999999996,-0.011172287417987122
46,0.9802999999999998,-0.002301277903983075,0.22409657999999996,-0.011276305089598803
46,0.9802999999999998,-0.0023600428030494717,0.22409657999999996,-0.011362197414469137
46,0.9802999999999998,-0.002392969374463829,0.22409657999999996,-0.011405844084951617
46,0.9802999999999998,-0.0024325700298038168,0.22409657999999996,-0.011450809911392922
46,0.9802999999999998,-0.00245931214190278,0.22409657999999996,-0.011474664892510294
46,0.9802999999999998,-0.0024776759093324656,0.22409657999999996,-0.01148757920988166
46,0.9802999999999998,-0.0024902564255244787,0.22409657999999996,-0.01149470812012667
46,0.9802999999999998,-0.00251206,0.22409657999999996,-0.01150366
46,0.9802999999999998,-0.0025582387743614855,0.22409657999999996,-0.011508145068412402
46,0.9802999999999998,-0.0025714574092140655,0.22409657999999996,-0.011506115450326789
46,0.9802999999999998,-0.0025913563851039847,0.22409657999999996,-0.011500763897585524
46,0.9802999999999998,-0.0026210893799159013,0.22409657999999996,-0.011488071418264202
46,0.9802999999999998,-0.002664755220266588,0.22409657999999996,-0.0114595635050264
46,0.9802999999999998,-0.0026978827781217107,0.22409657999999996,-0.011428972663508893
46,0.9802999999999998,-0.0027440099197548326,0.22409657999999996,-0.011363812616216131
46,0.9802999999999998,-0.0027843027465714928,0.22409657999999996,-0.011278930086839344
46,0.9802999999999998,-0.0028205432085223947,0.22409657999999996,-0.011193246593417219
46,0.9802999999999998,-0.0028529873669585577,0.22409657999999996,-0.011106812747368609
46,0.9802999999999998,-0.0028811483173413,0.22409657999999996,-0.011019532310313725
46,0.9802999999999998,-0.002929388766679907,0.22409657999999996,-0.010843374109151356
46,0.9802999999999998,-0.002973626317550111,0.22409657999999996,-0.010666424721149561
46,0.9802999999999998,-0.0030146204246407323,0.22409657999999996,-0.010488834255175626
46,0.9802999999999998,-0.00305263102902023,0.22409657999999996,-0.010310654089488079
46,0.9802999999999998,-0.0030880916891124904,0.22409657999999996,-0.01013196991842112
46,0.9802999999999998,-0.00312142044447164,0.22409657999999996,-0.00995286436895022
46,0.9802999999999998,-0.003153024665428846,0.22409657999999996,-0.009773417959241741
46,0.9802999999999998,-0.0031832932936574384,0.22409657999999996,-0.00959370756497356
46,0.9802999999999998,-0.0032125405862700315,0.22409657999999996,-0.009413795300159726
46,0.9802999999999998,-0.0032410575220746026,0.22409657999999996,-0.009233738677776207
46,0.9802999999999998,-0.0032691370197378486,0.22409657999999996,-0.009053595594218812
46,0.9802999999999998,-0.003297071997926466,0.22409657999999996,-0.008873423945883354
46,0.9802999999999998,-0.0033251068788391555,0.22409657999999996,-0.008693272043669646
46,0.9802999999999998,-0.003353263000921835,0.22409657999999996,-0.008513144105195925
46,0.9802999999999998,-0.003381499627141389,0.22409657999999996,-0.008333032078645556
46,0.9802999999999998,-0.003409776990394059,0.22409657999999996,-0.00815292810391182
46,0.9802999999999998,-0.003438053383717369,0.22409657999999996,-0.007972823937468168
46,0.9802999999999998,-0.0034662967994424417,0.22409657999999996,-0.007792713252887237
46,0.9802999999999998,-0.0034945062676399177,0.22409657999999996,-0.007612595858459111
46,0.9802999999999998,-0.0035226953673208345,0.22409657999999996,-0.007432474438122665
46,0.9802999999999998,-0.0035508728278494327,0.22409657999999996,-0.007252350717267183
46,0.9802999999999998,-0.003579050288378031,0.22409657999999996,-0.0070722269964117
46,0.9802999999999998,-0.0036072374482002284,0.22409657999999996,-0.006892105192655415
46,0.9802999999999998,-0.003635433337386665,0.22409657999999996,-0.006711985114288409
46,0.9802999999999998,-0.0036636350461492617,0.22409657999999996,-0.006531866186180922
46,0.9802999999999998,-0.0036918386947705772,0.22409657999999996,-0.006351747641493277
46,0.9802999999999998,-0.003720043313321253,0.22409657999999996,-0.0061716292885155505
46,0.9802999999999998,-0.0037482450220838494,0.22409657999999996,-0.005991510360408065
46,0.9802999999999998,-0.0037764447909877257,0.22409657999999996,-0.00581139104888074
46,0.9802999999999998,-0.003804643589962242,0.22409657999999996,-0.005631271545643494
46,0.9802999999999998,-0.0038328404490780388,0.22409657999999996,-0.005451151658986408
46,0.9802999999999998,-0.0038610382781231953,0.22409657999999996,-0.005271031964039243
46,0.9802999999999998,-0.0038892361071683514,0.22409657999999996,-0.005090912269092077
46,0.9802999999999998,-0.003917434906142868,0.22409657999999996,-0.004910792765854832
46,0.9802999999999998,-0.003945633705117385,0.22409657999999996,-0.004730673262617586
46,0.9802999999999998,-0.003973832504091901,0.22409657999999996,-0.00455055375938034
46,0.9802999999999998,-0.004002031303066417,0.22409657999999996,-0.004370434256143094
46,0.9802999999999998,-0.004030230102040934,0.22409657999999996,-0.004190314752905849
46,0.9802999999999998,-0.00405842890101545,0.22409657999999996,-0.004010195249668603
46,0.9802999999999998,-0.004086627699989967,0.22409657999999996,-0.0038300757464313573
46,0.9802999999999998,-0.004114826498964483,0.22409657999999996,-0.0036499562431941118
46,0.9802999999999998,-0.004143025297939,0.22409657999999996,-0.0034698367399568653
46,0.9802999999999998,-0.004171224096913516,0.22409657999999996,-0.003289717236719619
46,0.9802999999999998,-0.004199422895888032,0.22409657999999996,-0.003109597733482376
46,0.9802999999999998,-0.0042276216948625486,0.22409657999999996,-0.0029294782302451295
46,0.9802999999999998,-0.004241721579314487,0.22409657999999996,-0.0028394185744814674
46,0.9802999999999998,-0.0042558214637664245,0.22409657999999996,-0.0027493589187178036
46,0.9802999999999998,-0.004269920378289003,0.22409657999999996,-0.002659299071244221
46,0.9802999999999998,-0.004284019292811581,0.22409657999999996,-0.0025692392237706384
47,0.9853555555555555,-0.004272103921775123,0.22525228,-0.002674099427733714
47,0.9853555555555555,-0.004234652033074151,0.22525228,-0.0027507615244911666
47,0.9853555555555555,-0.004197245652987851,0.22525228,-0.002827433017718036
47,0.9853555555555555,-0.0041599372914562244,0.22525228,-0.0029041247494944206
47,0.9853555555555555,-0.004122776832922278,0.22525228,-0.00298084701979641
47,0.9853555555555555,-0.004049086910300107,0.22525228,-0.003134421846062884
47,0.9853555555555555,-0.003976350918254687,0.22525228,-0.003288193636784449
47,0.9853555555555555,-0.0039045320998280135,0.22525228,-0.0034421548025050375
47,0.9853555555555555,-0.0038335910725650828,0.22525228,-0.0035962972116645765
47,0.9853555555555555,-0.00376354008878523,0.22525228,-0.003750623394081755
47,0.9853555555555555,-0.003694410654452458,0.22525228,-0.0039051398550046306
47,0.9853555555555555,-0.0036262325251994357,0.22525228,-0.004059852738278594
47,0.9853555555555555,-0.0035590328311618322,0.22525228,-0.004214767645645024
47,0.9853555555555555,-0.0034928360769783165,0.22525228,-0.004369889636741304
47,0.9853555555555555,-0.0034276553901338895,0.22525228,-0.004525221422087455
47,0.9853555555555555,-0.0033635021477822187,0.22525228,-0.004680765350800832
47,0.9853555555555555,-0.003300386851911306,0.22525228,-0.004836523591297455
47,0.9853555555555555,-0.003238316503846484,0.22525228,-0.004992497589188003
47,0.9853555555555555,-0.003177310357232422,0.22525228,-0.005148691319901844
47,0.9853555555555555,-0.0031174515528074598,0.22525228,-0.005305121950065799
47,0.9853555555555555,-0.0030588416097889408,0.22525228,-0.005461810441034724
47,0.9853555555555555,-0.0030015820473942058,0.22525228,-0.005618777754163467
47,0.9853555555555555,-0.002945770884177931,0.22525228,-0.005776044128001546
47,0.9853555555555555,-0.0028915000125351244,0.22525228,-0.00593362853618913
47,0.9853555555555555,-0.002838794812270121,0.22525228,-0.006091536219064931
47,0.9853555555555555,-0.002787662284708255,0.22525228,-0.00624976862223963
47,0.9853555555555555,-0.0027381041801808606,0.22525228,-0.006408326107115896
47,0.9853555555555555,-0.0026901266248476035,0.22525228,-0.006567209938603074
47,0.9853555555555555,-0.0026437479971874863,0.22525228,-0.006726423911429197
47,0.9853555555555555,-0.0025990715667491846,0.22525228,-0.0068859893483517905
47,0.9853555555555555,-0.0025562391103707113,0.22525228,-0.007045935522987113
47,0.9853555555555555,-0.0025153897793930772,0.22525228,-0.007206291166847423
47,0.9853555555555555,-0.0024766644754886293,0.22525228,-0.007367085372847646
47,0.9853555555555555,-0.00244017521986271,0.22525228,-0.007528341270758656
47,0.9853555555555555,-0.0024058266194576443,0.22525228,-0.007690039164134942
47,0.9853555555555555,-0.00237343926531175,0.22525228,-0.007852142009202841
47,0.9853555555555555,-0.0023428328732976785,0.22525228,-0.008014612581487356
47,0.9853555555555555,-0.002313828909619413,0.22525228,-0.008177414017916156
47,0.9853555555555555,-0.0022863433583729473,0.22525228,-0.008340528971161085
47,0.9853555555555555,-0.0022609477027386643,0.22525228,-0.008504075439193865
47,0.9853555555555555,-0.002238489103081971,0.22525228,-0.008668228340906723
47,0.9853555555555555,-0.0022198313479159437,0.22525228,-0.008833166028517251
47,0.9853555555555555,-0.0022058609800609925,0.22525228,-0.008999071552477747
47,0.9853555555555555,-0.0021973901532558555,0.22525228,-0.009166112603627041
47,0.9853555555555555,-0.0021945772724862125,0.22525228,-0.009334321888906759
47,0.9853555555555555,-0.002197336571516724,0.22525228,-0.009503681699586077
47,0.9853555555555555,-0.0022060548735720886,0.22525228,-0.009674271905655039
47,0.9853555555555555,-0.002221833137061071,0.22525228,-0.009846319829393007
47,0.9853555555555555,-0.002245881716100776,0.22525228,-0.010020075380746212
47,0.9853555555555555,-0.002279613128077327,0.22525228,-0.010195830211669255
47,0.9853555555555555,-0.002302123215033263,0.22525228,-0.010284873060390508
47,0.9853555555555555,-0.002330454904004374,0.22525228,-0.01037511793439182
47,0.9853555555555555,-0.002367186433044886,0.22525228,-0.010467097179805943
47,0.9853555555555555,-0.0024174060153412434,0.22525228,-0.010561861394194245
47,0.9853555555555555,-0.0024698077455427314,0.22525228,-0.010640197163354077
47,0.9853555555555555,-0.002499206465989755,0.22525228,-0.010680025330611886
47,0.9853555555555555,-0.002534627201389638,0.22525228,-0.010721096903755455
47,0.9853555555555555,-0.0025586011297664604,0.22525228,-0.010742925969781445
47,0.9853555555555555,-0.0025750930092244316,0.22525228,-0.010754770662916073
47,0.9853555555555555,-0.0025864055294496854,0.22525228,-0.010761326186961037
47,0.9853555555555555,-0.00260604,0.22525228,-0.010769599999999999
47,0.9853555555555555,-0.002647745891031713,0.22525228,-0.010773991543527378
47,0.9853555555555555,-0.0026597119023761607,0.22525228,-0.010772242494290634
47,0.9853555555555555,-0.00267774443330554,0.22525228,-0.010767526288118277
47,0.9853555555555555,-0.002704727901040505,0.22525228,-0.010756218738020832
47,0.9853555555555555,-0.0027444383877991882,0.22525228,-0.010730660013079677
47,0.9853555555555555,-0.002774640199588707,0.22525228,-0.010703137968134338
47,0.9853555555555555,-0.002816882385251491,0.22525228,-0.010644343964140867
47,0.9853555555555555,-0.0028540157136497683,0.22525228,-0.010567616092097495
47,0.9853555555555555,-0.002887492599892393,0.22525228,-0.010490133249876719
47,0.9853555555555555,-0.0029175440877153846,0.22525228,-0.010411943142630966
47,0.9853555555555555,-0.002943730843954038,0.22525228,-0.010332955058290093
47,0.9853555555555555,-0.002988812476096042,0.22525228,-0.010173473286085581
47,0.9853555555555555,-0.0030302822995313967,0.22525228,-0.010013245759471746
47,0.9853555555555555,-0.003068825568977162,0.22525228,-0.009852413967593855
47,0.9853555555555555,-0.003104676828832026,0.22525228,-0.00969102633840967
47,0.9853555555555555,-0.0031382272781490216,0.22525228,-0.009529163645415914
47,0.9853555555555555,-0.0031698541133305157,0.22525228,-0.009366903770887947
47,0.9853555555555555,-0.003199924903956541,0.22525228,-0.009204322609386445
47,0.9853555555555555,-0.003228790591459461,0.22525228,-0.009041492622146725
47,0.9853555555555555,-0.0032567347295152996,0.22525228,-0.008878472356401306
47,0.9853555555555555,-0.0032840198678240817,0.22525228,-0.008715316022550674
47,0.9853555555555555,-0.003310910306417162,0.22525228,-0.00855207819239798
47,0.9853555555555555,-0.0033376703453258973,0.22525228,-0.00838881343774638
47,0.9853555555555555,-0.0033645205262983076,0.22525228,-0.008225567295332279
47,0.9853555555555555,-0.0033914801029790607,0.22525228,-0.008062343740585046
47,0.9853555555555555,-0.0034185123184101536,0.22525228,-0.007899135184048615
47,0.9853555555555555,-0.0034455812907992498,0.22525228,-0.0077359342169682505
47,0.9853555555555555,-0.003472649388022679,0.22525228,-0.0075727330691865505
47,0.9853555555555555,-0.0034996877296134387,0.22525228,-0.007409525777559463
47,0.9853555555555555,-0.0035266954404058626,0.22525228,-0.007246312161385653
47,0.9853555555555555,-0.0035536847727192854,0.22525228,-0.007083094750483809
47,0.9853555555555555,-0.0035806636030447066,0.22525228,-0.006919875171165945
47,0.9853555555555555,-0.0036076424333701283,0.22525228,-0.006756655591848081
47,0.9853555555555555,-0.003634630015352217,0.22525228,-0.006593437819543566
47,0.9853555555555555,-0.0036616254738253066,0.22525228,-0.006430221673551067
47,0.9853555555555555,-0.003688626183292397,0.22525228,-0.006267006611766577
47,0.9853555555555555,-0.0037156286430908205,0.22525228,-0.006103791911384757
47,0.9853555555555555,-0.0037426319780549107,0.22525228,-0.005940577391704271
47,0.9853555555555555,-0.0037696326875220005,0.22525228,-0.005777362329919782
47,0.9853555555555555,-0.0037966316466577573,0.22525228,-0.005614146906732622
47,0.9853555555555555,-0.0038236297306278467,0.22525228,-0.005450931302844126
47,0.9853555555555555,-0.0038506260642666035,0.22525228,-0.0052877153375529605
47,0.9853555555555555,-0.003877623273071026,0.22525228,-0.005124499552963133
47,0.9853555555555555,-0.0039046204818754494,0.22525228,-0.004961283768373302
47,0.9853555555555555,-0.003931618565845539,0.22525228,-0.004798068164484807
47,0.9853555555555555,-0.003958616649815629,0.22525228,-0.0046348525605963125
47,0.9853555555555555,-0.003985614733785719,0.22525228,-0.004471636956707817
47,0.9853555555555555,-0.004012612817755809,0.22525228,-0.004308421352819321
47,0.9853555555555555,-0.004039610901725899,0.22525228,-0.004145205748930829
47,0.9853555555555555,-0.004066608985695988,0.22525228,-0.003981990145042333
47,0.9853555555555555,-0.004093607069666078,0.22525228,-0.0038187745411538375
47,0.9853555555555555,-0.004120605153636168,0.22525228,-0.0036555589372653423
47,0.9853555555555555,-0.004147603237606257,0.22525228,-0.003492343333376848
47,0.9853555555555555,-0.004174601321576347,0.22525228,-0.003329127729488353
47,0.9853555555555555,-0.004201599405546437,0.22525228,-0.0031659121255998577
47,0.9853555555555555,-0.004228597489516527,0.22525228,-0.0030026965217113642
47,0.9853555555555555,-0.0042420969690844055,0.22525228,-0.0029210888101177824
47,0.9853555555555555,-0.004255596448652284,0.22525228,-0.0028394810985242023
47,0.9853555555555555,-0.004269095053054495,0.22525228,-0.002757873206229288
47,0.9853555555555555,-0.004282593657456707,0.22525228,-0.002676265313934374
48,0.9904000000000001,-0.004270691068621765,0.22640544,-0.002781322393319581
48,0.9904000000000001,-0.0042385037611235585,0.22640544,-0.00284573838485025
48,0.9904000000000001,-0.004206354639596108,0.22640544,-0.0029101626562721295
48,0.9904000000000001,-0.0041742877647749,0.22640544,-0.0029746047613058452
48,0.9904000000000001,-0.004142344994358648,0.22640544,-0.003039073775985993
48,0.9904000000000001,-0.004078988916697584,0.22640544,-0.0031681266092224852
48,0.9904000000000001,-0.004016433275731204,0.22640544,-0.0032973530017170287
48,0.9904000000000001,-0.003954647228944669,0.22640544,-0.003426746265865187
48,0.9904000000000001,-0.0038935977307863615,0.22640544,-0.0035562992363764876
48,0.9904000000000001,-0.0038332950620945635,0.22640544,-0.0036860141424524097
48,0.9904000000000001,-0.003773765659310567,0.22640544,-0.0038158967163253316
48,0.9904000000000001,-0.0037150344901844814,0.22640544,-0.003945952371770273
48,0.9904000000000001,-0.0036571243194296415,0.22640544,-0.004076186044876225
48,0.9904000000000001,-0.003600055708722608,0.22640544,-0.004206602194046149
48,0.9904000000000001,-0.0035438396732472535,0.22640544,-0.0043372032077101975
48,0.9904000000000001,-0.003488485759496266,0.22640544,-0.004467991155841177
48,0.9904000000000001,-0.003434002779616744,0.22640544,-0.00459896794918321
48,0.9904000000000001,-0.0033803966083734175,0.22640544,-0.004730134861565714
48,0.9904000000000001,-0.0033276834013692995,0.22640544,-0.004861495396019586
48,0.9904000000000001,-0.0032759329214355785,0.22640544,-0.0049930646792691515
48,0.9904000000000001,-0.0032252303526608623,0.22640544,-0.005124861181840956
48,0.9904000000000001,-0.0031756608791337604,0.22640544,-0.005256903374261542
48,0.9904000000000001,-0.0031273067475605155,0.22640544,-0.005389209090142751
48,0.9904000000000001,-0.00308024506422823,0.22640544,-0.005521795048495674
48,0.9904000000000001,-0.0030344971251590564,0.22640544,-0.005654665866951949
48,0.9904000000000001,-0.002990068805117726,0.22640544,-0.005787822819340996
48,0.9904000000000001,-0.002946961572795422,0.22640544,-0.0059212662241201666
48,0.9904000000000001,-0.002905180568611284,0.22640544,-0.0060549971958902
48,0.9904000000000001,-0.0028647412138227335,0.22640544,-0.006189019078453317
48,0.9904000000000001,-0.0028257301612095616,0.22640544,-0.006323350660793416
48,0.9904000000000001,-0.0027882663747575837,0.22640544,-0.006458017737956189
48,0.9904000000000001,-0.0027524666154158414,0.22640544,-0.006593045627301298
48,0.9904000000000001,-0.0027184491128245587,0.22640544,-0.0067284599646457565
48,0.9904000000000001,-0.002686307863219442,0.22640544,-0.006864281131260235
48,0.9904000000000001,-0.002655962822931022,0.22640544,-0.007000491771218929
48,0.9904000000000001,-0.002627263451113051,0.22640544,-0.00713705924264303
48,0.9904000000000001,-0.0026000584725736895,0.22640544,-0.007273950744425054
48,0.9904000000000001,-0.0025741980808122815,0.22640544,-0.00741113379391487
48,0.9904000000000001,-0.0025496117786520463,0.22640544,-0.007548593105159472
48,0.9904000000000001,-0.0025267790937642037,0.22640544,-0.00768643265448502
48,0.9904000000000001,-0.002506410872681282,0.22640544,-0.007824806575250953
48,0.9904000000000001,-0.0024892319145020463,0.22640544,-0.007963872026161582
48,0.9904000000000001,-0.00247598611131064,0.22640544,-0.008103790305866821
48,0.9904000000000001,-0.0024673549358159323,0.22640544,-0.008244709178579031
48,0.9904000000000001,-0.0024634713045699765,0.22640544,-0.008386657464688769
48,0.9904000000000001,-0.00246426325170481,0.22640544,-0.008529619559785675
48,0.9904000000000001,-0.0024700553579718567,0.22640544,-0.008673665842945034
48,0.9904000000000001,-0.0024817714301251645,0.22640544,-0.008818996623842654
48,0.9904000000000001,-0.002500427068117716,0.22640544,-0.00896583211573898
48,0.9904000000000001,-0.0025272075057341174,0.22640544,-0.009114429313718869
48,0.9904000000000001,-0.0025453338864344028,0.22640544,-0.009189754858061845
48,0.9904000000000001,-0.002568345134009042,0.22640544,-0.009266139591564969
48,0.9904000000000001,-0.0025984046305704595,0.22640544,-0.00934405260191101
48,0.9904000000000001,-0.0026397818613873706,0.22640544,-0.009424419644628696
48,0.9904000000000001,-0.002683142453953516,0.22640544,-0.009490937703422096
48,0.9904000000000001,-0.002707506049027763,0.22640544,-0.00952477855440496
48,0.9904000000000001,-0.0027369226761168068,0.22640544,-0.009559715057915032
48,0.9904000000000001,-0.0027568867010593673,0.22640544,-0.009578322909312157
48,0.9904000000000001,-0.0027706487574626583,0.22640544,-0.00958844646462615
48,0.9904000000000001,-0.00278010293261676,0.22640544,-0.009594066179567748
48,0.9904000000000001,-0.00279654,0.22640544,-0.009601199999999999
48,0.9904000000000001,-0.0028315732151217915,0.22640544,-0.009605226517546505
48,0.9904000000000001,-0.002841651898354783,0.22640544,-0.009603842126187402
48,0.9904000000000001,-0.0028568590411887727,0.22640544,-0.009599999982956787
48,0.9904000000000001,-0.0028796530226542303,0.22640544,-0.009590663380513167
48,0.9904000000000001,-0.002913278495900355,0.22640544,-0.00956939634047578
48,0.9904000000000001,-0.0029389253042953287,0.22640544,-0.009546399280861574
48,0.9904000000000001,-0.0029749797813714168,0.22640544,-0.009497100848125741
48,0.9904000000000001,-0.0030068997870743336,0.22640544,-0.009432626897356603
48,0.9904000000000001,-0.0030357516968961542,0.22640544,-0.009367487689174493
48,0.9904000000000001,-0.0030617293780730226,0.22640544,-0.009301725259950168
48,0.9904000000000001,-0.003084464189118029,0.22640544,-0.009235259676887715
48,0.9904000000000001,-0.003123815243740044,0.22640544,-0.00910100181742512
48,0.9904000000000001,-0.003160135654106128,0.22640544,-0.008966086821212083
48,0.9904000000000001,-0.003194000412814388,0.22640544,-0.008830639364302785
48,0.9904000000000001,-0.003225606324483335,0.22640544,-0.008694702119982693
48,0.9904000000000001,-0.0032552816415923483,0.22640544,-0.008558346263470473
48,0.9904000000000001,-0.003283342867091345,0.22640544,-0.008421640422325962
48,0.9904000000000001,-0.0033100984261287365,0.22640544,-0.008284651472593545
48,0.9904000000000001,-0.0033358427912866953,0.22640544,-0.008147443264972746
48,0.9904000000000001,-0.0033608138905368524,0.22640544,-0.00801006738955495
48,0.9904000000000001,-0.0033852320275566446,0.22640544,-0.007872571614943286
48,0.9904000000000001,-0.003409318974714691,0.22640544,-0.007735004028198246
48,0.9904000000000001,-0.0034332965043796107,0.22640544,-0.0075974127163803175
48,0.9904000000000001,-0.00345734967164045,0.22640544,-0.00745983780511613
48,0.9904000000000001,-0.003481494632100221,0.22640544,-0.007322282797436582
48,0.9904000000000001,-0.003505700543244083,0.22640544,-0.007184741005737235
48,0.9904000000000001,-0.003529937296902786,0.22640544,-0.007047205901642326
48,0.9904000000000001,-0.0035541733162158975,0.22640544,-0.00690967063831874
48,0.9904000000000001,-0.0035783843677788998,0.22640544,-0.006772129961220132
48,0.9904000000000001,-0.0036025697172462007,0.22640544,-0.0066345837111178255
48,0.9904000000000001,-0.0036267396454560813,0.22640544,-0.006497034117213299
48,0.9904000000000001,-0.003650900761518865,0.22640544,-0.006359482612564647
48,0.9904000000000001,-0.003675061877581648,0.22640544,-0.006221931107915996
48,0.9904000000000001,-0.0036992303371003454,0.22640544,-0.006084381195554114
48,0.9904000000000001,-0.0037234054057293663,0.22640544,-0.005946832716250329
48,0.9904000000000001,-0.003747584880431936,0.22640544,-0.005809285192318605
48,0.9904000000000001,-0.003771765823825688,0.22640544,-0.005671737986844236
48,0.9904000000000001,-0.003795947501565032,0.22640544,-0.005534190940598543
48,0.9904000000000001,-0.0038201269762676016,0.22640544,-0.005396643416666819
48,0.9904000000000001,-0.0038443049822789884,0.22640544,-0.005259095574277742
48,0.9904000000000001,-0.003868482253944784,0.22640544,-0.005121547572659986
48,0.9904000000000001,-0.0038926580569193956,0.22640544,-0.004983999252584877
48,0.9904000000000001,-0.0039168345942395995,0.22640544,-0.004846451091738445
48,0.9904000000000001,-0.003941011131559803,0.22640544,-0.004708902930892013
48,0.9904000000000001,-0.0039651884032255984,0.22640544,-0.004571354929274257
48,0.9904000000000001,-0.0039893656748913936,0.22640544,-0.004433806927656502
48,0.9904000000000001,-0.004013542946557189,0.22640544,-0.004296258926038748
48,0.9904000000000001,-0.004037720218222984,0.22640544,-0.0041587109244209915
48,0.9904000000000001,-0.004061897489888779,0.22640544,-0.0040211629228032375
48,0.9904000000000001,-0.004086074761554574,0.22640544,-0.0038836149211854826
48,0.9904000000000001,-0.004110252033220369,0.22640544,-0.003746066919567727
48,0.9904000000000001,-0.004134429304886165,0.22640544,-0.0036085189179499728
48,0.9904000000000001,-0.004158606576551959,0.22640544,-0.003470970916332217
48,0.9904000000000001,-0.004182783848217755,0.22640544,-0.0033334229147144612
48,0.9904000000000001,-0.00420696111988355,0.22640544,-0.003195874913096707
48,0.9904000000000001,-0.004231138391549346,0.22640544,-0.0030583269114789523
48,0.9904000000000001,-0.004243227394555038,0.22640544,-0.002989552990284413
48,0.9904000000000001,-0.004255316397560732,0.22640544,-0.0029207790690898737
48,0.9904000000000001,-0.004267404666220834,0.22640544,-0.0028520049886666572
48,0.9904000000000001,-0.004279492934880936,0.22640544,-0.0027832309082434416
49,0.9954555555555554,-0.0042693698136226955,0.22756113999999997,-0.0028863283413156013
49,0.9954555555555554,-0.0042482004644252115,0.22756113999999997,-0.0029276308378960152
49,0.9954555555555554,-0.004227055554557859,0.22756113999999997,-0.0029689389256803552
49,0.9954555555555554,-0.004205963283247714,0.22756113999999997,-0.0030102590560577734
49,0.9954555555555554,-0.004184950439760497,0.22756113999999997,-0.0030515973578479566
49,0.9954555555555554,-0.00414326361349808,0.22756113999999997,-0.0031343514856212486
49,0.9954555555555554,-0.0041020890731941935,0.22756113999999997,-0.003217222813630724
49,0.9954555555555554,-0.004061407079389883,0.22756113999999997,-0.0033002068259039806
49,0.9954555555555554,-0.004021196482664844,0.22756113999999997,-0.003383298683899158
49,0.9954555555555554,-0.003981463862838727,0.22756113999999997,-0.003466499892940389
49,0.9954555555555554,-0.0039422261394477754,0.22756113999999997,-0.003549814323861163
49,0.9954555555555554,-0.0039034992920540003,0.22756113999999997,-0.003633245632448664
49,0.9954555555555554,-0.0038652978902580567,0.22756113999999997,-0.003716797151920617
49,0.9954555555555554,-0.0038276350936992456,0.22756113999999997,-0.003800471892925293
49,0.9954555555555554,-0.0037905179521843363,0.22756113999999997,-0.003884271468309978
49,0.9954555555555554,-0.003753952575545862,0.22756113999999997,-0.003968197275875654
49,0.9954555555555554,-0.003717944603629237,0.22756113999999997,-0.00405225060590015
49,0.9954555555555554,-0.0036824977963314048,0.22756113999999997,-0.004136432318568687
49,0.9954555555555554,-0.00364762249336896,0.22756113999999997,-0.0042207447793906165
49,0.9954555555555554,-0.0036133633435181042,0.22756113999999997,-0.004305198203065427
49,0.9954555555555554,-0.003579774865284516,0.22756113999999997,-0.0043898050622788
49,0.9954555555555554,-0.0035469115771738736,0.22756113999999997,-0.004474577829716423
49,0.9954555555555554,-0.0035148261177433845,0.22756113999999997,-0.00455952854797137
49,0.9954555555555554,-0.0034835678356404287,0.22756113999999997,-0.004644668506974653
49,0.9954555555555554,-0.003453150360491427,0.22756113999999997,-0.00473000082489769
49,0.9954555555555554,-0.003423577452193322,0.22756113999999997,-0.0048155263619257035
49,0.9954555555555554,-0.00339485005072035,0.22756113999999997,-0.004901245333104995
49,0.9954555555555554,-0.003366971445982336,0.22756113999999997,-0.004987158491097636
49,0.9954555555555554,-0.003339951507708756,0.22756113999999997,-0.005073268093889825
49,0.9954555555555554,-0.0033138456943795254,0.22756113999999997,-0.005159586829213553
49,0.9954555555555554,-0.0032887301439077457,0.22756113999999997,-0.00524613211581952
49,0.9954555555555554,-0.0032646795842451656,0.22756113999999997,-0.005332921049888967
49,0.9954555555555554,-0.0032417696833177707,0.22756113999999997,-0.005419970942649441
49,0.9954555555555554,-0.0032200605994766535,0.22756113999999997,-0.005507295557064456
49,0.9954555555555554,-0.0031995011041259613,0.22756113999999997,-0.005594883173110394
49,0.9954555555555554,-0.0031799948499065217,0.22756113999999997,-0.005682711748541001
49,0.9954555555555554,-0.003161445019472043,0.22756113999999997,-0.005770759133586869
49,0.9954555555555554,-0.0031437557354504703,0.22756113999999997,-0.005859003393524896
49,0.9954555555555554,-0.0031268818790784834,0.22756113999999997,-0.005947434206132445
49,0.9954555555555554,-0.003111130351944083,0.22756113999999997,-0.006036121784028074
49,0.9954555555555554,-0.003096956101577412,0.22756113999999997,-0.006125170209623368
49,0.9954555555555554,-0.0030848230052638544,0.22756113999999997,-0.006214685608269807
49,0.9954555555555554,-0.0030752071599538604,0.22756113999999997,-0.006304776900920834
49,0.9954555555555554,-0.0030685447136928573,0.22756113999999997,-0.006395543869061935
49,0.9954555555555554,-0.003064920734149188,0.22756113999999997,-0.006487005974383708
49,0.9954555555555554,-0.0030642891625852963,0.22756113999999997,-0.006579152679617208
49,0.9954555555555554,-0.0030668577333073017,0.22756113999999997,-0.006672031509995825
49,0.9954555555555554,-0.0030732176901095438,0.22756113999999997,-0.006765777729645358
49,0.9954555555555554,-0.003084019025176102,0.22756113999999997,-0.006860540043085661
49,0.9954555555555554,-0.0031000202977152945,0.22756113999999997,-0.006956491992684809
49,0.9954555555555554,-0.003111052115901896,0.22756113999999997,-0.00700516143805619
49,0.9954555555555554,-0.0031252102883968826,0.22756113999999997,-0.007054546127437751
49,0.9954555555555554,-0.0031438793972496364,0.22756113999999997,-0.007104962824036647
49,0.9954555555555554,-0.003169791947563728,0.22756113999999997,-0.007157036667461296
49,0.9954555555555554,-0.003197087707852302,0.22756113999999997,-0.007200197840640916
49,0.9954555555555554,-0.0032124529209254576,0.22756113999999997,-0.007222171316829823
49,0.9954555555555554,-0.0032310521153570007,0.22756113999999997,-0.0072448846598308254
49,0.9954555555555554,-0.0032437154103757047,0.22756113999999997,-0.007257010874533501
49,0.9954555555555554,-0.0032524663165745342,0.22756113999999997,-0.007263627457312139
49,0.9954555555555554,-0.0032584886045351306,0.22756113999999997,-0.007267312509827686
49,0.9954555555555554,-0.00326898,0.22756113999999997,-0.00727202
49,0.9954555555555554,-0.003291430001629936,0.22756113999999997,-0.007274848807583782
49,0.9954555555555554,-0.0032979089010188147,0.22756113999999997,-0.007274023763400584
49,0.9954555555555554,-0.003307698516634694,0.22756113999999997,-0.007271648861463439
49,0.9954555555555554,-0.003322400691543828,0.22756113999999997,-0.0072657832898360445
49,0.9954555555555554,-0.003344148951211227,0.22756113999999997,-0.007252300594427642
49,0.9954555555555554,-0.003360790800842457,0.22756113999999997,-0.0072376496599677355
49,0.9954555555555554,-0.003384321327433903,0.22756113999999997,-0.007206116470588019
49,0.9954555555555554,-0.0034053196013204647,0.22756113999999997,-0.00716477483558011
49,0.9954555555555554,-0.0034243542690283696,0.22756113999999997,-0.007122983968841212
49,0.9954555555555554,-0.0034415494071567466,0.22756113999999997,-0.007080772256483576
49,0.9954555555555554,-0.0034566690821724025,0.22756113999999997,-0.007038085721884665
49,0.9954555555555554,-0.003482992499537229,0.22756113999999997,-0.006951816769780527
49,0.9954555555555554,-0.003507376280066412,0.22756113999999997,-0.006865104069626176
49,0.9954555555555554,-0.00353018842367328,0.22756113999999997,-0.00677803181204999
49,0.9954555555555554,-0.003551554886905436,0.22756113999999997,-0.0066906288132568305
49,0.9954555555555554,-0.0035716857540045877,0.22756113999999997,-0.006602943136095846
49,0.9954555555555554,-0.0035907835894185575,0.22756113999999997,-0.006515021123045749
49,0.9954555555555554,-0.003609045787736871,0.22756113999999997,-0.006426907933830574
49,0.9954555555555554,-0.003626660813793813,0.22756113999999997,-0.0063386466852344584
49,0.9954555555555554,-0.003643780943415588,0.22756113999999997,-0.0062502722147588
49,0.9954555555555554,-0.0036605471727375717,0.22756113999999997,-0.0061618167793493364
49,0.9954555555555554,-0.0036771014378693748,0.22756113999999997,-0.006073312850998113
49,0.9954555555555554,-0.0036935856749206078,0.22756113999999997,-0.005984792901697172
49,0.9954555555555554,-0.003710118320644987,0.22756113999999997,-0.005896284027280935
49,0.9954555555555554,-0.003726709714759105,0.22756113999999997,-0.005807788593258756
49,0.9954555555555554,-0.003743340117804011,0.22756113999999997,-0.005719302083658231
49,0.9954555555555554,-0.003759990260307869,0.22756113999999997,-0.00563082009003011
49,0.9954555555555554,-0.0037766399328246093,0.22756113999999997,-0.005542337988878836
49,0.9954555555555554,-0.00379327362577934,0.22756113999999997,-0.005453852231940379
49,0.9954555555555554,-0.003809890869184944,0.22756113999999997,-0.005365362711691585
49,0.9954555555555554,-0.0038264982428610718,0.22756113999999997,-0.005276870933456589
49,0.9954555555555554,-0.003843099976691784,0.22756113999999997,-0.005188377864943765
49,0.9954555555555554,-0.003859701710522497,0.22756113999999997,-0.005099884796430939
49,0.9954555555555554,-0.0038763081442243887,0.22756113999999997,-0.005011392803149639
49,0.9954555555555554,-0.0038929188078103416,0.22756113999999997,-0.004922901777576711
49,0.9954555555555554,-0.003909532291319002,0.22756113999999997,-0.0048344113971426975
49,0.9954555555555554,-0.003926146714801898,0.22756113999999997,-0.004745921231754989
49,0.9954555555555554,-0.003942761608271913,0.22756113999999997,-0.0046574311738904325
49,0.9954555555555554,-0.003959375091780574,0.22756113999999997,-0.004568940793456419
49,0.9954555555555554,-0.003975987635314998,0.22756113999999997,-0.004480450197976101
49,0.9954555555555554,-0.003992599708862305,0.22756113999999997,-0.00439195949497263
49,0.9954555555555554,-0.004009210842435376,0.22756113999999997,-0.0043034685769228545
49,0.9954555555555554,-0.004025822445995565,0.22756113999999997,-0.004214977766396231
49,0.9954555555555554,-0.004042434049555754,0.22756113999999997,-0.004126486955869608
49,0.9954555555555554,-0.004059046123103061,0.22756113999999997,-0.004037996252866137
49,0.9954555555555554,-0.004075658196650367,0.22756113999999997,-0.0039495055498626665
49,0.9954555555555554,-0.004092270270197674,0.22756113999999997,-0.0038610148468591955
49,0.9954555555555554,-0.004108882343744981,0.22756113999999997,-0.0037725241438557244
49,0.9954555555555554,-0.004125494417292288,0.22756113999999997,-0.0036840334408522546
49,0.9954555555555554,-0.004142106490839594,0.22756113999999997,-0.003595542737848783
49,0.9954555555555554,-0.004158718564386901,0.22756113999999997,-0.0035070520348453125
49,0.9954555555555554,-0.004175330637934209,0.22756113999999997,-0.003418561331841842
49,0.9954555555555554,-0.004191942711481515,0.22756113999999997,-0.0033300706288383703
49,0.9954555555555554,-0.004208554785028822,0.22756113999999997,-0.0032415799258348997
49,0.9954555555555554,-0.004225166858576128,0.22756113999999997,-0.00315308922283143
49,0.9954555555555554,-0.004241778932123436,0.22756113999999997,-0.0030645985198279584
49,0.9954555555555554,-0.004250085203890648,0.22756113999999997,-0.0030203532220877995
49,0.9954555555555554,-0.004258391475657861,0.22756113999999997,-0.0029761079243476396
49,0.9954555555555554,-0.004266697277437954,0.22756113999999997,-0.002931862519084329
49,0.9954555555555554,-0.004275003079218049,0.22756113999999997,-0.002887617113821017
50,1.0,-0.004266866376763637,0.2286,-0.0029834896636636325
50,1.0,-0.004265238652261476,0.2286,-0.0029874664657638435
50,1.0,-0.004263613219164737,0.2286,-0.0029914435920332834
50,1.0,-0.004261992721402751,0.2286,-0.002995421416513371
50,1.0,-0.004260379670708384,0.2286,-0.0029994002945434527
50,1.0,-0.004257185340537126,0.2286,-0.0030073625453346585
50,1.0,-0.0042540390417487375,0.2286,-0.0030153315912116283
50,1.0,-0.004250938923592686,0.2286,-0.003023307170345369
50,1.0,-0.004247883003121972,0.2286,-0.003031289002204818
50,1.0,-0.004244871897253441,0.2286,-0.0030392771740663047
50,1.0,-0.00424190719234469,0.2286,-0.003047271910354681
50,1.0,-0.0042389903866223416,0.2286,-0.0030552734230267498
50,1.0,-0.004236122846116551,0.2286,-0.0030632819053372446
50,1.0,-0.004233305804661008,0.2286,-0.003071297531838827
50,1.0,-0.004230539923238043,0.2286,-0.003079320396041851
50,1.0,-0.0042278257746990126,0.2286,-0.0030873505789886253
50,1.0,-0.004225163887829783,0.2286,-0.0030953881554874317
50,1.0,-0.004222554615154266,0.2286,-0.0031034331754104605
50,1.0,-0.004219998926113216,0.2286,-0.0031114857759062314
50,1.0,-0.0042175010069280755,0.2286,-0.00311954654920699
50,1.0,-0.004215065969195555,0.2286,-0.0031276162184594777
50,1.0,-0.004212698924512362,0.2286,-0.003135695506810437
50,1.0,-0.00421040480821325,0.2286,-0.0031437851124705147
50,1.0,-0.004208188247174551,0.2286,-0.003151885690012193
50,1.0,-0.004206050519295443,0.2286,-0.003159997420222157
50,1.0,-0.004203991977099836,0.2286,-0.0031681203529725956
50,1.0,-0.004202012708718707,0.2286,-0.003176254500731557
50,1.0,-0.00420011302261048,0.2286,-0.0031843999071372053
50,1.0,-0.00419829384415042,0.2286,-0.003192556703104038
50,1.0,-0.004196560373066214,0.2286,-0.003200725624246844
50,1.0,-0.00419491974796706,0.2286,-0.0032089076804774526
50,1.0,-0.004193378975265687,0.2286,-0.003217103863005621
50,1.0,-0.004191945149505804,0.2286,-0.003225315175509156
50,1.0,-0.004190623911069987,0.2286,-0.0032335424159430823
50,1.0,-0.0041894104568199475,0.2286,-0.0032417849047988237
50,1.0,-0.004188295753330469,0.2286,-0.0032500413641015345
50,1.0,-0.004187270723110843,0.2286,-0.0032583105096423456
50,1.0,-0.004186326376801339,0.2286,-0.0032665910696804356
50,1.0,-0.004185458484115026,0.2286,-0.003274882445749535
50,1.0,-0.004184695819816138,0.2286,-0.003283188708667079
50,1.0,-0.004184081039297901,0.2286,-0.0032915158929679466
50,1.0,-0.0041836576351978304,0.2286,-0.0032998701516334683
50,1.0,-0.004183470245856153,0.2286,-0.0033082577997295875
50,1.0,-0.004183559764046541,0.2286,-0.003316684622430239
50,1.0,-0.00418393416562248,0.2286,-0.0033251517480937013
50,1.0,-0.004184589132166062,0.2286,-0.0033336585657856572
50,1.0,-0.004185544140623366,0.2286,-0.003342207830944555
50,1.0,-0.004186854625379392,0.2286,-0.003350807385972129
50,1.0,-0.00418858152900525,0.2286,-0.003359465852523069
50,1.0,-0.004190795973199976,0.2286,-0.0033681932923115237
50,1.0,-0.004192187395667813,0.2286,-0.0033725972185411953
50,1.0,-0.00419387194176762,0.2286,-0.0033770426134960975
50,1.0,-0.00419597942842961,0.2286,-0.0033815478426098638
50,1.0,-0.004198766052406081,0.2286,-0.003386149150495917
50,1.0,-0.004201610946466786,0.2286,-0.0033899172861149626
50,1.0,-0.004203194408793473,0.2286,-0.0033918241330468534
50,1.0,-0.004205081085749082,0.2286,-0.003393773876295388
50,1.0,-0.004206339800930736,0.2286,-0.003394793364826822
50,1.0,-0.004207195985625526,0.2286,-0.003395335198729208
50,1.0,-0.004207778483445926,0.2286,-0.003395627959699224
50,1.0,-0.00420878,0.2286,-0.0033959800000000003
50,1.0,-0.0042108670335608955,0.2286,-0.0033960649024159122
50,1.0,-0.004211456633678976,0.2286,-0.003395937960240606
50,1.0,-0.004212338788454658,0.2286,-0.0033956420523366592
50,1.0,-0.004213645830428008,0.2286,-0.003394985546065489
50,1.0,-0.0042155420875609985,0.2286,-0.0033935709812781085
50,1.0,-0.004216959573157405,0.2286,-0.0033920886838239165
50,1.0,-0.004218880097325167,0.2286,-0.0033889947204570254
50,1.0,-0.004220491781989379,0.2286,-0.0033850156491722107
50,1.0,-0.004221919361041088,0.2286,-0.0033810105321366423
50,1.0,-0.004223174467769356,0.2286,-0.0033769810151325604
50,1.0,-0.004224234981298769,0.2286,-0.0033729239686800996
50,1.0,-0.004225988854704322,0.2286,-0.003364757933890237
50,1.0,-0.004227560869837305,0.2286,-0.0033565661712848267
50,1.0,-0.004228985529975502,0.2286,-0.0033483535621043757
50,1.0,-0.004230274644669932,0.2286,-0.0033401217770672184
50,1.0,-0.004231447911194121,0.2286,-0.0033318736027819207
50,1.0,-0.0042325243217737705,0.2286,-0.0033236117261126693
50,1.0,-0.0042335223839142086,0.2286,-0.0033153387653493925
50,1.0,-0.00423445976787647,0.2286,-0.003307057220335568
50,1.0,-0.004235350750878951,0.2286,-0.003298769110894854
50,1.0,-0.004236208552568312,0.2286,-0.0032904763072343418
50,1.0,-0.004237046480722192,0.2286,-0.0032821806920291696
50,1.0,-0.00423787784311823,0.2286,-0.0032738841479544754
50,1.0,-0.0042387137442596225,0.2286,-0.003265588245984216
50,1.0,-0.004239555153587123,0.2286,-0.0032572931232669106
50,1.0,-0.0042404002203502,0.2286,-0.0032489985179735676
50,1.0,-0.00424124713786381,0.2286,-0.0032407041745092175
50,1.0,-0.004242094011311931,0.2286,-0.003232409824810843
50,1.0,-0.0042429393865334305,0.2286,-0.0032241152631556653
50,1.0,-0.004243783219462819,0.2286,-0.0032158204833096604
50,1.0,-0.004244626127016942,0.2286,-0.0032075255725491593
50,1.0,-0.004245468505785197,0.2286,-0.003199230586980374
50,1.0,-0.004246310884553454,0.2286,-0.003190935601411589
50,1.0,-0.004247153703976598,0.2286,-0.0031826406781830406
50,1.0,-0.0042479969199891434,0.2286,-0.0031743458110607046
50,1.0,-0.0042488404003946205,0.2286,-0.0031660509813425104
50,1.0,-0.004249683968931077,0.2286,-0.0031577561640923637
50,1.0,-0.004250527581533021,0.2286,-0.0031494613530762407
50,1.0,-0.004251371061938499,0.2286,-0.0031411665233580465
50,1.0,-0.004252214454212999,0.2286,-0.003132871681171805
50,1.0,-0.00425305780242201,0.2286,-0.00312457683275154
50,1.0,-0.004253901062500043,0.2286,-0.0031162819718632277
50,1.0,-0.004254744366643566,0.2286,-0.003107987117208939
50,1.0,-0.004255587670787088,0.2286,-0.0030996922625546506
50,1.0,-0.0042564310189961,0.2286,-0.0030913974141343857
50,1.0,-0.00425727436720511,0.2286,-0.0030831025657141204
50,1.0,-0.004258117715414122,0.2286,-0.0030748077172938555
50,1.0,-0.004258961063623133,0.2286,-0.0030665128688735907
50,1.0,-0.004259804411832145,0.2286,-0.0030582180204533254
50,1.0,-0.004260647760041155,0.2286,-0.0030499231720330605
50,1.0,-0.004261491108250167,0.2286,-0.0030416283236127956
50,1.0,-0.004262334456459178,0.2286,-0.0030333334751925303
50,1.0,-0.004263177804668189,0.2286,-0.0030250386267722655
50,1.0,-0.0042640211528772,0.2286,-0.0030167437783520006
50,1.0,-0.004264864501086212,0.2286,-0.0030084489299317353
50,1.0,-0.004265707849295222,0.2286,-0.0030001540815114704
50,1.0,-0.004266129545432473,0.2286,-0.00299600666041835
50,1.0,-0.004266551241569723,0.2286,-0.0029918592393252293
50,1.0,-0.004266972893641484,0.2286,-0.0029877118119980848
50,1.0,-0.004267394545713245,0.2286,-0.0029835643846709407
