station_idx,r_over_R,X,Y,Z
0,0.04136690647482014,3.635638595555555e-07,0.014604999999999998,2.54e-05
0,0.04136690647482014,1.8011364909401708e-06,0.014604999999999998,2.4891999999999998e-05
0,0.04136690647482014,3.2355545552136746e-06,0.014604999999999998,2.4384000000000002e-05
0,0.04136690647482014,4.663178167247863e-06,0.014604999999999998,2.3876e-05
0,0.04136690647482014,6.080549436170939e-06,0.014604999999999998,2.3367999999999997e-05
0,0.04136690647482014,8.871552687726496e-06,0.014604999999999998,2.2352e-05
0,0.04136690647482014,1.1596431359452991e-05,0.014604999999999998,2.1336e-05
0,0.04136690647482014,1.4257733370940169e-05,0.014604999999999998,2.0320000000000002e-05
0,0.04136690647482014,1.6858188636034185e-05,0.014604999999999998,1.9304000000000004e-05
0,0.04136690647482014,1.9396947848205128e-05,0.014604999999999998,1.8288e-05
0,0.04136690647482014,2.1871827076376066e-05,0.014604999999999998,1.7272e-05
0,0.04136690647482014,2.4280763718974354e-05,0.014604999999999998,1.6255999999999995e-05
0,0.04136690647482014,2.6621877168683756e-05,0.014604999999999998,1.5240000000000003e-05
0,0.04136690647482014,2.8893468812444444e-05,0.014604999999999998,1.4224000000000005e-05
0,0.04136690647482014,3.1094628678974355e-05,0.014604999999999998,1.3208e-05
0,0.04136690647482014,3.3224568126495724e-05,0.014604999999999998,1.2192000000000001e-05
0,0.04136690647482014,3.52825591779829e-05,0.014604999999999998,1.1175999999999996e-05
0,0.04136690647482014,3.7268116515418797e-05,0.014604999999999998,1.0159999999999998e-05
0,0.04136690647482014,3.9179905514256404e-05,0.014604999999999998,9.144000000000006e-06
0,0.04136690647482014,4.101216302304273e-05,0.014604999999999998,8.128e-06
0,0.04136690647482014,4.275785193052991e-05,0.014604999999999998,7.112000000000002e-06
0,0.04136690647482014,4.440993512547009e-05,0.014604999999999998,6.095999999999997e-06
0,0.04136690647482014,4.596161815562393e-05,0.014604999999999998,5.079999999999999e-06
0,0.04136690647482014,4.7406531222017086e-05,0.014604999999999998,4.063999999999997e-06
0,0.04136690647482014,4.87429150468376e-05,0.014604999999999998,3.048000000000002e-06
0,0.04136690647482014,4.997028431206838e-05,0.014604999999999998,2.032e-06
0,0.04136690647482014,5.1088517688205125e-05,0.014604999999999998,1.0160000000000018e-06
0,0.04136690647482014,5.20971905219829e-05,0.014604999999999998,0.0
0,0.04136690647482014,5.299502885360683e-05,0.014604999999999998,-1.0160000000000018e-06
0,0.04136690647482014,5.377487424232478e-05,0.014604999999999998,-2.032e-06
0,0.04136690647482014,5.4426898998290596e-05,0.014604999999999998,-3.0479999999999986e-06
0,0.04136690647482014,5.494145742591452e-05,0.014604999999999998,-4.064e-06
0,0.04136690647482014,5.530878250010255e-05,0.014604999999999998,-5.079999999999999e-06
0,0.04136690647482014,5.552110913258119e-05,0.014604999999999998,-6.096000000000001e-06
0,0.04136690647482014,5.558504978133333e-05,0.014604999999999998,-7.112000000000002e-06
0,0.04136690647482014,5.5513040720547e-05,0.014604999999999998,-8.127999999999997e-06
0,0.04136690647482014,5.531757888916238e-05,0.014604999999999998,-9.144e-06
0,0.04136690647482014,5.5011039896615375e-05,0.014604999999999998,-1.0160000000000001e-05
0,0.04136690647482014,5.4599247559111106e-05,0.014604999999999998,-1.1176e-05
0,0.04136690647482014,5.404258779350427e-05,0.014604999999999998,-1.2192e-05
0,0.04136690647482014,5.328233711972649e-05,0.014604999999999998,-1.3208000000000001e-05
0,0.04136690647482014,5.225861942741881e-05,0.014604999999999998,-1.4224e-05
0,0.04136690647482014,5.0909981322666664e-05,0.014604999999999998,-1.524e-05
0,0.04136690647482014,4.918012591548717e-05,0.014604999999999998,-1.6256e-05
0,0.04136690647482014,4.705807288574359e-05,0.014604999999999998,-1.7272e-05
0,0.04136690647482014,4.45497673791453e-05,0.014604999999999998,-1.8288e-05
0,0.04136690647482014,4.162839557524786e-05,0.014604999999999998,-1.9304e-05
0,0.04136690647482014,3.821764121586325e-05,0.014604999999999998,-2.0320000000000002e-05
0,0.04136690647482014,3.423360494878632e-05,0.014604999999999998,-2.1336e-05
0,0.04136690647482014,2.957837386406837e-05,0.014604999999999998,-2.2352000000000002e-05
0,0.04136690647482014,2.6859501002803417e-05,0.014604999999999998,-2.286e-05
0,0.04136690647482014,2.373708621032478e-05,0.014604999999999998,-2.3368e-05
0,0.04136690647482014,2.0032411126837605e-05,0.014604999999999998,-2.3876e-05
0,0.04136690647482014,1.5392770883418803e-05,0.014604999999999998,-2.4384000000000002e-05
0,0.04136690647482014,1.0833572101333332e-05,0.014604999999999998,-2.47904e-05
0,0.04136690647482014,8.332303705982906e-06,0.014604999999999998,-2.49936e-05
0,0.04136690647482014,5.413601151179487e-06,0.014604999999999998,-2.5196800000000002e-05
0,0.04136690647482014,3.5200722427350428e-06,0.014604999999999998,-2.52984e-05
0,0.04136690647482014,2.2610359768888888e-06,0.014604999999999998,-2.53492e-05
0,0.04136690647482014,1.4189485524786323e-06,0.014604999999999998,-2.53746e-05
0,0.04136690647482014,0.0,0.014604999999999998,-2.54e-05
0,0.04136690647482014,-2.8330439247863243e-06,0.014604999999999998,-2.53746e-05
0,0.04136690647482014,-3.6045782424615375e-06,0.014604999999999998,-2.53492e-05
0,0.04136690647482014,-4.738705783658119e-06,0.014604999999999998,-2.52984e-05
0,0.04136690647482014,-6.377442733128205e-06,0.014604999999999998,-2.5196800000000002e-05
0,0.04136690647482014,-8.666687819760683e-06,0.014604999999999998,-2.49936e-05
0,0.04136690647482014,-1.029681037442735e-05,0.014604999999999998,-2.47904e-05
0,0.04136690647482014,-1.2298140547418803e-05,0.014604999999999998,-2.4384000000000002e-05
0,0.04136690647482014,-1.371363120902564e-05,0.014604999999999998,-2.3876e-05
0,0.04136690647482014,-1.4875664536205127e-05,0.014604999999999998,-2.3368e-05
0,0.04136690647482014,-1.5800256023521364e-05,0.014604999999999998,-2.286e-05
0,0.04136690647482014,-1.6456951965401707e-05,0.014604999999999998,-2.2352000000000002e-05
0,0.04136690647482014,-1.7264885134358972e-05,0.014604999999999998,-2.1336e-05
0,0.04136690647482014,-1.7822454871247863e-05,0.014604999999999998,-2.0320000000000002e-05
0,0.04136690647482014,-1.8177161676991452e-05,0.014604999999999998,-1.9304e-05
0,0.04136690647482014,-1.834526370516239e-05,0.014604999999999998,-1.8288e-05
0,0.04136690647482014,-1.835387809996581e-05,0.014604999999999998,-1.7272e-05
0,0.04136690647482014,-1.8229151369572646e-05,0.014604999999999998,-1.6256e-05
0,0.04136690647482014,-1.7996562709880338e-05,0.014604999999999998,-1.524e-05
0,0.04136690647482014,-1.7680438686495726e-05,0.014604999999999998,-1.4224e-05
0,0.04136690647482014,-1.730043467911111e-05,0.014604999999999998,-1.3208000000000001e-05
0,0.04136690647482014,-1.687475011336752e-05,0.014604999999999998,-1.2192e-05
0,0.04136690647482014,-1.6421705744410253e-05,0.014604999999999998,-1.1176e-05
0,0.04136690647482014,-1.5959622327384613e-05,0.014604999999999998,-1.0160000000000001e-05
0,0.04136690647482014,-1.550378737982906e-05,0.014604999999999998,-9.144e-06
0,0.04136690647482014,-1.5055535526290595e-05,0.014604999999999998,-8.127999999999997e-06
0,0.04136690647482014,-1.4612318847179487e-05,0.014604999999999998,-7.112000000000002e-06
0,0.04136690647482014,-1.4171650087658117e-05,0.014604999999999998,-6.096000000000001e-06
0,0.04136690647482014,-1.3730920663384614e-05,0.014604999999999998,-5.079999999999999e-06
0,0.04136690647482014,-1.3288128637538461e-05,0.014604999999999998,-4.064e-06
0,0.04136690647482014,-1.284321334536752e-05,0.014604999999999998,-3.0479999999999986e-06
0,0.04136690647482014,-1.2397024093401709e-05,0.014604999999999998,-2.032e-06
0,0.04136690647482014,-1.1950106864410254e-05,0.014604999999999998,-1.0160000000000018e-06
0,0.04136690647482014,-1.1503189635418803e-05,0.014604999999999998,0.0
0,0.04136690647482014,-1.1056879053948718e-05,0.014604999999999998,1.0160000000000018e-06
0,0.04136690647482014,-1.0611114455247862e-05,0.014604999999999998,2.032e-06
0,0.04136690647482014,-1.0165713845059829e-05,0.014604999999999998,3.048000000000002e-06
0,0.04136690647482014,-9.720434564376068e-06,0.014604999999999998,4.063999999999997e-06
0,0.04136690647482014,-9.275215948444445e-06,0.014604999999999998,5.079999999999999e-06
0,0.04136690647482014,-8.82981533825641e-06,0.014604999999999998,6.095999999999997e-06
0,0.04136690647482014,-8.384293398564102e-06,0.014604999999999998,7.112000000000002e-06
0,0.04136690647482014,-7.938710794119658e-06,0.014604999999999998,8.128e-06
0,0.04136690647482014,-7.493006860170939e-06,0.014604999999999998,9.144000000000006e-06
0,0.04136690647482014,-7.047363590974357e-06,0.014604999999999998,1.0159999999999998e-05
0,0.04136690647482014,-6.601720321777777e-06,0.014604999999999998,1.1175999999999996e-05
0,0.04136690647482014,-6.156137717333333e-06,0.014604999999999998,1.2192000000000001e-05
0,0.04136690647482014,-5.710555112888888e-06,0.014604999999999998,1.3208e-05
0,0.04136690647482014,-5.264972508444444e-06,0.014604999999999998,1.4224000000000005e-05
0,0.04136690647482014,-4.819389904e-06,0.014604999999999998,1.5240000000000003e-05
0,0.04136690647482014,-4.373807299555555e-06,0.014604999999999998,1.6255999999999995e-05
0,0.04136690647482014,-3.928224695111111e-06,0.014604999999999998,1.7272e-05
0,0.04136690647482014,-3.4826420906666665e-06,0.014604999999999998,1.8288e-05
0,0.04136690647482014,-3.037059486222222e-06,0.014604999999999998,1.9304000000000004e-05
0,0.04136690647482014,-2.5914768817777774e-06,0.014604999999999998,2.0320000000000002e-05
0,0.04136690647482014,-2.1458942773333333e-06,0.014604999999999998,2.1336e-05
0,0.04136690647482014,-1.7003116728888887e-06,0.014604999999999998,2.2352e-05
0,0.04136690647482014,-1.2547290684444443e-06,0.014604999999999998,2.3367999999999997e-05
0,0.04136690647482014,-1.0319680985982904e-06,0.014604999999999998,2.3876e-05
0,0.04136690647482014,-8.092071287521366e-07,0.014604999999999998,2.4384000000000002e-05
0,0.04136690647482014,-5.863854941538461e-07,0.014604999999999998,2.4891999999999998e-05
0,0.04136690647482014,-3.635638595555555e-07,0.014604999999999998,2.54e-05
1,0.06600719424460431,0.000153920765564,0.0233045,0.0121158
1,0.06600719424460431,0.0007625408859661538,0.0233045,0.011873484
1,0.06600719424460431,0.0013698254682723075,0.0233045,0.011631168
1,0.06600719424460431,0.0019742335069870766,0.0233045,0.011388851999999998
1,0.06600719424460431,0.0025743010468898455,0.0233045,0.011146535999999999
1,0.06600719424460431,0.003755918377325846,0.0233045,0.010661904
1,0.06600719424460431,0.004909540774595692,0.0233045,0.010177272000000001
1,0.06600719424460431,0.0060362469425461526,0.0233045,0.009692639999999999
1,0.06600719424460431,0.007137192635298768,0.0233045,0.009208008
1,0.06600719424460431,0.008212018284904615,0.0233045,0.008723375999999998
1,0.06600719424460431,0.00925979928806646,0.0233045,0.008238744
1,0.06600719424460431,0.010279662408336922,0.0233045,0.007754111999999997
1,0.06600719424460431,0.011270811459543385,0.0233045,0.007269480000000002
1,0.06600719424460431,0.012232527305787999,0.0233045,0.006784848
1,0.06600719424460431,0.013164424695696925,0.0233045,0.006300216000000001
1,0.06600719424460431,0.01406616974474615,0.0233045,0.005815583999999999
1,0.06600719424460431,0.014937454251836615,0.0233045,0.005330952
1,0.06600719424460431,0.01577807274956892,0.0233045,0.004846319999999998
1,0.06600719424460431,0.016587460202594766,0.0233045,0.0043616880000000025
1,0.06600719424460431,0.01736317668554646,0.0233045,0.0038770560000000003
1,0.06600719424460431,0.01810224292113292,0.0233045,0.003392424
1,0.06600719424460431,0.018801679632063077,0.0233045,0.0029077919999999993
1,0.06600719424460431,0.01945861027474554,0.0233045,0.002423159999999999
1,0.06600719424460431,0.020070338089563385,0.0233045,0.0019385279999999984
1,0.06600719424460431,0.020636118257193845,0.0233045,0.0014538960000000014
1,0.06600719424460431,0.021155745310237537,0.0233045,0.0009692640000000009
1,0.06600719424460431,0.021629167881844612,0.0233045,0.00048463200000000047
1,0.06600719424460431,0.022056206188040616,0.0233045,0.0
1,0.06600719424460431,0.02243632087690215,0.0233045,-0.00048463200000000047
1,0.06600719424460431,0.022766481304288308,0.0233045,-0.0009692639999999992
1,0.06600719424460431,0.023042526755361538,0.0233045,-0.0014538959999999997
1,0.06600719424460431,0.023260373565559076,0.0233045,-0.0019385280000000001
1,0.06600719424460431,0.023415886703468305,0.0233045,-0.002423159999999999
1,0.06600719424460431,0.023505778690699076,0.0233045,-0.0029077919999999993
1,0.06600719424460431,0.023532849020568,0.0233045,-0.003392424
1,0.06600719424460431,0.023502362795184306,0.0233045,-0.0038770559999999985
1,0.06600719424460431,0.02341961080008215,0.0233045,-0.004361688
1,0.06600719424460431,0.023289832453945843,0.0233045,-0.00484632
1,0.06600719424460431,0.023115493365567997,0.0233045,-0.005330951999999999
1,0.06600719424460431,0.02287982225847384,0.0233045,-0.0058155839999999995
1,0.06600719424460431,0.022557957577337844,0.0233045,-0.006300216
1,0.06600719424460431,0.022124549781760924,0.0233045,-0.006784848
1,0.06600719424460431,0.021553581562296,0.0233045,-0.007269479999999999
1,0.06600719424460431,0.020821218700614458,0.0233045,-0.007754112
1,0.06600719424460431,0.01992281249680523,0.0233045,-0.008238744
1,0.06600719424460431,0.018860879926510768,0.0233045,-0.008723376
1,0.06600719424460431,0.017624068915915076,0.0233045,-0.009208008
1,0.06600719424460431,0.016180069716464924,0.0233045,-0.009692639999999999
1,0.06600719424460431,0.014493362151491692,0.0233045,-0.010177272
1,0.06600719424460431,0.012522493173169537,0.0233045,-0.010661904
1,0.06600719424460431,0.011371413434967075,0.0233045,-0.01090422
1,0.06600719424460431,0.010049487554176307,0.0233045,-0.011146536
1,0.06600719424460431,0.008481052160973846,0.0233045,-0.011388852
1,0.06600719424460431,0.006516783822856922,0.0233045,-0.011631167999999999
1,0.06600719424460431,0.004586571706187999,0.0233045,-0.011825020799999999
1,0.06600719424460431,0.003527618413184615,0.0233045,-0.0119219472
1,0.06600719424460431,0.0022919374732855388,0.0233045,-0.012018873599999999
1,0.06600719424460431,0.0014902807311615383,0.0233045,-0.0120673368
1,0.06600719424460431,0.000957246930308,0.0233045,-0.012091568399999999
1,0.06600719424460431,0.0006007353089507692,0.0233045,-0.0121036842
1,0.06600719424460431,0.0,0.0233045,-0.0121158
1,0.06600719424460431,-0.0011994159439076921,0.0233045,-0.0121036842
1,0.06600719424460431,-0.0015260577420793844,0.0233045,-0.012091568399999999
1,0.06600719424460431,-0.0020062093710163076,0.0233045,-0.0120673368
1,0.06600719424460431,-0.0026999957284633844,0.0233045,-0.012018873599999999
1,0.06600719424460431,-0.0036691854513606153,0.0233045,-0.0119219472
1,0.06600719424460431,-0.0043593247624686155,0.0233045,-0.011825020799999999
1,0.06600719424460431,-0.005206620950680922,0.0233045,-0.011631167999999999
1,0.06600719424460431,-0.005805892304411076,0.0233045,-0.011388852
1,0.06600719424460431,-0.006297858308812615,0.0233045,-0.011146536
1,0.06600719424460431,-0.00668929938806523,0.0233045,-0.01090422
1,0.06600719424460431,-0.006967322462857538,0.0233045,-0.010661904
1,0.06600719424460431,-0.007309374315983077,0.0233045,-0.010177272
1,0.06600719424460431,-0.007545430674451077,0.0233045,-0.009692639999999999
1,0.06600719424460431,-0.007695601659976307,0.0233045,-0.009208008
1,0.06600719424460431,-0.007766770430438153,0.0233045,-0.008723376
1,0.06600719424460431,-0.0077704174767772305,0.0233045,-0.008238744
1,0.06600719424460431,-0.007717612355135384,0.0233045,-0.007754112
1,0.06600719424460431,-0.007619142103980307,0.0233045,-0.007269479999999999
1,0.06600719424460431,-0.007485305776706153,0.0233045,-0.006784848
1,0.06600719424460431,-0.007324424802987999,0.0233045,-0.006300216
1,0.06600719424460431,-0.007144204210302769,0.0233045,-0.0058155839999999995
1,0.06600719424460431,-0.00695240039297723,0.0233045,-0.005330951999999999
1,0.06600719424460431,-0.006756769745338153,0.0233045,-0.00484632
1,0.06600719424460431,-0.006563784490466153,0.0233045,-0.004361688
1,0.06600719424460431,-0.006374009663709538,0.0233045,-0.0038770559999999985
1,0.06600719424460431,-0.006186366561221538,0.0233045,-0.003392424
1,0.06600719424460431,-0.005999802162580307,0.0233045,-0.0029077919999999993
1,0.06600719424460431,-0.005813212080514153,0.0233045,-0.002423159999999999
1,0.06600719424460431,-0.005625748762000615,0.0233045,-0.0019385280000000001
1,0.06600719424460431,-0.0054373865236147685,0.0233045,-0.0014538959999999997
1,0.06600719424460431,-0.005248484933305538,0.0233045,-0.0009692639999999992
1,0.06600719424460431,-0.00505927514189723,0.0233045,-0.00048463200000000047
1,0.06600719424460431,-0.004870065350488923,0.0233045,0.0
1,0.06600719424460431,-0.004681112393329846,0.0233045,0.00048463200000000047
1,0.06600719424460431,-0.004492390586995076,0.0233045,0.0009692640000000009
1,0.06600719424460431,-0.004303822881209846,0.0233045,0.0014538960000000014
1,0.06600719424460431,-0.0041153065422744614,0.0233045,0.0019385279999999984
1,0.06600719424460431,-0.003926815886764,0.0233045,0.002423159999999999
1,0.06600719424460431,-0.003738248180978769,0.0233045,0.0029077919999999993
1,0.06600719424460431,-0.003549629108343692,0.0233045,0.003392424
1,0.06600719424460431,-0.003360984352283692,0.0233045,0.0038770560000000003
1,0.06600719424460431,-0.0031722882293738455,0.0233045,0.0043616880000000025
1,0.06600719424460431,-0.002983617789888923,0.0233045,0.004846319999999998
1,0.06600719424460431,-0.0027949473504039995,0.0233045,0.005330952
1,0.06600719424460431,-0.002606302594344,0.0233045,0.005815583999999999
1,0.06600719424460431,-0.0024176578382839996,0.0233045,0.006300216000000001
1,0.06600719424460431,-0.002229013082224,0.0233045,0.006784848
1,0.06600719424460431,-0.0020403683261639998,0.0233045,0.007269480000000002
1,0.06600719424460431,-0.0018517235701039998,0.0233045,0.007754111999999997
1,0.06600719424460431,-0.0016630788140439999,0.0233045,0.008238744
1,0.06600719424460431,-0.0014744340579839997,0.0233045,0.008723375999999998
1,0.06600719424460431,-0.001285789301924,0.0233045,0.009208008
1,0.06600719424460431,-0.0010971445458639998,0.0233045,0.009692639999999999
1,0.06600719424460431,-0.0009084997898039999,0.0233045,0.010177272000000001
1,0.06600719424460431,-0.0007198550337439998,0.0233045,0.010661904
1,0.06600719424460431,-0.0005312102776839999,0.0233045,0.011146535999999999
1,0.06600719424460431,-0.00043690074136646154,0.0233045,0.011388851999999998
1,0.06600719424460431,-0.00034259120504892305,0.0233045,0.011631168
1,0.06600719424460431,-0.0002482559853064615,0.0233045,0.011873484
1,0.06600719424460431,-0.000153920765564,0.0233045,0.0121158
2,0.09064748201438849,0.000135774474196,0.032004,0.0121158
2,0.09064748201438849,0.0006726421056030769,0.032004,0.011873484
2,0.09064748201438849,0.0012083316504661538,0.032004,0.011631168
2,0.09064748201438849,0.0017414837781575387,0.032004,0.011388851999999998
2,0.09064748201438849,0.002270807124580923,0.032004,0.011146535999999999
2,0.09064748201438849,0.0033131191943849233,0.032004,0.010661904
2,0.09064748201438849,0.004330736757785846,0.032004,0.010177272000000001
2,0.09064748201438849,0.005324611346223077,0.032004,0.009692639999999999
2,0.09064748201438849,0.006295762457667385,0.032004,0.009208008
2,0.09064748201438849,0.007243872914972308,0.032004,0.008723375999999998
2,0.09064748201438849,0.008168127119761231,0.032004,0.008238744
2,0.09064748201438849,0.009067754784678462,0.032004,0.007754111999999997
2,0.09064748201438849,0.009942053588899694,0.032004,0.007269480000000002
2,0.09064748201438849,0.010790389178132,0.032004,0.006784848
2,0.09064748201438849,0.011612421719718463,0.032004,0.006300216000000001
2,0.09064748201438849,0.012407856692023076,0.032004,0.005815583999999999
2,0.09064748201438849,0.013176422228920306,0.032004,0.005330952
2,0.09064748201438849,0.013917937086326462,0.032004,0.004846319999999998
2,0.09064748201438849,0.014631902843011385,0.032004,0.0043616880000000025
2,0.09064748201438849,0.015316167225481231,0.032004,0.0038770560000000003
2,0.09064748201438849,0.01596810219452246,0.032004,0.003392424
2,0.09064748201438849,0.01658507971092154,0.032004,0.0029077919999999993
2,0.09064748201438849,0.017164562357506772,0.032004,0.002423159999999999
2,0.09064748201438849,0.01770417130567969,0.032004,0.0019385279999999984
2,0.09064748201438849,0.018203249545636922,0.032004,0.0014538960000000014
2,0.09064748201438849,0.018661615833294773,0.032004,0.0009692640000000009
2,0.09064748201438849,0.019079224857632308,0.032004,0.00048463200000000047
2,0.09064748201438849,0.01945591803007631,0.032004,0.0
2,0.09064748201438849,0.019791219584907076,0.032004,-0.00048463200000000047
2,0.09064748201438849,0.020082456171890157,0.032004,-0.0009692639999999992
2,0.09064748201438849,0.020325957598330772,0.032004,-0.0014538959999999997
2,0.09064748201438849,0.020518121638065538,0.032004,-0.0019385280000000001
2,0.09064748201438849,0.02065530075391015,0.032004,-0.002423159999999999
2,0.09064748201438849,0.020734595040525536,0.032004,-0.0029077919999999993
2,0.09064748201438849,0.020758473948552,0.032004,-0.003392424
2,0.09064748201438849,0.020731581857634157,0.032004,-0.0038770559999999985
2,0.09064748201438849,0.020658585802927076,0.032004,-0.004361688
2,0.09064748201438849,0.020544107508564922,0.032004,-0.00484632
2,0.09064748201438849,0.020390321903552003,0.032004,-0.005330951999999999
2,0.09064748201438849,0.02018243493955692,0.032004,-0.0058155839999999995
2,0.09064748201438849,0.019898516082452924,0.032004,-0.006300216
2,0.09064748201438849,0.019516204343414462,0.032004,-0.006784848
2,0.09064748201438849,0.019012549690344,0.032004,-0.007269479999999999
2,0.09064748201438849,0.01836652780953323,0.032004,-0.007754112
2,0.09064748201438849,0.017574038053588616,0.032004,-0.008238744
2,0.09064748201438849,0.016637300662535385,0.032004,-0.008723376
2,0.09064748201438849,0.015546301900749538,0.032004,-0.009208008
2,0.09064748201438849,0.014272541136070462,0.032004,-0.009692639999999999
2,0.09064748201438849,0.012784685797529848,0.032004,-0.010177272
2,0.09064748201438849,0.011046169891242769,0.032004,-0.010661904
2,0.09064748201438849,0.010030795223377537,0.032004,-0.01090422
2,0.09064748201438849,0.008864716099922154,0.032004,-0.011146536
2,0.09064748201438849,0.007481189387056924,0.032004,-0.011388852
2,0.09064748201438849,0.0057484959469584615,0.032004,-0.011631167999999999
2,0.09064748201438849,0.004045843713731999,0.032004,-0.011825020799999999
2,0.09064748201438849,0.003111734361892308,0.032004,-0.0119219472
2,0.09064748201438849,0.0020217324425667693,0.032004,-0.012018873599999999
2,0.09064748201438849,0.0013145859945307694,0.032004,-0.0120673368
2,0.09064748201438849,0.0008443935304120002,0.032004,-0.012091568399999999
2,0.09064748201438849,0.0005299123896953847,0.032004,-0.0121036842
2,0.09064748201438849,0.0,0.032004,-0.0121158
2,0.09064748201438849,-0.001058012338553846,0.032004,-0.0121036842
2,0.09064748201438849,-0.0013461451206036922,0.032004,-0.012091568399999999
2,0.09064748201438849,-0.001769689888682154,0.032004,-0.0120673368
2,0.09064748201438849,-0.0023816831927796923,0.032004,-0.012018873599999999
2,0.09064748201438849,-0.0032366115355563075,0.032004,-0.0119219472
2,0.09064748201438849,-0.0038453877571683077,0.032004,-0.011825020799999999
2,0.09064748201438849,-0.004592793047294461,0.032004,-0.011631167999999999
2,0.09064748201438849,-0.005121414072893539,0.032004,-0.011388852
2,0.09064748201438849,-0.005555380375784308,0.032004,-0.011146536
2,0.09064748201438849,-0.005900673010728615,0.032004,-0.01090422
2,0.09064748201438849,-0.00614591891147477,0.032004,-0.010661904
2,0.09064748201438849,-0.006447644999801538,0.032004,-0.010177272
2,0.09064748201438849,-0.006655871796453538,0.032004,-0.009692639999999999
2,0.09064748201438849,-0.006788338566122154,0.032004,-0.009208008
2,0.09064748201438849,-0.006851116985611078,0.032004,-0.008723376
2,0.09064748201438849,-0.006854334068096616,0.032004,-0.008238744
2,0.09064748201438849,-0.006807754338587692,0.032004,-0.007754112
2,0.09064748201438849,-0.006720893111478154,0.032004,-0.007269479999999999
2,0.09064748201438849,-0.006602835246463077,0.032004,-0.006784848
2,0.09064748201438849,-0.006460921128932001,0.032004,-0.006300216
2,0.09064748201438849,-0.006301947412023385,0.032004,-0.0058155839999999995
2,0.09064748201438849,-0.006132756059896616,0.032004,-0.005330951999999999
2,0.09064748201438849,-0.005960189036711077,0.032004,-0.00484632
2,0.09064748201438849,-0.005789955531103077,0.032004,-0.004361688
2,0.09064748201438849,-0.005622553964302769,0.032004,-0.0038770559999999985
2,0.09064748201438849,-0.0054570328048707695,0.032004,-0.003392424
2,0.09064748201438849,-0.0052924631768781535,0.032004,-0.0029077919999999993
2,0.09064748201438849,-0.005127870893375077,0.032004,-0.002423159999999999
2,0.09064748201438849,-0.004962508322516308,0.032004,-0.0019385280000000001
2,0.09064748201438849,-0.004796352808791385,0.032004,-0.0014538959999999997
2,0.09064748201438849,-0.004629721529346769,0.032004,-0.0009692639999999992
2,0.09064748201438849,-0.004462818383776615,0.032004,-0.00048463200000000047
2,0.09064748201438849,-0.0042959152382064615,0.032004,0.0
2,0.09064748201438849,-0.004129238647740923,0.032004,0.00048463200000000047
2,0.09064748201438849,-0.0039627659568695385,0.032004,0.0009692640000000009
2,0.09064748201438849,-0.0037964291990609236,0.032004,0.0014538960000000014
2,0.09064748201438849,-0.0036301377522732314,0.032004,0.0019385279999999984
2,0.09064748201438849,-0.003463868960996,0.032004,0.002423159999999999
2,0.09064748201438849,-0.003297532203187385,0.032004,0.0029077919999999993
2,0.09064748201438849,-0.003131150134357846,0.032004,0.003392424
2,0.09064748201438849,-0.002964745410017846,0.032004,0.0038770560000000003
2,0.09064748201438849,-0.0027982953746569232,0.032004,0.0043616880000000025
2,0.09064748201438849,-0.0026318679948064616,0.032004,0.004846319999999998
2,0.09064748201438849,-0.002465440614956,0.032004,0.005330952
2,0.09064748201438849,-0.0022990358906160003,0.032004,0.005815583999999999
2,0.09064748201438849,-0.0021326311662759998,0.032004,0.006300216000000001
2,0.09064748201438849,-0.001966226441936,0.032004,0.006784848
2,0.09064748201438849,-0.0017998217175959998,0.032004,0.007269480000000002
2,0.09064748201438849,-0.001633416993256,0.032004,0.007754111999999997
2,0.09064748201438849,-0.0014670122689159999,0.032004,0.008238744
2,0.09064748201438849,-0.001300607544576,0.032004,0.008723375999999998
2,0.09064748201438849,-0.0011342028202360002,0.032004,0.009208008
2,0.09064748201438849,-0.000967798095896,0.032004,0.009692639999999999
2,0.09064748201438849,-0.000801393371556,0.032004,0.010177272000000001
2,0.09064748201438849,-0.0006349886472159999,0.032004,0.010661904
2,0.09064748201438849,-0.000468583922876,0.032004,0.011146535999999999
2,0.09064748201438849,-0.00038539288846123083,0.032004,0.011388851999999998
2,0.09064748201438849,-0.0003022018540464616,0.032004,0.011631168
2,0.09064748201438849,-0.00021898816412123078,0.032004,0.011873484
2,0.09064748201438849,-0.000135774474196,0.032004,0.0121158
3,0.11528776978417266,0.00010221167458277956,0.0407035,0.012118476062157586
3,0.11528776978417266,0.0005730457017895752,0.0407035,0.011876731123603988
3,0.11528776978417266,0.0010428472473295249,0.0407035,0.011634984820920112
3,0.11528776978417266,0.001510424986202423,0.0407035,0.011393235580109485
3,0.11528776978417266,0.0019746471596580723,0.0407035,0.011151481905875447
3,0.11528776978417266,0.002888775751150222,0.0407035,0.010667955643216405
3,0.11528776978417266,0.0037812619384719522,0.0407035,0.01018440078628807
3,0.11528776978417266,0.004652939649123408,0.0407035,0.009700818436887962
3,0.11528776978417266,0.005504702376854742,0.0407035,0.009217209775513447
3,0.11528776978417266,0.006336272145832578,0.0407035,0.008733574434898679
3,0.11528776978417266,0.007146934161056785,0.0407035,0.00824991147064578
3,0.11528776978417266,0.007936013338360587,0.0407035,0.007766219990823399
3,0.11528776978417266,0.008702894159827205,0.0407035,0.007282499182200039
3,0.11528776978417266,0.009447020673789877,0.0407035,0.006798748310243999
3,0.11528776978417266,0.010168095048998554,0.0407035,0.00631496698145617
3,0.11528776978417266,0.010865859165036518,0.0407035,0.0058311548548039775
3,0.11528776978417266,0.011540074756903735,0.0407035,0.0053473116154881244
3,0.11528776978417266,0.012190582981266842,0.0407035,0.00486343705364242
3,0.11528776978417266,0.012816947018959095,0.0407035,0.004379530592134822
3,0.11528776978417266,0.013417280605396835,0.0407035,0.003895589738804243
3,0.11528776978417266,0.013989280512246327,0.0407035,0.003411611450590834
3,0.11528776978417266,0.014530643511173844,0.0407035,0.002927592684434736
3,0.11528776978417266,0.015039145795512326,0.0407035,0.0024435305022092024
3,0.11528776978417266,0.015512702546511416,0.0407035,0.0019594221494203985
3,0.11528776978417266,0.015950737957087683,0.0407035,0.0014752668653033683
3,0.11528776978417266,0.016353093183907763,0.0407035,0.0009910644399919039
3,0.11528776978417266,0.016719728516138312,0.0407035,0.0005068148210194637
3,0.11528776978417266,0.017050504965862644,0.0407035,2.2517824753121377e-05
3,0.11528776978417266,0.017345005569330687,0.0407035,-0.00046182709970588737
3,0.11528776978417266,0.01760088738737537,0.0407035,-0.0009462230478839585
3,0.11528776978417266,0.01781493384249613,0.0407035,-0.0014306742695715836
3,0.11528776978417266,0.017983987923442423,0.0407035,-0.0019151849358594163
3,0.11528776978417266,0.018104852908130357,0.0407035,-0.0023997592703046654
3,0.11528776978417266,0.018174987303226163,0.0407035,-0.0028844006307664795
3,0.11528776978417266,0.018196555349146885,0.0407035,-0.003369106157817929
3,0.11528776978417266,0.01817362740630989,0.0407035,-0.00385387047363772
3,0.11528776978417266,0.018110293690549218,0.0407035,-0.004338688174171291
3,0.11528776978417266,0.01801060470686558,0.0407035,-0.004823553907830629
3,0.11528776978417266,0.0178764665752593,0.0407035,-0.0053084651562213675
3,0.11528776978417266,0.0176949137086448,0.0407035,-0.005793439049671817
3,0.11528776978417266,0.01744672606368541,0.0407035,-0.006278500981991773
3,0.11528776978417266,0.01711230634412774,0.0407035,-0.0067636768454232485
3,0.11528776978417266,0.01667154101288496,0.0407035,-0.0072489932142734
3,0.11528776978417266,0.01610600424328721,0.0407035,-0.0077344744330210425
3,0.11528776978417266,0.015412102204917207,0.0407035,-0.008220125249888873
3,0.11528776978417266,0.014591780728608613,0.0407035,-0.008705943094015985
3,0.11528776978417266,0.013636263720193246,0.0407035,-0.009191939560509746
3,0.11528776978417266,0.012520573065500105,0.0407035,-0.00967814765082958
3,0.11528776978417266,0.011217248723274433,0.0407035,-0.010164603645594237
3,0.11528776978417266,0.009694244051010666,0.0407035,-0.0106513498853089
3,0.11528776978417266,0.008804684205064911,0.0407035,-0.010894892196670666
3,0.11528776978417266,0.00778304612742959,0.0407035,-0.011138609011774969
3,0.11528776978417266,0.006570835760594559,0.0407035,-0.011382577613848735
3,0.11528776978417266,0.0050526137120398,0.0407035,-0.0116269505231504
3,0.11528776978417266,0.0035606559023145627,0.0407035,-0.01182281532943768
3,0.11528776978417266,0.002742125304939365,0.0407035,-0.011920843588966652
3,0.11528776978417266,0.0017869695854571433,0.0407035,-0.012019052359658042
3,0.11528776978417266,0.001167286508608059,0.0407035,-0.012068344496549938
3,0.11528776978417266,0.0007552392128741284,0.0407035,-0.012093125600776812
3,0.11528776978417266,0.00047964218499509955,0.0407035,-0.012105608074284393
3,0.11528776978417266,1.5239999999999998e-05,0.0407035,-0.01211834
3,0.11528776978417266,-0.0009120239694128721,0.0407035,-0.012107446764500032
3,0.11528776978417266,-0.001164561169542085,0.0407035,-0.01209566206986313
3,0.11528776978417266,-0.0015357902060273026,0.0407035,-0.012071915842085347
3,0.11528776978417266,-0.002072208620212012,0.0407035,-0.012024151163839416
3,0.11528776978417266,-0.0028216007110253463,0.0407035,-0.01192819446730457
3,0.11528776978417266,-0.0033552636997179427,0.0407035,-0.011831952746241364
3,0.11528776978417266,-0.004010550070365024,0.0407035,-0.011638924911200766
3,0.11528776978417266,-0.0044741567259038995,0.0407035,-0.01139717042373522
3,0.11528776978417266,-0.004854807450595058,0.0407035,-0.01115530633364846
3,0.11528776978417266,-0.005157744074439408,0.0407035,-0.010913339566524974
3,0.11528776978417266,-0.005372999178268554,0.0407035,-0.010671256953260924
3,0.11528776978417266,-0.005638074054231496,0.0407035,-0.010186873151088982
3,0.11528776978417266,-0.005821205625596896,0.0407035,-0.00970238108419283
3,0.11528776978417266,-0.005937940683617449,0.0407035,-0.009217801293226467
3,0.11528776978417266,-0.0059936004799607465,0.0407035,-0.00873314080870748
3,0.11528776978417266,-0.005997060385878326,0.0407035,-0.008248411356909612
3,0.11528776978417266,-0.005956878085955004,0.0407035,-0.007763624244374206
3,0.11528776978417266,-0.005881392855192228,0.0407035,-0.007278790489076588
3,0.11528776978417266,-0.005778566715674711,0.0407035,-0.006793920610559868
3,0.11528776978417266,-0.00565483282240357,0.0407035,-0.006309023108405009
3,0.11528776978417266,-0.005516147800379837,0.0407035,-0.005824105852594388
3,0.11528776978417266,-0.005368507985437883,0.0407035,-0.005339176765576929
3,0.11528776978417266,-0.005217909713412083,0.0407035,-0.00485424376980156
3,0.11528776978417266,-0.005069356549303303,0.0407035,-0.004369313476053469
3,0.11528776978417266,-0.004923285312278289,0.0407035,-0.0038843864614647033
3,0.11528776978417266,-0.004778862074836892,0.0407035,-0.0033994616242377287
3,0.11528776978417266,-0.004635272764895642,0.0407035,-0.002914537888808284
3,0.11528776978417266,-0.00449166359953772,0.0407035,-0.0024296141271455667
3,0.11528776978417266,-0.0043473793500130135,0.0407035,-0.0019446894735515134
3,0.11528776978417266,-0.004202400160904856,0.0407035,-0.0014597639017928498
3,0.11528776978417266,-0.004057004008046624,0.0407035,-0.0009748377791354186
3,0.11528776978417266,-0.003911369590188351,0.0407035,-0.0004899113416786949
3,0.11528776978417266,-0.0037657351723300782,0.0407035,-4.984904221969413e-06
3,0.11528776978417266,-0.003620299308638507,0.0407035,0.000479941270902012
3,0.11528776978417266,-0.0034750421436969656,0.0407035,0.0009648672099265183
3,0.11528776978417266,-0.003329904111255446,0.0407035,0.001449792991551381
3,0.11528776978417266,-0.0031848057896472666,0.0407035,0.0019347187207096883
3,0.11528776978417266,-0.003039727323455757,0.0407035,0.0024196444236347266
3,0.11528776978417266,-0.002894589291014237,0.0407035,0.0029045702052595875
3,0.11528776978417266,-0.002749411547739377,0.0407035,0.0033894960393509987
3,0.11528776978417266,-0.0026042139490478466,0.0407035,0.0038744218996756823
3,0.11528776978417266,-0.002458976639522976,0.0407035,0.0043593478124669145
3,0.11528776978417266,-0.002313759185414776,0.0407035,0.004844273699024874
3,0.11528776978417266,-0.002168541731306575,0.0407035,0.00532919958558283
3,0.11528776978417266,-0.002023344132615045,0.0407035,0.005814125445907517
3,0.11528776978417266,-0.0018781465339235152,0.0407035,0.0062990513062322045
3,0.11528776978417266,-0.0017329489352319852,0.0407035,0.006783977166556888
3,0.11528776978417266,-0.0015877513365404547,0.0407035,0.007268903026881575
3,0.11528776978417266,-0.0014425537378489244,0.0407035,0.0077538288872062554
3,0.11528776978417266,-0.0012973561391573943,0.0407035,0.008238754747530943
3,0.11528776978417266,-0.001152158540465864,0.0407035,0.008723680607855623
3,0.11528776978417266,-0.001006960941774334,0.0407035,0.00920860646818031
3,0.11528776978417266,-0.0008617633430828035,0.0407035,0.009693532328504994
3,0.11528776978417266,-0.0007165657443912733,0.0407035,0.01017845818882968
3,0.11528776978417266,-0.000571368145699743,0.0407035,0.01066338404915436
3,0.11528776978417266,-0.0004261705470082128,0.0407035,0.011148309909479045
3,0.11528776978417266,-0.0003535816753707828,0.0407035,0.01139077282652475
3,0.11528776978417266,-0.00028099280373335275,0.0407035,0.011633235743570452
3,0.11528776978417266,-0.0002083840766792526,0.0407035,0.011875698686849437
3,0.11528776978417266,-0.0001357753496251524,0.0407035,0.012118161630128415
4,0.13992805755395685,-0.0005202486531321854,0.049403,0.012207870848185648
4,0.13992805755395685,-9.540116258566146e-05,0.049403,0.011982662575044266
4,0.13992805755395685,0.0003285393583394178,0.049403,0.011757411560444386
4,0.13992805755395685,0.0007505264062336927,0.049403,0.011532068487318496
4,0.13992805755395685,0.001169565802858272,0.049403,0.011306586504452485
4,0.13992805755395685,0.001995069113471629,0.049403,0.010855029911959318
4,0.13992805755395685,0.0028015609454816247,0.049403,0.010402577392739887
4,0.13992805755395685,0.003589773851274809,0.049403,0.009949263468741436
4,0.13992805755395685,0.0043604927084082016,0.049403,0.009495125127764589
4,0.13992805755395685,0.005113473332752955,0.049403,0.009040150862493596
4,0.13992805755395685,0.005848087822263449,0.049403,0.008584311082687963
4,0.13992805755395685,0.00656374315834105,0.049403,0.00812757784200944
4,0.13992805755395685,0.007259898647557588,0.049403,0.007669925659973145
4,0.13992805755395685,0.007936065921655362,0.049403,0.007211331521947572
4,0.13992805755395685,0.008591983354782035,0.049403,0.006751783098665859
4,0.13992805755395685,0.009227424204532236,0.049403,0.006291269704763373
4,0.13992805755395685,0.009842179170224103,0.049403,0.005829781476826614
4,0.13992805755395685,0.01043610871806972,0.049403,0.005367311839246583
4,0.13992805755395685,0.011008829130152319,0.049403,0.004903842709098537
4,0.13992805755395685,0.011558683442740416,0.049403,0.00443929600102559
4,0.13992805755395685,0.012083648415909245,0.049403,0.003973576368697237
4,0.13992805755395685,0.012581700809734055,0.049403,0.003506588465782985
4,0.13992805755395685,0.013050887151184035,0.049403,0.0030382402337568257
4,0.13992805755395685,0.0134893760592928,0.049403,0.002568445367750638
4,0.13992805755395685,0.013896661724079171,0.049403,0.002097180031181794
4,0.13992805755395685,0.014272604611755231,0.049403,0.0016244376484412897
4,0.13992805755395685,0.014617169838873992,0.049403,0.0011502165756268768
4,0.13992805755395685,0.014930235313371041,0.049403,0.000674511059080684
4,0.13992805755395685,0.015211434759053094,0.049403,0.00019730383782908326
4,0.13992805755395685,0.015458710052548416,0.049403,-0.00028150207836068024
4,0.13992805755395685,0.01566923563465173,0.049403,-0.0007620398455708537
4,0.13992805755395685,0.015840238271328244,0.049403,-0.001244440154030321
4,0.13992805755395685,0.015968909845096167,0.049403,-0.001728835337870202
4,0.13992805755395685,0.01605301781534887,0.049403,-0.0022153306068345077
4,0.13992805755395685,0.01609446332994669,0.049403,-0.0027038363682506082
4,0.13992805755395685,0.016096821942204943,0.049403,-0.003194184122137872
4,0.13992805755395685,0.016063686647162418,0.049403,-0.003686204546564549
4,0.13992805755395685,0.01599861555641094,0.049403,-0.004179729963501135
4,0.13992805755395685,0.015903283075405488,0.049403,-0.004674681465639624
4,0.13992805755395685,0.015766299758707535,0.049403,-0.0051715957870646576
4,0.13992805755395685,0.015570782017979417,0.049403,-0.0056712685764652515
4,0.13992805755395685,0.015299514872137165,0.049403,-0.006174511099601799
4,0.13992805755395685,0.014934829855286099,0.049403,-0.006682155992963942
4,0.13992805755395685,0.014460541048028125,0.049403,-0.007194966027195701
4,0.13992805755395685,0.013873491498411683,0.049403,-0.007713089975450699
4,0.13992805755395685,0.013175390495338718,0.049403,-0.008236447286518688
4,0.13992805755395685,0.012358528797026954,0.049403,-0.008765401262796924
4,0.13992805755395685,0.011400964715326822,0.049403,-0.009300985918800679
4,0.13992805755395685,0.010278576346652586,0.049403,-0.009844338012935857
4,0.13992805755395685,0.00896321274929248,0.049403,-0.010396784174318233
4,0.13992805755395685,0.008193040554968039,0.049403,-0.010678308428790225
4,0.13992805755395685,0.007306846015992622,0.049403,-0.010965300302145837
4,0.13992805755395685,0.006253245814966683,0.049403,-0.01126018126239937
4,0.13992805755395685,0.0049308337715232966,0.049403,-0.011567730133391683
4,0.13992805755395685,0.0036292432596227455,0.049403,-0.011825251887402036
4,0.13992805755395685,0.002914715946042484,0.049403,-0.011957016173818027
4,0.13992805755395685,0.002080172133132191,0.049403,-0.012094436305925268
4,0.13992805755395685,0.0015380698116639595,0.049403,-0.012169029076180641
4,0.13992805755395685,0.0011772373792685537,0.049403,-0.01221055645472436
4,0.13992805755395685,0.000935705363964263,0.049403,-0.01223420026073828
4,0.13992805755395685,0.00052832,0.049403,-0.01226566
4,0.13992805755395685,-0.0002867850354023858,0.049403,-0.012291810815090794
4,0.13992805755395685,-0.0005091854231905974,0.049403,-0.012290030087051226
4,0.13992805755395685,-0.0008364115407254947,0.049403,-0.012280927858438345
4,0.13992805755395685,-0.0013098710111465843,0.049403,-0.01225419401438827
4,0.13992805755395685,-0.0019726642763476915,0.049403,-0.012187336742461577
4,0.13992805755395685,-0.002445953215837304,0.049403,-0.012111548971561562
4,0.13992805755395685,-0.0030305804489661,0.049403,-0.01194291630001516
4,0.13992805755395685,-0.0034490791521625103,0.049403,-0.011717408836664271
4,0.13992805755395685,-0.0037947063346205298,0.049403,-0.011488467261513056
4,0.13992805755395685,-0.004072066611341339,0.049403,-0.011256308569658521
4,0.13992805755395685,-0.004272404237133298,0.049403,-0.011020520141635909
4,0.13992805755395685,-0.004527755048604175,0.049403,-0.01054209478881703
4,0.13992805755395685,-0.004711123867234617,0.049403,-0.010060277243705201
4,0.13992805755395685,-0.004836167562516762,0.049403,-0.009575711094031315
4,0.13992805755395685,-0.00490756051634575,0.049403,-0.00908861662269687
4,0.13992805755395685,-0.004933099179121308,0.049403,-0.008599361241854755
4,0.13992805755395685,-0.0049203009336673325,0.049403,-0.00810829921243985
4,0.13992805755395685,-0.004876491303849343,0.049403,-0.007615775753924661
4,0.13992805755395685,-0.004808664420786555,0.049403,-0.007122120468710325
4,0.13992805755395685,-0.00472247140288951,0.049403,-0.006627599668961343
4,0.13992805755395685,-0.004623144767205004,0.049403,-0.006132459940015224
4,0.13992805755395685,-0.004515951914226813,0.049403,-0.00563694951111172
4,0.13992805755395685,-0.004406160244448715,0.049403,-0.005141316611490592
4,0.13992805755395685,-0.004298165072190015,0.049403,-0.004645768372835337
4,0.13992805755395685,-0.004192350115367481,0.049403,-0.00415032287807071
4,0.13992805755395685,-0.004087982821594563,0.049403,-0.0036549456052494614
4,0.13992805755395685,-0.003984348080208194,0.049403,-0.00315960285437546
4,0.13992805755395685,-0.003880695897098336,0.049403,-0.0026642592815503355
4,0.13992805755395685,-0.0037764506953898405,0.049403,-0.002168887762386964
4,0.13992805755395685,-0.00367159503335922,0.049403,-0.0016734874749342113
4,0.13992805755395685,-0.003566373095135323,0.049403,-0.001178069926507836
4,0.13992805755395685,-0.003460941856229555,0.049403,-0.00068264251466796
4,0.13992805755395685,-0.003355510617323786,0.049403,-0.00018721510282808385
4,0.13992805755395685,-0.003250253795652911,0.049403,0.0003082040895005418
4,0.13992805755395685,-0.00314515394949344,0.049403,0.000803615884269044
4,0.13992805755395685,-0.0030401587536749044,0.049403,0.0012990227473307948
4,0.13992805755395685,-0.002935198441303347,0.049403,0.0017944279664902918
4,0.13992805755395685,-0.00283025557065528,0.049403,0.002289832363698667
4,0.13992805755395685,-0.0027252603748367443,0.049403,0.0027852392267604196
4,0.13992805755395685,-0.0026202302955712306,0.049403,0.003280647733724421
4,0.13992805755395685,-0.0025151827745822264,0.049403,0.0037760570626395474
4,0.13992805755395685,-0.002410100370146245,0.049403,0.004271468035456924
4,0.13992805755395685,-0.0023050354074337517,0.049403,0.004766878186323169
4,0.13992805755395685,-0.002199970444721259,0.049403,0.005262288337189424
4,0.13992805755395685,-0.002094922923732256,0.049403,0.005757697666104551
4,0.13992805755395685,-0.001989875402743252,0.049403,0.006253106995019677
4,0.13992805755395685,-0.001884827881754249,0.049403,0.0067485163239348
4,0.13992805755395685,-0.0017797803607652453,0.049403,0.00724392565284993
4,0.13992805755395685,-0.0016747328397762416,0.049403,0.00773933498176505
4,0.13992805755395685,-0.0015696853187872383,0.049403,0.008234744310680173
4,0.13992805755395685,-0.001464637797798235,0.049403,0.0087301536395953
4,0.13992805755395685,-0.0013595902768092317,0.049403,0.00922556296851043
4,0.13992805755395685,-0.001254542755820228,0.049403,0.009720972297425556
4,0.13992805755395685,-0.0011494952348312247,0.049403,0.010216381626340679
4,0.13992805755395685,-0.001044447713842221,0.049403,0.010711790955255802
4,0.13992805755395685,-0.0009394001928532178,0.049403,0.011207200284170932
4,0.13992805755395685,-0.0008868851532204608,0.049403,0.01145490453765293
4,0.13992805755395685,-0.0008343701135877037,0.049403,0.011702608791134933
4,0.13992805755395685,-0.0007818376322314573,0.049403,0.011950313866568056
4,0.13992805755395685,-0.0007293051508752111,0.049403,0.012198018942001182
5,0.164568345323741,-0.0020077600085109137,0.0581025,0.012436650463750941
5,0.164568345323741,-0.0016035115460947017,0.0581025,0.012242620790857462
5,0.164568345323741,-0.0012000651084199524,0.0581025,0.012048467062606205
5,0.164568345323741,-0.0007983461086498952,0.0581025,0.011854046138199757
5,0.164568345323741,-0.0003992336892895934,0.0581025,0.011659222033880551
5,0.164568345323741,0.00038787076791956324,0.0581025,0.011267853749993048
5,0.164568345323741,0.0011581635526634257,0.0581025,0.010873885074952273
5,0.164568345323741,0.0019122924541562546,0.0581025,0.010477416207316414
5,0.164568345323741,0.0026509515322704694,0.0581025,0.010078554502683551
5,0.164568345323741,0.003373924857267984,0.0581025,0.009677266561534288
5,0.164568345323741,0.004080657181250862,0.0581025,0.009273466499390159
5,0.164568345323741,0.004770624103426608,0.0581025,0.008867073203132625
5,0.164568345323741,0.005443347493660888,0.0581025,0.00845801271668302
5,0.164568345323741,0.006098395492477529,0.0581025,0.008046218241002535
5,0.164568345323741,0.006735536746585726,0.0581025,0.007631653990891822
5,0.164568345323741,0.007354570749800109,0.0581025,0.007214288952511427
5,0.164568345323741,0.007955312419488035,0.0581025,0.006794094497701877
5,0.164568345323741,0.008537638367227743,0.0581025,0.00637105154102351
5,0.164568345323741,0.009101209274859377,0.0581025,0.005945107597517266
5,0.164568345323741,0.0096445599048745,0.0581025,0.005516036027587223
5,0.164568345323741,0.010165901125157537,0.0581025,0.005083560092358344
5,0.164568345323741,0.010663443803592916,0.0581025,0.0046474030529556135
5,0.164568345323741,0.011135460502275948,0.0581025,0.0042072977132238225
5,0.164568345323741,0.01158033174817098,0.0581025,0.0037629935767674767
5,0.164568345323741,0.011997610258249122,0.0581025,0.00331442145886782
5,0.164568345323741,0.012387172644088614,0.0581025,0.0028615622740851936
5,0.164568345323741,0.012748988058584007,0.0581025,0.002404411251059684
5,0.164568345323741,0.013082948536866265,0.0581025,0.0019429516900315892
5,0.164568345323741,0.013388730184328257,0.0581025,0.001477133491721811
5,0.164568345323741,0.013664513021748965,0.0581025,0.0010066751458954106
5,0.164568345323741,0.013907798433587682,0.0581025,0.0005311901723993248
5,0.164568345323741,0.014116134074961855,0.0581025,5.029924812037859e-05
5,0.164568345323741,0.014287036753883483,0.0581025,-0.0004363817214145336
5,0.164568345323741,0.01441853225560436,0.0581025,-0.0009291581032399212
5,0.164568345323741,0.01451230174737101,0.0581025,-0.0014277698582404602
5,0.164568345323741,0.014571507057491126,0.0581025,-0.0019317279220249332
5,0.164568345323741,0.01459932543782512,0.0581025,-0.002440540844522176
5,0.164568345323741,0.014598903293127963,0.0581025,-0.00295372194702093
5,0.164568345323741,0.014571721284460822,0.0581025,-0.0034710422042453105
5,0.164568345323741,0.014507707831897242,0.0581025,-0.003994059465207325
5,0.164568345323741,0.014391932936403822,0.0581025,-0.004525083068105484
5,0.164568345323741,0.014209173551445475,0.0581025,-0.005066467679057473
5,0.164568345323741,0.013943805618116383,0.0581025,-0.00562062999185987
5,0.164568345323741,0.013581516079491967,0.0581025,-0.0061897839175128954
5,0.164568345323741,0.013119513272529828,0.0581025,-0.006774361264088791
5,0.164568345323741,0.01255930870539656,0.0581025,-0.007374128234951757
5,0.164568345323741,0.011894085167789736,0.0581025,-0.007990139300642848
5,0.164568345323741,0.011104439830387018,0.0581025,-0.008625395646548135
5,0.164568345323741,0.010169041919776025,0.0581025,-0.009283196668048336
5,0.164568345323741,0.009062997821865941,0.0581025,-0.009967392852594268
5,0.164568345323741,0.008410501569640341,0.0581025,-0.010324877387750765
5,0.164568345323741,0.007655407844718288,0.0581025,-0.010698231465982118
5,0.164568345323741,0.006752278860785332,0.0581025,-0.011094483300442042
5,0.164568345323741,0.005611442082324759,0.0581025,-0.011527503234401309
5,0.164568345323741,0.0044833056280515786,0.0581025,-0.011907247130569882
5,0.164568345323741,0.0038628797392744546,0.0581025,-0.012105836353217535
5,0.164568345323741,0.003136324384227895,0.0581025,-0.012320841439650227
5,0.164568345323741,0.002662660339884336,0.0581025,-0.012445418294319778
5,0.164568345323741,0.002346435580084026,0.0581025,-0.0125199870092339
5,0.164568345323741,0.002134279071451405,0.0581025,-0.012565630789260757
5,0.164568345323741,0.00177546,0.0581025,-0.01263396
5,0.164568345323741,0.0010532422612748791,0.0581025,-0.012732843097456262
5,0.164568345323741,0.0008551476910961802,0.0581025,-0.012750656018609205
5,0.164568345323741,0.0005629287196273532,0.0581025,-0.012770199992324052
5,0.164568345323741,0.000138540983269837,0.0581025,-0.012784531738838572
5,0.164568345323741,-0.0004589848156290226,0.0581025,-0.0127743325053659
5,0.164568345323741,-0.0008889337142201641,0.0581025,-0.01273821285915897
5,0.164568345323741,-0.0014287619453476129,0.0581025,-0.01261646593627467
5,0.164568345323741,-0.0018273962345735804,0.0581025,-0.012421567875876793
5,0.164568345323741,-0.0021615909205334976,0.0581025,-0.012216702444618012
5,0.164568345323741,-0.002435417821145562,0.0581025,-0.012002499462007009
5,0.164568345323741,-0.0026411343129441075,0.0581025,-0.011777761316705304
5,0.164568345323741,-0.0029240582552743873,0.0581025,-0.011308407540699054
5,0.164568345323741,-0.0031433291955273598,0.0581025,-0.010829208063509715
5,0.164568345323741,-0.003311023775483137,0.0581025,-0.010342030872543718
5,0.164568345323741,-0.003431275507270804,0.0581025,-0.009847515330029578
5,0.164568345323741,-0.003510978718956399,0.0581025,-0.009346727834908135
5,0.164568345323741,-0.003556780961762441,0.0581025,-0.008840696615240912
5,0.164568345323741,-0.0035751601278315183,0.0581025,-0.008330423656609904
5,0.164568345323741,-0.0035723010618045306,0.0581025,-0.007816865616677923
5,0.164568345323741,-0.0035532009947629073,0.0581025,-0.0073007954557510815
5,0.164568345323741,-0.0035224869925227823,0.0581025,-0.006782928877816516
5,0.164568345323741,-0.0034848169680057333,0.0581025,-0.006263986358221284
5,0.164568345323741,-0.003444848834133337,0.0581025,-0.00574468837231244
5,0.164568345323741,-0.003406469326191148,0.0581025,-0.005225636111439181
5,0.164568345323741,-0.0033700177623390147,0.0581025,-0.0047068820605605625
5,0.164568345323741,-0.0033348463533626796,0.0581025,-0.0041883260211183874
5,0.164568345323741,-0.003300322733600604,0.0581025,-0.0036698701802344094
5,0.164568345323741,-0.0032657836902858068,0.0581025,-0.0031514119536704757
5,0.164568345323741,-0.003230720246178515,0.0581025,-0.0026328726139880007
5,0.164568345323741,-0.003195116977726007,0.0581025,-0.002114249775507027
5,0.164568345323741,-0.00315918981466637,0.0581025,-0.0015955768377469478
5,0.164568345323741,-0.0031230775689740863,0.0581025,-0.0010768752718273884
5,0.164568345323741,-0.0030869653232818033,0.0581025,-0.0005581737059078273
5,0.164568345323741,-0.0030510073131167254,0.0581025,-3.94959967878368e-05
5,0.164568345323741,-0.003015188114926131,0.0581025,0.00047916024121253883
5,0.164568345323741,-0.002979461458051859,0.0581025,0.0009978021651331718
5,0.164568345323741,-0.0029437656482830285,0.0581025,0.0015164393176938882
5,0.164568345323741,-0.0029080852620669184,0.0581025,0.0020350740845746507
5,0.164568345323741,-0.0028723586051926458,0.0581025,0.0025537160084952854
5,0.164568345323741,-0.0028366011012129345,0.0581025,0.003072362703775828
5,0.164568345323741,-0.002800828173680502,0.0581025,0.0035910117847363365
5,0.164568345323741,-0.002765024399042627,0.0581025,0.004109665637056753
5,0.164568345323741,-0.002729236047957474,0.0581025,0.004628317103697214
5,0.164568345323741,-0.0026934476968723206,0.0581025,0.005146968570337675
5,0.164568345323741,-0.002657674769339887,0.0581025,0.00566561765129818
5,0.164568345323741,-0.0026219018418074543,0.0581025,0.006184266732258685
5,0.164568345323741,-0.0025861289142750216,0.0581025,0.00670291581321919
5,0.164568345323741,-0.002550355986742589,0.0581025,0.007221564894179692
5,0.164568345323741,-0.0025145830592101562,0.0581025,0.007740213975140197
5,0.164568345323741,-0.0024788101316777227,0.0581025,0.008258863056100699
5,0.164568345323741,-0.00244303720414529,0.0581025,0.008777512137061207
5,0.164568345323741,-0.0024072642766128564,0.0581025,0.009296161218021706
5,0.164568345323741,-0.0023714913490804237,0.0581025,0.009814810298982214
5,0.164568345323741,-0.002335718421547992,0.0581025,0.01033345937994272
5,0.164568345323741,-0.0022999454940155575,0.0581025,0.010852108460903221
5,0.164568345323741,-0.0022641725664831257,0.0581025,0.011370757541863723
5,0.164568345323741,-0.002246293814493269,0.0581025,0.011630080889504
5,0.164568345323741,-0.0022284150625034127,0.0581025,0.011889404237144269
5,0.164568345323741,-0.0022105208869608356,0.0581025,0.012148729970464504
5,0.164568345323741,-0.0021926267114182594,0.0581025,0.012408055703784733
6,0.1892086330935252,-0.004363228061118956,0.066802,0.012797108347768446
6,0.1892086330935252,-0.003956168538979826,0.066802,0.012639629926601852
6,0.1892086330935252,-0.0035498223276160985,0.066802,0.01248192654603014
6,0.1892086330935252,-0.0031450124779224646,0.066802,0.012323738637508951
6,0.1892086330935252,-0.002742520888248886,0.066802,0.012164819610921132
6,0.1892086330935252,-0.0019474280371529632,0.066802,0.011843862409070717
6,0.1892086330935252,-0.0011672872773106444,0.066802,0.01151818971199769
6,0.1892086330935252,-0.00040152247309564217,0.066802,0.01118798321768309
6,0.1892086330935252,0.0003504836636630637,0.066802,0.010853437602535208
6,0.1892086330935252,0.0010885390877567094,0.066802,0.010514492300560346
6,0.1892086330935252,0.0018121499686484799,0.066802,0.010170991570631891
6,0.1892086330935252,0.0025208499108313838,0.066802,0.009822788323908033
6,0.1892086330935252,0.0032142136713431604,0.066802,0.009469748449974192
6,0.1892086330935252,0.0038918571597662864,0.066802,0.00911175081684299
6,0.1892086330935252,0.00455357461337709,0.066802,0.008748730532378334
6,0.1892086330935252,0.005199187704481718,0.066802,0.008380631356728953
6,0.1892086330935252,0.005828531822901232,0.066802,0.00800740137618597
6,0.1892086330935252,0.006441497228516344,0.066802,0.007629005981610136
6,0.1892086330935252,0.007037782135998995,0.066802,0.00724534999786852
6,0.1892086330935252,0.007616083381432588,0.066802,0.006856022441432541
6,0.1892086330935252,0.00817480973308738,0.066802,0.006460521479783097
6,0.1892086330935252,0.008712369959233635,0.066802,0.006058345280401082
6,0.1892086330935252,0.009227227698201251,0.066802,0.005649009315337022
6,0.1892086330935252,0.00971794261092452,0.066802,0.005232059339638275
6,0.1892086330935252,0.010184116889471004,0.066802,0.004807369895175063
6,0.1892086330935252,0.010625640793721408,0.066802,0.004374906372808138
6,0.1892086330935252,0.011042486888645914,0.066802,0.003934660120252691
6,0.1892086330935252,0.011434559151640138,0.066802,0.0034866008545118756
6,0.1892086330935252,0.011801569514890937,0.066802,0.003030637726595167
6,0.1892086330935252,0.012141899311638749,0.066802,0.0025662602516986505
6,0.1892086330935252,0.0124533263044679,0.066802,0.002092767594752536
6,0.1892086330935252,0.01273366940850745,0.066802,0.0016094718991142634
6,0.1892086330935252,0.012980720103856638,0.066802,0.0011156766558564537
6,0.1892086330935252,0.013192722548606782,0.066802,0.000610828118751126
6,0.1892086330935252,0.01337117195188325,0.066802,9.539783732055197e-05
6,0.1892086330935252,0.013518880404242904,0.066802,-0.0004297273292420325
6,0.1892086330935252,0.013638673713757528,0.066802,-0.0009636561956009749
6,0.1892086330935252,0.013733350253469084,0.066802,-0.001505506228705435
6,0.1892086330935252,0.01380422690480908,0.066802,-0.0020548621188844294
6,0.1892086330935252,0.013842346130540261,0.066802,-0.002614548837129126
6,0.1892086330935252,0.013834429376228245,0.066802,-0.003188754089288601
6,0.1892086330935252,0.01376693745465531,0.066802,-0.003781747777917647
6,0.1892086330935252,0.01362597452321605,0.066802,-0.004397912285273614
6,0.1892086330935252,0.01339881072807253,0.066802,-0.005041262271509342
6,0.1892086330935252,0.013082963199025766,0.066802,-0.0057125807684003235
6,0.1892086330935252,0.01267977625253708,0.066802,-0.006411443813990768
6,0.1892086330935252,0.01218318674701557,0.066802,-0.00713976356322416
6,0.1892086330935252,0.011575938048702484,0.066802,-0.007902982303247335
6,0.1892086330935252,0.01083905883447514,0.066802,-0.008707083089007892
6,0.1892086330935252,0.009950409035266268,0.066802,-0.009559048314349233
6,0.1892086330935252,0.00941761302323971,0.066802,-0.010012932382467867
6,0.1892086330935252,0.008793568102021442,0.066802,-0.010495593949871693
6,0.1892086330935252,0.008037862472682001,0.066802,-0.011019777832088998
6,0.1892086330935252,0.007070742503525561,0.066802,-0.01161063622106869
6,0.1892086330935252,0.0061054128448858845,0.066802,-0.012143759141665272
6,0.1892086330935252,0.005572624216079199,0.066802,-0.012426128326315351
6,0.1892086330935252,0.004945445367166053,0.066802,-0.012738265696861612
6,0.1892086330935252,0.00453367968848743,0.066802,-0.012925296583335003
6,0.1892086330935252,0.004257185941140851,0.066802,-0.013041080844606954
6,0.1892086330935252,0.0040708728952174485,0.066802,-0.013114131778233807
6,0.1892086330935252,0.0037541199999999997,0.066802,-0.01322832
6,0.1892086330935252,0.003109412275066052,0.066802,-0.013417351099475408
6,0.1892086330935252,0.0029308531418568116,0.066802,-0.01345937122770767
6,0.1892086330935252,0.0026662046434571722,0.066802,-0.013514248958212861
6,0.1892086330935252,0.002279254298895174,0.066802,-0.013579112039475432
6,0.1892086330935252,0.0017288119276805255,0.066802,-0.013638365342205657
6,0.1892086330935252,0.0013274103559800018,0.066802,-0.013650615107693909
6,0.1892086330935252,0.0008092730820236922,0.066802,-0.013585338531459601
6,0.1892086330935252,0.00040720673531237156,0.066802,-0.013426285394457194
6,0.1892086330935252,6.245216590155742e-05,0.066802,-0.01324915763448222
6,0.1892086330935252,-0.00022861205014540129,0.066802,-0.013055097353129878
6,0.1892086330935252,-0.00045909972034290265,0.066802,-0.01284193282691232
6,0.1892086330935252,-0.000805780726494767,0.066802,-0.012379558355949814
6,0.1892086330935252,-0.0010958495486066144,0.066802,-0.011899329895277446
6,0.1892086330935252,-0.0013400470008541974,0.066802,-0.011404634814399173
6,0.1892086330935252,-0.0015420493772338156,0.066802,-0.010896632519479822
6,0.1892086330935252,-0.001707988406910936,0.066802,-0.010377256796174907
6,0.1892086330935252,-0.0018437763388124435,0.066802,-0.009848372211861446
6,0.1892086330935252,-0.001955174529201193,0.066802,-0.009311795746349986
6,0.1892086330935252,-0.0020476837015567205,0.066802,-0.008769262182745367
6,0.1892086330935252,-0.0021257483307103734,0.066802,-0.008222173191187156
6,0.1892086330935252,-0.0021934836711356223,0.066802,-0.007671826614397168
6,0.1892086330935252,-0.002255032412335753,0.066802,-0.007119528947382043
6,0.1892086330935252,-0.002314537243814063,0.066802,-0.0065665866851484156
6,0.1892086330935252,-0.0023754549793282634,0.066802,-0.006014090015582611
6,0.1892086330935252,-0.002438087404206409,0.066802,-0.005462134113817565
6,0.1892086330935252,-0.002501858382822214,0.066802,-0.0049105372818722265
6,0.1892086330935252,-0.002566205497064305,0.066802,-0.004359122147907941
6,0.1892086330935252,-0.0026305388937914852,0.066802,-0.003807702687801248
6,0.1892086330935252,-0.002694405895011671,0.066802,-0.0032561361388527502
6,0.1892086330935252,-0.002757792783209952,0.066802,-0.0027044181749200404
6,0.1892086330935252,-0.0028208916035950913,0.066802,-0.0021526093619968004
6,0.1892086330935252,-0.0028838258138012916,0.066802,-0.0016007486353646905
6,0.1892086330935252,-0.002946760024007492,0.066802,-0.0010488879087325789
6,0.1892086330935252,-0.0030098314093628085,0.066802,-0.0004970704435245284
6,0.1892086330935252,-0.003073026252352328,0.066802,5.47080864018671e-05
6,0.1892086330935252,-0.0031363034004313166,0.066802,0.0006064606594738293
6,0.1892086330935252,-0.003199607983540128,0.066802,0.0011582045802609724
6,0.1892086330935252,-0.0032629262841638515,0.066802,0.0017099441749057129
6,0.1892086330935252,-0.0033262034322428403,0.066802,0.0022616967479776717
6,0.1892086330935252,-0.003389453145292008,0.066802,0.0028134579733344444
6,0.1892086330935252,-0.003452689140826262,0.066802,0.0033652235248336233
6,0.1892086330935252,-0.0035158977013306936,0.066802,0.003916997728617614
6,0.1892086330935252,-0.0035791199793500364,0.066802,0.004468767606259196
6,0.1892086330935252,-0.003642342257369379,0.066802,0.005020537483900781
6,0.1892086330935252,-0.003705578252903633,0.066802,0.005572303035399956
6,0.1892086330935252,-0.003768814248437887,0.066802,0.006124068586899132
6,0.1892086330935252,-0.003832050243972143,0.066802,0.006675834138398314
6,0.1892086330935252,-0.003895286239506397,0.066802,0.007227599689897489
6,0.1892086330935252,-0.003958522235040651,0.066802,0.007779365241396665
6,0.1892086330935252,-0.004021758230574906,0.066802,0.008331130792895847
6,0.1892086330935252,-0.004084994226109161,0.066802,0.008882896344395022
6,0.1892086330935252,-0.004148230221643415,0.066802,0.009434661895894198
6,0.1892086330935252,-0.004211466217177669,0.066802,0.009986427447393377
6,0.1892086330935252,-0.0042747022127119245,0.066802,0.010538192998892556
6,0.1892086330935252,-0.004337938208246177,0.066802,0.011089958550391731
6,0.1892086330935252,-0.004401174203780431,0.066802,0.01164172410189091
6,0.1892086330935252,-0.004432799060305014,0.066802,0.011917604714569296
6,0.1892086330935252,-0.004464423916829599,0.066802,0.012193485327247683
6,0.1892086330935252,-0.00449603505583927,0.066802,0.012469370266068472
6,0.1892086330935252,-0.0045276461948489406,0.066802,0.012745255204889267
7,0.21384892086330937,-0.007585175336699168,0.0755015,0.013324536844155918
7,0.21384892086330937,-0.007153172816637956,0.0755015,0.013201467428835182
7,0.21384892086330937,-0.0067218083033843586,0.0755015,0.013078068291889544
7,0.21384892086330937,-0.0062918179586394785,0.0755015,0.01295395898529027
7,0.21384892086330937,-0.005863901136019355,0.0755015,0.012828778083410064
7,0.21384892086330937,-0.005016913700553962,0.0755015,0.012573844562504379
7,0.21384892086330937,-0.0041832998693251775,0.0755015,0.012311999569076712
7,0.21384892086330937,-0.003362544329142224,0.0755015,0.01204350941674717
7,0.21384892086330937,-0.002554094958729285,0.0755015,0.01176865944153731
7,0.21384892086330937,-0.0017581235291499481,0.0755015,0.011487360872240426
7,0.21384892086330937,-0.000975071737424873,0.0755015,0.011199385440039273
7,0.21384892086330937,-0.00020535674185134453,0.0755015,0.010904517557717574
7,0.21384892086330937,0.0005506411073584001,0.0755015,0.010602560660460484
7,0.21384892086330937,0.0012925782680771837,0.0755015,0.010293337205854592
7,0.21384892086330937,0.0020202706998797317,0.0755015,0.009976752081892712
7,0.21384892086330937,0.0027335589010641387,0.0755015,0.009652722858168624
7,0.21384892086330937,0.003432295639290186,0.0755015,0.00932117344507658
7,0.21384892086330937,0.004116382759664395,0.0755015,0.008982053116212746
7,0.21384892086330937,0.004785550336229693,0.0755015,0.00863522237396659
7,0.21384892086330937,0.005438632779626014,0.0755015,0.008280078842292616
7,0.21384892086330937,0.006074206843897898,0.0755015,0.007915886988335273
7,0.21384892086330937,0.006690849283089894,0.0755015,0.007541911279239014
7,0.21384892086330937,0.007287185928693285,0.0755015,0.007157441545350201
7,0.21384892086330937,0.00786192849773115,0.0755015,0.0067618120026185485
7,0.21384892086330937,0.008414721178714625,0.0755015,0.006354838767830178
7,0.21384892086330937,0.00894546581675023,0.0755015,0.005936471114581244
7,0.21384892086330937,0.009454137873114598,0.0755015,0.005506696361270802
7,0.21384892086330937,0.009940651462275933,0.0755015,0.0050654701222954904
7,0.21384892086330937,0.01040474892763885,0.0755015,0.00461265924084526
7,0.21384892086330937,0.010844982484524524,0.0755015,0.004147515502463605
7,0.21384892086330937,0.01125936449633999,0.0755015,0.0036690116974729316
7,0.21384892086330937,0.011645944134577342,0.0755015,0.003176139638597109
7,0.21384892086330937,0.012002746032005303,0.0755015,0.002667878456959037
7,0.21384892086330937,0.012328199710328197,0.0755015,0.002143416530097411
7,0.21384892086330937,0.012623642529969687,0.0755015,0.0016034450052644384
7,0.21384892086330937,0.012891589710075185,0.0755015,0.0010492637465582839
7,0.21384892086330937,0.013134568739151793,0.0755015,0.0004821789588775969
7,0.21384892086330937,0.013355082566983242,0.0755015,-9.651583447992627e-05
7,0.21384892086330937,0.013554309052291293,0.0755015,-0.0006862119166683115
7,0.21384892086330937,0.013724236301895664,0.0755015,-0.0012910498304002736
7,0.21384892086330937,0.013852987573685317,0.0755015,-0.001917167470539374
7,0.21384892086330937,0.013928453007677201,0.0755015,-0.002570823207158266
7,0.21384892086330937,0.013938203740484446,0.0755015,-0.0032584402711420633
7,0.21384892086330937,0.01387085380446342,0.0755015,-0.003985902925335171
7,0.21384892086330937,0.013724182445149143,0.0755015,-0.004754358854624267
7,0.21384892086330937,0.013499392059986737,0.0755015,-0.00556318666056242
7,0.21384892086330937,0.01319105959111146,0.0755015,-0.006415188976961295
7,0.21384892086330937,0.012783750181523624,0.0755015,-0.007318342530823333
7,0.21384892086330937,0.01226049530401294,0.0755015,-0.008281416649210827
7,0.21384892086330937,0.011601492208819883,0.0755015,-0.009314645384096699
7,0.21384892086330937,0.01119285941303622,0.0755015,-0.0098721547442282
7,0.21384892086330937,0.010702610823324219,0.0755015,-0.01047184310914524
7,0.21384892086330937,0.010094600900159994,0.0755015,-0.01113239047705861
7,0.21384892086330937,0.009297495574707198,0.0755015,-0.01189066226195255
7,0.21384892086330937,0.008488408331606105,0.0755015,-0.012585860672557715
7,0.21384892086330937,0.008039032462458722,0.0755015,-0.012956629162810141
7,0.21384892086330937,0.0075052311155571465,0.0755015,-0.01337102870115777
7,0.21384892086330937,0.007150518620527116,0.0755015,-0.01362360957935896
7,0.21384892086330937,0.0069100058337387815,0.0755015,-0.013782539288924613
7,0.21384892086330937,0.006746757597000522,0.0755015,-0.01388422230858545
7,0.21384892086330937,0.00646684,0.0755015,-0.0140462
7,0.21384892086330937,0.005886798036501837,0.0755015,-0.014328649014150457
7,0.21384892086330937,0.005723693521781906,0.0755015,-0.014395624946427467
7,0.21384892086330937,0.005480192259460345,0.0755015,-0.014486833474953324
7,0.21384892086330937,0.005120508901022028,0.0755015,-0.014603452045435656
7,0.21384892086330937,0.0046010100859933565,0.0755015,-0.014733397546599294
7,0.21384892086330937,0.004214817885671749,0.0755015,-0.014794450250559853
7,0.21384892086330937,0.0036970472787147776,0.0755015,-0.014784971366943163
7,0.21384892086330937,0.003269510806306889,0.0755015,-0.014659593900248112
7,0.21384892086330937,0.0028932357270187526,0.0755015,-0.014507724569152284
7,0.21384892086330937,0.002564982929365541,0.0755015,-0.0143310373449821
7,0.21384892086330937,0.0022909116329131035,0.0755015,-0.014126349145897164
7,0.21384892086330937,0.0018449973615672936,0.0755015,-0.013664141198137228
7,0.21384892086330937,0.0014497187458953047,0.0755015,-0.013175764766800935
7,0.21384892086330937,0.001095468875697815,0.0755015,-0.012666184698663253
7,0.21384892086330937,0.0007789595620432549,0.0755015,-0.012137100328252522
7,0.21384892086330937,0.0004947064002584489,0.0755015,-0.011591345993382804
7,0.21384892086330937,0.00023742129545717937,0.0755015,-0.0110316545790605
7,0.21384892086330937,1.9511157317644856e-06,0.0755015,-0.010460689221486737
7,0.21384892086330937,-0.0002166241529534636,0.0755015,-0.009880992581653552
7,0.21384892086330937,-0.0004222797837844308,0.0755015,-0.0092946190789161
7,0.21384892086330937,-0.0006186965852666253,0.0755015,-0.008703470953418049
7,0.21384892086330937,-0.0008095799046289034,0.0755015,-0.00810946312690402
7,0.21384892086330937,-0.0009986350891001226,0.0755015,-0.007514510521118639
7,0.21384892086330937,-0.0011889540178248925,0.0755015,-0.006920211017782583
7,0.21384892086330937,-0.0013808066167602818,0.0755015,-0.006326704114506386
7,0.21384892086330937,-0.0015736775727155233,0.0755015,-0.005733723497669938
7,0.21384892086330937,-0.0017670638418615329,0.0755015,-0.005141009194453603
7,0.21384892086330937,-0.0019604378416458595,0.0755015,-0.0045482885504367875
7,0.21384892086330937,-0.002153394683132895,0.0755015,-0.003955352319203692
7,0.21384892086330937,-0.002345922096960957,0.0755015,-0.0033621941599538355
7,0.21384892086330937,-0.0025381918541936364,0.0755015,-0.00276890284389392
7,0.21384892086330937,-0.002730314379086095,0.0755015,-0.0021755354382282602
7,0.21384892086330937,-0.002922436903978554,0.0755015,-0.0015821680325625986
7,0.21384892086330937,-0.0031146821224878624,0.0755015,-0.000988864034901728
7,0.21384892086330937,-0.0033070377652523377,0.0755015,-0.0003956171044451652
7,0.21384892086330937,-0.0034994670241869207,0.0755015,0.00019759178120852539
7,0.21384892086330937,-0.0036919208218448712,0.0755015,0.0007907879852612539
7,0.21384892086330937,-0.00388438688886451,0.0755015,0.0013839778485135058
7,0.21384892086330937,-0.004076816147799093,0.0755015,0.0019771867341671964
7,0.21384892086330937,-0.004269220868010305,0.0755015,0.0025704083014218403
7,0.21384892086330937,-0.004461613318859834,0.0755015,0.003163636209476966
7,0.21384892086330937,-0.004653981230985992,0.0755015,0.003756876799133049
7,0.21384892086330937,-0.004846361412473833,0.0755015,0.004350111047988653
7,0.21384892086330937,-0.005038741593961678,0.0755015,0.0049433452968442575
7,0.21384892086330937,-0.005231134044811207,0.0755015,0.00553657320489938
7,0.21384892086330937,-0.005423526495660734,0.0755015,0.006129801112954506
7,0.21384892086330937,-0.0056159189465102635,0.0755015,0.006723029021009632
7,0.21384892086330937,-0.005808311397359791,0.0755015,0.007316256929064758
7,0.21384892086330937,-0.006000703848209318,0.0755015,0.00790948483711988
7,0.21384892086330937,-0.0061930962990588475,0.0755015,0.008502712745175006
7,0.21384892086330937,-0.006385488749908375,0.0755015,0.009095940653230132
7,0.21384892086330937,-0.006577881200757902,0.0755015,0.009689168561285258
7,0.21384892086330937,-0.0067702736516074315,0.0755015,0.010282396469340383
7,0.21384892086330937,-0.006962666102456959,0.0755015,0.01087562437739551
7,0.21384892086330937,-0.007155058553306486,0.0755015,0.011468852285450632
7,0.21384892086330937,-0.007347451004156014,0.0755015,0.012062080193505758
7,0.21384892086330937,-0.007443653364261622,0.0755015,0.012358690977133083
7,0.21384892086330937,-0.0075398557243672275,0.0755015,0.012655301760760405
7,0.21384892086330937,-0.0076360458151111515,0.0755015,0.012951918885188209
7,0.21384892086330937,-0.007732235905855072,0.0755015,0.01324853600961601
8,0.23848920863309353,-0.011030529519628353,0.084201,0.014188144004784945
8,0.23848920863309353,-0.010564057080002418,0.084201,0.014078971810791123
8,0.23848920863309353,-0.01009816130459658,0.084201,0.0139693977789843
8,0.23848920863309353,-0.009633507575203254,0.084201,0.013858958250349473
8,0.23848920863309353,-0.009170728004525246,0.084201,0.013747212748822396
8,0.23848920863309353,-0.0082531645343748,0.084201,0.013518150109937984
8,0.23848920863309353,-0.007347688833453306,0.084201,0.013280664332281056
8,0.23848920863309353,-0.006453835134506066,0.084201,0.013035079977162118
8,0.23848920863309353,-0.005571104401188765,0.084201,0.012781744788842411
8,0.23848920863309353,-0.004699651889252976,0.084201,0.012520550580218446
8,0.23848920863309353,-0.0038398768277741416,0.084201,0.012251219155881217
8,0.23848920863309353,-0.0029921562664346375,0.084201,0.011973487775722222
8,0.23848920863309353,-0.002156833985827217,0.084201,0.011687116882583724
8,0.23848920863309353,-0.0013342204974549996,0.084201,0.011391890102258702
8,0.23848920863309353,-0.0005244821467660955,0.084201,0.011087691519993418
8,0.23848920863309353,0.000272236900184469,0.084201,0.010774420676334622
8,0.23848920863309353,0.001055803567038216,0.084201,0.010451984839479305
8,0.23848920863309353,0.0018261291362228187,0.084201,0.010120322188225476
8,0.23848920863309353,0.0025829696344143883,0.084201,0.009779262714267637
8,0.23848920863309353,0.003325271540441598,0.084201,0.009428072290832026
8,0.23848920863309353,0.004051748449505774,0.084201,0.00906585451048965
8,0.23848920863309353,0.004761113956808231,0.084201,0.008691712965811503
8,0.23848920863309353,0.005452126016336455,0.084201,0.008304782159969588
8,0.23848920863309353,0.006123620209953712,0.084201,0.007904250689687644
8,0.23848920863309353,0.006775274936460336,0.084201,0.007489894453108438
8,0.23848920863309353,0.007407001478284008,0.084201,0.007061651629029957
8,0.23848920863309353,0.008018777656031637,0.084201,0.006619506762151702
8,0.23848920863309353,0.008610525841827449,0.084201,0.006163405758921924
8,0.23848920863309353,0.00918201315204409,0.084201,0.0056931863386853725
8,0.23848920863309353,0.009731931002489808,0.084201,0.005207936638712553
8,0.23848920863309353,0.010258482862325072,0.084201,0.004706404779662951
8,0.23848920863309353,0.010759905469799966,0.084201,0.004187362065146824
8,0.23848920863309353,0.0112344133837715,0.084201,0.0036495643434739187
8,0.23848920863309353,0.011680587123082516,0.084201,0.0030920224754122285
8,0.23848920863309353,0.012099635464655902,0.084201,0.002515578774839008
8,0.23848920863309353,0.012493831796282433,0.084201,0.0019218174100555149
8,0.23848920863309353,0.012865460595449407,0.084201,0.0013123302770132374
8,0.23848920863309353,0.013216784160251053,0.084201,0.0006886938163631947
8,0.23848920863309353,0.013548867101555243,0.084201,5.1649882529378535e-05
8,0.23848920863309353,0.013854467847521146,0.084201,-0.0006038476801014676
8,0.23848920863309353,0.014122851571897733,0.084201,-0.001285279236971356
8,0.23848920863309353,0.014343072744199704,0.084201,-0.0020002719788770468
8,0.23848920863309353,0.014503897501831712,0.084201,-0.0027566540155218033
8,0.23848920863309353,0.014595034606404341,0.084201,-0.0035615966063376383
8,0.23848920863309353,0.014614476822843798,0.084201,-0.004416498456019803
8,0.23848920863309353,0.01456331094141103,0.084201,-0.005320602254843794
8,0.23848920863309353,0.014436635316235211,0.084201,-0.006277323624220123
8,0.23848920863309353,0.014220499109068623,0.084201,-0.007296383948163301
8,0.23848920863309353,0.013899565269596001,0.084201,-0.008388470566969095
8,0.23848920863309353,0.013455935027601265,0.084201,-0.009566055908141026
8,0.23848920863309353,0.013162596908767095,0.084201,-0.010204688059014446
8,0.23848920863309353,0.012795490128546711,0.084201,-0.010894724539350947
8,0.23848920863309353,0.012321944440932322,0.084201,-0.011658931006787068
8,0.23848920863309353,0.011677484350238503,0.084201,-0.01254223601987638
8,0.23848920863309353,0.011006993217015162,0.084201,-0.013356835304340502
8,0.23848920863309353,0.010631225899245157,0.084201,-0.013792371780586107
8,0.23848920863309353,0.010179150379581203,0.084201,-0.014281082218202049
8,0.23848920863309353,0.009873743661610148,0.084201,-0.014580744229849358
8,0.23848920863309353,0.009663956089683316,0.084201,-0.01477035331533495
8,0.23848920863309353,0.009520204007042616,0.084201,-0.014892235544553791
8,0.23848920863309353,0.009271,0.084201,-0.015087599999999998
8,0.23848920863309353,0.008742927176531504,0.084201,-0.015433866550577156
8,0.23848920863309353,0.008591704420896202,0.084201,-0.015517532090358395
8,0.23848920863309353,0.008364014554003903,0.084201,-0.01563277107958554
8,0.23848920863309353,0.008023712601218218,0.084201,-0.01578305923139545
8,0.23848920863309353,0.00752375985228868,0.084201,-0.01595775211244257
8,0.23848920863309353,0.007144296656269731,0.084201,-0.016048484073523307
8,0.23848920863309353,0.00661550364683658,0.084201,-0.016069583797696522
8,0.23848920863309353,0.006153067856751321,0.084201,-0.015957598739011692
8,0.23848920863309353,0.0057369648188115244,0.084201,-0.015813327557582312
8,0.23848920863309353,0.005364266853130543,0.084201,-0.015638810353074385
8,0.23848920863309353,0.005040540987371622,0.084201,-0.015430167845062404
8,0.23848920863309353,0.004485488607427735,0.084201,-0.014948496047155334
8,0.23848920863309353,0.003976203405105753,0.084201,-0.014434932236666465
8,0.23848920863309353,0.003504002148014605,0.084201,-0.013895527163741556
8,0.23848920863309353,0.003065912797481485,0.084201,-0.013332351838647607
8,0.23848920863309353,0.0026569782591528692,0.084201,-0.012748860521046377
8,0.23848920863309353,0.0022724188738198793,0.084201,-0.012148383828195618
8,0.23848920863309353,0.0019075769689355804,0.084201,-0.01153416737320034
8,0.23848920863309353,0.0015580055761873057,0.084201,-0.010909309943810792
8,0.23848920863309353,0.0012201116338959872,0.084201,-0.010276315298707983
8,0.23848920863309353,0.0008905682330995306,0.084201,-0.009637501732966913
8,0.23848920863309353,0.0005660262854427587,0.084201,-0.00899520299696309
8,0.23848920863309353,0.00024313670257049454,0.084201,-0.008351752841072013
8,0.23848920863309353,-8.089511904542032e-05,0.084201,-0.007709098633156687
8,0.23848920863309353,-0.0004063131527288783,0.084201,-0.007067410381522612
8,0.23848920863309353,-0.0007326516312251823,0.084201,-0.006426363524859291
8,0.23848920863309353,-0.0010594558769761783,0.084201,-0.005785641229506469
8,0.23848920863309353,-0.0013862490330306364,0.084201,-0.005144911206503396
8,0.23848920863309353,-0.0017126651394027206,0.084201,-0.004503918443391824
8,0.23848920863309353,-0.002038693106395895,0.084201,-0.0038626552125215017
8,0.23848920863309353,-0.0023644881897617234,0.084201,-0.003221229700995927
8,0.23848920863309353,-0.002690150196769067,0.084201,-0.0025797114576673556
8,0.23848920863309353,-0.0030158122037764103,0.084201,-0.0019381932143387806
8,0.23848920863309353,-0.0033415851077491596,0.084201,-0.0012967522475127065
8,0.23848920863309353,-0.0036674578189907683,0.084201,-0.0006553808295388826
8,0.23848920863309353,-0.003993397068411621,0.084201,-1.4055777466560546e-05
8,0.23848920863309353,-0.004319358497225551,0.084201,0.0006272538193052585
8,0.23848920863309353,-0.004645331015736026,0.084201,0.0012685556884268357
8,0.23848920863309353,-0.004971270265156877,0.084201,0.001909880740499156
8,0.23848920863309353,-0.0052971873351846475,0.084201,0.002551221247871981
8,0.23848920863309353,-0.00562309331551588,0.084201,0.0031925694828950583
8,0.23848920863309353,-0.00594897711645403,0.084201,0.0038339331732186333
8,0.23848920863309353,-0.006274872007088719,0.084201,0.004475289135891949
8,0.23848920863309353,-0.006600766897723412,0.084201,0.005116645098565275
8,0.23848920863309353,-0.006926672878054643,0.084201,0.005757993333588349
8,0.23848920863309353,-0.007252578858385874,0.084201,0.006399341568611423
8,0.23848920863309353,-0.007578484838717104,0.084201,0.007040689803634493
8,0.23848920863309353,-0.007904390819048335,0.084201,0.007682038038657567
8,0.23848920863309353,-0.008230296799379562,0.084201,0.008323386273680638
8,0.23848920863309353,-0.008556202779710793,0.084201,0.008964734508703711
8,0.23848920863309353,-0.008882108760042027,0.084201,0.009606082743726785
8,0.23848920863309353,-0.009208014740373258,0.084201,0.010247430978749859
8,0.23848920863309353,-0.009533920720704489,0.084201,0.010888779213772936
8,0.23848920863309353,-0.009859826701035723,0.084201,0.011530127448796007
8,0.23848920863309353,-0.01018573268136695,0.084201,0.01217147568381908
8,0.23848920863309353,-0.01051163866169818,0.084201,0.012812823918842151
8,0.23848920863309353,-0.010674597196712066,0.084201,0.013133494172528565
8,0.23848920863309353,-0.010837555731725955,0.084201,0.013454164426214976
8,0.23848920863309353,-0.011000503177043297,0.084201,0.013774842407551635
8,0.23848920863309353,-0.011163450622360642,0.084201,0.014095520388888299
9,0.2631294964028777,-0.013464483949641384,0.0929005,0.015413887017562602
9,0.2631294964028777,-0.012981202899648983,0.0929005,0.015283158680566306
9,0.2631294964028777,-0.01249844572544971,0.0929005,0.015152024507878056
9,0.2631294964028777,-0.012016816899112529,0.0929005,0.015020016227545584
9,0.2631294964028777,-0.01153689066910298,0.0929005,0.014886688981214261
9,0.2631294964028777,-0.010584301948446154,0.0929005,0.01461440742059197
9,0.2631294964028777,-0.00964269447037583,0.0929005,0.014333618919503657
9,0.2631294964028777,-0.008711645104443727,0.0929005,0.014044651268315902
9,0.2631294964028777,-0.007790700496598102,0.0929005,0.0137478556709929
9,0.2631294964028777,-0.006880001690321722,0.0929005,0.013443122864079119
9,0.2631294964028777,-0.005979911368855976,0.0929005,0.013130171884403206
9,0.2631294964028777,-0.005090772066373287,0.0929005,0.012808737377858887
9,0.2631294964028777,-0.004212896093442628,0.0929005,0.0124785774039375
9,0.2631294964028777,-0.0033465655370295225,0.0929005,0.012139473435727972
9,0.2631294964028777,-0.002491931515151216,0.0929005,0.011791308405242246
9,0.2631294964028777,-0.0016491249967559903,0.0929005,0.011433980853557343
9,0.2631294964028777,-0.0008182668762576392,0.0929005,0.0110673971262828
9,0.2631294964028777,5.622500679671599e-07,0.0929005,0.01069149478715832
9,0.2631294964028777,0.0008071407424622094,0.0929005,0.010306102136468081
9,0.2631294964028777,0.0016005115201491935,0.0929005,0.009910477743620996
9,0.2631294964028777,0.0023795059371288924,0.0929005,0.009503716282842706
9,0.2631294964028777,0.0031429553474012755,0.0929005,0.009084912428358849
9,0.2631294964028777,0.003889731403104237,0.0929005,0.008653192072525202
9,0.2631294964028777,0.004618776278117062,0.0929005,0.00820773573942531
9,0.2631294964028777,0.005329797810939743,0.0929005,0.007748317097615597
9,0.2631294964028777,0.006022715405296416,0.0929005,0.007274873710835749
9,0.2631294964028777,0.00669750891211811,0.0929005,0.0067873899700206936
9,0.2631294964028777,0.007354107809663453,0.0929005,0.006285811243442671
9,0.2631294964028777,0.007992300532708293,0.0929005,0.005769973635918385
9,0.2631294964028777,0.008610898286183638,0.0929005,0.005238956212608399
9,0.2631294964028777,0.009208268995503232,0.0929005,0.004691494639241619
9,0.2631294964028777,0.009782810809684276,0.0929005,0.004126347995144549
9,0.2631294964028777,0.010332901728674996,0.0929005,0.0035422597505786434
9,0.2631294964028777,0.010857252212061573,0.0929005,0.0029382309253790755
9,0.2631294964028777,0.011356960384102655,0.0929005,0.0023151122135924504
9,0.2631294964028777,0.01183409152436726,0.0929005,0.0016745035443889895
9,0.2631294964028777,0.012290720986958893,0.0929005,0.0010180126514714345
9,0.2631294964028777,0.012728903976912096,0.0929005,0.00034723165947747256
9,0.2631294964028777,0.013149607649537234,0.0929005,-0.00033709019646929045
9,0.2631294964028777,0.013546253333816895,0.0929005,-0.0010400492761159248
9,0.2631294964028777,0.013909088880371501,0.0929005,-0.0017692003669588646
9,0.2631294964028777,0.014228170723666297,0.0929005,-0.0025322465426127552
9,0.2631294964028777,0.01449329336026997,0.0929005,-0.0033370937945382227
9,0.2631294964028777,0.01469510762218227,0.0929005,-0.004190984728930196
9,0.2631294964028777,0.014831790018661766,0.0929005,-0.0050953319661779795
9,0.2631294964028777,0.014904327854087797,0.0929005,-0.006049370662092889
9,0.2631294964028777,0.014908268184218861,0.0929005,-0.007056550420056561
9,0.2631294964028777,0.014830937244675303,0.0929005,-0.008126689342001336
9,0.2631294964028777,0.014658401954267092,0.0929005,-0.009270581096426771
9,0.2631294964028777,0.014374402014338613,0.0929005,-0.010500822198848604
9,0.2631294964028777,0.014167426334226057,0.0929005,-0.011166278082661001
9,0.2631294964028777,0.01389343485073237,0.0929005,-0.011883649716913752
9,0.2631294964028777,0.01352274798527054,0.0929005,-0.012675929254462728
9,0.2631294964028777,0.012996792394356218,0.0929005,-0.013588492247481744
9,0.2631294964028777,0.012435286674896798,0.0929005,-0.014427571961447725
9,0.2631294964028777,0.01211772146616609,0.0929005,-0.014875629580323237
9,0.2631294964028777,0.011730833385657636,0.0929005,-0.015377390187590219
9,0.2631294964028777,0.011465285902108348,0.0929005,-0.015684127530595567
9,0.2631294964028777,0.011280653494082296,0.0929005,-0.01587767003333572
9,0.2631294964028777,0.011153036121240724,0.0929005,-0.016001788366717673
9,0.2631294964028777,0.01092962,0.0929005,-0.016200120000000002
9,0.2631294964028777,0.010446911999324996,0.0929005,-0.016548808052280553
9,0.2631294964028777,0.010306556829452392,0.0929005,-0.01663228247986717
9,0.2631294964028777,0.010093758926657306,0.0929005,-0.0167466209812042
9,0.2631294964028777,0.009772706565397561,0.0929005,-0.016894310349735223
9,0.2631294964028777,0.009294716009606664,0.0929005,-0.01706255325175918
9,0.2631294964028777,0.008926185270973913,0.0929005,-0.01714599990776173
9,0.2631294964028777,0.008398190533300293,0.0929005,-0.01715093356054581
9,0.2631294964028777,0.00791857661385972,0.0929005,-0.017017364373705816
9,0.2631294964028777,0.007481054099489256,0.0929005,-0.016851187849923583
9,0.2631294964028777,0.00708296331308538,0.0929005,-0.01665446438578904
9,0.2631294964028777,0.006729361670958574,0.0929005,-0.0164232761059683
9,0.2631294964028777,0.006106099408017587,0.0929005,-0.01589587218122324
9,0.2631294964028777,0.005524414748888074,0.0929005,-0.015336258950695358
9,0.2631294964028777,0.004976419333069821,0.0929005,-0.014750547363361621
9,0.2631294964028777,0.004459413185321375,0.0929005,-0.014140829033942119
9,0.2631294964028777,0.003968892988728821,0.0929005,-0.013510592588481172
9,0.2631294964028777,0.003500516618929972,0.0929005,-0.012863201780502502
9,0.2631294964028777,0.0030500527714419513,0.0929005,-0.012201934513671915
9,0.2631294964028777,0.0026134615579370708,0.0929005,-0.011529920405537006
9,0.2631294964028777,0.00218747882924282,0.0929005,-0.010849688124639965
9,0.2631294964028777,0.0017690822250142919,0.0929005,-0.010163579030742085
9,0.2631294964028777,0.0013552292358376128,0.0929005,-0.009473950092669731
9,0.2631294964028777,0.0009428773522989053,0.0929005,-0.008783158279249269
9,0.2631294964028777,0.0005294877917084457,0.0929005,-0.008093170332680186
9,0.2631294964028777,0.00011483891430760784,0.0929005,-0.007404157952678304
9,0.2631294964028777,-0.000300646149455323,0.0929005,-0.00671579334887705
9,0.2631294964028777,-0.0007165543436665409,0.0929005,-0.006027756535442371
9,0.2631294964028777,-0.001132452463343276,0.0929005,-0.005339711917475157
9,0.2631294964028777,-0.0015480080488475857,0.0929005,-0.004651401945401666
9,0.2631294964028777,-0.0019632110256449925,0.0929005,-0.003962818814689354
9,0.2631294964028777,-0.002378202437218254,0.0929005,-0.003274071788793754
9,0.2631294964028777,-0.0027930729543777216,0.0929005,-0.0025852311085077014
9,0.2631294964028777,-0.0032079434715371856,0.0929005,-0.001896390428221647
9,0.2631294964028777,-0.0036229147340414818,0.0929005,-0.0012076277932609718
9,0.2631294964028777,-0.004037976667356124,0.0929005,-0.0005189353990931352
9,0.2631294964028777,-0.004453099047877667,0.0929005,0.00016971016787947768
9,0.2631294964028777,-0.004868241577468171,0.0929005,0.0008583401257870084
9,0.2631294964028777,-0.005283394181593163,0.0929005,0.001546962279162012
9,0.2631294964028777,-0.0056985165621147044,0.0929005,0.0022356078461346247
9,0.2631294964028777,-0.006113618793567281,0.0929005,0.0029242690221723093
9,0.2631294964028777,-0.006528710950485373,0.0929005,0.003612938002742535
9,0.2631294964028777,-0.006943782958334499,0.0929005,0.004301622592377836
9,0.2631294964028777,-0.007358865040718107,0.0929005,0.004990299377480592
9,0.2631294964028777,-0.007773947123101714,0.0929005,0.005678976162583355
9,0.2631294964028777,-0.008189039280019806,0.0929005,0.006367645143153584
9,0.2631294964028777,-0.008604131436937902,0.0929005,0.0070563141237238065
9,0.2631294964028777,-0.009019223593855994,0.0929005,0.007744983104294036
9,0.2631294964028777,-0.00943431575077409,0.0929005,0.008433652084864261
9,0.2631294964028777,-0.009849407907692178,0.0929005,0.009122321065434476
9,0.2631294964028777,-0.010264500064610266,0.0929005,0.009810990046004702
9,0.2631294964028777,-0.010679592221528362,0.0929005,0.010499659026574931
9,0.2631294964028777,-0.011094684378446453,0.0929005,0.011188328007145153
9,0.2631294964028777,-0.011509776535364545,0.0929005,0.011876996987715379
9,0.2631294964028777,-0.011924868692282637,0.0929005,0.012565665968285605
9,0.2631294964028777,-0.01233996084920073,0.0929005,0.013254334948855827
9,0.2631294964028777,-0.012755053006118825,0.0929005,0.013943003929426052
9,0.2631294964028777,-0.012962604121845111,0.0929005,0.014287334517444891
9,0.2631294964028777,-0.013170155237571401,0.0929005,0.01463166510546374
9,0.2631294964028777,-0.0133776962787632,0.0929005,0.01497600349801512
9,0.2631294964028777,-0.013585237319955005,0.0929005,0.015320341890566507
10,0.28776978417266186,-0.014858067117991414,0.1016,0.017002510060529993
10,0.28776978417266186,-0.014377271295049246,0.1016,0.016827486557517448
10,0.28776978417266186,-0.01389695289719069,0.1016,0.01665209593960097
10,0.28776978417266186,-0.01341766279951222,0.1016,0.01647591461266062
10,0.28776978417266186,-0.012939924333355494,0.1016,0.01629854016228247
10,0.28776978417266186,-0.011991067083451372,0.1016,0.015938701072185018
10,0.28776978417266186,-0.011052217397799907,0.1016,0.015571166688908861
10,0.28776978417266186,-0.010122989663833553,0.1016,0.015196233528337936
10,0.28776978417266186,-0.009202970725229975,0.1016,0.014814219286062202
10,0.28776978417266186,-0.00829228911951167,0.1016,0.014425025123453668
10,0.28776978417266186,-0.00739127537173653,0.1016,0.014028396884040385
10,0.28776978417266186,-0.0065002416444592155,0.1016,0.013624094531154388
10,0.28776978417266186,-0.0056194725564795885,0.1016,0.013211899207833711
10,0.28776978417266186,-0.00474922518284266,0.1016,0.012791613236822392
10,0.28776978417266186,-0.003889637242322549,0.1016,0.012363130719590446
10,0.28776978417266186,-0.0030408280911901654,0.1016,0.011926359877411887
10,0.28776978417266186,-0.0022029079044647987,0.1016,0.01148121599146273
10,0.28776978417266186,-0.001375950132159312,0.1016,0.011027642582526993
10,0.28776978417266186,-0.0005601567618090872,0.1016,0.010565484332760687
10,0.28776978417266186,0.0002435999876831338,0.1016,0.010094070551473936
10,0.28776978417266186,0.001034255091130816,0.1016,0.009612582290034869
10,0.28776978417266186,0.0018107435233474453,0.1016,0.009120200599811633
10,0.28776978417266186,0.002572036984152929,0.1016,0.008616134771780349
10,0.28776978417266186,0.0033171714421284387,0.1016,0.008099643516231152
10,0.28776978417266186,0.00404588064097734,0.1016,0.007570522096006071
10,0.28776978417266186,0.004758091130686772,0.1016,0.007028714031889111
10,0.28776978417266186,0.005453784548753514,0.1016,0.006474205204076284
10,0.28776978417266186,0.006132896626416317,0.1016,0.00590694619325359
10,0.28776978417266186,0.00679523455739141,0.1016,0.005326788741479061
10,0.28776978417266186,0.007439714953989053,0.1016,0.004732899780316834
10,0.28776978417266186,0.008064850453448767,0.1016,0.004124135605643096
10,0.28776978417266186,0.008669181236764882,0.1016,0.0034993736930400386
10,0.28776978417266186,0.009251229122428527,0.1016,0.002857477398285853
10,0.28776978417266186,0.009809818910233878,0.1016,0.002197543053924691
10,0.28776978417266186,0.010345951356606205,0.1016,0.001520340189274421
10,0.28776978417266186,0.010861508618125135,0.1016,0.0008273160842448071
10,0.28776978417266186,0.011358382032621904,0.1016,0.00011992507864759527
10,0.28776978417266186,0.011838444575424528,0.1016,-0.0006003926075094472
10,0.28776978417266186,0.012302577646687378,0.1016,-0.001332959223634439
10,0.28776978417266186,0.01274478588911046,0.1016,-0.002082384885732605
10,0.28776978417266186,0.013156181851137294,0.1016,-0.002855503578938802
10,0.28776978417266186,0.013527703637430836,0.1016,-0.003659283426525859
10,0.28776978417266186,0.013850050640112244,0.1016,-0.004500876109218583
10,0.28776978417266186,0.014114702657689344,0.1016,-0.005386833216071869
10,0.28776978417266186,0.014319997883621104,0.1016,-0.006318432589347507
10,0.28776978417266186,0.014466836080565098,0.1016,-0.007294982358649615
10,0.28776978417266186,0.014551159135310618,0.1016,-0.008319603000661667
10,0.28776978417266186,0.014561417033334875,0.1016,-0.009401175872098176
10,0.28776978417266186,0.014484912103664083,0.1016,-0.010549464817423504
10,0.28776978417266186,0.014306825806203023,0.1016,-0.011775864518463745
10,0.28776978417266186,0.014158568175227074,0.1016,-0.012434597206925234
10,0.28776978417266186,0.013949236858555099,0.1016,-0.013140292363482855
10,0.28776978417266186,0.0136517838889501,0.1016,-0.01391374845942512
10,0.28776978417266186,0.013212829469563503,0.1016,-0.014796011764973154
10,0.28776978417266186,0.012733403849091284,0.1016,-0.015600449240335053
10,0.28776978417266186,0.012460142745479755,0.1016,-0.01602846485991968
10,0.28776978417266186,0.01212370544955398,0.1016,-0.016505059665158167
10,0.28776978417266186,0.011889776583833054,0.1016,-0.016793884786382943
10,0.28776978417266186,0.011725551658320711,0.1016,-0.016974638192534242
10,0.28776978417266186,0.011611268089930314,0.1016,-0.017089752792213746
10,0.28776978417266186,0.011409679999999998,0.1016,-0.017272
10,0.28776978417266186,0.010967754164729686,0.1016,-0.017584581323310824
10,0.28776978417266186,0.010837825621600447,0.1016,-0.017657253056897856
10,0.28776978417266186,0.0106398593524311,0.1016,-0.017755005724697886
10,0.28776978417266186,0.010339200662028019,0.1016,-0.017877250457256227
10,0.28776978417266186,0.009887445869915223,0.1016,-0.018006734118812182
10,0.28776978417266186,0.009535445376522712,0.1016,-0.01805951194515099
10,0.28776978417266186,0.009021973723105698,0.1016,-0.01801856051154915
10,0.28776978417266186,0.008544519875748818,0.1016,-0.017840967204209034
10,0.28776978417266186,0.008105425297609919,0.1016,-0.017633877626317865
10,0.28776978417266186,0.007702266138264502,0.1016,-0.017399155592003324
10,0.28776978417266186,0.007339651386019757,0.1016,-0.017133257030462007
10,0.28776978417266186,0.006690920069927634,0.1016,-0.016542636803925228
10,0.28776978417266186,0.006080079779221486,0.1016,-0.015922880361839333
10,0.28776978417266186,0.005499941593892296,0.1016,-0.015279515607469395
10,0.28776978417266186,0.004948044938509134,0.1016,-0.014614434594551095
10,0.28776978417266186,0.00442028579360325,0.1016,-0.013930793099277906
10,0.28776978417266186,0.003912707039731622,0.1016,-0.013231633939411316
10,0.28776978417266186,0.0034214525512189144,0.1016,-0.01251992227379083
10,0.28776978417266186,0.0029428406461703416,0.1016,-0.011798489123117973
10,0.28776978417266186,0.002473896599064931,0.1016,-0.011069621895640362
10,0.28776978417266186,0.002011866034420301,0.1016,-0.01033543856195764
10,0.28776978417266186,0.0015539762142508518,0.1016,-0.009598071212473453
10,0.28776978417266186,0.0010974544005709873,0.1016,-0.008859651937591445
10,0.28776978417266186,0.0006399869179755067,0.1016,-0.008121959832615312
10,0.28776978417266186,0.00018137177892902853,0.1016,-0.007385150215389031
10,0.28776978417266186,-0.00027800540400090695,0.1016,-0.006648926570028654
10,0.28776978417266186,-0.0007377681994983742,0.1016,-0.005912999440552225
10,0.28776978417266186,-0.0011975218137442335,0.1016,-0.0051770652511737986
10,0.28776978417266186,-0.0016569632654354263,0.1016,-0.004440891025127411
10,0.28776978417266186,-0.0021160833733203377,0.1016,-0.003704469702511065
10,0.28776978417266186,-0.002575010674921486,0.1016,-0.002967900121952742
10,0.28776978417266186,-0.0030338278015033335,0.1016,-0.0022312458225704386
10,0.28776978417266186,-0.0034926449280851847,0.1016,-0.0014945915231881317
10,0.28776978417266186,-0.003951553867183115,0.1016,-0.0007580078228258125
10,0.28776978417266186,-0.0044105454375455155,0.1016,-2.148766158148463e-05
10,0.28776978417266186,-0.004869592095417565,0.1016,0.0007149901402508513
10,0.28776978417266186,-0.005328657115792831,0.1016,0.001451453822279191
10,0.28776978417266186,-0.0057877313174197025,0.1016,0.0021879104444055275
10,0.28776978417266186,-0.006246777975291752,0.1016,0.002924388246237867
10,0.28776978417266186,-0.006705806270660582,0.1016,0.003660880167874199
10,0.28776978417266186,-0.0071648253847778065,0.1016,0.004397379149412527
10,0.28776978417266186,-0.007623826136391818,0.1016,0.005133892250754859
10,0.28776978417266186,-0.008082836069257433,0.1016,0.0058703982921951905
10,0.28776978417266186,-0.008541846002123054,0.1016,0.006606904333635519
10,0.28776978417266186,-0.009000865116240278,0.1016,0.007343403315173854
10,0.28776978417266186,-0.009459884230357502,0.1016,0.008079902296712186
10,0.28776978417266186,-0.00991890334447473,0.1016,0.008816401278250521
10,0.28776978417266186,-0.01037792245859195,0.1016,0.00955290025978885
10,0.28776978417266186,-0.010836941572709174,0.1016,0.010289399241327182
10,0.28776978417266186,-0.011295960686826406,0.1016,0.011025898222865517
10,0.28776978417266186,-0.01175497980094363,0.1016,0.011762397204403845
10,0.28776978417266186,-0.012213998915060854,0.1016,0.01249889618594218
10,0.28776978417266186,-0.012673018029178078,0.1016,0.013235395167480513
10,0.28776978417266186,-0.013132037143295309,0.1016,0.013971894149018851
10,0.28776978417266186,-0.01359105625741253,0.1016,0.01470839313055718
10,0.28776978417266186,-0.014050075371529754,0.1016,0.015444892112095512
10,0.28776978417266186,-0.01427958951921417,0.1016,0.015813138072913683
10,0.28776978417266186,-0.014509103666898587,0.1016,0.016181384033731847
10,0.28776978417266186,-0.014738608633331395,0.1016,0.016549637054452008
10,0.28776978417266186,-0.014968113599764205,0.1016,0.016917890075172175
11,0.31227338129496407,-0.015498913432061133,0.11025124,0.018754076711394698
11,0.31227338129496407,-0.015033212126252141,0.11025124,0.018527919882548618
11,0.31227338129496407,-0.014567946516306104,0.11025124,0.018301448173287004
11,0.31227338129496407,-0.014103619328218731,0.11025124,0.018074298260053506
11,0.31227338129496407,-0.01364070815168594,0.11025124,0.017846124985469555
11,0.31227338129496407,-0.012720926889335491,0.11025124,0.017385412498232587
11,0.31227338129496407,-0.011810278482573815,0.11025124,0.016918099633054882
11,0.31227338129496407,-0.0109084110232039,0.11025124,0.01644444071642587
11,0.31227338129496407,-0.010014947466728964,0.11025124,0.015964708241012853
11,0.31227338129496407,-0.00913000511588134,0.11025124,0.015478817431319337
11,0.31227338129496407,-0.008253885606258456,0.11025124,0.014986550293211495
11,0.31227338129496407,-0.007386873815924549,0.11025124,0.01448770094334072
11,0.31227338129496407,-0.00652922948664407,0.11025124,0.013982081664536228
11,0.31227338129496407,-0.005681187223881685,0.11025124,0.01346952290580503
11,0.31227338129496407,-0.004842872709136321,0.11025124,0.01294993383625805
11,0.31227338129496407,-0.00401439486637371,0.11025124,0.01242323573579139
11,0.31227338129496407,-0.0031958542407930016,0.11025124,0.011889355939693785
11,0.31227338129496407,-0.002387317862526963,0.11025124,0.01134824600482439
11,0.31227338129496407,-0.0015889700644406788,0.11025124,0.010799772712545865
11,0.31227338129496407,-0.0008016068293606893,0.11025124,0.010243360800560614
11,0.31227338129496407,-2.6200094212048414e-05,0.11025124,0.009678307843326326
11,0.31227338129496407,0.0007362782040802145,0.11025124,0.009103911415300682
11,0.31227338129496407,0.0014848896436574256,0.11025124,0.008519493312511787
11,0.31227338129496407,0.0022187544540270936,0.11025124,0.00792441771873599
11,0.31227338129496407,0.0029376296509579583,0.11025124,0.007318509027587718
11,0.31227338129496407,0.0036414482043172595,0.11025124,0.006701718795926112
11,0.31227338129496407,0.004330193356571803,0.11025124,0.006074034912965962
11,0.31227338129496407,0.005003806456355429,0.11025124,0.00543541499095903
11,0.31227338129496407,0.005662111549569631,0.11025124,0.004785731866660578
11,0.31227338129496407,0.006304119941756182,0.11025124,0.0041242710037430845
11,0.31227338129496407,0.006928474272726657,0.11025124,0.0034500514286043386
11,0.31227338129496407,0.0075338423185924205,0.11025124,0.002762110333819956
11,0.31227338129496407,0.008118875097931645,0.11025124,0.0020594728011803475
11,0.31227338129496407,0.008682500128620148,0.11025124,0.0013413637404319084
11,0.31227338129496407,0.00922563069621681,0.11025124,0.0006084431893687188
11,0.31227338129496407,0.009749984447873634,0.11025124,-0.0001380474965249484
11,0.31227338129496407,0.01025728740950924,0.11025124,-0.0008968609063722197
11,0.31227338129496407,0.010749248849509044,0.11025124,-0.0016667617400814329
11,0.31227338129496407,0.011226673129466186,0.11025124,-0.0024471686799623915
11,0.31227338129496407,0.011684088914794003,0.11025124,-0.00324203589738694
11,0.31227338129496407,0.012113385559428345,0.11025124,-0.0040572250123978755
11,0.31227338129496407,0.01250629322073976,0.11025124,-0.004898712697497507
11,0.31227338129496407,0.012854324208167308,0.11025124,-0.005772633065395914
11,0.31227338129496407,0.013149703026310657,0.11025124,-0.006684605520431644
11,0.31227338129496407,0.01339091311841607,0.11025124,-0.007635726088666412
11,0.31227338129496407,0.01357877560360988,0.11025124,-0.008625401341624817
11,0.31227338129496407,0.01370958706705701,0.11025124,-0.009656307762838795
11,0.31227338129496407,0.013772807020380704,0.11025124,-0.010736063036206936
11,0.31227338129496407,0.01375684762937981,0.11025124,-0.011873041769703607
11,0.31227338129496407,0.013648185564769679,0.11025124,-0.013077017366995207
11,0.31227338129496407,0.013539815677308907,0.11025124,-0.013718059420254652
11,0.31227338129496407,0.0133757102344569,0.11025124,-0.014399381945130497
11,0.31227338129496407,0.013131185389824215,0.11025124,-0.015138824128240589
11,0.31227338129496407,0.01275752699442639,0.11025124,-0.015971592022197337
11,0.31227338129496407,0.01234154890877326,0.11025124,-0.016722400172071262
11,0.31227338129496407,0.012102943852807855,0.11025124,-0.017119930651591255
11,0.31227338129496407,0.011806684503900915,0.11025124,-0.01755912828763447
11,0.31227338129496407,0.011598587996925636,0.11025124,-0.017822065550538602
11,0.31227338129496407,0.011451410042389233,0.11025124,-0.01798470431543105
11,0.31227338129496407,0.01134846186697147,0.11025124,-0.018087241793569377
11,0.31227338129496407,0.01116584,0.11025124,-0.01824736
11,0.31227338129496407,0.010761194116314278,0.11025124,-0.01851166426133749
11,0.31227338129496407,0.010641275479066459,0.11025124,-0.01857019417113131
11,0.31227338129496407,0.010457919470189028,0.11025124,-0.018646434589160595
11,0.31227338129496407,0.010178153913392503,0.11025124,-0.01873607861614469
11,0.31227338129496407,0.009755112907635173,0.11025124,-0.01881672432455799
11,0.31227338129496407,0.009423107200934634,0.11025124,-0.018831578192305
11,0.31227338129496407,0.008932971951917033,0.11025124,-0.018735624420435283
11,0.31227338129496407,0.008470320517148695,0.11025124,-0.018507263428680542
11,0.31227338129496407,0.00804267556921508,0.11025124,-0.018253603006617124
11,0.31227338129496407,0.007647825113735057,0.11025124,-0.017976241777893063
11,0.31227338129496407,0.007289975291539415,0.11025124,-0.01767213993542005
11,0.31227338129496407,0.006644087530419289,0.11025124,-0.017013482719279223
11,0.31227338129496407,0.0060327789390375326,0.11025124,-0.01632983489785263
11,0.31227338129496407,0.005449488943150107,0.11025124,-0.01562593784355093
11,0.31227338129496407,0.004891972033309499,0.11025124,-0.014903414401592577
11,0.31227338129496407,0.0043564829008476596,0.11025124,-0.014164971332472541
11,0.31227338129496407,0.0038394102973620583,0.11025124,-0.013413218510404092
11,0.31227338129496407,0.003337235140882711,0.11025124,-0.012650699200281827
11,0.31227338129496407,0.002846597546004947,0.11025124,-0.011879841614540837
11,0.31227338129496407,0.002364782792351923,0.11025124,-0.011102607700385526
11,0.31227338129496407,0.0018892772499450802,0.11025124,-0.01032081407559775
11,0.31227338129496407,0.0014175505312726717,0.11025124,-0.00953628946874458
11,0.31227338129496407,0.0009470722488229485,0.11025124,-0.008750862608393088
11,0.31227338129496407,0.00047573095341391786,0.11025124,-0.00796605945348003
11,0.31227338129496407,3.3423121804879857e-06,0.11025124,-0.007182013222642749
11,0.31227338129496407,-0.00046974176668033996,0.11025124,-0.006398469589391786
11,0.31227338129496407,-0.0009431777537381707,0.11025124,-0.005615180282630276
11,0.31227338129496407,-0.001416605362029406,0.11025124,-0.004831884920476164
11,0.31227338129496407,-0.0018897480922564006,0.11025124,-0.004048383674973443
11,0.31227338129496407,-0.0023625975656525675,0.11025124,-0.003264670490729501
11,0.31227338129496407,-0.002835271084950231,0.11025124,-0.0024808301432408322
11,0.31227338129496407,-0.0033078440590487562,0.11025124,-0.0016969171310408891
11,0.31227338129496407,-0.0037804170331472813,0.11025124,-0.000913004118840946
11,0.31227338129496407,-0.0042530737949117575,0.11025124,-0.00012915166056706034
11,0.31227338129496407,-0.004725805965575588,0.11025124,0.000654646299173365
11,0.31227338129496407,-0.005198588408838991,0.11025124,0.0014384079265581558
11,0.31227338129496407,-0.005671387609635585,0.11025124,0.002222157443157728
11,0.31227338129496407,-0.006144195189198776,0.11025124,0.0030059009043647
11,0.31227338129496407,-0.006616977632462176,0.11025124,0.003789662531749491
11,0.31227338129496407,-0.007089743318192392,0.11025124,0.004573436269919497
11,0.31227338129496407,-0.00756250062515601,0.11025124,0.005357216063482103
11,0.31227338129496407,-0.008035241174586438,0.11025124,0.006141007967829924
11,0.31227338129496407,-0.008507990102783462,0.11025124,0.006924793816785138
11,0.31227338129496407,-0.00898073903098048,0.11025124,0.007708579665740348
11,0.31227338129496407,-0.009453496337944099,0.11025124,0.008492359459302958
11,0.31227338129496407,-0.00992625364490772,0.11025124,0.009276139252865571
11,0.31227338129496407,-0.010399010951871335,0.11025124,0.010059919046428178
11,0.31227338129496407,-0.010871768258834957,0.11025124,0.010843698839990788
11,0.31227338129496407,-0.011344525565798572,0.11025124,0.011627478633553394
11,0.31227338129496407,-0.01181728287276219,0.11025124,0.012411258427116
11,0.31227338129496407,-0.01229004017972581,0.11025124,0.01319503822067861
11,0.31227338129496407,-0.012762797486689428,0.11025124,0.01397881801424122
11,0.31227338129496407,-0.013235554793653046,0.11025124,0.01476259780780383
11,0.31227338129496407,-0.013708312100616661,0.11025124,0.015546377601366432
11,0.31227338129496407,-0.01418106940758028,0.11025124,0.016330157394929035
11,0.31227338129496407,-0.014653826714543898,0.11025124,0.017113937188491645
11,0.31227338129496407,-0.01489020955740901,0.11025124,0.01750582405757665
11,0.31227338129496407,-0.01512659240027411,0.11025124,0.01789771092666165
11,0.31227338129496407,-0.01536296686437262,0.11025124,0.01828960385113926
11,0.31227338129496407,-0.015599341328471135,0.11025124,0.018681496775616865
12,0.33439568345323745,-0.015774917931378196,0.11806174,0.02022661821083105
12,0.33439568345323745,-0.015325017166988886,0.11806174,0.019959690271191703
12,0.33439568345323745,-0.014875517588006272,0.11806174,0.01969248872708375
12,0.33439568345323745,-0.014426882100668855,0.11806174,0.019424697881043403
12,0.33439568345323745,-0.013979550465903207,0.11806174,0.019156017820480098
12,0.33439568345323745,-0.013090449786337837,0.11806174,0.018614864068163747
12,0.33439568345323745,-0.01220975857010517,0.11806174,0.01806797514525544
12,0.33439568345323745,-0.011337152782838237,0.11806174,0.017515572039979818
12,0.33439568345323745,-0.010472285244858175,0.11806174,0.016957891525434726
12,0.33439568345323745,-0.009615263967620634,0.11806174,0.016394859938878598
12,0.33439568345323745,-0.008766366694868714,0.11806174,0.015826287861833176
12,0.33439568345323745,-0.007925855740137563,0.11806174,0.01525199639906899
12,0.33439568345323745,-0.0070939702716504,0.11806174,0.014671822440229756
12,0.33439568345323745,-0.00627092631231853,0.11806174,0.01408561865983237
12,0.33439568345323745,-0.005456839588701563,0.11806174,0.013493306133510886
12,0.33439568345323745,-0.004651810397151188,0.11806174,0.012894816460148159
12,0.33439568345323745,-0.0038559313189151043,0.11806174,0.01229008650025143
12,0.33439568345323745,-0.0030692640748251013,0.11806174,0.011679074160825535
12,0.33439568345323745,-0.00229197839716864,0.11806174,0.011061663686133757
12,0.33439568345323745,-0.001524807220823328,0.11806174,0.01043735522185843
12,0.33439568345323745,-0.0007686454978502628,0.11806174,0.0098055384195696
12,0.33439568345323745,-2.4388180310542726e-05,0.11806174,0.009165602930837295
12,0.33439568345323745,0.0007071006401506413,0.11806174,0.008516959453729128
12,0.33439568345323745,0.00142501087761592,0.11806174,0.00785905551768349
12,0.33439568345323745,0.0021291187940700156,0.11806174,0.0071917385355928926
12,0.33439568345323745,0.0028193626686811354,0.11806174,0.006514966414462156
12,0.33439568345323745,0.003495727071241325,0.11806174,0.005828728631042494
12,0.33439568345323745,0.004158157996022764,0.11806174,0.005132988353963135
12,0.33439568345323745,0.004806493425841973,0.11806174,0.004427635089111752
12,0.33439568345323745,0.0054398229784299095,0.11806174,0.0037120479648095825
12,0.33439568345323745,0.0060568968069426386,0.11806174,0.00298537459790443
12,0.33439568345323745,0.006656488209848136,0.11806174,0.00224677839011728
12,0.33439568345323745,0.007237355055406437,0.11806174,0.0014954122199203404
12,0.33439568345323745,0.007798509810308751,0.11806174,0.0007306025993908741
12,0.33439568345323745,0.008340793420888348,0.11806174,-4.7076954411917615e-05
12,0.33439568345323745,0.008865787483460086,0.11806174,-0.0008365478084867914
12,0.33439568345323745,0.009375081309442809,0.11806174,-0.0016367260682081247
12,0.33439568345323745,0.009870248780047405,0.11806174,-0.0024465383621990605
12,0.33439568345323745,0.010352030545255471,0.11806174,-0.00326547957451756
12,0.33439568345323745,0.01081538864217136,0.11806174,-0.0040969855458944035
12,0.33439568345323745,0.011252854850147332,0.11806174,-0.004946149528745197
12,0.33439568345323745,0.01165681436156011,0.11806174,-0.005818164746349079
12,0.33439568345323745,0.012019451776083075,0.11806174,-0.006718361224219493
12,0.33439568345323745,0.012333607477227473,0.11806174,-0.007651621749796195
12,0.33439568345323745,0.012597885031173848,0.11806174,-0.008618898677094913
12,0.33439568345323745,0.012813040518111732,0.11806174,-0.009619676366924814
12,0.33439568345323745,0.012975663862084206,0.11806174,-0.010656280457269057
12,0.33439568345323745,0.013076049462290788,0.11806174,-0.011735330071618172
12,0.33439568345323745,0.013103527329934127,0.11806174,-0.012864102036512233
12,0.33439568345323745,0.013045645287198655,0.11806174,-0.01405108861372685
12,0.33439568345323745,0.012966945702744502,0.11806174,-0.014678516748878035
12,0.33439568345323745,0.012836925246649002,0.11806174,-0.015340945209513342
12,0.33439568345323745,0.012632855222601968,0.11806174,-0.016053874741104243
12,0.33439568345323745,0.012309880016093058,0.11806174,-0.016847896427890773
12,0.33439568345323745,0.011943719848355926,0.11806174,-0.017556618670136175
12,0.33439568345323745,0.011732448774562906,0.11806174,-0.01793020576680292
12,0.33439568345323745,0.011468090070318277,0.11806174,-0.01833999810094054
12,0.33439568345323745,0.011280693719047271,0.11806174,-0.0185825517138136
12,0.33439568345323745,0.011147282045700731,0.11806174,-0.018730912731830036
12,0.33439568345323745,0.011053542484699249,0.11806174,-0.018823529972722856
12,0.33439568345323745,0.010886439999999999,0.11806174,-0.01896618
12,0.33439568345323745,0.010512790847095246,0.11806174,-0.01919231722665885
12,0.33439568345323745,0.010401316357467126,0.11806174,-0.019239653933082957
12,0.33439568345323745,0.010230374894106,0.11806174,-0.019298858735875783
12,0.33439568345323745,0.009968551601331768,0.11806174,-0.019362668465101127
12,0.33439568345323745,0.009570584059535186,0.11806174,-0.019404576062136244
12,0.33439568345323745,0.009256441122426398,0.11806174,-0.019389316110105668
12,0.33439568345323745,0.00878825908589691,0.11806174,-0.019249606976572697
12,0.33439568345323745,0.008341166619354483,0.11806174,-0.018980763805653098
12,0.33439568345323745,0.007926307857219381,0.11806174,-0.0186899375680058
12,0.33439568345323745,0.0075416460120422205,0.11806174,-0.018378517332471422
12,0.33439568345323745,0.007191054066018424,0.11806174,-0.018043861763603022
12,0.33439568345323745,0.0065541524202900854,0.11806174,-0.01733071077139634
12,0.33439568345323745,0.005949091008666351,0.11806174,-0.01659584505530616
12,0.33439568345323745,0.0053698289047348375,0.11806174,-0.015843384467234788
12,0.33439568345323745,0.0048142984606302595,0.11806174,-0.015074739122520428
12,0.33439568345323745,0.004279051024875816,0.11806174,-0.01429226096726822
12,0.33439568345323745,0.0037607613876583044,0.11806174,-0.013498217761592966
12,0.33439568345323745,0.003256189205308249,0.11806174,-0.012694819387741106
12,0.33439568345323745,0.0027622407211316934,0.11806174,-0.011884175757095555
12,0.33439568345323745,0.002276416241440758,0.11806174,-0.01106799163596071
12,0.33439568345323745,0.0017964012350429569,0.11806174,-0.01024784551165546
12,0.33439568345323745,0.0013198657405378567,0.11806174,-0.00942532639474748
12,0.33439568345323745,0.0008444797965250234,0.11806174,-0.008602023295804456
12,0.33439568345323745,0.00036829919680277275,0.11806174,-0.0077792621441742475
12,0.33439568345323745,-0.00010884579091634955,0.11806174,-0.006957158695593574
12,0.33439568345323745,-0.000586631132265392,0.11806174,-0.0061354919618377985
12,0.33439568345323745,-0.0010647405079813807,0.11806174,-0.005314046216306663
12,0.33439568345323745,-0.0015428421685933936,0.11806174,-0.004492595209151131
12,0.33439568345323745,-0.00202068151567026,0.11806174,-0.003670965306766128
12,0.33439568345323745,-0.0024982508341080036,0.11806174,-0.00284915124752725
12,0.33439568345323745,-0.002975658135362276,0.11806174,-0.0020272266941760535
12,0.33439568345323745,-0.003452972855368842,0.11806174,-0.001205239001332098
12,0.33439568345323745,-0.003930287575375412,0.11806174,-0.00038325130848814587
12,0.33439568345323745,-0.004407679446421732,0.11806174,0.0004386837681118437
12,0.33439568345323745,-0.004885140753403827,0.11806174,0.0012605714900922674
12,0.33439568345323745,-0.005362648351009769,0.11806174,0.0020824276423263115
12,0.33439568345323745,-0.005840171378823663,0.11806174,0.0029042732713115624
12,0.33439568345323745,-0.00631770212174153,0.11806174,0.0037261136386724236
12,0.33439568345323745,-0.006795209719347472,0.11806174,0.004547969790906468
12,0.33439568345323745,-0.0072727018867454665,0.11806174,0.005369836466389305
12,0.33439568345323745,-0.007750186339039488,0.11806174,0.006191708403496542
12,0.33439568345323745,-0.008227655361125559,0.11806174,0.007013590863852573
12,0.33439568345323745,-0.008705132098315598,0.11806174,0.007835468062584196
12,0.33439568345323745,-0.009182608835505644,0.11806174,0.008657345261315827
12,0.33439568345323745,-0.009660093287799659,0.11806174,0.00947921719842306
12,0.33439568345323745,-0.01013757774009368,0.11806174,0.010301089135530298
12,0.33439568345323745,-0.010615062192387703,0.11806174,0.011122961072637536
12,0.33439568345323745,-0.011092546644681718,0.11806174,0.01194483300974477
12,0.33439568345323745,-0.011570031096975736,0.11806174,0.012766704946851996
12,0.33439568345323745,-0.012047515549269755,0.11806174,0.01358857688395923
12,0.33439568345323745,-0.012525000001563773,0.11806174,0.014410448821066471
12,0.33439568345323745,-0.013002484453857795,0.11806174,0.015232320758173705
12,0.33439568345323745,-0.01347996890615181,0.11806174,0.01605419269528094
12,0.33439568345323745,-0.013957453358445832,0.11806174,0.016876064632388173
12,0.33439568345323745,-0.014434937810739843,0.11806174,0.017697936569495407
12,0.33439568345323745,-0.014912422263033865,0.11806174,0.018519808506602647
12,0.33439568345323745,-0.015151168346732862,0.11806174,0.01893074184434406
12,0.33439568345323745,-0.015389914430431856,0.11806174,0.01934167518208548
12,0.33439568345323745,-0.01562865279902688,0.11806174,0.019752613781451295
12,0.33439568345323745,-0.015867391167621904,0.11806174,0.020163552380817115
13,0.3563812949640288,-0.01578211392637884,0.12582398,0.021560611263338716
13,0.3563812949640288,-0.015348028753660748,0.12582398,0.021259368050578004
13,0.3563812949640288,-0.014914317163056991,0.12582398,0.020957884802509968
13,0.3563812949640288,-0.014481410210853352,0.12582398,0.020655884555318495
13,0.3563812949640288,-0.014049717400521314,0.12582398,0.020353104193378244
13,0.3563812949640288,-0.013191511639557996,0.12582398,0.01974421528764057
13,0.3563812949640288,-0.01234113673445296,0.12582398,0.019130294872576527
13,0.3563812949640288,-0.011498290945806153,0.12582398,0.018511536822857392
13,0.3563812949640288,-0.010662650981403246,0.12582398,0.017888148861345262
13,0.3563812949640288,-0.009834317421044257,0.12582398,0.017260066363149706
13,0.3563812949640288,-0.009013548898500649,0.12582398,0.016627123149981046
13,0.3563812949640288,-0.008200589679001034,0.12582398,0.01598916227567682
13,0.3563812949640288,-0.007395662474959725,0.12582398,0.015346040642265347
13,0.3563812949640288,-0.006598968445976749,0.12582398,0.014697628999965764
13,0.3563812949640288,-0.005810615356123556,0.12582398,0.014043858107824044
13,0.3563812949640288,-0.005030696600928725,0.12582398,0.013384667957013364
13,0.3563812949640288,-0.004259298391649418,0.12582398,0.012720003154770485
13,0.3563812949640288,-0.003496478202457064,0.12582398,0.012049826772586602
13,0.3563812949640288,-0.0027423940873231266,0.12582398,0.011374037257062469
13,0.3563812949640288,-0.001997728552033404,0.12582398,0.010692196082155856
13,0.3563812949640288,-0.0012633149720737424,0.12582398,0.010003767784488932
13,0.3563812949640288,-0.0005399867229299686,0.12582398,0.009308216900683834
13,0.3563812949640288,0.00017145155699779292,0.12582398,0.008605026431617119
13,0.3563812949640288,0.000870245519209438,0.12582398,0.007893711690610553
13,0.3563812949640288,0.0015561868198335025,0.12582398,0.007174138811819691
13,0.3563812949640288,0.002229217984698554,0.12582398,0.006446270866735687
13,0.3563812949640288,0.002889324645261734,0.12582398,0.005710098623231356
13,0.3563812949640288,0.003536456511623035,0.12582398,0.004965589768861481
13,0.3563812949640288,0.004170462714082432,0.12582398,0.004212647366290411
13,0.3563812949640288,0.004790495508611232,0.12582398,0.0034507267200130885
13,0.3563812949640288,0.005395391043237839,0.12582398,0.0026790800277259608
13,0.3563812949640288,0.005984007018804943,0.12582398,0.0018969733353162814
13,0.3563812949640288,0.006555186767612376,0.12582398,0.001103663456544099
13,0.3563812949640288,0.0071080107029171495,0.12582398,0.00029855953526833
13,0.3563812949640288,0.007643261910305094,0.12582398,-0.0005178352775783816
13,0.3563812949640288,0.00816241316541927,0.12582398,-0.00134457468895759
13,0.3563812949640288,0.00866694442817419,0.12582398,-0.0021807077897672486
13,0.3563812949640288,0.009158321289941488,0.12582398,-0.0030252929030325088
13,0.3563812949640288,0.009637233440778409,0.12582398,-0.003877886886647558
13,0.3563812949640288,0.010098989551441413,0.12582398,-0.00474150403014463
13,0.3563812949640288,0.010536635247186638,0.12582398,-0.005620612683090637
13,0.3563812949640288,0.010943079652113056,0.12582398,-0.006519768900260934
13,0.3563812949640288,0.011311045099262469,0.12582398,-0.007443648754084537
13,0.3563812949640288,0.011633864584748193,0.12582398,-0.008396535951584273
13,0.3563812949640288,0.011910237755441474,0.12582398,-0.009379266000272139
13,0.3563812949640288,0.012140868669942413,0.12582398,-0.01039138652591512
13,0.3563812949640288,0.012322581880279118,0.12582398,-0.011434937828625383
13,0.3563812949640288,0.012446339572993136,0.12582398,-0.012515726916414477
13,0.3563812949640288,0.012502205900697318,0.12582398,-0.013640137805244222
13,0.3563812949640288,0.012478585449304264,0.12582398,-0.01481562082176855
13,0.3563812949640288,0.01242044026502245,0.12582398,-0.015433133632233009
13,0.3563812949640288,0.012314505307190854,0.12582398,-0.016081352497779207
13,0.3563812949640288,0.012139615712177837,0.12582398,-0.01677387634177918
13,0.3563812949640288,0.011854002125891628,0.12582398,-0.017537542958016038
13,0.3563812949640288,0.011525146984990972,0.12582398,-0.018212962659528056
13,0.3563812949640288,0.011334468086736842,0.12582398,-0.01856753960668645
13,0.3563812949640288,0.011094354216775546,0.12582398,-0.018953879687491484
13,0.3563812949640288,0.01092287945117316,0.12582398,-0.01918008689509484
13,0.3563812949640288,0.010800161031188036,0.12582398,-0.01931695168628877
13,0.3563812949640288,0.010713628134106111,0.12582398,-0.019401558768747794
13,0.3563812949640288,0.01055878,0.12582398,-0.01953006
13,0.3563812949640288,0.010210082549604562,0.12582398,-0.019725098666624977
13,0.3563812949640288,0.010105521010930221,0.12582398,-0.01976327425992049
13,0.3563812949640288,0.009944827107288556,0.12582398,-0.019808508561769175
13,0.3563812949640288,0.009697990484630319,0.12582398,-0.01985107627346667
13,0.3563812949640288,0.009321349020902231,0.12582398,-0.019861016020782062
13,0.3563812949640288,0.009022764666256884,0.12582398,-0.019820802237059704
13,0.3563812949640288,0.008574683957673511,0.12582398,-0.019644582117742438
13,0.3563812949640288,0.008143213859755794,0.12582398,-0.019341658657830524
13,0.3563812949640288,0.007741759647871,0.12582398,-0.01901944928418868
13,0.3563812949640288,0.007368424674361709,0.12582398,-0.018679172637607884
13,0.3563812949640288,0.007026815443485587,0.12582398,-0.018318511454159834
13,0.3563812949640288,0.006403456331284876,0.12582398,-0.017558728045330322
13,0.3563812949640288,0.005809746707274176,0.12582398,-0.016779894142014595
13,0.3563812949640288,0.0052400612869241015,0.12582398,-0.015985624122013157
13,0.3563812949640288,0.0046924746854915145,0.12582398,-0.015177155090371396
13,0.3563812949640288,0.004163775533647379,0.12582398,-0.014356550427519491
13,0.3563812949640288,0.003650867410405533,0.12582398,-0.013525799656869982
13,0.3563812949640288,0.003150732921765536,0.12582398,-0.012686841525135785
13,0.3563812949640288,0.0026604911748841185,0.12582398,-0.01184152707382138
13,0.3563812949640288,0.002177814465818082,0.12582398,-0.010991351907533873
13,0.3563812949640288,0.0017005475131385422,0.12582398,-0.010137700845353922
13,0.3563812949640288,0.0012265206668737594,0.12582398,-0.009281967938489382
13,0.3563812949640288,0.000753564277051989,0.12582398,-0.00842554723814812
13,0.3563812949640288,0.00027986790727296644,0.12582398,-0.007569601992357882
13,0.3563812949640288,-0.00019472649643475538,0.12582398,-0.006714233754517913
13,0.3563812949640288,-0.0006699171946711359,0.12582398,-0.005859248649956935
13,0.3563812949640288,-0.0011454096323075605,0.12582398,-0.00500445742006724
13,0.3563812949640288,-0.0016208948856725556,0.12582398,-0.004149661574113946
13,0.3563812949640288,-0.002096135873808939,0.12582398,-0.0032947087819981784
13,0.3563812949640288,-0.002571125412445292,0.12582398,-0.0024395944276563337
13,0.3563812949640288,-0.003045964081381622,0.12582398,-0.001584383135978841
13,0.3563812949640288,-0.0035207165390607944,0.12582398,-0.0007291164515381247
13,0.3563812949640288,-0.003995468996739969,0.12582398,0.00012615023290259153
13,0.3563812949640288,-0.0044702932971334396,0.12582398,0.0009813707567072893
13,0.3563812949640288,-0.004945182255969778,0.12582398,0.0018365497359395626
13,0.3563812949640288,-0.005420114320434693,0.12582398,0.002691701018790231
13,0.3563812949640288,-0.005895060753442462,0.12582398,0.0035468430695136804
13,0.3563812949640288,-0.006370014370721669,0.12582398,0.0044019805041735395
13,0.3563812949640288,-0.006844946435186582,0.12582398,0.005257131787024201
13,0.3563812949640288,-0.00731986413110864,0.12582398,0.006112292302002071
13,0.3563812949640288,-0.007794774642759263,0.12582398,0.006967457433043538
13,0.3563812949640288,-0.008269670785867031,0.12582398,0.007822631796212214
13,0.3563812949640288,-0.008744574113246223,0.12582398,0.008677801543317279
13,0.3563812949640288,-0.009219477440625422,0.12582398,0.00953297129042235
13,0.3563812949640288,-0.009694387952276045,0.12582398,0.010388136421463825
13,0.3563812949640288,-0.010169298463926675,0.12582398,0.011243301552505292
13,0.3563812949640288,-0.010644208975577298,0.12582398,0.01209846668354676
13,0.3563812949640288,-0.011119119487227925,0.12582398,0.012953631814588227
13,0.3563812949640288,-0.011594029998878548,0.12582398,0.013808796945629701
13,0.3563812949640288,-0.012068940510529171,0.12582398,0.014663962076671169
13,0.3563812949640288,-0.012543851022179798,0.12582398,0.015519127207712636
13,0.3563812949640288,-0.013018761533830425,0.12582398,0.016374292338754103
13,0.3563812949640288,-0.013493672045481051,0.12582398,0.017229457469795578
13,0.3563812949640288,-0.013968582557131674,0.12582398,0.018084622600837045
13,0.3563812949640288,-0.014443493068782301,0.12582398,0.018939787731878505
13,0.3563812949640288,-0.014918403580432924,0.12582398,0.01979495286291998
13,0.3563812949640288,-0.015155862428393955,0.12582398,0.020222533120408916
13,0.3563812949640288,-0.015393321276354982,0.12582398,0.020650113377897846
13,0.3563812949640288,-0.01563077294004458,0.12582398,0.02107769825145039
13,0.3563812949640288,-0.015868224603734177,0.12582398,0.02150528312500292
14,0.3783669064748201,-0.015588782631497886,0.13358621999999998,0.022721519411020265
14,0.3783669064748201,-0.015168774886576043,0.13358621999999998,0.02239311779849563
14,0.3783669064748201,-0.01474912248176623,0.13358621999999998,0.022064501123341167
14,0.3783669064748201,-0.014330235424890007,0.13358621999999998,0.021735421236368607
14,0.3783669064748201,-0.013912503223377863,0.13358621999999998,0.02140564239584911
14,0.3783669064748201,-0.01308196574767607,0.13358621999999998,0.02074310278873114
14,0.3783669064748201,-0.0122588767473994,0.13358621999999998,0.02007605513802638
14,0.3783669064748201,-0.011442949217072765,0.13358621999999998,0.019404673148166626
14,0.3783669064748201,-0.010633875650829983,0.13358621999999998,0.018729142931043056
14,0.3783669064748201,-0.009831751717162754,0.13358621999999998,0.01804940658517842
14,0.3783669064748201,-0.009036823420764025,0.13358621999999998,0.017365315221059763
14,0.3783669064748201,-0.008249323099399344,0.13358621999999998,0.016676728220813734
14,0.3783669064748201,-0.007469462590443189,0.13358621999999998,0.015983517374026392
14,0.3783669064748201,-0.006697433230878956,0.13358621999999998,0.015285566877743215
14,0.3783669064748201,-0.005933337522662034,0.13358621999999998,0.01458281469466714
14,0.3783669064748201,-0.005177264300820441,0.13358621999999998,0.01387520705914071
14,0.3783669064748201,-0.0044292955669184755,0.13358621999999998,0.013162694341326265
14,0.3783669064748201,-0.0036894859886656885,0.13358621999999998,0.012445243454665373
14,0.3783669064748201,-0.002957985902263321,0.13358621999999998,0.011722763411122345
14,0.3783669064748201,-0.0022354444867621823,0.13358621999999998,0.01099486130781576
14,0.3783669064748201,-0.001522654423950642,0.13358621999999998,0.010261057389648307
14,0.3783669064748201,-0.0008204083956170494,0.13358621999999998,0.009520871901522673
14,0.3783669064748201,-0.00012947174969501,0.13358621999999998,0.00877384163162077
14,0.3783669064748201,0.0005494380001277426,0.13358621999999998,0.008019532318863137
14,0.3783669064748201,0.0012161226834041129,0.13358621999999998,0.007257824024475449
14,0.3783669064748201,0.0018705276324245644,0.13358621999999998,0.006488683661899267
14,0.3783669064748201,0.0025126391802617106,0.13358621999999998,0.00571210295949498
14,0.3783669064748201,0.003142409492669698,0.13358621999999998,0.00492805296652396
14,0.3783669064748201,0.0037596950669109824,0.13358621999999998,0.004136446830770319
14,0.3783669064748201,0.004363689554269814,0.13358621999999998,0.0033367965254971314
14,0.3783669064748201,0.004953285933627961,0.13358621999999998,0.002528432047896094
14,0.3783669064748201,0.005527397684258274,0.13358621999999998,0.0017106958026182964
14,0.3783669064748201,0.006084924618506215,0.13358621999999998,0.0008829219226752401
14,0.3783669064748201,0.006624992053019114,0.13358621999999998,4.458102313196349e-05
14,0.3783669064748201,0.007148344835339474,0.13358621999999998,-0.0008038760916528574
14,0.3783669064748201,0.007656383825524322,0.13358621999999998,-0.0016616015786193213
14,0.3783669064748201,0.008150516717094363,0.13358621999999998,-0.0025277434588877254
14,0.3783669064748201,0.008632137536642933,0.13358621999999998,-0.003401458025217973
14,0.3783669064748201,0.009101902296684533,0.13358621999999998,-0.004282348238908839
14,0.3783669064748201,0.00955534874542778,0.13358621999999998,-0.005173114790292595
14,0.3783669064748201,0.009985862090018064,0.13358621999999998,-0.006077761152939891
14,0.3783669064748201,0.010386697701790615,0.13358621999999998,-0.007000369380997663
14,0.3783669064748201,0.01075093328202465,0.13358621999999998,-0.007945129059927763
14,0.3783669064748201,0.011072227376413269,0.13358621999999998,-0.008915878230508663
14,0.3783669064748201,0.01134934312802808,0.13358621999999998,-0.009913365476124961
14,0.3783669064748201,0.011582950216310978,0.13358621999999998,-0.010937185486435824
14,0.3783669064748201,0.01177002825030975,0.13358621999999998,-0.011989166293794798
14,0.3783669064748201,0.011901980732698887,0.13358621999999998,-0.013074510759515804
14,0.3783669064748201,0.011969356983191274,0.13358621999999998,-0.014198938722388317
14,0.3783669064748201,0.011961127791386769,0.13358621999999998,-0.015369125395576631
14,0.3783669064748201,0.011912940771397948,0.13358621999999998,-0.015980892701999216
14,0.3783669064748201,0.011819297550924769,0.13358621999999998,-0.016620171481760617
14,0.3783669064748201,0.01166006674592831,0.13358621999999998,-0.01729914586000458
14,0.3783669064748201,0.011395518598498763,0.13358621999999998,-0.018041861493073838
14,0.3783669064748201,0.01108841659276702,0.13358621999999998,-0.018693811402196607
14,0.3783669064748201,0.01090989611356774,0.13358621999999998,-0.01903489864232324
14,0.3783669064748201,0.010684354570698457,0.13358621999999998,-0.0194044444585239
14,0.3783669064748201,0.010522676699614606,0.13358621999999998,-0.019618817428964264
14,0.3783669064748201,0.010406662509714107,0.13358621999999998,-0.01974729304662756
14,0.3783669064748201,0.010324710957984365,0.13358621999999998,-0.019826022768053793
14,0.3783669064748201,0.010177779999999999,0.13358621999999998,-0.01994408
14,0.3783669064748201,0.009845753487757578,0.13358621999999998,-0.02011590237814366
14,0.3783669064748201,0.009745941738723129,0.13358621999999998,-0.020147181327694455
14,0.3783669064748201,0.00959238261940724,0.13358621999999998,-0.02018185966549464
14,0.3783669064748201,0.00935617523351542,0.13358621999999998,-0.020208298938984827
14,0.3783669064748201,0.008995077585287128,0.13358621999999998,-0.02019380498135165
14,0.3783669064748201,0.008708225520080866,0.13358621999999998,-0.020134375341543748
14,0.3783669064748201,0.00827632942822086,0.13358621999999998,-0.01992968952934719
14,0.3783669064748201,0.007858809064083193,0.13358621999999998,-0.019599782478413756
14,0.3783669064748201,0.00746983891125395,0.13358621999999998,-0.01925259597233757
14,0.3783669064748201,0.0071076149353182395,0.13358621999999998,-0.018889221867546987
14,0.3783669064748201,0.006775567535049834,0.13358621999999998,-0.018507583982500207
14,0.3783669064748201,0.006168409154001247,0.13358621999999998,-0.017709848561796457
14,0.3783669064748201,0.005589452477612754,0.13358621999999998,-0.016895044612759976
14,0.3783669064748201,0.005033346903812909,0.13358621999999998,-0.016066410482297608
14,0.3783669064748201,0.004498261064332048,0.13358621999999998,-0.015225054570116928
14,0.3783669064748201,0.0039811404008994996,0.13358621999999998,-0.014372825587670501
14,0.3783669064748201,0.003479039690663677,0.13358621999999998,-0.01351150607329402
14,0.3783669064748201,0.002989088878873612,0.13358621999999998,-0.012642833071305327
14,0.3783669064748201,0.0025085477465885027,0.13358621999999998,-0.011768465045445986
14,0.3783669064748201,0.002035202251571888,0.13358621999999998,-0.010889742001332622
14,0.3783669064748201,0.0015670023547159333,0.13358621999999998,-0.01000790468490655
14,0.3783669064748201,0.0011018843499854235,0.13358621999999998,-0.009124202113748696
14,0.3783669064748201,0.0006377845313451369,0.13358621999999998,-0.00823988330543999
14,0.3783669064748201,0.0001729808659444946,0.13358621999999998,-0.007355990486571132
14,0.3783669064748201,-0.00029267698241774477,0.13358621999999998,-0.006472614645177826
14,0.3783669064748201,-0.0007589020082664853,0.13358621999999998,-0.005589582076828284
14,0.3783669064748201,-0.0012254140395903217,0.13358621999999998,-0.0047067232129105255
14,0.3783669064748201,-0.0016919192374504673,0.13358621999999998,-0.0038238602131729638
14,0.3783669064748201,-0.002158192097545057,0.13358621999999998,-0.002940856595562053
14,0.3783669064748201,-0.0026242257864103995,0.13358621999999998,-0.0020577082242579856
14,0.3783669064748201,-0.0030901159725381933,0.13358621999999998,-0.00117447300073803
14,0.3783669064748201,-0.003555924157101674,0.13358621999999998,-0.0002911881473804216
14,0.3783669064748201,-0.004021732341665156,0.13358621999999998,0.0005920967059771867
14,0.3783669064748201,-0.004487608860865565,0.13358621999999998,0.0014753402011367552
14,0.3783669064748201,-0.0049535468812392115,0.13358621999999998,0.002358546473918085
14,0.3783669064748201,-0.005419525902395011,0.13358621999999998,0.003241727931780583
14,0.3783669064748201,-0.005885518590478195,0.13358621999999998,0.004124901118003468
14,0.3783669064748201,-0.006351518112025075,0.13358621999999998,0.005008070168406559
14,0.3783669064748201,-0.006817497133180873,0.13358621999999998,0.005891251626269058
14,0.3783669064748201,-0.007283462487409289,0.13358621999999998,0.006774441355771169
14,0.3783669064748201,-0.007749421008174011,0.13358621999999998,0.007657635221093081
14,0.3783669064748201,-0.008215365862011348,0.13358621999999998,0.008540837358054602
14,0.3783669064748201,-0.008681317549312376,0.13358621999999998,0.00942403535919632
14,0.3783669064748201,-0.009147269236613407,0.13358621999999998,0.01030723336033804
14,0.3783669064748201,-0.00961322775737813,0.13358621999999998,0.011190427225659955
14,0.3783669064748201,-0.010079186278142851,0.13358621999999998,0.012073621090981864
14,0.3783669064748201,-0.010545144798907573,0.13358621999999998,0.01295681495630378
14,0.3783669064748201,-0.011011103319672299,0.13358621999999998,0.013840008821625688
14,0.3783669064748201,-0.011477061840437017,0.13358621999999998,0.014723202686947604
14,0.3783669064748201,-0.011943020361201742,0.13358621999999998,0.01560639655226952
14,0.3783669064748201,-0.012408978881966461,0.13358621999999998,0.01648959041759143
14,0.3783669064748201,-0.012874937402731183,0.13358621999999998,0.01737278428291335
14,0.3783669064748201,-0.013340895923495908,0.13358621999999998,0.01825597814823526
14,0.3783669064748201,-0.013806854444260627,0.13358621999999998,0.019139172013557176
14,0.3783669064748201,-0.014272812965025352,0.13358621999999998,0.020022365878879084
14,0.3783669064748201,-0.01473877148579007,0.13358621999999998,0.020905559744201
14,0.3783669064748201,-0.014971754162904282,0.13358621999999998,0.021347154608952052
14,0.3783669064748201,-0.015204736840018487,0.13358621999999998,0.021788749473703104
14,0.3783669064748201,-0.015437712683669001,0.13358621999999998,0.02223034847427396
14,0.3783669064748201,-0.015670688527319517,0.13358621999999998,0.022671947474844825
15,0.4003525179856115,-0.01528771332020012,0.14134845999999998,0.02365750265376216
15,0.4003525179856115,-0.014878275953555843,0.14134845999999998,0.02330986060128437
15,0.4003525179856115,-0.014469186775913212,0.14134845999999998,0.022962019386766244
15,0.4003525179856115,-0.014060847543812599,0.14134845999999998,0.02261374920785353
15,0.4003525179856115,-0.013653639925967352,0.14134845999999998,0.022264831752309693
15,0.4003525179856115,-0.012844052464703602,0.14134845999999998,0.021564235382931868
15,0.4003525179856115,-0.012041763580589856,0.14134845999999998,0.020859464270785298
15,0.4003525179856115,-0.01124649204404784,0.14134845999999998,0.020150679277517937
15,0.4003525179856115,-0.010457936537672295,0.14134845999999998,0.019438052754895484
15,0.4003525179856115,-0.009676190804655966,0.14134845999999998,0.01872153108236861
15,0.4003525179856115,-0.008901495898923075,0.14134845999999998,0.018000976378524762
15,0.4003525179856115,-0.008134079482513165,0.14134845999999998,0.017276258422029886
15,0.4003525179856115,-0.007374149129638756,0.14134845999999998,0.01654725848166761
15,0.4003525179856115,-0.006621892326685351,0.14134845999999998,0.015813869316339282
15,0.4003525179856115,-0.0058774095127880465,0.14134845999999998,0.01507603347545635
15,0.4003525179856115,-0.005140787735197253,0.14134845999999998,0.014333701168508732
15,0.4003525179856115,-0.004412107345221041,0.14134845999999998,0.013586826435025574
15,0.4003525179856115,-0.0036914219103981304,0.14134845999999998,0.012835378634692966
15,0.4003525179856115,-0.002978878741459993,0.14134845999999998,0.012079273506647711
15,0.4003525179856115,-0.0022751139529288613,0.14134845999999998,0.011318147197162239
15,0.4003525179856115,-0.001580904274116125,0.14134845999999998,0.010551555421685007
15,0.4003525179856115,-0.0008970264343331532,0.14134845999999998,0.009779053895664497
15,0.4003525179856115,-0.00022423037912196707,0.14134845999999998,0.009000213654706109
15,0.4003525179856115,0.000436780817571791,0.14134845999999998,0.008214632544689925
15,0.4003525179856115,0.001085812973420277,0.14134845999999998,0.00742219949447806
15,0.4003525179856115,0.0017228125208847787,0.14134845999999998,0.006622883863756604
15,0.4003525179856115,0.002347766068080615,0.14134845999999998,0.005816677992447096
15,0.4003525179856115,0.0029606267434114115,0.14134845999999998,0.005003555070274866
15,0.4003525179856115,0.0035612539320880347,0.14134845999999998,0.004183434666415929
15,0.4003525179856115,0.004148857512914435,0.14134845999999998,0.0033558648362402785
15,0.4003525179856115,0.004722352743231621,0.14134845999999998,0.0025202251133914534
15,0.4003525179856115,0.005280674968207621,0.14134845999999998,0.0016759065216307122
15,0.4003525179856115,0.005822746141125779,0.14134845999999998,0.0008222924246408386
15,0.4003525179856115,0.0063477091813666535,0.14134845999999998,-4.1107422600560745e-05
15,0.4003525179856115,0.00685629394664524,0.14134845999999998,-0.0009138755458166017
15,0.4003525179856115,0.007349873105141123,0.14134845999999998,-0.0017952267869636301
15,0.4003525179856115,0.007829826020976233,0.14134845999999998,-0.0026843721579587407
15,0.4003525179856115,0.008297518666387817,0.14134845999999998,-0.003580530330797506
15,0.4003525179856115,0.008753593851840458,0.14134845999999998,-0.004483333621713128
15,0.4003525179856115,0.009193679126986501,0.14134845999999998,-0.005395283046327633
15,0.4003525179856115,0.009611292819641359,0.14134845999999998,-0.006320086082622809
15,0.4003525179856115,0.009999826034715999,0.14134845999999998,-0.007261522979325951
15,0.4003525179856115,0.010352495782620558,0.14134845999999998,-0.008223473566184532
15,0.4003525179856115,0.010663088228864035,0.14134845999999998,-0.00920949211961085
15,0.4003525179856115,0.010930391407882985,0.14134845999999998,-0.01022027187670687
15,0.4003525179856115,0.011155061522026676,0.14134845999999998,-0.011255437493627327
15,0.4003525179856115,0.011334138964781073,0.14134845999999998,-0.012316681847715146
15,0.4003525179856115,0.01145920024068315,0.14134845999999998,-0.013408823128330959
15,0.4003525179856115,0.011520984861477453,0.14134845999999998,-0.014537158279740073
15,0.4003525179856115,0.011508685576228112,0.14134845999999998,-0.015707868985271628
15,0.4003525179856115,0.011459350453485178,0.14134845999999998,-0.016317926176098927
15,0.4003525179856115,0.011365473922300242,0.14134845999999998,-0.01695346078793332
15,0.4003525179856115,0.011207329736541295,0.14134845999999998,-0.017625756116368144
15,0.4003525179856115,0.010945987687446788,0.14134845999999998,-0.018357080009529566
15,0.4003525179856115,0.010643371733689108,0.14134845999999998,-0.018995644772204986
15,0.4003525179856115,0.010467596783501927,0.14134845999999998,-0.019328922116916107
15,0.4003525179856115,0.010245747054077013,0.14134845999999998,-0.01968855396161968
15,0.4003525179856115,0.010086899330041133,0.14134845999999998,-0.019895781474793442
15,0.4003525179856115,0.009973008104830889,0.14134845999999998,-0.020019110358354766
15,0.4003525179856115,0.009892599910268345,0.14134845999999998,-0.02009419525762323
15,0.4003525179856115,0.009748519999999998,0.14134845999999998,-0.0202057
15,0.4003525179856115,0.0094232813116965,0.14134845999999998,-0.02036264270777163
15,0.4003525179856115,0.009325584135972093,0.14134845999999998,-0.0203894330221784
15,0.4003525179856115,0.009175327131833489,0.14134845999999998,-0.020417195356492723
15,0.4003525179856115,0.008944296917212725,0.14134845999999998,-0.02043297570795501
15,0.4003525179856115,0.00859131338868079,0.14134845999999998,-0.020402145071702567
15,0.4003525179856115,0.008311081273666946,0.14134845999999998,-0.02032970105913592
15,0.4003525179856115,0.007889571239067465,0.14134845999999998,-0.02010533205974839
15,0.4003525179856115,0.0074825711954347425,0.14134845999999998,-0.0197562958729882
15,0.4003525179856115,0.007103546798896229,0.14134845999999998,-0.019391257782294207
15,0.4003525179856115,0.0067507303206743125,0.14134845999999998,-0.019011228918025085
15,0.4003525179856115,0.006427483123823395,0.14134845999999998,-0.018614286600483664
15,0.4003525179856115,0.00583677932169383,0.14134845999999998,-0.017788490078474925
15,0.4003525179856115,0.005273709673599164,0.14134845999999998,-0.01694688698453349
15,0.4003525179856115,0.004733031256687608,0.14134845999999998,-0.016092476239382238
15,0.4003525179856115,0.004212949558412191,0.14134845999999998,-0.015226284293536783
15,0.4003525179856115,0.0037104714925471818,0.14134845999999998,-0.014350023174536243
15,0.4003525179856115,0.0032227111079442764,0.14134845999999998,-0.013465343629291925
15,0.4003525179856115,0.002746856108820908,0.14134845999999998,-0.012573854274283537
15,0.4003525179856115,0.0022802214222989578,0.14134845999999998,-0.01167709095524527
15,0.4003525179856115,0.0018206375630604454,0.14134845999999998,-0.010776294604890033
15,0.4003525179856115,0.0013660957484035365,0.14134845999999998,-0.00987261423498904
15,0.4003525179856115,0.0009145738037417191,0.14134845999999998,-0.00896720651739199
15,0.4003525179856115,0.0004640495544884788,0.14134845999999998,-0.008061228123948574
15,0.4003525179856115,1.2835623174275307e-05,0.14134845999999998,-0.007155644224546603
15,0.4003525179856115,-0.00043921530093236037,0.14134845999999998,-0.006250539080049305
15,0.4003525179856115,-0.000891821988253166,0.14134845999999998,-0.005345751828808712
15,0.4003525179856115,-0.0013447099051522322,0.14134845999999998,-0.004441125439216088
15,0.4003525179856115,-0.0017975911261089595,0.14134845999999998,-0.0035364952195842264
15,0.4003525179856115,-0.00225024468502614,0.14134845999999998,-0.0026317347786182985
15,0.4003525179856115,-0.002702663885961446,0.14134845999999998,-0.0017268402862790563
15,0.4003525179856115,-0.003154942472107623,0.14134845999999998,-0.0008218653631158306
15,0.4003525179856115,-0.003607140706945724,0.14134845999999998,8.315552051824104e-05
15,0.4003525179856115,-0.004059338941783825,0.14134845999999998,0.0009881764041523196
15,0.4003525179856115,-0.004511604136045323,0.14134845999999998,0.0018931589873940197
15,0.4003525179856115,-0.004963929593787874,0.14134845999999998,0.002798107100282582
15,0.4003525179856115,-0.005416295227184464,0.14134845999999998,0.0037030322329357247
15,0.4003525179856115,-0.00586867425246573,0.14134845999999998,0.004607949705510383
15,0.4003525179856115,-0.006321059973689336,0.14134845999999998,0.005512863348045811
15,0.4003525179856115,-0.0067734256070859245,0.14134845999999998,0.00641778848069895
15,0.4003525179856115,-0.007225777848597835,0.14134845999999998,0.007322721273430564
15,0.4003525179856115,-0.007678123394167407,0.14134845999999998,0.008227657896201421
15,0.4003525179856115,-0.008130455547852298,0.14134845999999998,0.009132602179050747
15,0.4003525179856115,-0.008582794397479524,0.14134845999999998,0.010037542631860831
15,0.4003525179856115,-0.009035133247106754,0.14134845999999998,0.010942483084670926
15,0.4003525179856115,-0.009487478792676326,0.14134845999999998,0.01184741970744177
15,0.4003525179856115,-0.009939824338245895,0.14134845999999998,0.012752356330212627
15,0.4003525179856115,-0.010392169883815467,0.14134845999999998,0.013657292952983478
15,0.4003525179856115,-0.010844515429385035,0.14134845999999998,0.014562229575754329
15,0.4003525179856115,-0.011296860974954604,0.14134845999999998,0.01546716619852518
15,0.4003525179856115,-0.011749206520524172,0.14134845999999998,0.016372102821296024
15,0.4003525179856115,-0.012201552066093744,0.14134845999999998,0.01727703944406689
15,0.4003525179856115,-0.012653897611663316,0.14134845999999998,0.018181976066837732
15,0.4003525179856115,-0.013106243157232885,0.14134845999999998,0.019086912689608583
15,0.4003525179856115,-0.013558588702802457,0.14134845999999998,0.01999184931237944
15,0.4003525179856115,-0.014010934248372022,0.14134845999999998,0.020896785935150285
15,0.4003525179856115,-0.014463279793941594,0.14134845999999998,0.021801722557921142
15,0.4003525179856115,-0.01468945591469755,0.14134845999999998,0.02225418895428695
15,0.4003525179856115,-0.014915632035453505,0.14134845999999998,0.022706655350652756
15,0.4003525179856115,-0.015141801460267121,0.14134845999999998,0.0231591255770578
15,0.4003525179856115,-0.015367970885080734,0.14134845999999998,0.023611595803462844
16,0.42233812949640287,-0.0148797310015824,0.14911069999999998,0.02435499435800582
16,0.42233812949640287,-0.014481443354292663,0.14911069999999998,0.023993168593218605
16,0.42233812949640287,-0.014083498428522008,0.14911069999999998,0.023631156999012474
16,0.42233812949640287,-0.013686291672177059,0.14911069999999998,0.023268745156827125
16,0.42233812949640287,-0.013290198760769112,0.14911069999999998,0.02290572936903028
16,0.42233812949640287,-0.012502764903631216,0.14911069999999998,0.02217712119707042
16,0.42233812949640287,-0.011722515016797086,0.14911069999999998,0.021444617754598588
16,0.42233812949640287,-0.010949172286732077,0.14911069999999998,0.020708369134606972
16,0.42233812949640287,-0.010182440127506213,0.14911069999999998,0.019968536151015803
16,0.42233812949640287,-0.009422410810297719,0.14911069999999998,0.01922506877282767
16,0.42233812949640287,-0.008669321603850562,0.14911069999999998,0.018477838348906404
16,0.42233812949640287,-0.007923396595311839,0.14911069999999998,0.017726723375401172
16,0.42233812949640287,-0.007184840099433305,0.14911069999999998,0.016971613069389168
16,0.42233812949640287,-0.006453836658571388,0.14911069999999998,0.016212407368875564
16,0.42233812949640287,-0.005730485134702739,0.14911069999999998,0.015449052669220299
16,0.42233812949640287,-0.005014871208207143,0.14911069999999998,0.014681502513068646
16,0.42233812949640287,-0.004307073968665908,0.14911069999999998,0.013909714016708537
16,0.42233812949640287,-0.0036071461424665944,0.14911069999999998,0.013133658590998614
16,0.42233812949640287,-0.0029152327271749663,0.14911069999999998,0.012353257615800101
16,0.42233812949640287,-0.002231959848643184,0.14911069999999998,0.011568171595059188
16,0.42233812949640287,-0.0015580920394907306,0.14911069999999998,0.010777985986225983
16,0.42233812949640287,-0.0008943938323370867,0.14911069999999998,0.009982286246750589
16,0.42233812949640287,-0.0002416033966079669,0.14911069999999998,0.009180672128653793
16,0.42233812949640287,0.00039958723386003363,0.14911069999999998,0.00837276839945508
16,0.42233812949640287,0.0010289869259120388,0.14911069999999998,0.007558471423516986
16,0.42233812949640287,0.0016465429531605062,0.14911069999999998,0.006737752611698122
16,0.42233812949640287,0.002252242134008542,0.14911069999999998,0.005910604816713159
16,0.42233812949640287,0.0028460383328670425,0.14911069999999998,0.005077003023063385
16,0.42233812949640287,0.003427793142968685,0.14911069999999998,0.0042368721842527025
16,0.42233812949640287,0.0039967288500971,0.14911069999999998,0.003389790610445878
16,0.42233812949640287,0.004551777744904388,0.14911069999999998,0.0025351793715301073
16,0.42233812949640287,0.005091891890437984,0.14911069999999998,0.0016724702583206241
16,0.42233812949640287,0.0056160101681484295,0.14911069999999998,0.0008010879143473086
16,0.42233812949640287,0.00612328895583492,0.14911069999999998,-7.942508665179787e-05
16,0.42233812949640287,0.006614446650527829,0.14911069999999998,-0.0009686792176254976
16,0.42233812949640287,0.007090834365908139,0.14911069999999998,-0.001865941881826122
16,0.42233812949640287,0.007553809806455278,0.14911069999999998,-0.002770476908863336
16,0.42233812949640287,0.008004717495051787,0.14911069999999998,-0.0036815552756321486
16,0.42233812949640287,0.008444190148348268,0.14911069999999998,-0.004598833912436082
16,0.42233812949640287,0.008867923974960912,0.14911069999999998,-0.005524646407939659
16,0.42233812949640287,0.009269539081996101,0.14911069999999998,-0.006462452048248935
16,0.42233812949640287,0.009642530351389782,0.14911069999999998,-0.007415778018680716
16,0.42233812949640287,0.00998022130431837,0.14911069999999998,-0.008388244419261278
16,0.42233812949640287,0.010276495679826001,0.14911069999999998,-0.009383167590389815
16,0.42233812949640287,0.010530160543394345,0.14911069999999998,-0.010401194361389868
16,0.42233812949640287,0.010741861793270894,0.14911069999999998,-0.011441974515279636
16,0.42233812949640287,0.010908686296543482,0.14911069999999998,-0.012507087602119934
16,0.42233812949640287,0.011022342828769781,0.14911069999999998,-0.013601029264391563
16,0.42233812949640287,0.011073716315701995,0.14911069999999998,-0.014728741849909268
16,0.42233812949640287,0.011052169208651796,0.14911069999999998,-0.015895993217944916
16,0.42233812949640287,0.010998888300563288,0.14911069999999998,-0.016502667110372855
16,0.42233812949640287,0.010901765401226497,0.14911069999999998,-0.01713311287385189
16,0.42233812949640287,0.010741384018425934,0.14911069999999998,-0.01779785845969239
16,0.42233812949640287,0.010479425250009236,0.14911069999999998,-0.0185176810263867
16,0.42233812949640287,0.010177784781015728,0.14911069999999998,-0.019143462867863593
16,0.42233812949640287,0.01000288176900526,0.14911069999999998,-0.019469411878923856
16,0.42233812949640287,0.009782627472902877,0.14911069999999998,-0.019819951125207003
16,0.42233812949640287,0.009625329980389273,0.14911069999999998,-0.020020797308948804
16,0.42233812949640287,0.009512755099142914,0.14911069999999998,-0.02013961572647147
16,0.42233812949640287,0.009433373500772594,0.14911069999999998,-0.020211546979153887
16,0.42233812949640287,0.00929132,0.14911069999999998,-0.02031746
16,0.42233812949640287,0.008971424437845335,0.14911069999999998,-0.020462023594002288
16,0.42233812949640287,0.00887549738840852,0.14911069999999998,-0.020485147662740226
16,0.42233812949640287,0.00872807186184467,0.14911069999999998,-0.020507305874967234
16,0.42233812949640287,0.008501613524168483,0.14911069999999998,-0.020514538609418657
16,0.42233812949640287,0.008156060955465911,0.14911069999999998,-0.020470789439202077
16,0.42233812949640287,0.007882117411855433,0.14911069999999998,-0.02038821264135919
16,0.42233812949640287,0.007471002573940601,0.14911069999999998,-0.02014889881295357
16,0.42233812949640287,0.007075113977284416,0.14911069999999998,-0.019785772242233914
16,0.42233812949640287,0.006706761736526504,0.14911069999999998,-0.019407714992432556
16,0.42233812949640287,0.0063642058808777,0.14911069999999998,-0.019015670505214778
16,0.42233812949640287,0.006050754991156799,0.14911069999999998,-0.018607844811959474
16,0.42233812949640287,0.005478767744348897,0.14911069999999998,-0.017762417834709568
16,0.42233812949640287,0.004933980722718634,0.14911069999999998,-0.016902242434154207
16,0.42233812949640287,0.004411233331084502,0.14911069999999998,-0.01603011677250521
16,0.42233812949640287,0.003908759235463555,0.14911069999999998,-0.015146998585998547
16,0.42233812949640287,0.003423612348951409,0.14911069999999998,-0.014254485292908401
16,0.42233812949640287,0.0029529520374187764,0.14911069999999998,-0.013354117133226207
16,0.42233812949640287,0.002494010165519254,0.14911069999999998,-0.012447395036874007
16,0.42233812949640287,0.0020441438230768697,0.14911069999999998,-0.011535752034563095
16,0.42233812949640287,0.0016012175913958267,0.14911069999999998,-0.01062034598651905
16,0.42233812949640287,0.0011632542309429773,0.14911069999999998,-0.00970224898554333
16,0.42233812949640287,0.0007282633205882919,0.14911069999999998,-0.008782540271722745
16,0.42233812949640287,0.0002942544392017365,0.14911069999999998,-0.007862299085144103
16,0.42233812949640287,-0.00014043329442453394,0.14911069999999998,-0.006942425983760629
16,0.42233812949640287,-0.0005759448778562808,0.14911069999999998,-0.006022999587711096
16,0.42233812949640287,-0.0010120034975588648,0.14911069999999998,-0.005103869804003305
16,0.42233812949640287,-0.0014483389307960882,0.14911069999999998,-0.004184890113287716
16,0.42233812949640287,-0.0018846677732348698,0.14911069999999998,-0.0032659068489294535
16,0.42233812949640287,-0.0023207725285265598,0.14911069999999998,-0.002346802080720363
16,0.42233812949640287,-0.0027566466058727163,0.14911069999999998,-0.0014275722350177676
16,0.42233812949640287,-0.003192382276451555,0.14911069999999998,-0.000508267342819068
16,0.42233812949640287,-0.003628038857449065,0.14911069999999998,0.0004110804330916887
16,0.42233812949640287,-0.004063695438446577,0.14911069999999998,0.0013304282090024488
16,0.42233812949640287,-0.004499417927428527,0.14911069999999998,0.002249740248486492
16,0.42233812949640287,-0.004935199733596471,0.14911069999999998,0.003169020125186491
16,0.42233812949640287,-0.005371021084555078,0.14911069999999998,0.004088278560030464
16,0.42233812949640287,-0.005806855617110571,0.14911069999999998,0.005007529847589082
16,0.42233812949640287,-0.00624269674046451,0.14911069999999998,0.0059267775615050415
16,0.42233812949640287,-0.006678518091423115,0.14911069999999998,0.0068460359963490106
16,0.42233812949640287,-0.007114326260784837,0.14911069999999998,0.007765301578478323
16,0.42233812949640287,-0.007550127839348114,0.14911069999999998,0.008684570734250309
16,0.42233812949640287,-0.0079859162363145,0.14911069999999998,0.009603847037307635
16,0.42233812949640287,-0.008421711224079328,0.14911069999999998,0.010523119766722284
16,0.42233812949640287,-0.00885750621184416,0.14911069999999998,0.011442392496136943
16,0.42233812949640287,-0.009293307790407436,0.14911069999999998,0.012361661651908922
16,0.42233812949640287,-0.009729109368970706,0.14911069999999998,0.013280930807680908
16,0.42233812949640287,-0.010164910947533986,0.14911069999999998,0.014200199963452894
16,0.42233812949640287,-0.01060071252609726,0.14911069999999998,0.01511946911922488
16,0.42233812949640287,-0.011036514104660533,0.14911069999999998,0.01603873827499686
16,0.42233812949640287,-0.01147231568322381,0.14911069999999998,0.016958007430768838
16,0.42233812949640287,-0.011908117261787086,0.14911069999999998,0.017877276586540824
16,0.42233812949640287,-0.01234391884035036,0.14911069999999998,0.01879654574231281
16,0.42233812949640287,-0.012779720418913636,0.14911069999999998,0.019715814898084796
16,0.42233812949640287,-0.013215521997476913,0.14911069999999998,0.02063508405385678
16,0.42233812949640287,-0.013651323576040186,0.14911069999999998,0.021554353209628754
16,0.42233812949640287,-0.01408712515460346,0.14911069999999998,0.02247362236540074
16,0.42233812949640287,-0.014305029239284324,0.14911069999999998,0.0229332551564654
16,0.42233812949640287,-0.014522933323965181,0.14911069999999998,0.02339288794753006
16,0.42233812949640287,-0.014740830817847597,0.14911069999999998,0.023852524312237385
16,0.42233812949640287,-0.014958728311730013,0.14911069999999998,0.02431216067694472
17,0.44432374100719424,-0.01438962034230037,0.15687294,0.024848414741460084
17,0.44432374100719424,-0.014004372424324901,0.15687294,0.024475781148808228
17,0.44432374100719424,-0.013619459476716252,0.15687294,0.024102974916709794
17,0.44432374100719424,-0.013235268003743842,0.15687294,0.023729796845803345
17,0.44432374100719424,-0.012852165184463615,0.15687294,0.023356057696695496
17,0.44432374100719424,-0.012090604038873938,0.15687294,0.022606185686153173
17,0.44432374100719424,-0.011336064387511934,0.15687294,0.021852694887211376
17,0.44432374100719424,-0.010588275677389012,0.15687294,0.021095724739423092
17,0.44432374100719424,-0.00984694803030311,0.15687294,0.02033542464230941
17,0.44432374100719424,-0.009112171630583766,0.15687294,0.019571748116019336
17,0.44432374100719424,-0.008384178380792614,0.15687294,0.018804575640935985
17,0.44432374100719424,-0.007663187300015665,0.15687294,0.018033794337421218
17,0.44432374100719424,-0.0069493980821254495,0.15687294,0.017259301285804978
17,0.44432374100719424,-0.0062429910957810236,0.15687294,0.016481003526385225
17,0.44432374100719424,-0.005544062967049736,0.15687294,0.01569885125932163
17,0.44432374100719424,-0.004852697438523302,0.15687294,0.014912801324752523
17,0.44432374100719424,-0.0041689718110556,0.15687294,0.014122813882805622
17,0.44432374100719424,-0.0034929376185492186,0.15687294,0.013328862373566081
17,0.44432374100719424,-0.0028247365792362783,0.15687294,0.012530873757268034
17,0.44432374100719424,-0.0021649806582100094,0.15687294,0.011728532634922535
17,0.44432374100719424,-0.001514417097057949,0.15687294,0.01092145388776412
17,0.44432374100719424,-0.0008737931373676341,0.15687294,0.010109252397027362
17,0.44432374100719424,-0.0002438302537752894,0.15687294,0.009291556323904219
17,0.44432374100719424,0.0003747951712475984,0.15687294,0.008468017069512185
17,0.44432374100719424,0.0009818963273041537,0.15687294,0.0076385383541599
17,0.44432374100719424,0.001577421680491787,0.15687294,0.006803093617932493
17,0.44432374100719424,0.0021613583473348505,0.15687294,0.00596167622085126
17,0.44432374100719424,0.0027336612356685837,0.15687294,0.005114262922990689
17,0.44432374100719424,0.003294195068998685,0.15687294,0.0042607840045742855
17,0.44432374100719424,0.0038421997222619795,0.15687294,0.0034008477068578867
17,0.44432374100719424,0.00437663163393105,0.15687294,0.002533916191565594
17,0.44432374100719424,0.004896466567691953,0.15687294,0.0016594615803896054
17,0.44432374100719424,0.005400667403755094,0.15687294,0.000776949355043386
17,0.44432374100719424,0.005888409599679065,0.15687294,-0.00011404544311080511
17,0.44432374100719424,0.006360395304886627,0.15687294,-0.0010131609352330186
17,0.44432374100719424,0.0068179450756316075,0.15687294,-0.0019197165235049947
17,0.44432374100719424,0.0072623859099056635,0.15687294,-0.002833028290119135
17,0.44432374100719424,0.007695031922224796,0.15687294,-0.003752418957246536
17,0.44432374100719424,0.008116501519420066,0.15687294,-0.0046775698059089
17,0.44432374100719424,0.008522588246692693,0.15687294,-0.005610648789156559
17,0.44432374100719424,0.008907056501829484,0.15687294,-0.006554869656687407
17,0.44432374100719424,0.009263548289598592,0.15687294,-0.00751350923799712
17,0.44432374100719424,0.009585538129584752,0.15687294,-0.008489930682304674
17,0.44432374100719424,0.009867048089087718,0.15687294,-0.00948721493973367
17,0.44432374100719424,0.010106912213561423,0.15687294,-0.010505962928357778
17,0.44432374100719424,0.010305761793312572,0.15687294,-0.011545849289219983
17,0.44432374100719424,0.010460749580223161,0.15687294,-0.012608341457616225
17,0.44432374100719424,0.010563771868111159,0.15687294,-0.013697615980158017
17,0.44432374100719424,0.010605919733566595,0.15687294,-0.014818264402126545
17,0.44432374100719424,0.010576796211742255,0.15687294,-0.01597564518634453
17,0.44432374100719424,0.010520688462737088,0.15687294,-0.0165757478498136
17,0.44432374100719424,0.010421730273729658,0.15687294,-0.017197935082487605
17,0.44432374100719424,0.01026094428509178,0.15687294,-0.017851987573013227
17,0.44432374100719424,0.010000878233117324,0.15687294,-0.018557207739513963
17,0.44432374100719424,0.009702834314142742,0.15687294,-0.0191677641240364
17,0.44432374100719424,0.009530274244648196,0.15687294,-0.01948517355740929
17,0.44432374100719424,0.00931338857718979,0.15687294,-0.019825427837549942
17,0.44432374100719424,0.009158842225857427,0.15687294,-0.020019316141450652
17,0.44432374100719424,0.009048410204744515,0.15687294,-0.02013334993861785
17,0.44432374100719424,0.008970622344854334,0.15687294,-0.020202000079909514
17,0.44432374100719424,0.00883158,0.15687294,-0.02030222
17,0.44432374100719424,0.008519120940801603,0.15687294,-0.02043469813396452
17,0.44432374100719424,0.008425565016323135,0.15687294,-0.020454356389588375
17,0.44432374100719424,0.008281876922034762,0.15687294,-0.02047129285257835
17,0.44432374100719424,0.00806134664685301,0.15687294,-0.020470714248997324
17,0.44432374100719424,0.007725222005635159,0.15687294,-0.020415474415204426
17,0.44432374100719424,0.007459086845870197,0.15687294,-0.020324162897044175
17,0.44432374100719424,0.007060495469654615,0.15687294,-0.02007264344158044
17,0.44432374100719424,0.006677592344246916,0.15687294,-0.01969880137280252
17,0.44432374100719424,0.006321602799466017,0.15687294,-0.01931108838848969
17,0.44432374100719424,0.0059908262165264976,0.15687294,-0.018910380965832283
17,0.44432374100719424,0.005688496347815783,0.15687294,-0.018495012470172927
17,0.44432374100719424,0.0051375091699401845,0.15687294,-0.017636613327528965
17,0.44432374100719424,0.004613107044062383,0.15687294,-0.016764512588807318
17,0.44432374100719424,0.00411024608946654,0.15687294,-0.015881309805674773
17,0.44432374100719424,0.003627199920415939,0.15687294,-0.014987894735279093
17,0.44432374100719424,0.0031610890801034575,0.15687294,-0.014085751412863001
17,0.44432374100719424,0.002709137179527141,0.15687294,-0.013176310753839505
17,0.44432374100719424,0.0022686386888010985,0.15687294,-0.012260967153738683
17,0.44432374100719424,0.0018370104710580884,0.15687294,-0.011341051928292824
17,0.44432374100719424,0.0014121654032432773,0.15687294,-0.0104176407540537
17,0.44432374100719424,0.0009921709640096001,0.15687294,-0.009491729627828505
17,0.44432374100719424,0.0005750817485343455,0.15687294,-0.00856432118640316
17,0.44432374100719424,0.00015895235199480003,0.15687294,-0.007636418066563573
17,0.44432374100719424,-0.0002578405435405707,0.15687294,-0.006708856905627792
17,0.44432374100719424,-0.0006754386563038884,0.15687294,-0.005781710743361673
17,0.44432374100719424,-0.001093571433306557,0.15687294,-0.004854840140212216
17,0.44432374100719424,-0.0015119747632978166,0.15687294,-0.0039281089766157636
17,0.44432374100719424,-0.0019303716515512558,0.15687294,-0.0030013744930299548
17,0.44432374100719424,-0.0023485495207186888,0.15687294,-0.002074527129805999
17,0.44432374100719424,-0.0027665019290623004,0.15687294,-0.0011475635669545327
17,0.44432374100719424,-0.0031843190609116157,0.15687294,-0.00022053028432656233
17,0.44432374100719424,-0.00360205889190705,0.15687294,0.0007065428381736877
17,0.44432374100719424,-0.004019798722902484,0.15687294,0.0016336159606739446
17,0.44432374100719424,-0.0044376029712761556,0.15687294,0.002560655883280631
17,0.44432374100719424,-0.004855465195290237,0.15687294,0.0034876659259830967
17,0.44432374100719424,-0.005273366069731257,0.15687294,0.004414656048749421
17,0.44432374100719424,-0.005691279827647925,0.15687294,0.0053416395315370215
17,0.44432374100719424,-0.006109200027302418,0.15687294,0.006268619694335276
17,0.44432374100719424,-0.006527100901743445,0.15687294,0.0071956098171016
17,0.44432374100719424,-0.0069449888927088175,0.15687294,0.008122606579846633
17,0.44432374100719424,-0.007362870441936372,0.15687294,0.009049606662581033
17,0.44432374100719424,-0.0077807391076882785,0.15687294,0.009976613385294139
17,0.44432374100719424,-0.008198614215178002,0.15687294,0.010903616788017888
17,0.44432374100719424,-0.008616489322667729,0.15687294,0.011830620190741641
17,0.44432374100719424,-0.009034370871895283,0.15687294,0.012757620273476041
17,0.44432374100719424,-0.009452252421122834,0.15687294,0.013684620356210434
17,0.44432374100719424,-0.009870133970350388,0.15687294,0.014611620438944827
17,0.44432374100719424,-0.010288015519577942,0.15687294,0.015538620521679227
17,0.44432374100719424,-0.01070589706880549,0.15687294,0.016465620604413613
17,0.44432374100719424,-0.01112377861803304,0.15687294,0.017392620687148013
17,0.44432374100719424,-0.011541660167260598,0.15687294,0.018319620769882413
17,0.44432374100719424,-0.011959541716488145,0.15687294,0.0192466208526168
17,0.44432374100719424,-0.012377423265715696,0.15687294,0.0201736209353512
17,0.44432374100719424,-0.01279530481494325,0.15687294,0.021100621018085592
17,0.44432374100719424,-0.013213186364170801,0.15687294,0.022027621100819978
17,0.44432374100719424,-0.013631067913398355,0.15687294,0.022954621183554378
17,0.44432374100719424,-0.013840011908881041,0.15687294,0.0234181195649269
17,0.44432374100719424,-0.01404895590436373,0.15687294,0.023881617946299418
17,0.44432374100719424,-0.014257893458108599,0.15687294,0.024345119647661295
17,0.44432374100719424,-0.014466831011853457,0.15687294,0.02480862134902317
18,0.4663093525179856,-0.01393106114674444,0.16463518,0.02526473522046016
18,0.4663093525179856,-0.013558504994042793,0.16463518,0.02488267580869663
18,0.4663093525179856,-0.013186275798003659,0.16463518,0.024500455832445055
18,0.4663093525179856,-0.012814750816314531,0.16463518,0.024117890024988466
18,0.4663093525179856,-0.012444288443778548,0.16463518,0.023734802382945723
18,0.4663093525179856,-0.011707897078584785,0.16463518,0.02296640081047796
18,0.4663093525179856,-0.010978359228047388,0.16463518,0.02219463355931852
18,0.4663093525179856,-0.010255410811785102,0.16463518,0.021419630316169273
18,0.4663093525179856,-0.0095387688865323,0.16463518,0.02064153003106796
18,0.4663093525179856,-0.008828521479082732,0.16463518,0.01986028947511395
18,0.4663093525179856,-0.0081248949440489,0.16463518,0.01907579748827705
18,0.4663093525179856,-0.007428103060787056,0.16463518,0.018287949086084325
18,0.4663093525179856,-0.006738340745769091,0.16463518,0.01749664854739867
18,0.4663093525179856,-0.006055784052582492,0.16463518,0.016701809414418817
18,0.4663093525179856,-0.005380527295649145,0.16463518,0.015903385370465525
18,0.4663093525179856,-0.004712652214134675,0.16463518,0.015101336274416802
18,0.4663093525179856,-0.0040522342595765756,0.16463518,0.014295625072929224
18,0.4663093525179856,-0.0033993237329998562,0.16463518,0.0134862270637739
18,0.4663093525179856,-0.00275405896222327,0.16463518,0.01267307431582123
18,0.4663093525179856,-0.0021170372719187,0.16463518,0.011855873490102704
18,0.4663093525179856,-0.0014889880269486535,0.16463518,0.011034266404298831
18,0.4663093525179856,-0.0008706405921756494,0.16463518,0.01020789487609013
18,0.4663093525179856,-0.00026269918194969655,0.16463518,0.009376413074271572
18,0.4663093525179856,0.00033417600277606437,0.16463518,0.008539496782088471
18,0.4663093525179856,0.000919802620786012,0.16463518,0.007697056453960956
18,0.4663093525179856,0.001494130371055143,0.16463518,0.006849067387660085
18,0.4663093525179856,0.0020571466783272045,0.16463518,0.005995523407628631
18,0.4663093525179856,0.002608807529205325,0.16463518,0.005136402899416279
18,0.4663093525179856,0.003148980883498874,0.16463518,0.00427164101967209
18,0.4663093525179856,0.003676924801089088,0.16463518,0.0034008734105193603
18,0.4663093525179856,0.004191620686219703,0.16463518,0.0025235998518222426
18,0.4663093525179856,0.004692068806018826,0.16463518,0.001639329386780769
18,0.4663093525179856,0.0051772568523583105,0.16463518,0.0007475648830377289
18,0.4663093525179856,0.005646380008838151,0.16463518,-0.0001520888950697595
18,0.4663093525179856,0.006100123626923979,0.16463518,-0.0010592953796725278
18,0.4663093525179856,0.00653977667038144,0.16463518,-0.0019734215761542453
18,0.4663093525179856,0.0069666343906043095,0.16463518,-0.0028938314021199722
18,0.4663093525179856,0.007381979463730108,0.16463518,-0.0038198949507320043
18,0.4663093525179856,0.007786415502058845,0.16463518,-0.004751315795243174
18,0.4663093525179856,0.008175836684424826,0.16463518,-0.005690110255089885
18,0.4663093525179856,0.00854415658680295,0.16463518,-0.006639267299972638
18,0.4663093525179856,0.008885169320233734,0.16463518,-0.007601834567385637
18,0.4663093525179856,0.009192505517426442,0.16463518,-0.008580939977067116
18,0.4663093525179856,0.009460330259480978,0.16463518,-0.009579448987572936
18,0.4663093525179856,0.009687505485706698,0.16463518,-0.010597920486832623
18,0.4663093525179856,0.009874647383659861,0.16463518,-0.011636051872541792
18,0.4663093525179856,0.01001897682170917,0.16463518,-0.012695207942848816
18,0.4663093525179856,0.010112583963673242,0.16463518,-0.013779273123252896
18,0.4663093525179856,0.010146773019855051,0.16463518,-0.014892517811580267
18,0.4663093525179856,0.010111395758460675,0.16463518,-0.016039925682517515
18,0.4663093525179856,0.01005315507017061,0.16463518,-0.01663354424617146
18,0.4663093525179856,0.009953089079592331,0.16463518,-0.017247702713180504
18,0.4663093525179856,0.009792674434269278,0.16463518,-0.01789149767934805
18,0.4663093525179856,0.009535354864282072,0.16463518,-0.018582881489548793
18,0.4663093525179856,0.009241661043384563,0.16463518,-0.019179124804978003
18,0.4663093525179856,0.009071839139766667,0.16463518,-0.019488529205756285
18,0.4663093525179856,0.00885875206701991,0.16463518,-0.01981918061119278
18,0.4663093525179856,0.00870720797615514,0.16463518,-0.020006605545467328
18,0.4663093525179856,0.008599070364948766,0.16463518,-0.0201162123530316
18,0.4663093525179856,0.008522969710395204,0.16463518,-0.020181835333084975
18,0.4663093525179856,0.00838708,0.16463518,-0.02027682
18,0.4663093525179856,0.008082269855106452,0.16463518,-0.020398257736295933
18,0.4663093525179856,0.00799112588916029,0.16463518,-0.020414766579655432
18,0.4663093525179856,0.007851222858459317,0.16463518,-0.020426969550722478
18,0.4663093525179856,0.007636663514111604,0.16463518,-0.020419333614156043
18,0.4663093525179856,0.007309970287574172,0.16463518,-0.02035376182736492
18,0.4663093525179856,0.007051592140616027,0.16463518,-0.020254641325908554
18,0.4663093525179856,0.00666531670555196,0.16463518,-0.019992322741151994
18,0.4663093525179856,0.006295049249487855,0.16463518,-0.019609139377972158
18,0.4663093525179856,0.005951051503730448,0.16463518,-0.019213055275733748
18,0.4663093525179856,0.005631663534454709,0.16463518,-0.018804885607991446
18,0.4663093525179856,0.005340041730979444,0.16463518,-0.018383080309879913
18,0.4663093525179856,0.004809186641567304,0.16463518,-0.017513742342226486
18,0.4663093525179856,0.0043042805934274805,0.16463518,-0.016631661112223913
18,0.4663093525179856,0.003820400373738016,0.16463518,-0.015739254350528697
18,0.4663093525179856,0.003355860898161379,0.16463518,-0.014837349581809985
18,0.4663093525179856,0.0029078515969256508,0.16463518,-0.013927327043109224
18,0.4663093525179856,0.002473662502308906,0.16463518,-0.013010517567010011
18,0.4663093525179856,0.0020506528104986023,0.16463518,-0.012088218020531154
18,0.4663093525179856,0.001636301182616571,0.16463518,-0.011161666602897762
18,0.4663093525179856,0.0012285704271502787,0.16463518,-0.01023186375438149
18,0.4663093525179856,0.0008255742556621901,0.16463518,-0.0092997358085672
18,0.4663093525179856,0.0004254138044585253,0.16463518,-0.008366215274596994
18,0.4663093525179856,2.6190209845502674e-05,0.16463518,-0.007432234661612976
18,0.4663093525179856,-0.0003736810104644078,0.16463518,-0.006498572089826422
18,0.4663093525179856,-0.000774338184289956,0.16463518,-0.0055652954903668995
18,0.4663093525179856,-0.0011755172312498882,0.16463518,-0.004632275176532526
18,0.4663093525179856,-0.0015769603585910758,0.16463518,-0.0036993845494000255
18,0.4663093525179856,-0.001978397198304137,0.16463518,-0.002766490834488912
18,0.4663093525179856,-0.002379620258660944,0.16463518,-0.0018334921351048535
18,0.4663093525179856,-0.0027806232520333728,0.16463518,-0.0009003853634692235
18,0.4663093525179856,-0.0031814942052151764,0.16463518,3.278625151735201e-05
18,0.4663093525179856,-0.0035822897068594744,0.16463518,0.0009659949198473142
18,0.4663093525179856,-0.003983085208503776,0.16463518,0.0018992035881772833
18,0.4663093525179856,-0.004383943586429328,0.16463518,0.0028323813787210876
18,0.4663093525179856,-0.004784858553008007,0.16463518,0.0037655313792573433
18,0.4663093525179856,-0.005185811245355434,0.16463518,0.004698662853121906
18,0.4663093525179856,-0.005586776512959113,0.16463518,0.005631788151429232
18,0.4663093525179856,-0.005987748068190914,0.16463518,0.006564910361957943
18,0.4663093525179856,-0.006388700760538345,0.16463518,0.007498041835822509
18,0.4663093525179856,-0.006789640877629521,0.16463518,0.0084311794852443
18,0.4663093525179856,-0.007190574707092575,0.16463518,0.009364320222444707
18,0.4663093525179856,-0.007591495961299375,0.16463518,0.010297467135202347
18,0.4663093525179856,-0.007992423503134302,0.16463518,0.011230610960181374
18,0.4663093525179856,-0.008393351044969232,0.16463518,0.012163754785160394
18,0.4663093525179856,-0.008794284874432288,0.16463518,0.013096895522360819
18,0.4663093525179856,-0.009195218703895341,0.16463518,0.014030036259561222
18,0.4663093525179856,-0.00959615253335839,0.16463518,0.014963176996761633
18,0.4663093525179856,-0.009997086362821447,0.16463518,0.015896317733962044
18,0.4663093525179856,-0.010398020192284493,0.16463518,0.016829458471162448
18,0.4663093525179856,-0.01079895402174755,0.16463518,0.01776259920836285
18,0.4663093525179856,-0.011199887851210606,0.16463518,0.01869573994556327
18,0.4663093525179856,-0.011600821680673655,0.16463518,0.019628880682763673
18,0.4663093525179856,-0.012001755510136708,0.16463518,0.020562021419964084
18,0.4663093525179856,-0.012402689339599761,0.16463518,0.021495162157164502
18,0.4663093525179856,-0.012803623169062814,0.16463518,0.022428302894364906
18,0.4663093525179856,-0.013204556998525867,0.16463518,0.02336144363156531
18,0.4663093525179856,-0.013405027057071453,0.16463518,0.023828012456276214
18,0.4663093525179856,-0.013605497115617047,0.16463518,0.02429458128098711
18,0.4663093525179856,-0.013805960886534506,0.16463518,0.024761153193476618
18,0.4663093525179856,-0.014006424657451973,0.16463518,0.02522772510596613
19,0.488294964028777,-0.01351086445666034,0.17239742,0.025635159503584876
19,0.488294964028777,-0.013150560108389343,0.17239742,0.025244586553485025
19,0.488294964028777,-0.012790574381615004,0.17239742,0.02485386417721198
19,0.488294964028777,-0.01243127491652578,0.17239742,0.02446281995995053
19,0.488294964028777,-0.0120730109713007,0.17239742,0.024071290107626212
19,0.488294964028777,-0.011360900890448439,0.17239742,0.02328615855161466
19,0.488294964028777,-0.010655469606353081,0.17239742,0.022497894793126607
19,0.488294964028777,-0.0099564597708827,0.17239742,0.02170661952253269
19,0.488294964028777,-0.009263595653895952,0.17239742,0.020912462050944335
19,0.488294964028777,-0.008576963038103487,0.17239742,0.020115382148237996
19,0.488294964028777,-0.00789678250761837,0.17239742,0.01931527636552453
19,0.488294964028777,-0.007223262391880725,0.17239742,0.018512047001075314
19,0.488294964028777,-0.006556592638321255,0.17239742,0.017705604973902497
19,0.488294964028777,-0.005896944812361233,0.17239742,0.01689586982375896
19,0.488294964028777,-0.005244410824047779,0.17239742,0.016082798446940907
19,0.488294964028777,-0.004599070328755056,0.17239742,0.01526635348690503
19,0.488294964028777,-0.003960996854520747,0.17239742,0.014446500460688298
19,0.488294964028777,-0.0033302394200366552,0.17239742,0.013623216379648664
19,0.488294964028777,-0.0027069328267052117,0.17239742,0.012796438025020566
19,0.488294964028777,-0.0020916591714914643,0.17239742,0.0119658924066799
19,0.488294964028777,-0.0014851292254264223,0.17239742,0.01113124618931723
19,0.488294964028777,-0.0008880537595410947,0.17239742,0.01029216603762314
19,0.488294964028777,-0.00030111903552059414,0.17239742,0.00944833011060921
19,0.488294964028777,0.0002750315763052867,0.17239742,0.008599436682348804
19,0.488294964028777,0.0008402203831787934,0.17239742,0.007745402419014582
19,0.488294964028777,0.0013943983664081354,0.17239742,0.006886204331964494
19,0.488294964028777,0.0019375532713203636,0.17239742,0.00602183667403804
19,0.488294964028777,0.0024696422065601563,0.17239742,0.00515227933017344
19,0.488294964028777,0.0029905364980615575,0.17239742,0.004277471955185377
19,0.488294964028777,0.0034995131201206097,0.17239742,0.003397075466603911
19,0.488294964028777,0.003995579444228489,0.17239742,0.002510624344427944
19,0.488294964028777,0.004477761223885793,0.17239742,0.001617661689397143
19,0.488294964028777,0.004945071957920176,0.17239742,0.0007177248550906713
19,0.488294964028777,0.0053967273472629385,0.17239742,-0.00018955397676394606
19,0.488294964028777,0.005833395271589769,0.17239742,-0.0011038615859190644
19,0.488294964028777,0.006256331834877881,0.17239742,-0.002024608888422673
19,0.488294964028777,0.006666799268440962,0.17239742,-0.002951203926742512
19,0.488294964028777,0.0070660475489197575,0.17239742,-0.003883060490506837
19,0.488294964028777,0.0074546649006157865,0.17239742,-0.004819902716011291
19,0.488294964028777,0.007828650172811386,0.17239742,-0.005763607051161529
19,0.488294964028777,0.00818207210379952,0.17239742,-0.006716955121643107
19,0.488294964028777,0.008508883012480135,0.17239742,-0.007682783151166406
19,0.488294964028777,0.008802875907004846,0.17239742,-0.008664002076528404
19,0.488294964028777,0.009058364619125587,0.17239742,-0.00966327858020451
19,0.488294964028777,0.009274240100940523,0.17239742,-0.010681132780220641
19,0.488294964028777,0.009451102831424125,0.17239742,-0.011717283065711938
19,0.488294964028777,0.009586244527854792,0.17239742,-0.012772999559150523
19,0.488294964028777,0.009671957000947959,0.17239742,-0.013851897224495525
19,0.488294964028777,0.009699766144359787,0.17239742,-0.01495795022323778
19,0.488294964028777,0.009659782437020889,0.17239742,-0.016095796513906725
19,0.488294964028777,0.009600272326760985,0.17239742,-0.01668325281508729
19,0.488294964028777,0.009500003174274598,0.17239742,-0.017289824172115317
19,0.488294964028777,0.009340923846308686,0.17239742,-0.017923976152418142
19,0.488294964028777,0.00908741000860216,0.17239742,-0.018602415751590645
19,0.488294964028777,0.008799000047892141,0.17239742,-0.01918531134707252
19,0.488294964028777,0.008632405780060349,0.17239742,-0.019487259207060396
19,0.488294964028777,0.008423649309949476,0.17239742,-0.019808980172773827
19,0.488294964028777,0.008275417727748076,0.17239742,-0.01999040686950611
19,0.488294964028777,0.00816976147214635,0.17239742,-0.02009591197222806
19,0.488294964028777,0.008095463157339835,0.17239742,-0.020158733548797922
19,0.488294964028777,0.0079629,0.17239742,-0.02024888
19,0.488294964028777,0.007665998143862044,0.17239742,-0.02036014278877818
19,0.488294964028777,0.007577315435790891,0.17239742,-0.020373755573375885
19,0.488294964028777,0.007441254394821275,0.17239742,-0.020381610338081262
19,0.488294964028777,0.00723271568347498,0.17239742,-0.020367500725199605
19,0.488294964028777,0.0069154525719473696,0.17239742,-0.020292470877103883
19,0.488294964028777,0.006664762971212114,0.17239742,-0.02018621957955195
19,0.488294964028777,0.006290538256254529,0.17239742,-0.019914084447023774
19,0.488294964028777,0.0059324642584601475,0.17239742,-0.019522465513711586
19,0.488294964028777,0.005599990272455039,0.17239742,-0.019118840762099534
19,0.488294964028777,0.005291498681410011,0.17239742,-0.018703968817374586
19,0.488294964028777,0.005010065408235121,0.17239742,-0.0182764071422494
19,0.488294964028777,0.004498251829388508,0.17239742,-0.017397341121325384
19,0.488294964028777,0.004011725768170984,0.17239742,-0.016506415834694445
19,0.488294964028777,0.0035456895201232373,0.17239742,-0.015605881295695205
19,0.488294964028777,0.003098500959070178,0.17239742,-0.014696507623835654
19,0.488294964028777,0.0026674211656078336,0.17239742,-0.013779579309489184
19,0.488294964028777,0.002249809257715816,0.17239742,-0.012856334865745132
19,0.488294964028777,0.0018430917540749525,0.17239742,-0.01192798119631004
19,0.488294964028777,0.0014448115927590856,0.17239742,-0.010995670606865635
19,0.488294964028777,0.0010529835167505672,0.17239742,-0.010060334137414107
19,0.488294964028777,0.000665769325107134,0.17239742,-0.00912283386203156
19,0.488294964028777,0.00028131856221357086,0.17239742,-0.008184037601954604
19,0.488294964028777,-0.00010221922754533215,0.17239742,-0.007244813178419851
19,0.488294964028777,-0.00048638813296108044,0.17239742,-0.006305884733651226
19,0.488294964028777,-0.000871322955436106,0.17239742,-0.005367315486414311
19,0.488294964028777,-0.0012567663468384914,0.17239742,-0.00442898474633845
19,0.488294964028777,-0.0016424670863727925,0.17239742,-0.0034907746966332427
19,0.488294964028777,-0.002028161698570622,0.17239742,-0.002552561773347787
19,0.488294964028777,-0.0024136479813283273,0.17239742,-0.0016142511483337035
19,0.488294964028777,-0.0027989198073094333,0.17239742,-0.0006758399480107403
19,0.488294964028777,-0.0031840629592245814,0.17239742,0.0002626315974975507
19,0.488294964028777,-0.0035691325831020398,0.17239742,0.0012011376259688823
19,0.488294964028777,-0.003954202206979498,0.17239742,0.0021396436544402174
19,0.488294964028777,-0.004339333104221698,0.17239742,0.0030781209471090164
19,0.488294964028777,-0.004724519147492166,0.17239742,0.0040165723775555315
19,0.488294964028777,-0.005109741954781479,0.17239742,0.004955006566520519
19,0.488294964028777,-0.00549497701674374,0.17239742,0.005893435008324999
19,0.488294964028777,-0.005880218206042476,0.17239742,0.0068318605765492375
19,0.488294964028777,-0.006265441013331791,0.17239742,0.007770294765514229
19,0.488294964028777,-0.006650651565948155,0.17239742,0.008708734701639728
19,0.488294964028777,-0.007035855991228046,0.17239742,0.009647177511345483
19,0.488294964028777,-0.007421048161834988,0.17239742,0.010585626068211743
19,0.488294964028777,-0.007806246459778404,0.17239742,0.011524071751497746
19,0.488294964028777,-0.00819144475772182,0.17239742,0.012462517434783753
19,0.488294964028777,-0.008576649183001715,0.17239742,0.013400960244489512
19,0.488294964028777,-0.008961853608281603,0.17239742,0.014339403054195263
19,0.488294964028777,-0.00934705803356149,0.17239742,0.015277845863901015
19,0.488294964028777,-0.009732262458841385,0.17239742,0.016216288673606766
19,0.488294964028777,-0.010117466884121273,0.17239742,0.017154731483312518
19,0.488294964028777,-0.010502671309401168,0.17239742,0.01809317429301827
19,0.488294964028777,-0.010887875734681056,0.17239742,0.019031617102724028
19,0.488294964028777,-0.011273080159960947,0.17239742,0.01997005991242978
19,0.488294964028777,-0.011658284585240838,0.17239742,0.020908502722135538
19,0.488294964028777,-0.01204348901052073,0.17239742,0.02184694553184129
19,0.488294964028777,-0.012428693435800617,0.17239742,0.02278538834154704
19,0.488294964028777,-0.012813897861080512,0.17239742,0.023723831151252792
19,0.488294964028777,-0.013006503137388692,0.17239742,0.02419305111931554
19,0.488294964028777,-0.013199108413696875,0.17239742,0.024662271087378288
19,0.488294964028777,-0.013391707562668583,0.17239742,0.02513149392902129
19,0.488294964028777,-0.013584306711640294,0.17239742,0.025600716770664295
20,0.5102805755395684,-0.013126741187947105,0.18015966,0.02596360715109411
20,0.5102805755395684,-0.012778071933259959,0.18015966,0.02556541376303169
20,0.5102805755395684,-0.012429713136019377,0.18015966,0.02516708105106087
20,0.5102805755395684,-0.01208202301635601,0.18015966,0.02476844825682579
20,0.5102805755395684,-0.011735341883393978,0.18015966,0.024369362659888393
20,0.5102805755395684,-0.011046284229373227,0.18015966,0.023569259686437423
20,0.5102805755395684,-0.010363734241059306,0.18015966,0.02276623626952181
20,0.5102805755395684,-0.009687441164360744,0.18015966,0.021960404939990616
20,0.5102805755395684,-0.009017136334179566,0.18015966,0.021151886266610756
20,0.5102805755395684,-0.008352903335212913,0.18015966,0.02034064273909919
20,0.5102805755395684,-0.007694957099539181,0.18015966,0.019526577902442402
20,0.5102805755395684,-0.007043500618565738,0.18015966,0.018709600660238752
20,0.5102805755395684,-0.0063987189726934235,0.18015966,0.01788962795400438
20,0.5102805755395684,-0.005760779331316539,0.18015966,0.017066584763173215
20,0.5102805755395684,-0.005129771249467742,0.18015966,0.0162404308981563
20,0.5102805755395684,-0.004505772341508679,0.18015966,0.015411131527976518
20,0.5102805755395684,-0.0038888542514654793,0.18015966,0.014578654500962712
20,0.5102805755395684,-0.00327906474202223,0.18015966,0.013742978382667442
20,0.5102805755395684,-0.0026765351605601718,0.18015966,0.01290404422836023
20,0.5102805755395684,-0.0020818326889528293,0.18015966,0.012061597503977624
20,0.5102805755395684,-0.0014956498861194607,0.18015966,0.011215327410031645
20,0.5102805755395684,-0.0009186793109793295,0.18015966,0.01036492314703432
20,0.5102805755395684,-0.0003515896411096474,0.18015966,0.009510084632721388
20,0.5102805755395684,0.0002049922382609459,0.18015966,0.008650530539970107
20,0.5102805755395684,0.000750893187402635,0.18015966,0.007786183168908483
20,0.5102805755395684,0.001286065443631335,0.18015966,0.006917021085089056
20,0.5102805755395684,0.0018104970662760258,0.18015966,0.006043038929899977
20,0.5102805755395684,0.002324146262988128,0.18015966,0.005164217948199733
20,0.5102805755395684,0.002826887656721915,0.18015966,0.004280501874563764
20,0.5102805755395684,0.003318016747887109,0.18015966,0.003391574550892236
20,0.5102805755395684,0.00379656634213095,0.18015966,0.0024970019296243345
20,0.5102805755395684,0.004261587156107215,0.18015966,0.001596358001117057
20,0.5102805755395684,0.004712117965798657,0.18015966,0.0006892113971155404
20,0.5102805755395684,0.005147394568259888,0.18015966,-0.0002247808335393807
20,0.5102805755395684,0.005568067730061593,0.18015966,-0.0011453266465012435
20,0.5102805755395684,0.005975361369983489,0.18015966,-0.0020718767840542038
20,0.5102805755395684,0.006370505377140817,0.18015966,-0.0030038793091765117
20,0.5102805755395684,0.006754717699977786,0.18015966,-0.00394078764345826
20,0.5102805755395684,0.007128571490703437,0.18015966,-0.004882344573530085
20,0.5102805755395684,0.00748816812022919,0.18015966,-0.005830299686164858
20,0.5102805755395684,0.007827728303780545,0.18015966,-0.006787246549503665
20,0.5102805755395684,0.008141359320208298,0.18015966,-0.00775582963850029
20,0.5102805755395684,0.008423013219639959,0.18015966,-0.00873876309006271
20,0.5102805755395684,0.008667149530721468,0.18015966,-0.009738533300094793
20,0.5102805755395684,0.008872687622725361,0.18015966,-0.010755625222970015
20,0.5102805755395684,0.009040212588531698,0.18015966,-0.01178977628670716
20,0.5102805755395684,0.009167085539844686,0.18015966,-0.012842170744527674
20,0.5102805755395684,0.009245795794591685,0.18015966,-0.013916179163292604
20,0.5102805755395684,0.00926808637876119,0.18015966,-0.015015507023104361
20,0.5102805755395684,0.009224321170838701,0.18015966,-0.016144478723735388
20,0.5102805755395684,0.009163932888000258,0.18015966,-0.016726244757652116
20,0.5102805755395684,0.009063829933343669,0.18015966,-0.017325833534621065
20,0.5102805755395684,0.008906423698453982,0.18015966,-0.01795113828991461
20,0.5102805755395684,0.008657002652671145,0.18015966,-0.018617736508214897
20,0.5102805755395684,0.00837406022895836,0.18015966,-0.019188444986709532
20,0.5102805755395684,0.008210773411145338,0.18015966,-0.01948358940982829
20,0.5102805755395684,0.008006404714682188,0.18015966,-0.019797170137057438
20,0.5102805755395684,0.00786149067519949,0.18015966,-0.019973136293219326
20,0.5102805755395684,0.007758301353416063,0.18015966,-0.020074911098579482
20,0.5102805755395684,0.007685786636894346,0.18015966,-0.020135186789241366
20,0.5102805755395684,0.007556499999999999,0.18015966,-0.02022094
20,0.5102805755395684,0.007267325820939176,0.18015966,-0.020322979341936817
20,0.5102805755395684,0.00718103558320791,0.18015966,-0.020333970509730438
20,0.5102805755395684,0.007048701139423986,0.18015966,-0.02033789164403761
20,0.5102805755395684,0.006845986423452186,0.18015966,-0.020317930755007197
20,0.5102805755395684,0.0065378137569802606,0.18015966,-0.020234363083332322
20,0.5102805755395684,0.006294508785833673,0.18015966,-0.020121684752718427
20,0.5102805755395684,0.005931795246061567,0.18015966,-0.019840727134812986
20,0.5102805755395684,0.0055852991935003695,0.18015966,-0.019441558479391732
20,0.5102805755395684,0.005263747202703485,0.18015966,-0.019031195683791254
20,0.5102805755395684,0.004965563105096051,0.18015966,-0.018610346084777307
20,0.5102805755395684,0.004693744009104511,0.18015966,-0.018177664670772593
20,0.5102805755395684,0.004199850652597797,0.18015966,-0.01728997786574706
20,0.5102805755395684,0.003730596870744343,0.18015966,-0.01639123356514478
20,0.5102805755395684,0.0032813078908391557,0.18015966,-0.015483529665509633
20,0.5102805755395684,0.002850383662965331,0.18015966,-0.014567584220831098
20,0.5102805755395684,0.0024351554471495193,0.18015966,-0.013644594880860277
20,0.5102805755395684,0.002033050028786546,0.18015966,-0.01271571642645338
20,0.5102805755395684,0.0016415598669618555,0.18015966,-0.011782074166101372
20,0.5102805755395684,0.0012582908571356,0.18015966,-0.010844742501482546
20,0.5102805755395684,0.0008813086106022648,0.18015966,-0.009904589527718501
20,0.5102805755395684,0.0005088220267085971,0.18015966,-0.008962419036588502
20,0.5102805755395684,0.00013902806413032022,0.18015966,-0.008019040178483674
20,0.5102805755395684,-0.0002298763184568394,0.18015966,-0.007075262103795148
20,0.5102805755395684,-0.0005993956456016181,0.18015966,-0.006131759997617501
20,0.5102805755395684,-0.000969661264685253,0.18015966,-0.005188592804681213
20,0.5102805755395684,-0.0013404224216162844,0.18015966,-0.004245647994137194
20,0.5102805755395684,-0.0017114343326387737,0.18015966,-0.0033028157144422594
20,0.5102805755395684,-0.0020824402733257523,0.18015966,-0.002359980755441405
20,0.5102805755395684,-0.002453243222605362,0.18015966,-0.0014170547000389028
20,0.5102805755395684,-0.002823837210142094,0.18015966,-0.0004740348689288125
20,0.5102805755395684,-0.003194305820633096,0.18015966,0.00046904122760582645
20,0.5102805755395684,-0.003564702787097968,0.18015966,0.0014121494758116346
20,0.5102805755395684,-0.00393509975356284,0.18015966,0.0023552577240174392
20,0.5102805755395684,-0.0043055564233828204,0.18015966,0.003298339179163938
20,0.5102805755395684,-0.004676066826222401,0.18015966,0.004241396520557061
20,0.5102805755395684,-0.005046613051075044,0.18015966,0.005184437786114597
20,0.5102805755395684,-0.005417171216598706,0.18015966,0.006127473693060267
20,0.5102805755395684,-0.005787735352457883,0.18015966,0.00707050692070001
20,0.5102805755395684,-0.006158281577310526,0.18015966,0.008013548186257546
20,0.5102805755395684,-0.006528815861492147,0.18015966,0.008956594810426943
20,0.5102805755395684,-0.006899344175338261,0.18015966,0.009899644113902276
20,0.5102805755395684,-0.007269860548513349,0.18015966,0.010842698775989465
20,0.5102805755395684,-0.007640382892023945,0.18015966,0.011785750758770717
20,0.5102805755395684,-0.008010905235534545,0.18015966,0.01272880274155197
20,0.5102805755395684,-0.008381433549380654,0.18015966,0.013671852045027306
20,0.5102805755395684,-0.008751961863226769,0.18015966,0.014614901348502643
20,0.5102805755395684,-0.00912249017707288,0.18015966,0.015557950651977966
20,0.5102805755395684,-0.00949301849091899,0.18015966,0.016500999955453295
20,0.5102805755395684,-0.009863546804765097,0.18015966,0.01744404925892861
20,0.5102805755395684,-0.010234075118611212,0.18015966,0.01838709856240394
20,0.5102805755395684,-0.010604603432457322,0.18015966,0.019330147865879277
20,0.5102805755395684,-0.010975131746303437,0.18015966,0.0202731971693546
20,0.5102805755395684,-0.011345660060149544,0.18015966,0.02121624647282993
20,0.5102805755395684,-0.011716188373995658,0.18015966,0.022159295776305266
20,0.5102805755395684,-0.012086716687841762,0.18015966,0.02310234507978058
20,0.5102805755395684,-0.01245724500168788,0.18015966,0.024045394383255918
20,0.5102805755395684,-0.012642512143778687,0.18015966,0.02451691769534061
20,0.5102805755395684,-0.012827779285869497,0.18015966,0.02498844100742531
20,0.5102805755395684,-0.013013040457624797,0.18015966,0.02545996699881594
20,0.5102805755395684,-0.013198301629380097,0.18015966,0.02593149299020657
21,0.5322661870503598,-0.012772968414148003,0.1879219,0.02625777380090524
21,0.5322661870503598,-0.012435402356697125,0.1879219,0.025852695166327506
21,0.5322661870503598,-0.012098138647782523,0.1879219,0.025447486451247853
21,0.5322661870503598,-0.011761526151099919,0.1879219,0.025041997562779455
21,0.5322661870503598,-0.011425896287160234,0.1879219,0.02463608591267982
21,0.5322661870503598,-0.010758828738024334,0.1879219,0.023822458996290503
21,0.5322661870503598,-0.010098098879360536,0.1879219,0.02300610539245714
21,0.5322661870503598,-0.009443462506581835,0.1879219,0.022187130166200508
21,0.5322661870503598,-0.008794657971916444,0.1879219,0.02136564588718572
21,0.5322661870503598,-0.008151766676893366,0.1879219,0.0205416175337392
21,0.5322661870503598,-0.00751499793973003,0.1879219,0.01971495505012884
21,0.5322661870503598,-0.006884549449854006,0.1879219,0.01888557338371877
21,0.5322661870503598,-0.006260601453508077,0.1879219,0.01805339498651747
21,0.5322661870503598,-0.005643316753750236,0.1879219,0.017218349815177742
21,0.5322661870503598,-0.00503278256650442,0.1879219,0.016380400346477895
21,0.5322661870503598,-0.004429074478904698,0.1879219,0.015539514060292439
21,0.5322661870503598,-0.003832262263690207,0.1879219,0.014695660938044
21,0.5322661870503598,-0.0032423924360203806,0.1879219,0.013848820967347675
21,0.5322661870503598,-0.0026595929125836455,0.1879219,0.012998939114144983
21,0.5322661870503598,-0.0020844160608982096,0.1879219,0.012145777731365073
21,0.5322661870503598,-0.0015175363507757842,0.1879219,0.011289046639426762
21,0.5322661870503598,-0.0009596282520280769,0.1879219,0.010428455658748854
21,0.5322661870503598,-0.0004113429768870854,0.1879219,0.009563724615942598
21,0.5322661870503598,0.00012670896317969627,0.1879219,0.00869459084845604
21,0.5322661870503598,0.0006543589507193399,0.1879219,0.00782098181139389
21,0.5322661870503598,0.001171560470572419,0.1879219,0.006942877492371224
21,0.5322661870503598,0.0016783018939490746,0.1879219,0.006060272888291824
21,0.5322661870503598,0.002174542520084811,0.1879219,0.00517315048831889
21,0.5322661870503598,0.0026601602466861237,0.1879219,0.004281457759942028
21,0.5322661870503598,0.0031344689751514505,0.1879219,0.003384899520483823
21,0.5322661870503598,0.0035965267735023655,0.1879219,0.0024830705191498242
21,0.5322661870503598,0.004045409152945237,0.1879219,0.00157557300978994
21,0.5322661870503598,0.004480179995896568,0.1879219,0.0006620042431578523
21,0.5322661870503598,0.004900095059805511,0.1879219,-0.0002579559789050133
21,0.5322661870503598,0.005305788113719275,0.1879219,-0.0011840349876542436
21,0.5322661870503598,0.005698451108598204,0.1879219,-0.002115719965726511
21,0.5322661870503598,0.00607928180979758,0.1879219,-0.0030524955942103846
21,0.5322661870503598,0.00644946635388282,0.1879219,-0.0039938515572906265
21,0.5322661870503598,0.006809562922767063,0.1879219,-0.004939547706348324
21,0.5322661870503598,0.00715577471656198,0.1879219,-0.005891217552301792
21,0.5322661870503598,0.007482473400976757,0.1879219,-0.0068512825937251925
21,0.5322661870503598,0.007783920168216934,0.1879219,-0.007822211858606848
21,0.5322661870503598,0.008054225036219914,0.1879219,-0.00880653941518605
21,0.5322661870503598,0.008287992246492022,0.1879219,-0.00980658670011241
21,0.5322661870503598,0.008484169393551193,0.1879219,-0.010822806493594524
21,0.5322661870503598,0.008643326288100425,0.1879219,-0.011854953643917237
21,0.5322661870503598,0.008762892967581308,0.1879219,-0.012904133835346858
21,0.5322661870503598,0.008835554923173752,0.1879219,-0.013973494015410547
21,0.5322661870503598,0.008853270846691602,0.1879219,-0.015066493825149704
21,0.5322661870503598,0.008806656304720216,0.1879219,-0.01618717076322001
21,0.5322661870503598,0.008745849093642979,0.1879219,-0.01676364296681515
21,0.5322661870503598,0.008646364527501171,0.1879219,-0.017356755468463332
21,0.5322661870503598,0.008491073398835348,0.1879219,-0.01797387782890782
21,0.5322661870503598,0.008246170815531048,0.1879219,-0.018629554048882283
21,0.5322661870503598,0.007969021651736064,0.1879219,-0.019189041652011723
21,0.5322661870503598,0.007809201270769731,0.1879219,-0.01947792611038429
21,0.5322661870503598,0.007609372038300193,0.1879219,-0.019784023721327954
21,0.5322661870503598,0.007467843797561948,0.1879219,-0.019954976106650296
21,0.5322661870503598,0.0073671500792982245,0.1879219,-0.020053329018227282
21,0.5322661870503598,0.0072964295803368,0.1879219,-0.02011127089860655
21,0.5322661870503598,0.007170419999999999,0.1879219,-0.020193
21,0.5322661870503598,0.006888898639796248,0.1879219,-0.020286604405903203
21,0.5322661870503598,0.006804962048053747,0.1879219,-0.020295201203803057
21,0.5322661870503598,0.006676283700781955,0.1879219,-0.020295531863767598
21,0.5322661870503598,0.006479262982411709,0.1879219,-0.02027023461891972
21,0.5322661870503598,0.006179938039056945,0.1879219,-0.020178889910450058
21,0.5322661870503598,0.00594378649660064,0.1879219,-0.0200603658817239
21,0.5322661870503598,0.005592143735244853,0.1879219,-0.019771405697813882
21,0.5322661870503598,0.005256694117547954,0.1879219,-0.01936541649972272
21,0.5322661870503598,0.004945537041862447,0.1879219,-0.018948975833612082
21,0.5322661870503598,0.004657137507927199,0.1879219,-0.018522744108184004
21,0.5322661870503598,0.004394414341996333,0.1879219,-0.01808546554628536
21,0.5322661870503598,0.003917413548679099,0.1879219,-0.017190065523603842
21,0.5322661870503598,0.003464408763231901,0.1879219,-0.01628434161185665
21,0.5322661870503598,0.003030847314425703,0.1879219,-0.015370252523216887
21,0.5322661870503598,0.002615170944419656,0.1879219,-0.01444846867257906
21,0.5322661870503598,0.002214780618680713,0.1879219,-0.013520108251950037
21,0.5322661870503598,0.001827170332994673,0.1879219,-0.012586249428566867
21,0.5322661870503598,0.0014498980414915565,0.1879219,-0.011647942852637351
21,0.5322661870503598,0.001080632171805024,0.1879219,-0.010706191644955124
21,0.5322661870503598,0.0007174888599782332,0.1879219,-0.009761806307109062
21,0.5322661870503598,0.0003587237875326225,0.1879219,-0.008815537303533301
21,0.5322661870503598,2.5810071997787315e-06,0.1879219,-0.007868140101758214
21,0.5322661870503598,-0.0003526954282887136,0.1879219,-0.006920370169314172
21,0.5322661870503598,-0.0007085707464548454,0.1879219,-0.00597285789632585
21,0.5322661870503598,-0.0010651728639870439,0.1879219,-0.005025658316851752
21,0.5322661870503598,-0.0014222575762983082,0.1879219,-0.004078666365871106
21,0.5322661870503598,-0.001779586493196571,0.1879219,-0.003131779479911237
21,0.5322661870503598,-0.002136909595699908,0.1879219,-0.00218489009240325
21,0.5322661870503598,-0.0024940350087756706,0.1879219,-0.0012379156522593984
21,0.5322661870503598,-0.00285095691802894,0.1879219,-0.00029085365793156057
21,0.5322661870503598,-0.0032077567249887045,0.1879219,0.0006562608689066642
21,0.5322661870503598,-0.0035644867592093303,0.1879219,0.0016034054143222523
21,0.5322661870503598,-0.003921216793429956,0.1879219,0.0025505499597378474
21,0.5322661870503598,-0.004278004971599868,0.1879219,0.003497669489672301
21,0.5322661870503598,-0.004634845479324135,0.1879219,0.004444766505673731
21,0.5322661870503598,-0.004991720873417974,0.1879219,0.005391848512386478
21,0.5322661870503598,-0.0053486078963016674,0.1879219,0.0063389255160029925
21,0.5322661870503598,-0.005705500733580292,0.1879219,0.007286000018071399
21,0.5322661870503598,-0.00606237612767413,0.1879219,0.008233082024784146
21,0.5322661870503598,-0.006419239892978111,0.1879219,0.009180169034593122
21,0.5322661870503598,-0.006776097843887166,0.1879219,0.010127258545950212
21,0.5322661870503598,-0.007132944166006361,0.1879219,0.011074353060403535
21,0.5322661870503598,-0.0074897963025204834,0.1879219,0.012021445073308722
21,0.5322661870503598,-0.007846648439034608,0.1879219,0.01296853708621393
21,0.5322661870503598,-0.008203506389943663,0.1879219,0.013915626597571017
21,0.5322661870503598,-0.008560364340852712,0.1879219,0.014862716108928104
21,0.5322661870503598,-0.008917222291761766,0.1879219,0.01580980562028519
21,0.5322661870503598,-0.009274080242670821,0.1879219,0.016756895131642285
21,0.5322661870503598,-0.009630938193579873,0.1879219,0.017703984642999365
21,0.5322661870503598,-0.009987796144488924,0.1879219,0.01865107415435646
21,0.5322661870503598,-0.010344654095397976,0.1879219,0.019598163665713545
21,0.5322661870503598,-0.010701512046307031,0.1879219,0.020545253177070632
21,0.5322661870503598,-0.011058369997216086,0.1879219,0.021492342688427726
21,0.5322661870503598,-0.011415227948125134,0.1879219,0.022439432199784812
21,0.5322661870503598,-0.011772085899034185,0.1879219,0.0233865217111419
21,0.5322661870503598,-0.01212894384994324,0.1879219,0.02433361122249898
21,0.5322661870503598,-0.01230737573259523,0.1879219,0.024807154727403472
21,0.5322661870503598,-0.012485807615247223,0.1879219,0.02528069823230796
21,0.5322661870503598,-0.012664233683504285,0.1879219,0.025754244238760566
21,0.5322661870503598,-0.012842659751761347,0.1879219,0.026227790245213167
22,0.5542517985611511,-0.012445915819218441,0.19568414,0.026517695800032205
22,0.5542517985611511,-0.012118874589281688,0.19568414,0.026106464356674335
22,0.5542517985611511,-0.011792127890891343,0.19568414,0.025695111222594578
22,0.5542517985611511,-0.011466015568139403,0.19568414,0.02528349598542153
22,0.5542517985611511,-0.01114086047291328,0.19568414,0.02487148525340237
22,0.5542517985611511,-0.01049463407563329,0.19568414,0.024045776500701024
22,0.5542517985611511,-0.00985458151269139,0.19568414,0.02321751692325254
22,0.5542517985611511,-0.009220464893223174,0.19568414,0.022386804809716884
22,0.5542517985611511,-0.008592029334159638,0.19568414,0.021553745469372613
22,0.5542517985611511,-0.007969354132455586,0.19568414,0.02071830613933306
22,0.5542517985611511,-0.007352643194566222,0.19568414,0.019880402572175406
22,0.5542517985611511,-0.006742089098810348,0.19568414,0.01903995520088916
22,0.5542517985611511,-0.006137867431302165,0.19568414,0.01819689147908245
22,0.5542517985611511,-0.0055401367859512765,0.19568414,0.01735114588098195
22,0.5542517985611511,-0.004948982123780677,0.19568414,0.016502683303494806
22,0.5542517985611511,-0.004364477077676977,0.19568414,0.01565147332394055
22,0.5542517985611511,-0.0037866896164585754,0.19568414,0.014797487859844905
22,0.5542517985611511,-0.003215665052671071,0.19568414,0.01394070818955834
22,0.5542517985611511,-0.002651527995814866,0.19568414,0.013081082828544695
22,0.5542517985611511,-0.002094816532368967,0.19568414,0.012218389457215897
22,0.5542517985611511,-0.0015461876942445855,0.19568414,0.011352356611653906
22,0.5542517985611511,-0.001006298513352927,0.19568414,0.010482712827940662
22,0.5542517985611511,-0.0004757833653324063,0.19568414,0.00960919600298291
22,0.5542517985611511,4.476302265596886e-05,0.19568414,0.008731560415130676
22,0.5542517985611511,0.0005551763926343991,0.19568414,0.007849738198404461
22,0.5542517985611511,0.001055411432057285,0.19568414,0.006963710631154724
22,0.5542517985611511,0.001545456812788221,0.19568414,0.006073473032969106
22,0.5542517985611511,0.002025272886349811,0.19568414,0.005179009022404261
22,0.5542517985611511,0.002494740707309851,0.19568414,0.004280269455130208
22,0.5542517985611511,0.0029531919156207303,0.19568414,0.0033769781868165233
22,0.5542517985611511,0.003399708932234042,0.19568414,0.002468756104060412
22,0.5542517985611511,0.003833391170305965,0.19568414,0.0015552311140776647
22,0.5542517985611511,0.00425332671485629,0.19568414,0.0006360264436716737
22,0.5542517985611511,0.004658790565155407,0.19568414,-0.00028915745354987643
22,0.5542517985611511,0.005050400104637123,0.19568414,-0.001220065495112277
22,0.5542517985611511,0.005429316467282457,0.19568414,-0.0021562179387465616
22,0.5542517985611511,0.0057967064511406236,0.19568414,-0.0030971327019775896
22,0.5542517985611511,0.006153725526124442,0.19568414,-0.00404233238274259
22,0.5542517985611511,0.006500917442781117,0.19568414,-0.004991592321247315
22,0.5542517985611511,0.006834583564575998,0.19568414,-0.005946440672133867
22,0.5542517985611511,0.007149241073491405,0.19568414,-0.006909142754994208
22,0.5542517985611511,0.007439299534213857,0.19568414,-0.007882008353337909
22,0.5542517985611511,0.007699021245656671,0.19568414,-0.008867408096035485
22,0.5542517985611511,0.00792314995253017,0.19568414,-0.009867513694431302
22,0.5542517985611511,0.008110660458490144,0.19568414,-0.010882748725845751
22,0.5542517985611511,0.008262107842220194,0.19568414,-0.011912883850072213
22,0.5542517985611511,0.00837498858557589,0.19568414,-0.01295895343824669
22,0.5542517985611511,0.008442177290761526,0.19568414,-0.014023901469756248
22,0.5542517985611511,0.00845584055145639,0.19568414,-0.015110964449761725
22,0.5542517985611511,0.00840683656158555,0.19568414,-0.016223919471053852
22,0.5542517985611511,0.008345804158793702,0.19568414,-0.016795490141522606
22,0.5542517985611511,0.008247094374334912,0.19568414,-0.01738262786356753
22,0.5542517985611511,0.008094020863291737,0.19568414,-0.017992226884624502
22,0.5542517985611511,0.007853652733148904,0.19568414,-0.018637893163482435
22,0.5542517985611511,0.007582231196279494,0.19568414,-0.019187118867043697
22,0.5542517985611511,0.007425823922641691,0.19568414,-0.019470282832242752
22,0.5542517985611511,0.007230442195719125,0.19568414,-0.0197695497562355
22,0.5542517985611511,0.007092213596149858,0.19568414,-0.01993593207393402
22,0.5542517985611511,0.0069939435053053035,0.19568414,-0.02003116944414653
22,0.5542517985611511,0.0069249615649099395,0.19568414,-0.0200869882117427
22,0.5542517985611511,0.006802119999999999,0.19568414,-0.020165060000000002
22,0.5542517985611511,0.0065279670247662125,0.19568414,-0.020251013263602898
22,0.5542517985611511,0.006446290415107602,0.19568414,-0.020257441640455714
22,0.5542517985611511,0.006321118679527133,0.19568414,-0.020254523064234253
22,0.5542517985611511,0.006129551244078443,0.19568414,-0.020224401592157246
22,0.5542517985611511,0.005838684044160393,0.19568414,-0.02012603668916741
22,0.5542517985611511,0.005609356945236231,0.19568414,-0.02000224544592275
22,0.5542517985611511,0.005268243490676002,0.19568414,-0.019706099000577623
22,0.5542517985611511,0.004943263981564081,0.19568414,-0.01929401572216657
22,0.5542517985611511,0.0046419489493920996,0.19568414,-0.018872155062293516
22,0.5542517985611511,0.004362803080155239,0.19568414,-0.018441134835392628
22,0.5542517985611511,0.0041086697360899396,0.19568414,-0.017999780257956503
22,0.5542517985611511,0.00364759606420242,0.19568414,-0.017097572505108804
22,0.5542517985611511,0.003209898001776639,0.19568414,-0.016185706721314794
22,0.5542517985611511,0.002791140583411931,0.19568414,-0.015266015288021278
22,0.5542517985611511,0.0023898058388306725,0.19568414,-0.014339125380487185
22,0.5542517985611511,0.0020033619295474316,0.19568414,-0.013406083070879465
22,0.5542517985611511,0.0016293676421679686,0.19568414,-0.012467896988066031
22,0.5542517985611511,0.0012654440680482512,0.19568414,-0.011525550018646694
22,0.5542517985611511,0.0009093199158400466,0.19568414,-0.01057998058530367
22,0.5542517985611511,0.0005591600274465281,0.19568414,-0.009631946914842527
22,0.5542517985611511,0.00021326518240767037,0.19568414,-0.00868215106912028
22,0.5542517985611511,-0.0001300751678729511,0.19568414,-0.0077312997904063225
22,0.5542517985611511,-0.00047257157199175753,0.19568414,-0.006780099820970054
22,0.5542517985611511,-0.0008156513751351744,0.19568414,-0.005829140892771353
22,0.5542517985611511,-0.0011594391868036012,0.19568414,-0.004878474490346412
22,0.5542517985611511,-0.001503697116132634,0.19568414,-0.003928002325035245
22,0.5542517985611511,-0.0018481929363260699,0.19568414,-0.0029776284483840586
22,0.5542517985611511,-0.0021926830924513087,0.19568414,-0.00202725223152668
22,0.5542517985611511,-0.002536980670257742,0.19568414,-0.001076796447658842
22,0.5542517985611511,-0.0028810800056771743,0.19568414,-0.00012625875657435587
22,0.5542517985611511,-0.003225060395664405,0.19568414,0.000824328078840128
22,0.5542517985611511,-0.0035689728168332322,0.19568414,0.001774942996728885
22,0.5542517985611511,-0.003912885238002061,0.19568414,0.0027255579146176455
22,0.5542517985611511,-0.004256854299852891,0.19568414,0.0036761494304445134
22,0.5542517985611511,-0.00460087433831752,0.19568414,0.00462671988441566
22,0.5542517985611511,-0.004944928361191353,0.19568414,0.0055772762971496755
22,0.5542517985611511,-0.005288993712201582,0.19568414,0.006527828029471296
22,0.5542517985611511,-0.0056330647272800115,0.19568414,0.007478377421586739
22,0.5542517985611511,-0.005977118750153843,0.19568414,0.008428933834320747
22,0.5542517985611511,-0.0063211614448912745,0.19568414,0.009379494927467143
22,0.5542517985611511,-0.006665198475560506,0.19568414,0.010330058360819721
22,0.5542517985611511,-0.007009224178093336,0.19568414,0.011280626474584683
22,0.5542517985611511,-0.007353255544694365,0.19568414,0.012231192248143449
22,0.5542517985611511,-0.007697286911295395,0.19568414,0.013181758021702215
22,0.5542517985611511,-0.008041323941964624,0.19568414,0.0141323214550548
22,0.5542517985611511,-0.008385360972633853,0.19568414,0.015082884888407377
22,0.5542517985611511,-0.008729398003303086,0.19568414,0.01603344832175996
22,0.5542517985611511,-0.009073435033972316,0.19568414,0.01698401175511254
22,0.5542517985611511,-0.009417472064641545,0.19568414,0.017934575188465116
22,0.5542517985611511,-0.009761509095310778,0.19568414,0.0188851386218177
22,0.5542517985611511,-0.010105546125980008,0.19568414,0.019835702055170278
22,0.5542517985611511,-0.010449583156649237,0.19568414,0.020786265488522856
22,0.5542517985611511,-0.010793620187318467,0.19568414,0.02173682892187544
22,0.5542517985611511,-0.011137657217987703,0.19568414,0.022687392355228018
22,0.5542517985611511,-0.011481694248656929,0.19568414,0.023637955788580595
22,0.5542517985611511,-0.011825731279326158,0.19568414,0.02458851922193318
22,0.5542517985611511,-0.011997752626694873,0.19568414,0.02506379976850637
22,0.5542517985611511,-0.012169773974063592,0.19568414,0.025539080315079576
22,0.5542517985611511,-0.012341789657364103,0.19568414,0.026014363201858955
22,0.5542517985611511,-0.012513805340664621,0.19568414,0.026489646088638342
23,0.5762374100719425,-0.012143027060194498,0.20344638,0.026749617061054592
23,0.5762374100719425,-0.011826021837461535,0.20344638,0.026332832854698677
23,0.5762374100719425,-0.011509303481150734,0.20344638,0.025915934646889665
23,0.5762374100719425,-0.01119320299097999,0.20344638,0.025498790897489357
23,0.5762374100719425,-0.010878034816681295,0.20344638,0.025081276643366467
23,0.5762374100719425,-0.010251675981360517,0.20344638,0.024244667461126714
23,0.5762374100719425,-0.009631330307581351,0.20344638,0.023405668633043098
23,0.5762374100719425,-0.00901676609554128,0.20344638,0.02256437223721235
23,0.5762374100719425,-0.008407735095451885,0.20344638,0.021720876928738118
23,0.5762374100719425,-0.007804314540580675,0.20344638,0.020875152014921478
23,0.5762374100719425,-0.0072067030307583786,0.20344638,0.02002711857167953
23,0.5762374100719425,-0.006615088132491809,0.20344638,0.019176702059600623
23,0.5762374100719425,-0.006029640862301865,0.20344638,0.018323834516280033
23,0.5762374100719425,-0.005450515686723558,0.20344638,0.01746845455631992
23,0.5762374100719425,-0.0048777953556863665,0.20344638,0.016610529294685736
23,0.5762374100719425,-0.004311551585795834,0.20344638,0.015750030231014223
23,0.5762374100719425,-0.0037518505769955305,0.20344638,0.014886931057277727
23,0.5762374100719425,-0.003198736462581179,0.20344638,0.014021214234791152
23,0.5762374100719425,-0.0026523306091160073,0.20344638,0.013152831532170516
23,0.5762374100719425,-0.0021131570994866664,0.20344638,0.012281574677530317
23,0.5762374100719425,-0.001581855866481071,0.20344638,0.011407189359936728
23,0.5762374100719425,-0.0010590668428871325,0.20344638,0.0105294212684559
23,0.5762374100719425,-0.0005454078948449129,0.20344638,0.009648024861496542
23,0.5762374100719425,-4.145827186071392e-05,0.20344638,0.008762769943816813
23,0.5762374100719425,0.0004526220428684889,0.20344638,0.007873592937683253
23,0.5762374100719425,0.0009367889160469762,0.20344638,0.00698047630441076
23,0.5762374100719425,0.001411031314350819,0.20344638,0.006083415659328066
23,0.5762374100719425,0.001875310621146261,0.20344638,0.00518239565608572
23,0.5762374100719425,0.0023295109865320443,0.20344638,0.004277370255635352
23,0.5762374100719425,0.0027729814443963243,0.20344638,0.0033680807623718417
23,0.5762374100719425,0.003204828295500805,0.20344638,0.002454172017922064
23,0.5762374100719425,0.0036241743905930882,0.20344638,0.0015352954409198066
23,0.5762374100719425,0.0040301315470968385,0.20344638,0.0006110980653275845
23,0.5762374100719425,0.004421993632280571,0.20344638,-0.00031870072781609374
23,0.5762374100719425,0.004800361962298441,0.20344638,-0.001253861973926837
23,0.5762374100719425,0.005166367452853231,0.20344638,-0.002193936244199144
23,0.5762374100719425,0.005521146536309688,0.20344638,-0.0031384719174918814
23,0.5762374100719425,0.005865824611708627,0.20344638,-0.004087021757335194
23,0.5762374100719425,0.0062009312785986665,0.20344638,-0.005039375299507959
23,0.5762374100719425,0.0065228641567168025,0.20344638,-0.00599696413918087
23,0.5762374100719425,0.006826283117281126,0.20344638,-0.006961910457250128
23,0.5762374100719425,0.007105743214932394,0.20344638,-0.007936378088989036
23,0.5762374100719425,0.007355656071100283,0.20344638,-0.008922587870397443
23,0.5762374100719425,0.007570902223481473,0.20344638,-0.009922574288946093
23,0.5762374100719425,0.007750483156260338,0.20344638,-0.010936734157385204
23,0.5762374100719425,0.007894939502309427,0.20344638,-0.011964852626822392
23,0.5762374100719425,0.008001832897040307,0.20344638,-0.013007898709609026
23,0.5762374100719425,0.008064223379701276,0.20344638,-0.014068630363975916
23,0.5762374100719425,0.008074481406795045,0.20344638,-0.015150079590108447
23,0.5762374100719425,0.008023703085910449,0.20344638,-0.01625578481772405
23,0.5762374100719425,0.007962734214126278,0.20344638,-0.01682277690021995
23,0.5762374100719425,0.007865068506952372,0.20344638,-0.017404352399370347
23,0.5762374100719425,0.007714453878240473,0.20344638,-0.018006969935960602
23,0.5762374100719425,0.007478816455327331,0.20344638,-0.01864337574938176
23,0.5762374100719425,0.007213238749348794,0.20344638,-0.01918312732896165
23,0.5762374100719425,0.007060292013540206,0.20344638,-0.01946101391316764
23,0.5762374100719425,0.006869385126751944,0.20344638,-0.019753985958888914
23,0.5762374100719425,0.0067344489336758585,0.20344638,-0.019916162527900523
23,0.5762374100719425,0.006638583819674093,0.20344638,-0.0200085358600956
23,0.5762374100719425,0.006571320879148609,0.20344638,-0.0200624044702637
23,0.5762374100719425,0.0064516,0.20344638,-0.020137119999999998
23,0.5762374100719425,0.00618465804203694,0.20344638,-0.02021606527503129
23,0.5762374100719425,0.006105183290961149,0.20344638,-0.02022051060046047
23,0.5762374100719425,0.005983421607114174,0.20344638,-0.02021462271679267
23,0.5762374100719425,0.005797144640628781,0.20344638,-0.02018009708255632
23,0.5762374100719425,0.005514457131064316,0.20344638,-0.020075332666563805
23,0.5762374100719425,0.005291708153747223,0.20344638,-0.019946748523879895
23,0.5762374100719425,0.004960691968206223,0.20344638,-0.019644084889381852
23,0.5762374100719425,0.004645694810428437,0.20344638,-0.019226502672854227
23,0.5762374100719425,0.004353746266339516,0.20344638,-0.01879976087803699
23,0.5762374100719425,0.004083389937180757,0.20344638,-0.018364438281538192
23,0.5762374100719425,0.0038373951872584825,0.20344638,-0.01791943433086828
23,0.5762374100719425,0.003391370514904508,0.20344638,-0.017011159889004503
23,0.5762374100719425,0.002968113106479194,0.20344638,-0.01609383767796858
23,0.5762374100719425,0.002563303415664117,0.20344638,-0.015169184296563946
23,0.5762374100719425,0.0021754629770527126,0.20344638,-0.014237787290741205
23,0.5762374100719425,0.0018021258427467247,0.20344638,-0.013300626634529907
23,0.5762374100719425,0.0014409143314393306,0.20344638,-0.012358647224589417
23,0.5762374100719425,0.0010895114451053211,0.20344638,-0.011412769841887091
23,0.5762374100719425,0.0007457050022968183,0.20344638,-0.010463873613013205
23,0.5762374100719425,0.000407707604537233,0.20344638,-0.009512668854714003
23,0.5762374100719425,7.386425323712992e-05,0.20344638,-0.008559813267680459
23,0.5762374100719425,-0.00025749108351685694,0.20344638,-0.007605968937274818
23,0.5762374100719425,-0.0005880244376380902,0.20344638,-0.006651797948859332
23,0.5762374100719425,-0.0009191260079416969,0.20344638,-0.005697852771014408
23,0.5762374100719425,-0.001250917160990901,0.20344638,-0.004744181635124058
23,0.5762374100719425,-0.001583166196983182,0.20344638,-0.0037906924630915426
23,0.5762374100719425,-0.0019156469327779833,0.20344638,-0.002837295369155765
23,0.5762374100719425,-0.0022481221519108224,0.20344638,-0.0018838960828843482
23,0.5762374100719425,-0.002580409804536856,0.20344638,-0.0009304222572012952
23,0.5762374100719425,-0.0029125043739941237,0.20344638,2.3128300229047216e-05
23,0.5762374100719425,-0.0032444830935501306,0.20344638,0.0009767248967077514
23,0.5762374100719425,-0.0035763956131625602,0.20344638,0.0019303478012140975
23,0.5762374100719425,-0.00390830813277499,0.20344638,0.0028839707057204435
23,0.5762374100719425,-0.004240275819007067,0.20344638,0.0038375716868704196
23,0.5762374100719425,-0.0045722931551968275,0.20344638,0.004791152936999676
23,0.5762374100719425,-0.0049043435913583774,0.20344638,0.005744721033115106
23,0.5762374100719425,-0.0052364050608438555,0.20344638,0.006698284744559257
23,0.5762374100719425,-0.005568472046991299,0.20344638,0.007651846263667779
23,0.5762374100719425,-0.005900522483152848,0.20344638,0.008605414359783209
23,0.5762374100719425,-0.006232561885990468,0.20344638,0.009558986840569918
23,0.5762374100719425,-0.006564595772166122,0.20344638,0.010512561513692259
23,0.5762374100719425,-0.006896618625017848,0.20344638,0.011466140571485876
23,0.5762374100719425,-0.007228646994531535,0.20344638,0.01241971743694385
23,0.5762374100719425,-0.007560675364045227,0.20344638,0.013373294302401823
23,0.5762374100719425,-0.007892709250220883,0.20344638,0.014326868975524171
23,0.5762374100719425,-0.008224743136396536,0.20344638,0.015280443648646506
23,0.5762374100719425,-0.008556777022572192,0.20344638,0.016234018321768847
23,0.5762374100719425,-0.008888810908747848,0.20344638,0.017187592994891195
23,0.5762374100719425,-0.009220844794923503,0.20344638,0.01814116766801353
23,0.5762374100719425,-0.009552878681099155,0.20344638,0.019094742341135864
23,0.5762374100719425,-0.009884912567274811,0.20344638,0.020048317014258212
23,0.5762374100719425,-0.010216946453450467,0.20344638,0.021001891687380553
23,0.5762374100719425,-0.01054898033962612,0.20344638,0.021955466360502888
23,0.5762374100719425,-0.010881014225801776,0.20344638,0.022909041033625236
23,0.5762374100719425,-0.011213048111977429,0.20344638,0.02386261570674757
23,0.5762374100719425,-0.011545081998153085,0.20344638,0.02481619037986991
23,0.5762374100719425,-0.011711101699571893,0.20344638,0.025292976620263263
23,0.5762374100719425,-0.011877121400990702,0.20344638,0.025769762860656614
23,0.5762374100719425,-0.01204313558574755,0.20344638,0.026246551293385604
23,0.5762374100719425,-0.012209149770504394,0.20344638,0.026723339726114594
24,0.5982230215827339,-0.011863607512847056,0.21120862,0.026956884437734925
24,0.5982230215827339,-0.011556162873636274,0.21120862,0.02653508632141577
24,0.5982230215827339,-0.011248997629066644,0.21120862,0.026113181253084775
24,0.5982230215827339,-0.010942434157570275,0.21120862,0.02569104582657438
24,0.5982230215827339,-0.010636778718657655,0.21120862,0.025268562806025463
24,0.5982230215827339,-0.010029341754991495,0.21120862,0.02442211383414785
24,0.5982230215827339,-0.00942776133284184,0.21120862,0.023573422983560174
24,0.5982230215827339,-0.008831811787306222,0.21120862,0.022722576638579704
24,0.5982230215827339,-0.008241251334560567,0.21120862,0.021869667353832084
24,0.5982230215827339,-0.007656155196239021,0.21120862,0.021014666334544893
24,0.5982230215827339,-0.007076716799400855,0.21120862,0.02015749953701762
24,0.5982230215827339,-0.0065031188251575885,0.21120862,0.019298097031088653
24,0.5982230215827339,-0.005935527835699143,0.21120862,0.01843639505690478
24,0.5982230215827339,-0.005374094274293828,0.21120862,0.017572336024921156
24,0.5982230215827339,-0.004818898735549675,0.21120862,0.016705889083595896
24,0.5982230215827339,-0.004270011068126968,0.21120862,0.01583702749492604
24,0.5982230215827339,-0.003727495747712131,0.21120862,0.01496572657767807
24,0.5982230215827339,-0.0031913957580961046,0.21120862,0.014091969877696335
24,0.5982230215827339,-0.002661829304704001,0.21120862,0.01321571214605273
24,0.5982230215827339,-0.0021393068200533053,0.21120862,0.012336757989648665
24,0.5982230215827339,-0.0016244515691127524,0.21120862,0.011454868823226945
24,0.5982230215827339,-0.001117886816851068,0.21120862,0.01056980606153033
24,0.5982230215827339,-0.0006202143363415119,0.21120862,0.009681339346379447
24,0.5982230215827339,-0.0001319982898402572,0.21120862,0.008789252716981125
24,0.5982230215827339,0.00034660550641051144,0.21120862,0.007893486527021064
24,0.5982230215827339,0.000815554068619849,0.21120862,0.006994024322343584
24,0.5982230215827339,0.0012748366508400178,0.21120862,0.006090861989409765
24,0.5982230215827339,0.001724415642253941,0.21120862,0.005183985130833412
24,0.5982230215827339,0.0021641782104103785,0.21120862,0.004273350554455876
24,0.5982230215827339,0.0025934903443928714,0.21120862,0.0033587155614810335
24,0.5982230215827339,0.003011481622434739,0.21120862,0.0024397469552565505
24,0.5982230215827339,0.0034172977416909193,0.21120862,0.0015161177094384914
24,0.5982230215827339,0.0038100736533686038,0.21120862,0.0005874966841439878
24,0.5982230215827339,0.004189121616812645,0.21120862,-0.00034637938711767555
24,0.5982230215827339,0.004555027286174692,0.21120862,-0.0012852863164754987
24,0.5982230215827339,0.004908892121097758,0.21120862,-0.0022288024661904285
24,0.5982230215827339,0.005251822954198723,0.21120862,-0.0031765041417539663
24,0.5982230215827339,0.0055849158721467335,0.21120862,-0.004127971762196515
24,0.5982230215827339,0.005908686680433149,0.21120862,-0.005083007877650033
24,0.5982230215827339,0.006219626827121936,0.21120862,-0.0060429555585711035
24,0.5982230215827339,0.006512535273508528,0.21120862,-0.007009805757795813
24,0.5982230215827339,0.006782108894384858,0.21120862,-0.007985588506779972
24,0.5982230215827339,0.007022904867222285,0.21120862,-0.008972387312985318
24,0.5982230215827339,0.007229937072270976,0.21120862,-0.009972110858469592
24,0.5982230215827339,0.00740223300126076,0.21120862,-0.01098513141850483
24,0.5982230215827339,0.007540319205630735,0.21120862,-0.012011247429684076
24,0.5982230215827339,0.007641820830931088,0.21120862,-0.013051367984108105
24,0.5982230215827339,0.0076999786760354304,0.21120862,-0.014108080497756054
24,0.5982230215827339,0.007707361918083829,0.21120862,-0.015184229482789403
24,0.5982230215827339,0.007655298577252759,0.21120862,-0.016283134565114616
24,0.5982230215827339,0.007594613911873277,0.21120862,-0.016845852240901578
24,0.5982230215827339,0.0074981882243215035,0.21120862,-0.017422251547128294
24,0.5982230215827339,0.0073501927335812706,0.21120862,-0.01801839172662031
24,0.5982230215827339,0.007119388969581968,0.21120862,-0.018646230837010933
24,0.5982230215827339,0.006859685513441622,0.21120862,-0.019177235194662485
24,0.5982230215827339,0.006710200938856483,0.21120862,-0.019450252809090615
24,0.5982230215827339,0.0065237449310832024,0.21120862,-0.019737423054164562
24,0.5982230215827339,0.006392062553220753,0.21120862,-0.019895728475717973
24,0.5982230215827339,0.006298563981302177,0.21120862,-0.01998546840728371
24,0.5982230215827339,0.006232987794908176,0.21120862,-0.02003754529325012
24,0.5982230215827339,0.00611632,0.21120862,-0.020109179999999997
24,0.5982230215827339,0.005856396056475254,0.21120862,-0.020181704264615498
24,0.5982230215827339,0.005779056510944909,0.21120862,-0.020184335389482985
24,0.5982230215827339,0.0056605966367307935,0.21120862,-0.020175732956296374
24,0.5982230215827339,0.00547943223813447,0.21120862,-0.020137184993249464
24,0.5982230215827339,0.005204629185257308,0.21120862,-0.020026584292672237
24,0.5982230215827339,0.004988203493459811,0.21120862,-0.019893636791925445
24,0.5982230215827339,0.004666852063580896,0.21120862,-0.01958505971062341
24,0.5982230215827339,0.004361363186858194,0.21120862,-0.019162512930221268
24,0.5982230215827339,0.0040783225949574745,0.21120862,-0.018731372967020373
24,0.5982230215827339,0.0038163118227774917,0.21120862,-0.018292182808157843
24,0.5982230215827339,0.00357802810320016,0.21120862,-0.017843909955365375
24,0.5982230215827339,0.0031462282823166215,0.21120862,-0.01693022724664994
24,0.5982230215827339,0.002736602724587779,0.21120862,-0.01600805625037815
24,0.5982230215827339,0.002344944391474712,0.21120862,-0.015079007417036223
24,0.5982230215827339,0.0019698133259807007,0.21120862,-0.014143631960839112
24,0.5982230215827339,0.0016088078087865927,0.21120862,-0.013202849257734888
24,0.5982230215827339,0.0012596120881551267,0.21120862,-0.012257545775360283
24,0.5982230215827339,0.0009199695150615929,0.21120862,-0.011308585356887977
24,0.5982230215827339,0.000587725526984783,0.21120862,-0.010356792766870944
24,0.5982230215827339,0.00026113928039134954,0.21120862,-0.009402834398613821
24,0.5982230215827339,-6.140111687921376e-05,0.21120862,-0.008447327282954243
24,0.5982230215827339,-0.0003815183029351483,0.21120862,-0.0074908925642687575
24,0.5982230215827339,-0.0007008349158846997,0.21120862,-0.006534151386933917
24,0.5982230215827339,-0.0010207049451426906,0.21120862,-0.005577622056853328
24,0.5982230215827339,-0.0013412465961342261,0.21120862,-0.004621349822955086
24,0.5982230215827339,-0.0016622342039568343,0.21120862,-0.0036652483009219257
24,0.5982230215827339,-0.0019834474766819137,0.21120862,-0.002709233163206027
24,0.5982230215827339,-0.002304655376433125,0.21120862,-0.0017532159687206755
24,0.5982230215827339,-0.0026256805950728122,0.21120862,-0.0007971288440737218
24,0.5982230215827339,-0.002946517759627107,0.21120862,0.0001590302675042836
24,0.5982230215827339,-0.003267242091730167,0.21120862,0.0011152325712409303
24,0.5982230215827339,-0.003587901948146805,0.21120862,0.002071459556211075
24,0.5982230215827339,-0.003908561804563443,0.21120862,0.0030276865411812265
24,0.5982230215827339,-0.0042292753907187675,0.21120862,0.0039838929584567855
24,0.5982230215827339,-0.004550037333638906,0.21120862,0.004940080864807222
24,0.5982230215827339,-0.0048708315144022525,0.21120862,0.005896256430540901
24,0.5982230215827339,-0.005191636441113336,0.21120862,0.006852427882735657
24,0.5982230215827339,-0.00551244674079829,0.21120862,0.00780859727816096
24,0.5982230215827339,-0.005833240921561638,0.21120862,0.008764772843894642
24,0.5982230215827339,-0.00615402435637725,0.21120862,0.00972095252316724
24,0.5982230215827339,-0.006474802418218991,0.21120862,0.010677134259209294
24,0.5982230215827339,-0.006795569734112999,0.21120862,0.011633320108790271
24,0.5982230215827339,-0.007116342422980872,0.21120862,0.012589503901601781
24,0.5982230215827339,-0.007437115111848747,0.21120862,0.013545687694413291
24,0.5982230215827339,-0.007757893173690489,0.21120862,0.014501869430455352
24,0.5982230215827339,-0.008078671235532233,0.21120862,0.015458051166497407
24,0.5982230215827339,-0.008399449297373974,0.21120862,0.01641423290253946
24,0.5982230215827339,-0.008720227359215718,0.21120862,0.017370414638581515
24,0.5982230215827339,-0.009041005421057463,0.21120862,0.018326596374623576
24,0.5982230215827339,-0.009361783482899204,0.21120862,0.01928277811066563
24,0.5982230215827339,-0.009682561544740948,0.21120862,0.020238959846707684
24,0.5982230215827339,-0.010003339606582692,0.21120862,0.021195141582749738
24,0.5982230215827339,-0.010324117668424433,0.21120862,0.0221513233187918
24,0.5982230215827339,-0.010644895730266177,0.21120862,0.023107505054833853
24,0.5982230215827339,-0.010965673792107918,0.21120862,0.024063686790875907
24,0.5982230215827339,-0.011286451853949662,0.21120862,0.02501986852691796
24,0.5982230215827339,-0.011446843571357468,0.21120862,0.02549795836655426
24,0.5982230215827339,-0.01160723528876527,0.21120862,0.02597604820619056
24,0.5982230215827339,-0.011767621633199209,0.21120862,0.026454140102596314
24,0.5982230215827339,-0.011928007977633147,0.21120862,0.02693223199900207
25,0.6202086330935253,-0.011599356628137696,0.21897086000000002,0.02714247728586402
25,0.6202086330935253,-0.01130101312045445,0.21897086000000002,0.026716148675628316
25,0.6202086330935253,-0.011002941764507678,0.21897086000000002,0.0262897195791237
25,0.6202086330935253,-0.010705456581531783,0.21897086000000002,0.02586307405065529
25,0.6202086330935253,-0.010408855891699448,0.21897086000000002,0.025436101941812925
25,0.6202086330935253,-0.009819428000534789,0.21897086000000002,0.024580764443361238
25,0.6202086330935253,-0.009235704828461706,0.21897086000000002,0.023723320598119
25,0.6202086330935253,-0.008657466560616101,0.21897086000000002,0.022863851568072625
25,0.6202086330935253,-0.008084477681072195,0.21897086000000002,0.022002444312493288
25,0.6202086330935253,-0.007516811461451333,0.21897086000000002,0.021139071777385502
25,0.6202086330935253,-0.006954656314494164,0.21897086000000002,0.02027366439533235
25,0.6202086330935253,-0.00639819018556684,0.21897086000000002,0.019406156463773385
25,0.6202086330935253,-0.0058475753189738055,0.21897086000000002,0.01853648807743292
25,0.6202086330935253,-0.0053029582579577775,0.21897086000000002,0.01766460512831999
25,0.6202086330935253,-0.004764417507827352,0.21897086000000002,0.016790478630010878
25,0.6202086330935253,-0.004232021106516651,0.21897086000000002,0.015914083460938356
25,0.6202086330935253,-0.0037058318582725595,0.21897086000000002,0.015035396431963454
25,0.6202086330935253,-0.0031858916325929907,0.21897086000000002,0.014154402083660176
25,0.6202086330935253,-0.002672315570597228,0.21897086000000002,0.013271057902607072
25,0.6202086330935253,-0.0021656008725730617,0.21897086000000002,0.012385180308120542
25,0.6202086330935253,-0.0016663546462403374,0.21897086000000002,0.011496545138523818
25,0.6202086330935253,-0.0011751839993188835,0.21897086000000002,0.010604928232140085
25,0.6202086330935253,-0.0006926751047795837,0.21897086000000002,0.009710113157005554
25,0.6202086330935253,-0.0002193774997826317,0.21897086000000002,0.00881189700815416
25,0.6202086330935253,0.0002445570387420142,0.21897086000000002,0.007910223745166704
25,0.6202086330935253,0.0006990866412964316,0.21897086000000002,0.007005077908617197
25,0.6202086330935253,0.0011442008405061444,0.21897086000000002,0.006096455633649151
25,0.6202086330935253,0.0015798630005604683,0.21897086000000002,0.005184343393264821
25,0.6202086330935253,0.00200596321402737,0.21897086000000002,0.004268700606470995
25,0.6202086330935253,0.0024218839058125245,0.21897086000000002,0.00334929924673439
25,0.6202086330935253,0.0028267772185830648,0.21897086000000002,0.00242582626067879
25,0.6202086330935253,0.0032198109960678307,0.21897086000000002,0.0014979743922127198
25,0.6202086330935253,0.003600142614621187,0.21897086000000002,0.0005654325203882336
25,0.6202086330935253,0.003967102162276422,0.21897086000000002,-0.00037204670561045636
25,0.6202086330935253,0.004321260110942687,0.21897086000000002,-0.00131425265110428
25,0.6202086330935253,0.004663689366504177,0.21897086000000002,-0.002260789168302361
25,0.6202086330935253,0.004995468068532329,0.21897086000000002,-0.00321125817698557
25,0.6202086330935253,0.0053176638892240965,0.21897086000000002,-0.004165265461791266
25,0.6202086330935253,0.005630779262554514,0.21897086000000002,-0.005122625509607617
25,0.6202086330935253,0.005931396590755882,0.21897086000000002,-0.006084600196080713
25,0.6202086330935253,0.0062144496645799106,0.21897086000000002,-0.007053060111754831
25,0.6202086330935253,0.006474772834720744,0.21897086000000002,-0.008029912563310955
25,0.6202086330935253,0.0067070643760043,0.21897086000000002,-0.009017115100564537
25,0.6202086330935253,0.006906467426671879,0.21897086000000002,-0.010016461016929922
25,0.6202086330935253,0.00707203468933305,0.21897086000000002,-0.011028300081920031
25,0.6202086330935253,0.00720427906533733,0.21897086000000002,-0.012052442917566547
25,0.6202086330935253,0.007300887264924651,0.21897086000000002,-0.013089743657155178
25,0.6202086330935253,0.007355275309547129,0.21897086000000002,-0.014142633295422181
25,0.6202086330935253,0.0073602050097518875,0.21897086000000002,-0.015213784380634846
25,0.6202086330935253,0.007307229194333613,0.21897086000000002,-0.016306315851985793
25,0.6202086330935253,0.007246986620770286,0.21897086000000002,-0.01686504478364815
25,0.6202086330935253,0.007151929559686677,0.21897086000000002,-0.01743662822801765
25,0.6202086330935253,0.007006639568473831,0.21897086000000002,-0.018026759118713546
25,0.6202086330935253,0.0067806879895185605,0.21897086000000002,-0.018646672593570977
25,0.6202086330935253,0.006526812115611957,0.21897086000000002,-0.019169599396084525
25,0.6202086330935253,0.006380750285483803,0.21897086000000002,-0.019438123890160287
25,0.6202086330935253,0.006198675453457414,0.21897086000000002,-0.019719945423012038
25,0.6202086330935253,0.00607018053786775,0.21897086000000002,-0.01987468657841041
25,0.6202086330935253,0.0059789926750051705,0.21897086000000002,-0.019962004330517296
25,0.6202086330935253,0.005915059903485024,0.21897086000000002,-0.020012434435152493
25,0.6202086330935253,0.005801359999999999,0.21897086000000002,-0.020081239999999997
25,0.6202086330935253,0.0055482307648354965,0.21897086000000002,-0.020147878331070086
25,0.6202086330935253,0.00547295268945967,0.21897086000000002,-0.020148848885409236
25,0.6202086330935253,0.005357676824392655,0.21897086000000002,-0.020137763495266296
25,0.6202086330935253,0.0051814350667478,0.21897086000000002,-0.020095539907048664
25,0.6202086330935253,0.004914208316597208,0.21897086000000002,-0.019979613474449924
25,0.6202086330935253,0.0047038455783088955,0.21897086000000002,-0.0198426912089343
25,0.6202086330935253,0.004391729579336137,0.21897086000000002,-0.01952874492689603
25,0.6202086330935253,0.004095291133808238,0.21897086000000002,-0.01910171291277797
25,0.6202086330935253,0.003820719033568936,0.21897086000000002,-0.018666607213438862
25,0.6202086330935253,0.003566631585186878,0.21897086000000002,-0.018223937989936226
25,0.6202086330935253,0.0033356560996565298,0.21897086000000002,-0.017772735163289463
25,0.6202086330935253,0.0029173122106792666,0.21897086000000002,-0.016854228517831776
25,0.6202086330935253,0.0025205677489413617,0.21897086000000002,-0.0159277467409937
25,0.6202086330935253,0.0021413247373339188,0.21897086000000002,-0.014994802924093581
25,0.6202086330935253,0.0017781805476766227,0.21897086000000002,-0.014055914957901944
25,0.6202086330935253,0.0014287957217732107,0.21897086000000002,-0.01311194663784574
25,0.6202086330935253,0.0010909145404232531,0.21897086000000002,-0.012163730840499957
25,0.6202086330935253,0.0007623388549859627,0.21897086000000002,-0.01121207918572884
25,0.6202086330935253,0.0004409699568781117,0.21897086000000002,-0.010257766577259927
25,0.6202086330935253,0.00012511213143395067,0.21897086000000002,-0.009301419121845643
25,0.6202086330935253,-0.0001868047275185138,0.21897086000000002,-0.008343616547960448
25,0.6202086330935253,-0.0004963611935257517,0.21897086000000002,-0.007384942448935308
25,0.6202086330935253,-0.0008051378401342331,0.21897086000000002,-0.006425980418101183
25,0.6202086330935253,-0.0011144535565284332,0.21897086000000002,-0.005467217427376624
25,0.6202086330935253,-0.0014244234838276292,0.21897086000000002,-0.00450869599018309
25,0.6202086330935253,-0.001734827807167741,0.21897086000000002,-0.003550334944534165
25,0.6202086330935253,-0.002045451945371931,0.21897086000000002,-0.0025920550608716612
25,0.6202086330935253,-0.0023560708498888824,0.21897086000000002,-0.0016337732447809054
25,0.6202086330935253,-0.0026665118090396763,0.21897086000000002,-0.0006754257261297192
25,0.6202086330935253,-0.0029767695891370705,0.21897086000000002,0.00028298942751016354
25,0.6202086330935253,-0.0032869174618024256,0.21897086000000002,0.0012414451621432544
25,0.6202086330935253,-0.0035970025302208978,0.21897086000000002,0.0021999240859153224
25,0.6202086330935253,-0.003907087598639373,0.21897086000000002,0.003158403009687394
25,0.6202086330935253,-0.004217225003930247,0.21897086000000002,0.004116862609176982
25,0.6202086330935253,-0.004527409512406281,0.21897086000000002,0.005075304816812336
25,0.6202086330935253,-0.0048376254230057545,0.21897086000000002,0.006033735429878201
25,0.6202086330935253,-0.005147851800979709,0.21897086000000002,0.006992162178087569
25,0.6202086330935253,-0.005458083412640902,0.21897086000000002,0.007950586993868691
25,0.6202086330935253,-0.005768299323240376,0.21897086000000002,0.008909017606934553
25,0.6202086330935253,-0.006078504766465371,0.21897086000000002,0.009867452084856919
25,0.6202086330935253,-0.006388704976003125,0.21897086000000002,0.010825888495207523
25,0.6202086330935253,-0.006698894718166401,0.21897086000000002,0.011784328770414635
25,0.6202086330935253,-0.00700908969401691,0.21897086000000002,0.012742767113193488
25,0.6202086330935253,-0.007319284669867427,0.21897086000000002,0.013701205455972348
25,0.6202086330935253,-0.007629484879405179,0.21897086000000002,0.014659641866322955
25,0.6202086330935253,-0.007939685088942935,0.21897086000000002,0.015618078276673563
25,0.6202086330935253,-0.00824988529848069,0.21897086000000002,0.016576514687024178
25,0.6202086330935253,-0.008560085508018442,0.21897086000000002,0.017534951097374792
25,0.6202086330935253,-0.008870285717556194,0.21897086000000002,0.018493387507725393
25,0.6202086330935253,-0.009180485927093949,0.21897086000000002,0.019451823918076
25,0.6202086330935253,-0.009490686136631704,0.21897086000000002,0.02041026032842661
25,0.6202086330935253,-0.00980088634616946,0.21897086000000002,0.02136869673877723
25,0.6202086330935253,-0.010111086555707211,0.21897086000000002,0.022327133149127838
25,0.6202086330935253,-0.010421286765244966,0.21897086000000002,0.023285569559478445
25,0.6202086330935253,-0.010731486974782718,0.21897086000000002,0.024244005969829046
25,0.6202086330935253,-0.011041687184320473,0.21897086000000002,0.025202442380179654
25,0.6202086330935253,-0.01119678990593297,0.21897086000000002,0.025681659619140842
25,0.6202086330935253,-0.011351892627545466,0.21897086000000002,0.026160876858102016
25,0.6202086330935253,-0.011506990115470725,0.21897086000000002,0.02664009602949145
25,0.6202086330935253,-0.011662087603395984,0.21897086000000002,0.027119315200880883
26,0.6422014388489209,-0.011352647640889005,0.22673564000000002,0.027308877446908287
26,0.6422014388489209,-0.011062863296414784,0.22673564000000002,0.02687848886686681
26,0.6422014388489209,-0.010773344329509944,0.22673564000000002,0.026448005656495983
26,0.6422014388489209,-0.010484396945062237,0.22673564000000002,0.02601731862695426
26,0.6422014388489209,-0.010196312037715025,0.22673564000000002,0.025586324048842143
26,0.6422014388489209,-0.009623821785088384,0.22673564000000002,0.024723022806705203
26,0.6422014388489209,-0.009056894254589196,0.22673564000000002,0.02385773796727998
26,0.6422014388489209,-0.008495315102796028,0.22673564000000002,0.022990545962755547
26,0.6422014388489209,-0.007938854676043071,0.22673564000000002,0.022121528684763084
26,0.6422014388489209,-0.007387584422137466,0.22673564000000002,0.02125066065590622
26,0.6422014388489209,-0.006841688064011863,0.22673564000000002,0.02037787636288003
26,0.6422014388489209,-0.006301339117769317,0.22673564000000002,0.01950311393200763
26,0.6422014388489209,-0.005766695789268506,0.22673564000000002,0.018626316949054218
26,0.6422014388489209,-0.005237900974123705,0.22673564000000002,0.017747434459227055
26,0.6422014388489209,-0.004715031223556854,0.22673564000000002,0.01686643916531576
26,0.6422014388489209,-0.004198152881960301,0.22673564000000002,0.015983307409738
26,0.6422014388489209,-0.0036873271903115927,0.22673564000000002,0.015098017354725445
26,0.6422014388489209,-0.0031825949759290975,0.22673564000000002,0.014210554441765912
26,0.6422014388489209,-0.0026840685139383246,0.22673564000000002,0.013320878634950826
26,0.6422014388489209,-0.0021922326287448736,0.22673564000000002,0.012428817051947701
26,0.6422014388489209,-0.0017076793164650635,0.22673564000000002,0.011534158594329543
26,0.6422014388489209,-0.0012310005732152057,0.22673564000000002,0.010636692163669338
26,0.6422014388489209,-0.0007627679814524368,0.22673564000000002,0.009736213940796178
26,0.6422014388489209,-0.0003035173997303171,0.22673564000000002,0.008832532845237339
26,0.6422014388489209,0.00014660317292207285,0.22673564000000002,0.007925596102386075
26,0.6422014388489209,0.0005875529091863728,0.22673564000000002,0.007015389153730164
26,0.6422014388489209,0.001019321602232985,0.22673564000000002,0.006101908359641563
26,0.6422014388489209,0.0014418735281583432,0.22673564000000002,0.005185140981422087
26,0.6422014388489209,0.0018551015152517315,0.22673564000000002,0.004265048802977192
26,0.6422014388489209,0.0022584033605672444,0.22673564000000002,0.003341417086251821
26,0.6422014388489209,0.002650952310907957,0.22673564000000002,0.0024139510213737614
26,0.6422014388489209,0.0030319369233213368,0.22673564000000002,0.001482361257912887
26,0.6422014388489209,0.0034005355480252507,0.22673564000000002,0.0005463548058110279
26,0.6422014388489209,0.003756094947925839,0.22673564000000002,-0.0003943012711271482
26,0.6422014388489209,0.004099171395235845,0.22673564000000002,-0.0013394086131728114
26,0.6422014388489209,0.00443081108998841,0.22673564000000002,-0.002288594158450629
26,0.6422014388489209,0.0047520653356314755,0.22673564000000002,-0.0032414830252712676
26,0.6422014388489209,0.00506397522878339,0.22673564000000002,-0.00419770397157343
26,0.6422014388489209,0.005367030697264549,0.22673564000000002,-0.005157082295210622
26,0.6422014388489209,0.005657899211213285,0.22673564000000002,-0.006120806334741791
26,0.6422014388489209,0.0059316406651072386,0.22673564000000002,-0.007090637670144066
26,0.6422014388489209,0.006183217988542933,0.22673564000000002,-0.008068372457861055
26,0.6422014388489209,0.0064074614223321984,0.22673564000000002,-0.009055854169501058
26,0.6422014388489209,0.0065996349975445115,0.22673564000000002,-0.010054771592480157
26,0.6422014388489209,0.00675881499610183,0.22673564000000002,-0.011065454113137047
26,0.6422014388489209,0.0068855015526541425,0.22673564000000002,-0.01208772338969719
26,0.6422014388489209,0.006977438957861697,0.22673564000000002,-0.013122383779960054
26,0.6422014388489209,0.007028207115911346,0.22673564000000002,-0.01417172460997029
26,0.6422014388489209,0.007030748004140469,0.22673564000000002,-0.015238262682525792
26,0.6422014388489209,0.0069768247110686046,0.22673564000000002,-0.01632493517746445
26,0.6422014388489209,0.006916948590807012,0.22673564000000002,-0.016880008315494174
26,0.6422014388489209,0.006823124555323605,0.22673564000000002,-0.017447186856424542
26,0.6422014388489209,0.006680317944629888,0.22673564000000002,-0.01803183197237602
26,0.6422014388489209,0.0064588575051029475,0.22673564000000002,-0.0186445240620955
26,0.6422014388489209,0.006210394448783746,0.22673564000000002,-0.019160100535813667
26,0.6422014388489209,0.006067515042960209,0.22673564000000002,-0.01942453837312359
26,0.6422014388489209,0.005889519039926613,0.22673564000000002,-0.019701498350746097
26,0.6422014388489209,0.005763995898716109,0.22673564000000002,-0.019853002748541106
26,0.6422014388489209,0.005674964500449359,0.22673564000000002,-0.01993812244013721
26,0.6422014388489209,0.00561256643587142,0.22673564000000002,-0.019987058914282207
26,0.6422014388489209,0.0055016399999999995,0.22673564000000002,-0.0200533
26,0.6422014388489209,0.005254868092832184,0.22673564000000002,-0.020114609679361333
26,0.6422014388489209,0.005181520427256027,0.22673564000000002,-0.020114078438492694
26,0.6422014388489209,0.005069227215242355,0.22673564000000002,-0.020100748590406458
26,0.6422014388489209,0.004897598926551267,0.22673564000000002,-0.020055204684086655
26,0.6422014388489209,0.004637476976193048,0.22673564000000002,-0.01993447210096426
26,0.6422014388489209,0.004432803627591446,0.22673564000000002,-0.01979396723844987
26,0.6422014388489209,0.004129362994231161,0.22673564000000002,-0.01947519273275449
26,0.6422014388489209,0.003841436292742619,0.22673564000000002,-0.019044141740407573
26,0.6422014388489209,0.003574831658271025,0.22673564000000002,-0.018605487565060218
26,0.6422014388489209,0.0033282017893102827,0.22673564000000002,-0.01815971063761528
26,0.6422014388489209,0.0031041086000878947,0.22673564000000002,-0.017705897411431727
26,0.6422014388489209,0.0026984438737219165,0.22673564000000002,-0.01678310826860037
26,0.6422014388489209,0.0023138409402182997,0.22673564000000002,-0.015852808753283897
26,0.6422014388489209,0.0019463038257919148,0.22673564000000002,-0.01491642377986464
26,0.6422014388489209,0.0015944648152774812,0.22673564000000002,-0.013974441058501541
26,0.6422014388489209,0.001256042682261268,0.22673564000000002,-0.013027674046064213
26,0.6422014388489209,0.0009288378549662723,0.22673564000000002,-0.012076907082397838
26,0.6422014388489209,0.00061070689917825,0.22673564000000002,-0.011122904489393313
26,0.6422014388489209,0.00029960334556407633,0.22673564000000002,-0.010166396012475052
26,0.6422014388489209,-6.1263122700955935e-06,0.22673564000000002,-0.009207971271387462
26,0.6422014388489209,-0.00030801309876301274,0.22673564000000002,-0.008248176210338324
26,0.6422014388489209,-0.0006075982451830145,0.22673564000000002,-0.007287560413163483
26,0.6422014388489209,-0.000906422982798436,0.22673564000000002,-0.006326673463698777
26,0.6422014388489209,-0.0012057733721378304,0.22673564000000002,-0.005365973955078741
26,0.6422014388489209,-0.0015057616883267016,0.22673564000000002,-0.0044055019232119505
26,0.6422014388489209,-0.0018061735879436255,0.22673564000000002,-0.003445180935909318
26,0.6422014388489209,-0.0021067998309819745,0.22673564000000002,-0.00248493638079577
26,0.6422014388489209,-0.0024074209706055278,0.22673564000000002,-0.001524690005868197
26,0.6422014388489209,-0.0027078685941260222,0.22673564000000002,-0.0005643817572637475
26,0.6422014388489209,-0.003008137598128665,0.22673564000000002,0.00039599018483162107
26,0.6422014388489209,-0.003308299430420595,0.22673564000000002,0.0013564003430215285
26,0.6422014388489209,-0.003608400021734972,0.22673564000000002,0.002316832338979745
26,0.6422014388489209,-0.003908500613049352,0.22673564000000002,0.0032772643349379647
26,0.6422014388489209,-0.004208652238511691,0.22673564000000002,0.004237678132755926
26,0.6422014388489209,-0.00450884979470719,0.22673564000000002,0.00519807555224765
26,0.6422014388489209,-0.004809077971391465,0.22673564000000002,0.00615846205285522
26,0.6422014388489209,-0.005109316354905329,0.22673564000000002,0.007118844913834736
26,0.6422014388489209,-0.005409559841833992,0.22673564000000002,0.00807922595500023
26,0.6422014388489209,-0.005709788018518266,0.22673564000000002,0.0090396124556078
26,0.6422014388489209,-0.006010005988372951,0.22673564000000002,0.010000002595843424
26,0.6422014388489209,-0.006310218854812837,0.22673564000000002,0.010960394555893073
26,0.6422014388489209,-0.0066104215144231334,0.22673564000000002,0.011920790155570776
26,0.6422014388489209,-0.006910629277448225,0.22673564000000002,0.01288118393543444
26,0.6422014388489209,-0.007210837040473316,0.22673564000000002,0.013841577715298117
26,0.6422014388489209,-0.007511049906913204,0.22673564000000002,0.014801969675347772
26,0.6422014388489209,-0.007811262773353092,0.22673564000000002,0.01576236163539742
26,0.6422014388489209,-0.008111475639792979,0.22673564000000002,0.016722753595447063
26,0.6422014388489209,-0.008411688506232865,0.22673564000000002,0.017683145555496712
26,0.6422014388489209,-0.008711901372672751,0.22673564000000002,0.018643537515546354
26,0.6422014388489209,-0.009012114239112641,0.22673564000000002,0.019603929475596003
26,0.6422014388489209,-0.009312327105552527,0.22673564000000002,0.02056432143564565
26,0.6422014388489209,-0.009612539971992417,0.22673564000000002,0.021524713395695307
26,0.6422014388489209,-0.009912752838432303,0.22673564000000002,0.022485105355744956
26,0.6422014388489209,-0.010212965704872193,0.22673564000000002,0.023445497315794605
26,0.6422014388489209,-0.010513178571312076,0.22673564000000002,0.024405889275844247
26,0.6422014388489209,-0.010813391437751965,0.22673564000000002,0.025366281235893896
26,0.6422014388489209,-0.01096350042267931,0.22673564000000002,0.025846476306011706
26,0.6422014388489209,-0.011113609407606646,0.22673564000000002,0.026326671376129516
26,0.6422014388489209,-0.011263713289119195,0.22673564000000002,0.026806868266061355
26,0.6422014388489209,-0.011413817170631741,0.22673564000000002,0.027287065155993193
27,0.6641870503597123,-0.011119320413079312,0.23449788000000002,0.027460628271115978
27,0.6641870503597123,-0.010837551355950045,0.23449788000000002,0.027026583582752596
27,0.6641870503597123,-0.010556041410598092,0.23449788000000002,0.02659244955666308
27,0.6641870503597123,-0.010275089552151135,0.23449788000000002,0.026158123110855754
27,0.6641870503597123,-0.00999497980698046,0.23449788000000002,0.02572350631743848
27,0.6641870503597123,-0.009438353001089996,0.23449788000000002,0.02485303402867045
27,0.6641870503597123,-0.008887157576685626,0.23449788000000002,0.023980689083720044
27,0.6641870503597123,-0.008341184251177976,0.23449788000000002,0.023106543639981436
27,0.6641870503597123,-0.007800208793221284,0.23449788000000002,0.022230675008948382
27,0.6641870503597123,-0.007264300963678679,0.23449788000000002,0.02135305913815616
27,0.6641870503597123,-0.006733640147626765,0.23449788000000002,0.020473634178409764
27,0.6641870503597123,-0.0062083957643045565,0.23449788000000002,0.019592341716580558
27,0.6641870503597123,-0.00568872228419469,0.23449788000000002,0.018709128493639517
27,0.6641870503597123,-0.005174759229023406,0.23449788000000002,0.01782394640465717
27,0.6641870503597123,-0.00466658134257263,0.23449788000000002,0.0169367696791356
27,0.6641870503597123,-0.004164253402786688,0.23449788000000002,0.016047575982643274
27,0.6641870503597123,-0.003667835204691115,0.23449788000000002,0.015156344698781854
27,0.6641870503597123,-0.0031773666116362677,0.23449788000000002,0.014263062083285774
27,0.6641870503597123,-0.0026929572478356307,0.23449788000000002,0.01336769033942476
27,0.6641870503597123,-0.002215080490574681,0.23449788000000002,0.012470066254045294
27,0.6641870503597123,-0.0017443143584335965,0.23449788000000002,0.011569990535296774
27,0.6641870503597123,-0.0012812368699925449,0.23449788000000002,0.010667263891328597
27,0.6641870503597123,-0.0008264061121565211,0.23449788000000002,0.00976169390242294
27,0.6641870503597123,-0.000380345291398956,0.23449788000000002,0.008853100175094344
27,0.6641870503597123,5.680108763511053e-05,0.23449788000000002,0.007941432886380162
27,0.6641870503597123,0.00048499316159531826,0.23449788000000002,0.0070266782920148235
27,0.6641870503597123,0.0009042209646440832,0.23449788000000002,0.006108832955931946
27,0.6641870503597123,0.0013144496163498371,0.23449788000000002,0.005187884851899166
27,0.6641870503597123,0.0017155744754178978,0.23449788000000002,0.004263797901219394
27,0.6641870503597123,0.0021070075574305056,0.23449788000000002,0.0033363693759756313
27,0.6641870503597123,0.0024879416295429347,0.23449788000000002,0.002405320954790322
27,0.6641870503597123,0.0028575844076668506,0.23449788000000002,0.0014703794703854745
27,0.6641870503597123,0.0032151336418763258,0.23449788000000002,0.0005312683194167167
27,0.6641870503597123,0.0035599515185656535,0.23449788000000002,-0.0004122324063648847
27,0.6641870503597123,0.003892581175883444,0.23449788000000002,-0.0013599354413410952
27,0.6641870503597123,0.004214044112182583,0.23449788000000002,-0.002311488588706969
27,0.6641870503597123,0.0045253668087347565,0.23449788000000002,-0.0032665379336243687
27,0.6641870503597123,0.004827565780974058,0.23449788000000002,-0.004224732997321543
27,0.6641870503597123,0.005121119389104767,0.23449788000000002,-0.005185908848611781
27,0.6641870503597123,0.005402773787154022,0.23449788000000002,-0.0061511873631713305
27,0.6641870503597123,0.005667705509728674,0.23449788000000002,-0.007122231597132801
27,0.6641870503597123,0.005910996415978472,0.23449788000000002,-0.008100737249259514
27,0.6641870503597123,0.006127598809164509,0.23449788000000002,-0.009088444687177857
27,0.6641870503597123,0.006312888540645418,0.23449788000000002,-0.01008694824569265
27,0.6641870503597123,0.00646596370211938,0.23449788000000002,-0.011096558888812162
27,0.6641870503597123,0.006587312619628263,0.23449788000000002,-0.012117108249283297
27,0.6641870503597123,0.006674732843064864,0.23449788000000002,-0.013149355697778182
27,0.6641870503597123,0.006721955860585601,0.23449788000000002,-0.014195462520055938
27,0.6641870503597123,0.006722090295497576,0.23449788000000002,-0.015257804756025046
27,0.6641870503597123,0.006667093716866339,0.23449788000000002,-0.016339155311262
27,0.6641870503597123,0.006607458092785089,0.23449788000000002,-0.016890911043970672
27,0.6641870503597123,0.006514676092882305,0.23449788000000002,-0.017454095133491505
27,0.6641870503597123,0.00637406803838916,0.23449788000000002,-0.018033768905616525
27,0.6641870503597123,0.006156663239433977,0.23449788000000002,-0.01863992100534061
27,0.6641870503597123,0.005913128024709574,0.23449788000000002,-0.01914884360885196
27,0.6641870503597123,0.005773152832071984,0.23449788000000002,-0.019409582603901625
27,0.6641870503597123,0.005598890175208902,0.23449788000000002,-0.01968214338536507
27,0.6641870503597123,0.0054760960969645655,0.23449788000000002,-0.019830719739672344
27,0.6641870503597123,0.005389049483347306,0.23449788000000002,-0.019913851492696488
27,0.6641870503597123,0.0053280660290824745,0.23449788000000002,-0.01996143735752332
27,0.6641870503597123,0.0052197,0.23449788000000002,-0.02002536
27,0.6641870503597123,0.004978813250770493,0.23449788000000002,-0.020081854304150503
27,0.6641870503597123,0.0049072560480183415,0.23449788000000002,-0.020079966404273543
27,0.6641870503597123,0.0047977314981082885,0.23449788000000002,-0.020064609342753125
27,0.6641870503597123,0.0046303901466195185,0.23449788000000002,-0.020016067189249306
27,0.6641870503597123,0.004376879190805658,0.23449788000000002,-0.01989099612149753
27,0.6641870503597123,0.004177507647694888,0.23449788000000002,-0.019747258623083686
27,0.6641870503597123,0.0038821700922984335,0.23449788000000002,-0.019424131001396422
27,0.6641870503597123,0.00360221481761039,0.23449788000000002,-0.018989460948950116
27,0.6641870503597123,0.0033430781776460933,0.23449788000000002,-0.018547612953815715
27,0.6641870503597123,0.0031034446818437762,0.23449788000000002,-0.018099040576756664
27,0.6641870503597123,0.0028858157554383155,0.23449788000000002,-0.017642881365109147
27,0.6641870503597123,0.0024920755820238196,0.23449788000000002,-0.0167162482892346
27,0.6641870503597123,0.0021188999144745478,0.23449788000000002,-0.015782524890364902
27,0.6641870503597123,0.0017623871273743453,0.23449788000000002,-0.01484305638849162
27,0.6641870503597123,0.0014212017984862645,0.23449788000000002,-0.01389830321651097
27,0.6641870503597123,0.0010931165631091304,0.23449788000000002,-0.012949033335261054
27,0.6641870503597123,0.0007759837832424787,0.23449788000000002,-0.011995987217048852
27,0.6641870503597123,0.00046771063299258595,0.23449788000000002,-0.011039886435816205
27,0.6641870503597123,0.00016629896192282834,0.23449788000000002,-0.010081419922874245
27,0.6641870503597123,-0.00012986569565623819,0.23449788000000002,-0.009121144320978108
27,0.6641870503597123,-0.00042227821538298824,0.23449788000000002,-0.008159575040086247
27,0.6641870503597123,-0.0007124434387333831,0.23449788000000002,-0.007197230926223505
27,0.6641870503597123,-0.0010018662071833856,0.23449788000000002,-0.006234630825414733
27,0.6641870503597123,-0.0012918022162692307,0.23449788000000002,-0.005272207682025028
27,0.6641870503597123,-0.0015823610902043978,0.23449788000000002,-0.00430999929278468
27,0.6641870503597123,-0.0018733335463995138,0.23449788000000002,-0.0033479335002995075
27,0.6641870503597123,-0.002164515285184002,0.23449788000000002,-0.002385939865208516
27,0.6641870503597123,-0.0024556920410496973,0.23449788000000002,-0.0014239445120843297
27,0.6641870503597123,-0.0027466993776763754,0.23449788000000002,-0.00046189074583152107
27,0.6641870503597123,-0.0030375323121452436,0.23449788000000002,0.0005002231515831117
27,0.6641870503597123,-0.003328260605319425,0.23449788000000002,0.0014623731276948299
27,0.6641870503597123,-0.0036189291034680734,0.23449788000000002,0.00242454372020489
27,0.6641870503597123,-0.00390959760161672,0.23449788000000002,0.00338671431271495
27,0.6641870503597123,-0.004200315928953314,0.23449788000000002,0.0043488677248930616
27,0.6641870503597123,-0.00449107910255906,0.23449788000000002,0.0053110056747724226
27,0.6641870503597123,-0.004781872173677571,0.23449788000000002,0.006273133316452611
27,0.6641870503597123,-0.0050726752106336715,0.23449788000000002,0.007235257522066409
27,0.6641870503597123,-0.005363483230508567,0.23449788000000002,0.008197380009647013
27,0.6641870503597123,-0.005654276301627078,0.23449788000000002,0.009159507651327201
27,0.6641870503597123,-0.005945059406908002,0.23449788000000002,0.010121638729073783
27,0.6641870503597123,-0.00623583752927013,0.23449788000000002,0.011083771524853552
27,0.6641870503597123,-0.00652660568579467,0.23449788000000002,0.012045907756699718
27,0.6641870503597123,-0.006817378825238001,0.23449788000000002,0.013008042270512686
27,0.6641870503597123,-0.007108151964681336,0.23449788000000002,0.01397017678432566
27,0.6641870503597123,-0.007398930087043463,0.23449788000000002,0.014932309580105427
27,0.6641870503597123,-0.007689708209405591,0.23449788000000002,0.015894442375885207
27,0.6641870503597123,-0.00798048633176772,0.23449788000000002,0.016856575171664973
27,0.6641870503597123,-0.008271264454129849,0.23449788000000002,0.017818707967444752
27,0.6641870503597123,-0.008562042576491975,0.23449788000000002,0.018780840763224525
27,0.6641870503597123,-0.008852820698854104,0.23449788000000002,0.019742973559004298
27,0.6641870503597123,-0.00914359882121623,0.23449788000000002,0.02070510635478407
27,0.6641870503597123,-0.009434376943578359,0.23449788000000002,0.021667239150563844
27,0.6641870503597123,-0.009725155065940488,0.23449788000000002,0.022629371946343624
27,0.6641870503597123,-0.010015933188302614,0.23449788000000002,0.02359150474212339
27,0.6641870503597123,-0.010306711310664744,0.23449788000000002,0.024553637537903156
27,0.6641870503597123,-0.010597489433026873,0.23449788000000002,0.025515770333682936
27,0.6641870503597123,-0.010742880985667332,0.23449788000000002,0.02599683587255623
27,0.6641870503597123,-0.010888272538307795,0.23449788000000002,0.026477901411429507
27,0.6641870503597123,-0.011033659108029462,0.23449788000000002,0.026958968668335997
27,0.6641870503597123,-0.011179045677751128,0.23449788000000002,0.02744003592524248
28,0.6861726618705036,-0.010897847066293286,0.24226012,0.027594848120893054
28,0.6861726618705036,-0.010623785055538005,0.24226012,0.027157489792843634
28,0.6861726618705036,-0.010349975972416253,0.24226012,0.026720047053788065
28,0.6861726618705036,-0.010076711656505175,0.24226012,0.02628242250641156
28,0.6861726618705036,-0.009804269355403065,0.24226012,0.02584452362326507
28,0.6861726618705036,-0.00926289169211758,0.24226012,0.024967555465906077
28,0.6861726618705036,-0.00872681578115029,0.24226012,0.02408881792399514
28,0.6861726618705036,-0.008195837334797184,0.24226012,0.02320837917565258
28,0.6861726618705036,-0.00766973747337541,0.24226012,0.02232631226886451
28,0.6861726618705036,-0.007148584292786299,0.24226012,0.021442594477590827
28,0.6861726618705036,-0.00663255289677614,0.24226012,0.02055716736344262
28,0.6861726618705036,-0.006121808661105318,0.24226012,0.019669975734608203
28,0.6861726618705036,-0.005616502369555358,0.24226012,0.018780969269141617
28,0.6861726618705036,-0.005116770213928931,0.24226012,0.017890102514962588
28,0.6861726618705036,-0.004622685154120321,0.24226012,0.016997351122742446
28,0.6861726618705036,-0.004134310422037911,0.24226012,0.016102693989729643
28,0.6861726618705036,-0.0036517043855971336,0.24226012,0.015206111636461243
28,0.6861726618705036,-0.0031749059567416074,0.24226012,0.014307591076628576
28,0.6861726618705036,-0.0027040221433162837,0.24226012,0.013407096597882907
28,0.6861726618705036,-0.0022395150246516515,0.24226012,0.01250447398780916
28,0.6861726618705036,-0.0017819488239301942,0.24226012,0.011599534944932061
28,0.6861726618705036,-0.0013318877643344,0.24226012,0.010692091167776384
28,0.6861726618705036,-0.0008898766130749462,0.24226012,0.00978196084802117
28,0.6861726618705036,-0.000456426089411841,0.24226012,0.008868973540365557
28,0.6861726618705036,-3.1677249140707985e-05,0.24226012,0.007953082169440729
28,0.6861726618705036,0.0003843309957948368,0.24226012,0.007034273748938041
28,0.6861726618705036,0.0007915889174088843,0.24226012,0.006112545032280342
28,0.6861726618705036,0.0011900624677507708,0.24226012,0.005187884656447563
28,0.6861726618705036,0.0015796495029684913,0.24226012,0.004260258532379543
28,0.6861726618705036,0.001959776071893655,0.24226012,0.003329475112023861
28,0.6861726618705036,0.002329654207667964,0.24226012,0.002395271422630584
28,0.6861726618705036,0.0026885105354119724,0.24226012,0.0014573893613155468
28,0.6861726618705036,0.003035561952260333,0.24226012,0.0005155675786173985
28,0.6861726618705036,0.00337018586711513,0.24226012,-0.00043040170640208306
28,0.6861726618705036,0.003692912455208184,0.24226012,-0.0013803415552876876
28,0.6861726618705036,0.004004738835094751,0.24226012,-0.0023339191938805716
28,0.6861726618705036,0.004306666989323037,0.24226012,-0.0032908002247332944
28,0.6861726618705036,0.00459968917245535,0.24226012,-0.004250653496975589
28,0.6861726618705036,0.004884272327815124,0.24226012,-0.005213323174903785
28,0.6861726618705036,0.0051572402680043995,0.24226012,-0.006179869265960489
28,0.6861726618705036,0.005413884647845181,0.24226012,-0.007151863113490916
28,0.6861726618705036,0.00564940470629338,0.24226012,-0.008130906903323305
28,0.6861726618705036,0.005858873218488145,0.24226012,-0.009118645026788965
28,0.6861726618705036,0.006037776398969581,0.24226012,-0.010116583895689932
28,0.6861726618705036,0.006185233865013292,0.24226012,-0.011125017325259143
28,0.6861726618705036,0.0063017222879286185,0.24226012,-0.012143786233215778
28,0.6861726618705036,0.00638509178283057,0.24226012,-0.013173608113112103
28,0.6861726618705036,0.006429223446584937,0.24226012,-0.014216525061981468
28,0.6861726618705036,0.006427390376938454,0.24226012,-0.015274782087929706
28,0.6861726618705036,0.006371742089265829,0.24226012,-0.01635099917872457
28,0.6861726618705036,0.0063125476228825545,0.24226012,-0.01689957712381726
28,0.6861726618705036,0.006220997875379443,0.24226012,-0.017458953184542613
28,0.6861726618705036,0.006082763523518514,0.24226012,-0.018033909569056643
28,0.6861726618705036,0.0058695653122741,0.24226012,-0.018633884077162162
28,0.6861726618705036,0.005631056761732548,0.24226012,-0.01913654102510603
28,0.6861726618705036,0.005494029456213443,0.24226012,-0.01939380099554846
28,0.6861726618705036,0.0053235330151883845,0.24226012,-0.01966223081470832
28,0.6861726618705036,0.005203473197115019,0.24226012,-0.019808063600653698
28,0.6861726618705036,0.005118405884355492,0.24226012,-0.01988933587159078
28,0.6861726618705036,0.00505882879667027,0.24226012,-0.01993566001024285
28,0.6861726618705036,0.004953,0.24226012,-0.01999742
28,0.6861726618705036,0.004717911530631572,0.24226012,-0.020049436306799263
28,0.6861726618705036,0.0046481112697740155,0.24226012,-0.02004629002108062
28,0.6861726618705036,0.004541298924551512,0.24226012,-0.020029054861327077
28,0.6861726618705036,0.004378147888974296,0.24226012,-0.019977739676227662
28,0.6861726618705036,0.004131080263015617,0.24226012,-0.019848665935064305
28,0.6861726618705036,0.003936859920485538,0.24226012,-0.019701955163481694
28,0.6861726618705036,0.0036493568171750567,0.24226012,-0.019374847135708986
28,0.6861726618705036,0.0033770652998544744,0.24226012,-0.01893689793061653
28,0.6861726618705036,0.0031250955450893166,0.24226012,-0.018492166625837768
28,0.6861726618705036,0.0028921634587401306,0.24226012,-0.018041081769557772
28,0.6861726618705036,0.0026807107652690567,0.24226012,-0.017582828470909487
28,0.6861726618705036,0.002298332167606898,0.24226012,-0.01665279663316624
28,0.6861726618705036,0.0019360272688595873,0.24226012,-0.015716065483454257
28,0.6861726618705036,0.0015899875625453403,0.24226012,-0.014773906056731513
28,0.6861726618705036,0.0012589094985528933,0.24226012,-0.01382675339433738
28,0.6861726618705036,0.0009406188720324947,0.24226012,-0.012875333106267019
28,0.6861726618705036,0.0006330193020216259,0.24226012,-0.011920344829898313
28,0.6861726618705036,0.0003340679114802502,0.24226012,-0.010962470346434765
28,0.6861726618705036,4.1814239234428535e-05,0.24226012,-0.010002360594596872
28,0.6861726618705036,-0.0002453176484324415,0.24226012,-0.009040541519884473
28,0.6861726618705036,-0.0005287869494061013,0.24226012,-0.008077500108871503
28,0.6861726618705036,-0.000810062589558196,0.24226012,-0.007113726594709055
28,0.6861726618705036,-0.0010906134947603723,0.24226012,-0.006149711210548225
28,0.6861726618705036,-0.0013716653912366535,0.24226012,-0.0051858630251111065
28,0.6861726618705036,-0.0016533252868319937,0.24226012,-0.004222217750746462
28,0.6861726618705036,-0.0019353888938423896,0.24226012,-0.003258707209333935
28,0.6861726618705036,-0.0022176567885567886,0.24226012,-0.0022952648460417627
28,0.6861726618705036,-0.0024999198192782344,0.24226012,-0.0013318208594610102
28,0.6861726618705036,-0.0027820174742392966,0.24226012,-0.0003683216810685466
28,0.6861726618705036,-0.003063944889447023,0.24226012,0.0005952343124242081
28,0.6861726618705036,-0.0033457701608027484,0.24226012,0.0015588243949771485
28,0.6861726618705036,-0.0036275370642430407,0.24226012,0.0025224339569930344
28,0.6861726618705036,-0.003909303967683335,0.24226012,0.003486043519008924
28,0.6861726618705036,-0.004191119511053156,0.24226012,0.004449636848139017
28,0.6861726618705036,-0.004472978830359547,0.24226012,0.005413215567671891
28,0.6861726618705036,-0.004754867333623653,0.24226012,0.006376784547473289
28,0.6861726618705036,-0.005036765564873663,0.24226012,0.00734035028069752
28,0.6861726618705036,-0.0053186686601166275,0.24226012,0.008303914390633174
28,0.6861726618705036,-0.005600557163380734,0.24226012,0.009267483370434575
28,0.6861726618705036,-0.0058824359386589345,0.24226012,0.01023105559681313
28,0.6861726618705036,-0.006164309849944185,0.24226012,0.011194629446480267
28,0.6861726618705036,-0.0064461740332435275,0.24226012,0.012158206542724554
28,0.6861726618705036,-0.006728043080535825,0.24226012,0.013121782015680272
28,0.6861726618705036,-0.007009912127828121,0.24226012,0.014085357488635989
28,0.6861726618705036,-0.007291786039113369,0.24226012,0.01504893133830312
28,0.6861726618705036,-0.00757365995039862,0.24226012,0.016012505187970257
28,0.6861726618705036,-0.007855533861683868,0.24226012,0.016976079037637395
28,0.6861726618705036,-0.008137407772969115,0.24226012,0.017939652887304532
28,0.6861726618705036,-0.008419281684254366,0.24226012,0.018903226736971656
28,0.6861726618705036,-0.008701155595539613,0.24226012,0.019866800586638794
28,0.6861726618705036,-0.00898302950682486,0.24226012,0.02083037443630593
28,0.6861726618705036,-0.00926490341811011,0.24226012,0.02179394828597306
28,0.6861726618705036,-0.009546777329395361,0.24226012,0.0227575221356402
28,0.6861726618705036,-0.009828651240680612,0.24226012,0.023721095985307344
28,0.6861726618705036,-0.010110525151965859,0.24226012,0.024684669834974467
28,0.6861726618705036,-0.010392399063251106,0.24226012,0.025648243684641605
28,0.6861726618705036,-0.010533338450890207,0.24226012,0.026130029797830887
28,0.6861726618705036,-0.010674277838529308,0.24226012,0.026611815911020163
28,0.6861726618705036,-0.010815212362175457,0.24226012,0.027093603647498025
28,0.6861726618705036,-0.010956146885821604,0.24226012,0.027575391383975873
29,0.708158273381295,-0.010684569829131962,0.25002236,0.02771552511531533
29,0.708158273381295,-0.010417710709957995,0.25002236,0.027275207562455037
29,0.708158273381295,-0.010151098869211242,0.25002236,0.026834810045983648
29,0.708158273381295,-0.009885019628153874,0.25002236,0.026394240300196062
29,0.708158273381295,-0.009619744041984967,0.25002236,0.025953410672672435
29,0.708158273381295,-0.009092621480147597,0.25002236,0.025070642691402176
29,0.708158273381295,-0.00857068225457304,0.25002236,0.024186198549822513
29,0.708158273381295,-0.008053726640377769,0.25002236,0.023300142833927014
29,0.708158273381295,-0.007541540646615163,0.25002236,0.02241254474299452
29,0.708158273381295,-0.00703419084824639,0.25002236,0.0215233827483605
29,0.708158273381295,-0.006531848438028758,0.25002236,0.020632601490601907
29,0.708158273381295,-0.0060346750980108275,0.25002236,0.01974014868581915
29,0.708158273381295,-0.00554281824417806,0.25002236,0.01884597666339797
29,0.708158273381295,-0.005056411026452794,0.25002236,0.01795004236600927
29,0.708158273381295,-0.004575524775150583,0.25002236,0.017052322727226794
29,0.708158273381295,-0.004100221309878222,0.25002236,0.016152797756147773
29,0.708158273381295,-0.0036305576948881544,0.25002236,0.015251448999631191
29,0.708158273381295,-0.0031665719730153306,0.25002236,0.014348264155583025
29,0.708158273381295,-0.0027083687620558837,0.25002236,0.013443209393244747
29,0.708158273381295,-0.002256399820674917,0.25002236,0.01253613862524991
29,0.708158273381295,-0.0018112167699793043,0.25002236,0.01162687347123536
29,0.708158273381295,-0.0013733712310759084,0.25002236,0.010715235550837848
29,0.708158273381295,-0.0009433958036541238,0.25002236,0.009801052634741209
29,0.708158273381295,-0.0005217897999227521,0.25002236,0.0088841632579615
29,0.708158273381295,-0.0001086911251585096,0.25002236,0.007964522825407928
29,0.708158273381295,0.00029586217780364944,0.25002236,0.007042119034986465
29,0.708158273381295,0.0006918605982549828,0.25002236,0.006116948811173618
29,0.708158273381295,0.001079270848714905,0.25002236,0.005189001389637116
29,0.708158273381295,0.0014579930667416542,0.25002236,0.004258244477380182
29,0.708158273381295,0.0018274661205196227,0.25002236,0.0033244966185161096
29,0.708158273381295,0.0021869196426409464,0.25002236,0.002387508695641107
29,0.708158273381295,0.002535597531760864,0.25002236,0.0014470362046366536
29,0.708158273381295,0.0028727341758258765,0.25002236,0.0005028315658607251
29,0.708158273381295,0.0031977208894766844,0.25002236,-0.00044530205419091723
29,0.708158273381295,0.003511076006339567,0.25002236,-0.0013971970394873225
29,0.708158273381295,0.0038137743740602817,0.25002236,-0.00235253814886938
29,0.708158273381295,0.004106795595638957,0.25002236,-0.0033110086034162448
29,0.708158273381295,0.004391109763366983,0.25002236,-0.004272294699730551
29,0.708158273381295,0.004667173391263835,0.25002236,-0.005236248812684129
29,0.708158273381295,0.004931881232926196,0.25002236,-0.006203875100700872
29,0.708158273381295,0.005180630105324339,0.25002236,-0.007176662117156471
29,0.708158273381295,0.005408726473695518,0.25002236,-0.00815612763289989
29,0.708158273381295,0.005611353164063371,0.25002236,-0.009143829400585647
29,0.708158273381295,0.005784097207572957,0.25002236,-0.010141194463119368
29,0.708158273381295,0.00592609788508339,0.25002236,-0.011148501155378108
29,0.708158273381295,0.00603782122132288,0.25002236,-0.012165598776710203
29,0.708158273381295,0.006117165349660089,0.25002236,-0.013193167017809922
29,0.708158273381295,0.006158148034298119,0.25002236,-0.014233140382960956
29,0.708158273381295,0.006154192620143878,0.25002236,-0.015287645596665973
29,0.708158273381295,0.00609762396524491,0.25002236,-0.016359164606392283
29,0.708158273381295,0.0060386699797889964,0.25002236,-0.016904841905673307
29,0.708158273381295,0.005948083377066822,0.25002236,-0.017460748396126935
29,0.708158273381295,0.005811854883105684,0.25002236,-0.018031414323873795
29,0.708158273381295,0.0056023368676010035,0.25002236,-0.018625780235738534
29,0.708158273381295,0.005368290154654612,0.25002236,-0.019122755496902188
29,0.708158273381295,0.0052338907333150725,0.25002236,-0.019376862108924885
29,0.708158273381295,0.005066769718558642,0.25002236,-0.019641550059561332
29,0.708158273381295,0.0049491751399575405,0.25002236,-0.019784899795736787
29,0.708158273381295,0.004865899664039719,0.25002236,-0.019864490292441618
29,0.708158273381295,0.004807599164369896,0.25002236,-0.01990967385797214
29,0.708158273381295,0.00470408,0.25002236,-0.019969479999999998
29,0.708158273381295,0.004474296376607969,0.25002236,-0.020017455579151865
29,0.708158273381295,0.004406109205402067,0.25002236,-0.020013174938455974
29,0.708158273381295,0.004301790706795416,0.25002236,-0.01999424760509569
29,0.708158273381295,0.0041425000218749605,0.25002236,-0.01994043558467727
29,0.708158273381295,0.0039013833747140562,0.25002236,-0.019807761404904527
29,0.708158273381295,0.003711933652778339,0.25002236,-0.019658379443699088
29,0.708158273381295,0.003431717322783856,0.25002236,-0.019327703889416018
29,0.708158273381295,0.0031665891526004033,0.25002236,-0.018886826591278084
29,0.708158273381295,0.0029213288529729405,0.25002236,-0.018439524524541367
29,0.708158273381295,0.0026946810103479052,0.25002236,-0.017986203658308324
29,0.708158273381295,0.0024890328126188138,0.25002236,-0.01752609203617958
29,0.708158273381295,0.002117358029767741,0.25002236,-0.01659305616100656
29,0.708158273381295,0.0017653085943998108,0.25002236,-0.015653673943084097
29,0.708158273381295,0.0014291610640436644,0.25002236,-0.0147091494498638
29,0.708158273381295,0.0011076410037282602,0.25002236,-0.01375989480149514
29,0.708158273381295,0.0007986227700504103,0.25002236,-0.012806597377481143
29,0.708158273381295,0.0005000568052768361,0.25002236,-0.011849919953136816
29,0.708158273381295,0.00020994586057232652,0.25002236,-0.010890508388397887
29,0.708158273381295,-7.361696116530998e-05,0.25002236,-0.00992897932572681
29,0.708158273381295,-0.0003521723947518072,0.25002236,-0.008965830999931142
29,0.708158273381295,-0.0006271470464980326,0.25002236,-0.008001524739536412
29,0.708158273381295,-0.0008999770334235891,0.25002236,-0.007036524948591647
29,0.708158273381295,-0.0011720984725480813,0.25002236,-0.006071296031145873
29,0.708158273381295,-0.0014447097131726388,0.25002236,-0.005106225503160524
29,0.708158273381295,-0.0017179153730933908,0.25002236,-0.004141347195394145
29,0.708158273381295,-0.0019915157274268142,0.25002236,-0.003176596521853165
29,0.708158273381295,-0.002265315806643759,0.25002236,-0.0022119104343057555
29,0.708158273381295,-0.002539111130506336,0.25002236,-0.0012472228089965912
29,0.708158273381295,-0.0028127447723203447,0.25002236,-0.00028248289978787325
29,0.708158273381295,-0.0030862119767314225,0.25002236,0.0006823108310821564
29,0.708158273381295,-0.0033595793187007382,0.25002236,0.00164713685494898
29,0.708158273381295,-0.0036328895964176195,0.25002236,0.0026119813319568155
29,0.708158273381295,-0.003906199874134501,0.25002236,0.0035768258089646544
29,0.708158273381295,-0.004179557705395079,0.25002236,0.004541654908354981
29,0.708158273381295,-0.004452958334844981,0.25002236,0.005506470167889535
29,0.708158273381295,-0.004726387496421103,0.25002236,0.006471276200853582
29,0.708158273381295,-0.00499982616870596,0.25002236,0.007436079158294119
29,0.708158273381295,-0.005273269596345188,0.25002236,0.008400880577972909
29,0.708158273381295,-0.005546698757921307,0.25002236,0.009365686610936955
29,0.708158273381295,-0.00582011840878869,0.25002236,0.010330495719424512
29,0.708158273381295,-0.006093533304301701,0.25002236,0.011295306365673809
29,0.708158273381295,-0.006366938689105975,0.25002236,0.012260120087446619
29,0.708158273381295,-0.006640348829264615,0.25002236,0.013224932271457664
29,0.708158273381295,-0.0069137589694232586,0.25002236,0.014189744455468715
29,0.708158273381295,-0.007187173864936267,0.25002236,0.015154555101718016
29,0.708158273381295,-0.0074605887604492814,0.25002236,0.016119365747967324
29,0.708158273381295,-0.007734003655962292,0.25002236,0.017084176394216624
29,0.708158273381295,-0.008007418551475305,0.25002236,0.01804898704046593
29,0.708158273381295,-0.008280833446988316,0.25002236,0.01901379768671522
29,0.708158273381295,-0.008554248342501326,0.25002236,0.019978608332964526
29,0.708158273381295,-0.008827663238014337,0.25002236,0.02094341897921382
29,0.708158273381295,-0.009101078133527351,0.25002236,0.021908229625463127
29,0.708158273381295,-0.009374493029040361,0.25002236,0.022873040271712428
29,0.708158273381295,-0.009647907924553376,0.25002236,0.023837850917961735
29,0.708158273381295,-0.009921322820066386,0.25002236,0.02480266156421103
29,0.708158273381295,-0.010194737715579393,0.25002236,0.02576747221046033
29,0.708158273381295,-0.010331447541013086,0.25002236,0.026249876764704104
29,0.708158273381295,-0.010468157366446778,0.25002236,0.02673228131894788
29,0.708158273381295,-0.010604862436526096,0.25002236,0.02721468741095341
29,0.708158273381295,-0.010741567506605418,0.25002236,0.02769709350295893
30,0.7301438848920863,-0.010480083649518421,0.2577846,0.027821561033178458
30,0.7301438848920863,-0.010220032213704438,0.2577846,0.027378576222265406
30,0.7301438848920863,-0.009960222746156749,0.2577846,0.026935515520941856
30,0.7301438848920863,-0.009700934441028774,0.2577846,0.02649229136334955
30,0.7301438848920863,-0.009442432532766254,0.2577846,0.02604882056192313
30,0.7301438848920863,-0.0089287836993181,0.2577846,0.02516082670934019
30,0.7301438848920863,-0.008420206892990355,0.2577846,0.024271242076998826
30,0.7301438848920863,-0.007916506677875617,0.2577846,0.02338012796099982
30,0.7301438848920863,-0.007417473658358827,0.2577846,0.02248755003573685
30,0.7301438848920863,-0.006923172979742447,0.2577846,0.02159348786917634
30,0.7301438848920863,-0.006433772158518532,0.2577846,0.020697888921803343
30,0.7301438848920863,-0.005949429404707347,0.2577846,0.019800703572964814
30,0.7301438848920863,-0.0054702889686214905,0.2577846,0.01890188658030068
30,0.7301438848920863,-0.004996481140865892,0.2577846,0.01800139707974373
30,0.7301438848920863,-0.004528075719978904,0.2577846,0.017099213179829414
30,0.7301438848920863,-0.004065133198027104,0.2577846,0.01619531590795509
30,0.7301438848920863,-0.0036077094138411685,0.2577846,0.015289687750949122
30,0.7301438848920863,-0.0031558415933082267,0.2577846,0.014382317033363744
30,0.7301438848920863,-0.002709632107617861,0.2577846,0.013473171647717583
30,0.7301438848920863,-0.0022695230141796478,0.2577846,0.012562112948068398
30,0.7301438848920863,-0.0018360540883568602,0.2577846,0.011648971640423538
30,0.7301438848920863,-0.0014097651055127699,0.2577846,0.01073357843079037
30,0.7301438848920863,-0.0009911772280670871,0.2577846,0.009815769862900139
30,0.7301438848920863,-0.0005807790457882933,0.2577846,0.00889539269650089
30,0.7301438848920863,-0.00017870550251720442,0.2577846,0.007972404608094459
30,0.7301438848920863,0.00021500617585905497,0.2577846,0.007046793922233074
30,0.7301438848920863,0.0006003466828687085,0.2577846,0.006118557720054794
30,0.7301438848920863,0.0009772834458605202,0.2577846,0.005187685785542819
30,0.7301438848920863,0.0013457187468807969,0.2577846,0.004254147470646768
30,0.7301438848920863,0.0017051035040944844,0.2577846,0.003317770562512052
30,0.7301438848920863,0.002054683893287359,0.2577846,0.002378318633321365
30,0.7301438848920863,0.002393720049952864,0.2577846,0.0014355596335503089
30,0.7301438848920863,0.0027214628031126684,0.2577846,0.0004892585948125527
30,0.7301438848920863,0.003037316538572815,0.2577846,-0.00046077129005620346
30,0.7301438848920863,0.003341788459045345,0.2577846,-0.0014143709430801156
30,0.7301438848920863,0.0036358324778877626,0.2577846,-0.0023712411809101164
30,0.7301438848920863,0.0039204071616934675,0.2577846,-0.0033310813607661735
30,0.7301438848920863,0.004196461770584075,0.2577846,-0.0042935937587301985
30,0.7301438848920863,0.004464443015205051,0.2577846,-0.005258638269428968
30,0.7301438848920863,0.004721312332520046,0.2577846,-0.006227167901286574
30,0.7301438848920863,0.004962565390187273,0.2577846,-0.007200595383482977
30,0.7301438848920863,0.005183609444383026,0.2577846,-0.008180361174386586
30,0.7301438848920863,0.005379730767150455,0.2577846,-0.009167943677571058
30,0.7301438848920863,0.005546611155583383,0.2577846,-0.010164697244977526
30,0.7301438848920863,0.0056834083739856715,0.2577846,-0.011170886033611736
30,0.7301438848920863,0.005790578439474566,0.2577846,-0.012186367019238531
30,0.7301438848920863,0.005866064621786564,0.2577846,-0.01321178527034711
30,0.7301438848920863,0.005904013150171699,0.2577846,-0.01424897675109903
30,0.7301438848920863,0.005897988599393716,0.2577846,-0.015299959854527242
30,0.7301438848920863,0.005840480646725708,0.2577846,-0.016367090102218994
30,0.7301438848920863,0.005781715625517362,0.2577846,-0.01691006782611256
30,0.7301438848920863,0.005691997279166894,0.2577846,-0.01746275368482546
30,0.7301438848920863,0.005557617174741548,0.2577846,-0.018029447161998363
30,0.7301438848920863,0.005351521398775253,0.2577846,-0.018618633389296868
30,0.7301438848920863,0.005121639072615047,0.2577846,-0.01911037062180104
30,0.7301438848920863,0.004989694985591872,0.2577846,-0.01936157199882129
30,0.7301438848920863,0.004825731982407702,0.2577846,-0.019622815720353237
30,0.7301438848920863,0.004710447271548904,0.2577846,-0.019763882728578912
30,0.7301438848920863,0.004628852384374304,0.2577846,-0.019841928653615157
30,0.7301438848920863,0.004571750002227474,0.2577846,-0.01988606546225579
30,0.7301438848920863,0.004470399999999999,0.2577846,-0.01994408
30,0.7301438848920863,0.00424560469867796,0.2577846,-0.019988356979015683
30,0.7301438848920863,0.004178935659379312,0.2577846,-0.019983039574773633
30,0.7301438848920863,0.004076965043918376,0.2577846,-0.019962566742113774
30,0.7301438848920863,0.003921310441829906,0.2577846,-0.019906476561607624
30,0.7301438848920863,0.003685802450305578,0.2577846,-0.019770522070077155
30,0.7301438848920863,0.0035008518667291096,0.2577846,-0.019618710861046378
30,0.7301438848920863,0.0032275146507712016,0.2577846,-0.019284802331473897
30,0.7301438848920863,0.00296915699282128,0.2577846,-0.018841286287687383
30,0.7301438848920863,0.002730240554420936,0.2577846,-0.01839167274130388
30,0.7301438848920863,0.002509536881295136,0.2577846,-0.017936346982099748
30,0.7301438848920863,0.002309381897860799,0.2577846,-0.017474576375727517
30,0.7301438848920863,0.0019478426924299137,0.2577846,-0.01653887518413239
30,0.7301438848920863,0.0016055073915182006,0.2577846,-0.0155971509209198
30,0.7301438848920863,0.001278732511423574,0.2577846,-0.014650546320540064
30,0.7301438848920863,0.0009662709849274395,0.2577846,-0.013699452510493423
30,0.7301438848920863,0.0006660428155868432,0.2577846,-0.01274452185642393
30,0.7301438848920863,0.0003760424587330759,0.2577846,-0.0117863833730801
30,0.7301438848920863,9.431555529222039e-05,0.2577846,-0.010825650021469766
30,0.7301438848920863,-0.0001810038423277231,0.2577846,-0.00986290703341232
30,0.7301438848920863,-0.0004514233825552048,0.2577846,-0.008898627264542372
30,0.7301438848920863,-0.0007183390361573082,0.2577846,-0.00793324854415123
30,0.7301438848920863,-0.0009831560803728965,0.2577846,-0.006967211620392155
30,0.7301438848920863,-0.001247279792440833,0.2577846,-0.006000957241418397
30,0.7301438848920863,-0.0015118827878054693,0.2577846,-0.005034853183834653
30,0.7301438848920863,-0.0017770674376563905,0.2577846,-0.00406893155512229
30,0.7301438848920863,-0.0020426383060862027,0.2577846,-0.0031031310591805236
30,0.7301438848920863,-0.002308404610423409,0.2577846,-0.0021373918593395325
30,0.7301438848920863,-0.002574166261524724,0.2577846,-0.0011716512000675763
30,0.7301438848920863,-0.0028397697026057685,0.2577846,-0.0002058609201426101
30,0.7301438848920863,-0.0031052102804306533,0.2577846,0.0007599804398663451
30,0.7301438848920863,-0.003370553140301845,0.2577846,0.0017258524479256965
30,0.7301438848920863,-0.0036358401613423505,0.2577846,0.0026917419691566934
30,0.7301438848920863,-0.003901127182382856,0.2577846,0.003657631490387697
30,0.7301438848920863,-0.004166460735782267,0.2577846,0.004623506417308992
30,0.7301438848920863,-0.004431836168304688,0.2577846,0.005589368209351544
30,0.7301438848920863,-0.0046972395202424504,0.2577846,0.006555221244808267
30,0.7301438848920863,-0.004962652178651994,0.2577846,0.007521071361403047
30,0.7301438848920863,-0.005228069490297428,0.2577846,0.008486920018566858
30,0.7301438848920863,-0.005493472842235192,0.2577846,0.009452773054023585
30,0.7301438848920863,-0.005758866887701174,0.2577846,0.010418629008342253
30,0.7301438848920863,-0.006024256279931268,0.2577846,0.011384486422091892
30,0.7301438848920863,-0.0062896363656895805,0.2577846,0.012350346754703475
30,0.7301438848920863,-0.006555021104683782,0.2577846,0.01331620562788408
30,0.7301438848920863,-0.006820405843677983,0.2577846,0.01428206450106469
30,0.7301438848920863,-0.007085795235908078,0.2577846,0.01524792191481433
30,0.7301438848920863,-0.00735118462813817,0.2577846,0.016213779328563976
30,0.7301438848920863,-0.007616574020368264,0.2577846,0.017179636742313608
30,0.7301438848920863,-0.007881963412598355,0.2577846,0.018145494156063254
30,0.7301438848920863,-0.008147352804828447,0.2577846,0.01911135156981288
30,0.7301438848920863,-0.00841274219705854,0.2577846,0.020077208983562526
30,0.7301438848920863,-0.00867813158928863,0.2577846,0.02104306639731215
30,0.7301438848920863,-0.008943520981518724,0.2577846,0.022008923811061797
30,0.7301438848920863,-0.009208910373748816,0.2577846,0.022974781224811437
30,0.7301438848920863,-0.00947429976597891,0.2577846,0.023940638638561076
30,0.7301438848920863,-0.009739689158209,0.2577846,0.024906496052310708
30,0.7301438848920863,-0.010005078550439094,0.2577846,0.025872353466060347
30,0.7301438848920863,-0.010137775573172088,0.2577846,0.026355281443219688
30,0.7301438848920863,-0.010270472595905076,0.2577846,0.026838209420379015
30,0.7301438848920863,-0.01040316496540218,0.2577846,0.027321138856969327
30,0.7301438848920863,-0.01053585733489928,0.2577846,0.027804068293559626
31,0.7521294964028776,-0.010285144205033729,0.26554683999999995,0.02791929965475405
31,0.7521294964028776,-0.01003142013689975,0.26554683999999995,0.027473943197361947
31,0.7521294964028776,-0.009777933291258591,0.26554683999999995,0.027028514512925532
31,0.7521294964028776,-0.009524957386371198,0.26554683999999995,0.02658293026254749
31,0.7521294964028776,-0.009272752454585469,0.26554683999999995,0.026137111274275385
31,0.7521294964028776,-0.008771631772116383,0.26554683999999995,0.025244471841982037
31,0.7521294964028776,-0.008275483638054484,0.26554683999999995,0.02435031841972115
31,0.7521294964028776,-0.00778411644961711,0.26554683999999995,0.023454709344720832
31,0.7521294964028776,-0.007297324918108552,0.26554683999999995,0.02255770712115407
31,0.7521294964028776,-0.006815172911123029,0.26554683999999995,0.021659292303278135
31,0.7521294964028776,-0.00633782465961711,0.26554683999999995,0.020759414887754665
31,0.7521294964028776,-0.005865435270605334,0.26554683999999995,0.019858027649208528
31,0.7521294964028776,-0.0053981461651891865,0.26554683999999995,0.01895508752920945
31,0.7521294964028776,-0.00493608507855711,0.26554683999999995,0.018050555636272038
31,0.7521294964028776,-0.0044793204402743415,0.26554683999999995,0.01714441113567195
31,0.7521294964028776,-0.004027911555964082,0.26554683999999995,0.01623663597064811
31,0.7521294964028776,-0.0035819131692785243,0.26554683999999995,0.015327213473421065
31,0.7521294964028776,-0.003141361775985797,0.26554683999999995,0.014416132532137839
31,0.7521294964028776,-0.0027063577394482435,0.26554683999999995,0.013503362589202768
31,0.7521294964028776,-0.002277334446912362,0.26554683999999995,0.012588771691361779
31,0.7521294964028776,-0.0018548210870159825,0.26554683999999995,0.011672198716746775
31,0.7521294964028776,-0.0014393468483969328,0.26554683999999995,0.010753482543489665
31,0.7521294964028776,-0.0010314226718089814,0.26554683999999995,0.00983246760564882
31,0.7521294964028776,-0.0006315275642087819,0.26554683999999995,0.008909008060153968
31,0.7521294964028776,-0.00023979382275579435,0.26554683999999995,0.007983063626538098
31,0.7521294964028776,0.00014374205678186099,0.26554683999999995,0.007054623192948219
31,0.7521294964028776,0.000519070950462146,0.26554683999999995,0.006123683981421102
31,0.7521294964028776,0.0008861609244879545,0.26554683999999995,0.005190236269085383
31,0.7521294964028776,0.001244916177467954,0.26554683999999995,0.004254250887327022
31,0.7521294964028776,0.001594798396822283,0.26554683999999995,0.0033155639363146652
31,0.7521294964028776,0.001935068543246387,0.26554683999999995,0.0023739504010256186
31,0.7521294964028776,0.002265001263348761,0.26554683999999995,0.0014291894333820394
31,0.7521294964028776,0.0025838620797958636,0.26554683999999995,0.0004810574073428574
31,0.7521294964028776,0.002891067060297678,0.26554683999999995,-0.0004706234667394872
31,0.7521294964028776,0.0031871134596949237,0.26554683999999995,-0.0014257017898682486
31,0.7521294964028776,0.0034729364820458306,0.26554683999999995,-0.0023838928208109907
31,0.7521294964028776,0.0037494758933796484,0.26554683999999995,-0.0033449104293536806
31,0.7521294964028776,0.004017662335783594,0.26554683999999995,-0.004308471263245498
31,0.7521294964028776,0.004277933758475182,0.26554683999999995,-0.005274441980250778
31,0.7521294964028776,0.0045273111943811145,0.26554683999999995,-0.006243729585368419
31,0.7521294964028776,0.0047613786555581305,0.26554683999999995,-0.007217678612808125
31,0.7521294964028776,0.004975633476613658,0.26554683999999995,-0.008197659987430397
31,0.7521294964028776,0.005165454380908734,0.26554683999999995,-0.009185080747617919
31,0.7521294964028776,0.005326607859340719,0.26554683999999995,-0.01018122986831552
31,0.7521294964028776,0.005458268195155761,0.26554683999999995,-0.011186358755196711
31,0.7521294964028776,0.0055608824615134035,0.26554683999999995,-0.012200331288062576
31,0.7521294964028776,0.005632434267224679,0.26554683999999995,-0.013223761396789858
31,0.7521294964028776,0.00566718465275175,0.26554683999999995,-0.014258396420258519
31,0.7521294964028776,0.005658824412179808,0.26554683999999995,-0.015306157320051222
31,0.7521294964028776,0.005599990524289403,0.26554683999999995,-0.016369285912505215
31,0.7521294964028776,0.005541151148278002,0.26554683999999995,-0.016909808445700662
31,0.7521294964028776,0.005451965541069708,0.26554683999999995,-0.01745957048464294
31,0.7521294964028776,0.005318994136052068,0.26554683999999995,-0.018022663969189254
31,0.7521294964028776,0.005115713633739403,0.26554683999999995,-0.01860716443848754
31,0.7521294964028776,0.004889358496798985,0.26554683999999995,-0.0190941688871798
31,0.7521294964028776,0.004759511486237157,0.26554683999999995,-0.019342746450371227
31,0.7521294964028776,0.004598273553115827,0.26554683999999995,-0.019600881596100826
31,0.7521294964028776,0.004485004559995307,0.26554683999999995,-0.019739890110431355
31,0.7521294964028776,0.0044048873176313775,0.26554683999999995,-0.01981654415049376
31,0.7521294964028776,0.0043488435500101605,0.26554683999999995,-0.019859738162127022
31,0.7521294964028776,0.00424942,0.26554683999999995,-0.01991614
31,0.7521294964028776,0.004029095001514944,0.26554683999999995,-0.01995709188398438
31,0.7521294964028776,0.003963794902087735,0.26554683999999995,-0.019950843394503832
31,0.7521294964028776,0.003863946949850611,0.26554683999999995,-0.019928983290431593
31,0.7521294964028776,0.003711590618606993,0.26554683999999995,-0.019870849619999853
31,0.7521294964028776,0.003481192463966627,0.26554683999999995,-0.01973195576852065
31,0.7521294964028776,0.003300360124412586,0.26554683999999995,-0.019577970631722855
31,0.7521294964028776,0.0030333654678237326,0.26554683999999995,-0.019241176211515994
31,0.7521294964028776,0.0027813019571394934,0.26554683999999995,-0.018795314164813632
31,0.7521294964028776,0.0025482983613591345,0.26554683999999995,-0.018343648952896262
31,0.7521294964028776,0.002333150320134494,0.26554683999999995,-0.01788654726691198
31,0.7521294964028776,0.0021381479429154874,0.26554683999999995,-0.01742331183808675
31,0.7521294964028776,0.0017861535309808578,0.26554683999999995,-0.01648526798556519
31,0.7521294964028776,0.0014529863734283046,0.26554683999999995,-0.015541491805891322
31,0.7521294964028776,0.0011350744469524818,0.26554683999999995,-0.01459307087167485
31,0.7521294964028776,0.0008311951433211616,0.26554683999999995,-0.013640377429990363
31,0.7521294964028776,0.0005393092614902986,0.26554683999999995,-0.012684032355622713
31,0.7521294964028776,0.0002574505919520943,0.26554683999999995,-0.011724634299650804
31,0.7521294964028776,-1.629689312007427e-05,0.26554683999999995,-0.010762766634355705
31,0.7521294964028776,-0.0002837625441035295,0.26554683999999995,-0.009798986341367673
31,0.7521294964028776,-0.0005464244396073794,0.26554683999999995,-0.008833743450732108
31,0.7521294964028776,-0.0008056511709363572,0.26554683999999995,-0.00786745465693548
31,0.7521294964028776,-0.0010628204533372227,0.26554683999999995,-0.006900539432427516
31,0.7521294964028776,-0.0013193100020567373,0.26554683999999995,-0.0059334172496579365
31,0.7521294964028776,-0.0015762694337908764,0.26554683999999995,-0.004966438131995382
31,0.7521294964028776,-0.0018337991119019882,0.26554683999999995,-0.003999632637035521
31,0.7521294964028776,-0.0020917074336074077,0.26554683999999995,-0.0030329424275502594
31,0.7521294964028776,-0.0023498073580954905,0.26554683999999995,-0.002066310555293098
31,0.7521294964028776,-0.0026079027206125562,0.26554683999999995,-0.0010996772940543194
31,0.7521294964028776,-0.002865842976115086,0.26554683999999995,-0.000132996807440406
31,0.7521294964028776,-0.003123623562632065,0.26554683999999995,0.0008337322935302663
31,0.7521294964028776,-0.003381308347757712,0.26554683999999995,0.001800490563114987
31,0.7521294964028776,-0.0036389383892311694,0.26554683999999995,0.0027672655004791664
31,0.7521294964028776,-0.0038965684307046278,0.26554683999999995,0.0037340404378433494
31,0.7521294964028776,-0.004154244091888245,0.26554683999999995,0.004700801485391322
31,0.7521294964028776,-0.004411960810811001,0.26554683999999995,0.005667550032104691
31,0.7521294964028776,-0.004669704901559855,0.26554683999999995,0.006634290244928336
31,0.7521294964028776,-0.004927458116250736,0.26554683999999995,0.0076010276797887286
31,0.7521294964028776,-0.005185215892912636,0.26554683999999995,0.008567763725667511
31,0.7521294964028776,-0.005442959983661488,0.26554683999999995,0.009534503938491153
31,0.7521294964028776,-0.005700694950468307,0.26554683999999995,0.010501246929278035
31,0.7521294964028776,-0.005958425355304114,0.26554683999999995,0.011467991309046549
31,0.7521294964028776,-0.0062161466361978866,0.26554683999999995,0.012434738466778297
31,0.7521294964028776,-0.006473872479062675,0.26554683999999995,0.013401484235528421
31,0.7521294964028776,-0.006731598321927462,0.26554683999999995,0.014368230004278552
31,0.7521294964028776,-0.006989328726763269,0.26554683999999995,0.01533497438404706
31,0.7521294964028776,-0.0072470591315990755,0.26554683999999995,0.016301718763815573
31,0.7521294964028776,-0.007504789536434879,0.26554683999999995,0.01726846314358408
31,0.7521294964028776,-0.007762519941270684,0.26554683999999995,0.01823520752335258
31,0.7521294964028776,-0.008020250346106487,0.26554683999999995,0.019201951903121094
31,0.7521294964028776,-0.008277980750942292,0.26554683999999995,0.0201686962828896
31,0.7521294964028776,-0.008535711155778098,0.26554683999999995,0.021135440662658107
31,0.7521294964028776,-0.008793441560613903,0.26554683999999995,0.022102185042426614
31,0.7521294964028776,-0.009051171965449708,0.26554683999999995,0.02306892942219512
31,0.7521294964028776,-0.009308902370285513,0.26554683999999995,0.024035673801963628
31,0.7521294964028776,-0.009566632775121316,0.26554683999999995,0.025002418181732135
31,0.7521294964028776,-0.009824363179957121,0.26554683999999995,0.025969162561500635
31,0.7521294964028776,-0.009953230663360532,0.26554683999999995,0.026452534056894086
31,0.7521294964028776,-0.010082098146763942,0.26554683999999995,0.02693590555228753
31,0.7521294964028776,-0.010210961068196335,0.26554683999999995,0.027419278436662586
31,0.7521294964028776,-0.010339823989628731,0.26554683999999995,0.027902651321037655
32,0.774115107913669,-0.010093154000430172,0.27330908,0.028007275927511194
32,0.774115107913669,-0.00984538410648959,0.27330908,0.027559789622932224
32,0.774115107913669,-0.009597847052398462,0.27330908,0.02711223443909806
32,0.774115107913669,-0.009350811499521544,0.27330908,0.026664530899945003
32,0.774115107913669,-0.009104532676155352,0.27330908,0.026216603503212556
32,0.774115107913669,-0.008615203443489431,0.27330908,0.0253197936723823
32,0.774115107913669,-0.008130754892283217,0.27330908,0.024421540026395013
32,0.774115107913669,-0.007650998959581382,0.27330908,0.023521898198495258
32,0.774115107913669,-0.007175734149360357,0.27330908,0.022620927795730817
32,0.774115107913669,-0.006705023149271922,0.27330908,0.02171861027368682
32,0.774115107913669,-0.006239027156134929,0.27330908,0.020814897946725062
32,0.774115107913669,-0.0057778984113894035,0.27330908,0.019909745778409437
32,0.774115107913669,-0.005321775723407137,0.27330908,0.01900311270610706
32,0.774115107913669,-0.004870784467491682,0.27330908,0.018094961640988182
32,0.774115107913669,-0.0044249918089842265,0.27330908,0.01718527271403691
32,0.774115107913669,-0.003984455957847131,0.27330908,0.01627402870543942
32,0.774115107913669,-0.0035492306463533498,0.27330908,0.015361213719982978
32,0.774115107913669,-0.003119351696018185,0.27330908,0.014446817160859101
32,0.774115107913669,-0.002694917616008711,0.27330908,0.01353080988684444
32,0.774115107913669,-0.002276353786819124,0.27330908,0.012613066060838143
32,0.774115107913669,-0.0018641796204212774,0.27330908,0.011693432029117063
32,0.774115107913669,-0.0014589145287870328,0.27330908,0.010771754137958084
32,0.774115107913669,-0.0010610600131306016,0.27330908,0.009847884032042314
32,0.774115107913669,-0.0006710862308403013,0.27330908,0.008921682628258286
32,0.774115107913669,-0.0002891230349091004,0.27330908,0.007993111513175232
32,0.774115107913669,8.479375314770707e-05,0.27330908,0.007062160089984646
32,0.774115107913669,0.0004506551779512925,0.27330908,0.006128825709484406
32,0.774115107913669,0.0008084298956757678,0.27330908,0.005193099099467087
32,0.774115107913669,0.001158023874843467,0.27330908,0.004254952443310398
32,0.774115107913669,0.001498908748103711,0.27330908,0.0033142294380890773
32,0.774115107913669,0.0018303591297716597,0.27330908,0.0023707154984311564
32,0.774115107913669,0.002151663067230712,0.27330908,0.001424200012767867
32,0.774115107913669,0.0024620996524854465,0.27330908,0.0004744697203282987
32,0.774115107913669,0.0027610957412910536,0.27330908,-0.0004786449278234191
32,0.774115107913669,0.0030491394017935023,0.27330908,-0.0014349995501715847
32,0.774115107913669,0.0033271485603223704,0.27330908,-0.0023943226034985853
32,0.774115107913669,0.0035960456208966483,0.27330908,-0.0033563412199857506
32,0.774115107913669,0.0038567440321565028,0.27330908,-0.004320785181016536
32,0.774115107913669,0.00410967365228554,0.27330908,-0.005287527324889034
32,0.774115107913669,0.00435191055009735,0.27330908,-0.006257432616096414
32,0.774115107913669,0.004579120322240558,0.27330908,-0.007231783268466206
32,0.774115107913669,0.004786883489264954,0.27330908,-0.008211886663246126
32,0.774115107913669,0.0049706641517956,0.27330908,-0.009199084621311474
32,0.774115107913669,0.005126307014057625,0.27330908,-0.010194606372447334
32,0.774115107913669,0.005253001614267356,0.27330908,-0.01119869166944583
32,0.774115107913669,0.005351186765987222,0.27330908,-0.012211210701402943
32,0.774115107913669,0.005418883330496867,0.27330908,-0.013232748941987855
32,0.774115107913669,0.005450458374515273,0.27330908,-0.01426497273933594
32,0.774115107913669,0.005439719253584847,0.27330908,-0.015309714016715268
32,0.774115107913669,0.005379438976993693,0.27330908,-0.016369110680239104
32,0.774115107913669,0.005320419980831716,0.27330908,-0.01690735202654721
32,0.774115107913669,0.0052316153946972924,0.27330908,-0.01745440461911646
32,0.774115107913669,0.005099833945580975,0.27330908,-0.018014170732674053
32,0.774115107913669,0.004899042347238056,0.27330908,-0.018594351597791586
32,0.774115107913669,0.0046758557474700525,0.27330908,-0.01907700096671486
32,0.774115107913669,0.004547900970472502,0.27330908,-0.019323165743455245
32,0.774115107913669,0.004389135212627025,0.27330908,-0.01957844510009986
32,0.774115107913669,0.00427770551057849,0.27330908,-0.01971556494821937
32,0.774115107913669,0.004198941753302993,0.27330908,-0.01979094325624323
32,0.774115107913669,0.004143870050963583,0.27330908,-0.01983327381237468
32,0.774115107913669,0.00404622,0.27330908,-0.019888199999999998
32,0.774115107913669,0.0038300288000362196,0.27330908,-0.01992611510077569
32,0.774115107913669,0.0037659984416905544,0.27330908,-0.019919017608279257
32,0.774115107913669,0.0036681218293293898,0.27330908,-0.019895893487530777
32,0.774115107913669,0.0035188335876413486,0.27330908,-0.01983589986081856
32,0.774115107913669,0.0032931986647961094,0.27330908,-0.019694334856102183
32,0.774115107913669,0.003116213837418495,0.27330908,-0.019538378060852533
32,0.774115107913669,0.0028551651933530165,0.27330908,-0.019198976349124843
32,0.774115107913669,0.0026090251783586127,0.27330908,-0.018751007889759485
32,0.774115107913669,0.002381592949729946,0.27330908,-0.018297505247159153
32,0.774115107913669,0.002171686397462097,0.27330908,-0.01783881811600408
32,0.774115107913669,0.0019815533216401785,0.27330908,-0.017374281546561395
32,0.774115107913669,0.0016385952781819133,0.27330908,-0.01643417183163155
32,0.774115107913669,0.0013141166589293444,0.27330908,-0.015488595488120867
32,0.774115107913669,0.001004611433072425,0.27330908,-0.014538589678660506
32,0.774115107913669,0.0007088795798485857,0.27330908,-0.013584509396334949
32,0.774115107913669,0.0004249195720904056,0.27330908,-0.012626946737818692
32,0.774115107913669,0.0001508015256610649,0.27330908,-0.011666472606169244
32,0.774115107913669,-0.00011535518899271832,0.27330908,-0.010703643333832433
32,0.774115107913669,-0.00037534612532538585,0.27330908,-0.00973899008583393
32,0.774115107913669,-0.0006306220547066125,0.27330908,-0.008772942032917659
32,0.774115107913669,-0.0008825262839601703,0.27330908,-0.007805896555402075
32,0.774115107913669,-0.001132411075288657,0.27330908,-0.00683825368280775
32,0.774115107913669,-0.0013816286908946698,0.27330908,-0.005870413444655262
32,0.774115107913669,-0.0016313075085101778,0.27330908,-0.004902709640412107
32,0.774115107913669,-0.0018815460373022572,0.27330908,-0.003935171411301643
32,0.774115107913669,-0.0021321562143155805,0.27330908,-0.002967743124079287
32,0.774115107913669,-0.002382954454284233,0.27330908,-0.002000370470101504
32,0.774115107913669,-0.002633748216563472,0.27330908,-0.0010329964915226642
32,0.774115107913669,-0.0028843897374026834,0.27330908,-6.557747650773674e-05
32,0.774115107913669,-0.0031348745391124554,0.27330908,0.0009018878995443458
32,0.774115107913669,-0.0033852653093445623,0.27330908,0.0018693810922187186
32,0.774115107913669,-0.0036356023473037196,0.27330908,0.002836890180105831
32,0.774115107913669,-0.003885939385262875,0.27330908,0.003804399267992944
32,0.774115107913669,-0.004136321200116158,0.27330908,0.004771895109869442
32,0.774115107913669,-0.004386743314174154,0.27330908,0.0057393790303363855
32,0.774115107913669,-0.004637192294368625,0.27330908,0.006706855003196961
32,0.774115107913669,-0.00488765022994192,0.27330908,0.007674328326855405
32,0.774115107913669,-0.005138112643204629,0.27330908,0.008641800325912798
32,0.774115107913669,-0.0053885616233991,0.27330908,0.00960927629877337
32,0.774115107913669,-0.005639001648214747,0.27330908,0.010576754920836071
32,0.774115107913669,-0.00588943719534098,0.27330908,0.011544234867499833
32,0.774115107913669,-0.006139863787088386,0.27330908,0.012511717463365709
32,0.774115107913669,-0.006390294856525206,0.27330908,0.013479198734630524
32,0.774115107913669,-0.006640725925962026,0.27330908,0.014446680005895347
32,0.774115107913669,-0.006891161473088261,0.27330908,0.015414159952559115
32,0.774115107913669,-0.0071415970202144945,0.27330908,0.016381639899222877
32,0.774115107913669,-0.007392032567340728,0.27330908,0.017349119845886624
32,0.774115107913669,-0.0076424681144669614,0.27330908,0.018316599792550393
32,0.774115107913669,-0.007892903661593193,0.27330908,0.019284079739214147
32,0.774115107913669,-0.008143339208719428,0.27330908,0.02025155968587791
32,0.774115107913669,-0.00839377475584566,0.27330908,0.021219039632541663
32,0.774115107913669,-0.008644210302971893,0.27330908,0.022186519579205425
32,0.774115107913669,-0.008894645850098127,0.27330908,0.023153999525869186
32,0.774115107913669,-0.00914508139722436,0.27330908,0.024121479472532948
32,0.774115107913669,-0.009395516944350592,0.27330908,0.025088959419196696
32,0.774115107913669,-0.009645952491476827,0.27330908,0.026056439365860464
32,0.774115107913669,-0.009771172503884647,0.27330908,0.026540178676891808
32,0.774115107913669,-0.009896392516292471,0.27330908,0.027023917987923158
32,0.774115107913669,-0.010021608051010883,0.27330908,0.02750765862355557
32,0.774115107913669,-0.010146823585729292,0.27330908,0.02799139925918798
33,0.7961007194244604,-0.009905869214591974,0.28107131999999996,0.02808890670250021
33,0.7961007194244604,-0.009663678633816414,0.28107131999999996,0.027639488873038607
33,0.7961007194244604,-0.009421716894183575,0.28107131999999996,0.02719000521690861
33,0.7961007194244604,-0.009180248043165825,0.28107131999999996,0.026740379780262048
33,0.7961007194244604,-0.008939522925861922,0.28107131999999996,0.0262905404069432
33,0.7961007194244604,-0.008461245661713761,0.28107131999999996,0.025389948948230195
33,0.7961007194244604,-0.007987765259980328,0.28107131999999996,0.02448797766127574
33,0.7961007194244604,-0.007518896887430966,0.28107131999999996,0.02358467971377354
33,0.7961007194244604,-0.00705444250846139,0.28107131999999996,0.022680112071109707
33,0.7961007194244604,-0.006594463734148494,0.28107131999999996,0.02177425701071969
33,0.7961007194244604,-0.006139118992975694,0.28107131999999996,0.020867068960294586
33,0.7961007194244604,-0.005688557911844005,0.28107131999999996,0.019958504879320434
33,0.7961007194244604,-0.005242916915280815,0.28107131999999996,0.019048525524975702
33,0.7961007194244604,-0.004802319225439899,0.28107131999999996,0.01813709545213125
33,0.7961007194244604,-0.004366830854189348,0.28107131999999996,0.017224195672325016
33,0.7961007194244604,-0.003936509011814842,0.28107131999999996,0.01630980972888994
33,0.7961007194244604,-0.003511406507810858,0.28107131999999996,0.015393922431056365
33,0.7961007194244604,-0.00309155854850704,0.28107131999999996,0.014476523651644538
33,0.7961007194244604,-0.002677061951309932,0.28107131999999996,0.01355758554091015
33,0.7961007194244604,-0.00226833479138411,0.28107131999999996,0.01263698783859361
33,0.7961007194244604,-0.0018658875605094979,0.28107131999999996,0.011714583700588501
33,0.7961007194244604,-0.001470230750466007,0.28107131999999996,0.010790226282788383
33,0.7961007194244604,-0.0010818572498687323,0.28107131999999996,0.009863773804676707
33,0.7961007194244604,-0.00070122914179432,0.28107131999999996,0.008935093347019207
33,0.7961007194244604,-0.00032847404918775027,0.28107131999999996,0.008004148198789283
33,0.7961007194244604,3.637282162133066e-05,0.28107131999999996,0.007070928232807163
33,0.7961007194244604,0.0003933026690505076,0.28107131999999996,0.0061354309172779245
33,0.7961007194244604,0.0007422846875613388,0.28107131999999996,0.005197647390919272
33,0.7961007194244604,0.0010832264605384933,0.28107131999999996,0.0042575510698843605
33,0.7961007194244604,0.0014156086946196448,0.28107131999999996,0.0033149925782718255
33,0.7961007194244604,0.0017387184616293916,0.28107131999999996,0.0023697668406916367
33,0.7961007194244604,0.0020518560357659526,0.28107131999999996,0.0014216725794462051
33,0.7961007194244604,0.002354312889645133,0.28107131999999996,0.00047050598504298075
33,0.7961007194244604,0.002645525721992546,0.28107131999999996,-0.00048389497739410176
33,0.7961007194244604,0.002925974219049662,0.28107131999999996,-0.0014413923250408862
33,0.7961007194244604,0.0031965605430137474,0.28107131999999996,-0.00240172654891619
33,0.7961007194244604,0.0034581912568732733,0.28107131999999996,-0.0033646368741413572
33,0.7961007194244604,0.0037117641220342974,0.28107131999999996,-0.004329865057632663
33,0.7961007194244604,0.003957701614452615,0.28107131999999996,-0.005297289573233058
33,0.7961007194244604,0.0041931300174705925,0.28107131999999996,-0.006267737051989953
33,0.7961007194244604,0.004413789365200658,0.28107131999999996,-0.007242432882653544
33,0.7961007194244604,0.004615336076722321,0.28107131999999996,-0.008222626506025949
33,0.7961007194244604,0.004793312150543724,0.28107131999999996,-0.009209600276243488
33,0.7961007194244604,0.004943633652425545,0.28107131999999996,-0.010204528946157596
33,0.7961007194244604,0.005065504039159466,0.28107131999999996,-0.011207641643210201
33,0.7961007194244604,0.005159354588283688,0.28107131999999996,-0.01221881430944932
33,0.7961007194244604,0.005223240150085087,0.28107131999999996,-0.01323860647155635
33,0.7961007194244604,0.005251624529226298,0.28107131999999996,-0.014268610628547562
33,0.7961007194244604,0.005238421431469185,0.28107131999999996,-0.01531057751662289
33,0.7961007194244604,0.005176527979806986,0.28107131999999996,-0.016366550294297653
33,0.7961007194244604,0.005117198351091682,0.28107131999999996,-0.016902701088862757
33,0.7961007194244604,0.005028594659272921,0.28107131999999996,-0.017447272633393105
33,0.7961007194244604,0.004897752173457323,0.28107131999999996,-0.01800399426183301
33,0.7961007194244604,0.004699084693572206,0.28107131999999996,-0.01858022590206851
33,0.7961007194244604,0.00447867165651389,0.28107131999999996,-0.01905889580190189
33,0.7961007194244604,0.004352384646917381,0.28107131999999996,-0.019302856341171105
33,0.7961007194244604,0.004195815793031203,0.28107131999999996,-0.019555527520926014
33,0.7961007194244604,0.0040860349034255415,0.28107131999999996,-0.019690923138990665
33,0.7961007194244604,0.004008491385888941,0.28107131999999996,-0.019765137155245794
33,0.7961007194244604,0.003954299254734214,0.28107131999999996,-0.019806679868105498
33,0.7961007194244604,0.00385826,0.28107131999999996,-0.01986026
33,0.7961007194244604,0.0036458477990936287,0.28107131999999996,-0.01989540662172302
33,0.7961007194244604,0.00358298328495539,0.28107131999999996,-0.019887535515647058
33,0.7961007194244604,0.0034869199901997163,0.28107131999999996,-0.01986325988865513
33,0.7961007194244604,0.0033404604110348146,0.28107131999999996,-0.019801572416633193
33,0.7961007194244604,0.0031192301414535513,0.28107131999999996,-0.01965757600281575
33,0.7961007194244604,0.002945814468327345,0.28107131999999996,-0.019499825612995254
33,0.7961007194244604,0.002690308341185411,0.28107131999999996,-0.01915805492907303
33,0.7961007194244604,0.0024497196484088973,0.28107131999999996,-0.018708176312932635
33,0.7961007194244604,0.0022275174612917696,0.28107131999999996,-0.018253008777165843
33,0.7961007194244604,0.0020225399709555988,0.28107131999999996,-0.01779288651870453
33,0.7961007194244604,0.0018369963745858827,0.28107131999999996,-0.017327174057019147
33,0.7961007194244604,0.001502576574176275,0.28107131999999996,-0.016385201675934855
33,0.7961007194244604,0.0011863188390745377,0.28107131999999996,-0.015438004935995099
33,0.7961007194244604,0.0008847773497662396,0.28107131999999996,-0.014486575034918276
33,0.7961007194244604,0.0005967726942081261,0.28107131999999996,-0.013531251233226134
33,0.7961007194244604,0.0003203377187310386,0.28107131999999996,-0.012572599387087421
33,0.7961007194244604,5.357568232511626e-05,0.28107131999999996,-0.011611165098311364
33,0.7961007194244604,-0.0002053617473162313,0.28107131999999996,-0.010647480043835037
33,0.7961007194244604,-0.00045823928746668114,0.28107131999999996,-0.009682051848543597
33,0.7961007194244604,-0.0007064827944770319,0.28107131999999996,-0.00871529066321707
33,0.7961007194244604,-0.0009514125057091352,0.28107131999999996,-0.007747576257096217
33,0.7961007194244604,-0.0011943574601072557,0.28107131999999996,-0.006779290931216748
33,0.7961007194244604,-0.001436646696615655,0.28107131999999996,-0.00581081698661437
33,0.7961007194244604,-0.0016793892146182913,0.28107131999999996,-0.004842473429451318
33,0.7961007194244604,-0.0019226818315216999,0.28107131999999996,-0.0038742881094719177
33,0.7961007194244604,-0.002166339714095219,0.28107131999999996,-0.002906207858982466
33,0.7961007194244604,-0.0024101824298993963,0.28107131999999996,-0.0019381807761867237
33,0.7961007194244604,-0.00265402074491237,0.28107131999999996,-0.0009701524274935043
33,0.7961007194244604,-0.002897709433024332,0.28107131999999996,-2.081038286336906e-06
33,0.7961007194244604,-0.003141244093444079,0.28107131999999996,0.0009660346573322556
33,0.7961007194244604,-0.0033846863372484965,0.28107131999999996,0.0019341769367977046
33,0.7961007194244604,-0.0036280757715584397,0.28107131999999996,0.002902334407032775
33,0.7961007194244604,-0.0038714652058683837,0.28107131999999996,0.003870491877267856
33,0.7961007194244604,-0.004114898648090387,0.28107131999999996,0.004838636688528242
33,0.7961007194244604,-0.004358371697433248,0.28107131999999996,0.005806770106711403
33,0.7961007194244604,-0.004601871151523346,0.28107131999999996,0.00677489592950975
33,0.7961007194244604,-0.004845379407195854,0.28107131999999996,0.007743019220513153
33,0.7961007194244604,-0.00508889206365957,0.28107131999999996,0.00871114124561909
33,0.7961007194244604,-0.005332391517749668,0.28107131999999996,0.00967926706841744
33,0.7961007194244604,-0.005575882170257354,0.28107131999999996,0.010647395423010724
33,0.7961007194244604,-0.005819368421973833,0.28107131999999996,0.011615525043501478
33,0.7961007194244604,-0.006062845872107902,0.28107131999999996,0.012583657195787173
33,0.7961007194244604,-0.00630632772303317,0.28107131999999996,0.01355178808217539
33,0.7961007194244604,-0.006549809573958445,0.28107131999999996,0.014519918968563614
33,0.7961007194244604,-0.006793295825674924,0.28107131999999996,0.015488048589054362
33,0.7961007194244604,-0.007036782077391402,0.28107131999999996,0.016456178209545116
33,0.7961007194244604,-0.007280268329107881,0.28107131999999996,0.017424307830035877
33,0.7961007194244604,-0.00752375458082436,0.28107131999999996,0.018392437450526624
33,0.7961007194244604,-0.00776724083254084,0.28107131999999996,0.01936056707101737
33,0.7961007194244604,-0.008010727084257317,0.28107131999999996,0.020328696691508132
33,0.7961007194244604,-0.008254213335973797,0.28107131999999996,0.021296826311998886
33,0.7961007194244604,-0.008497699587690276,0.28107131999999996,0.022264955932489634
33,0.7961007194244604,-0.008741185839406756,0.28107131999999996,0.0232330855529804
33,0.7961007194244604,-0.008984672091123233,0.28107131999999996,0.02420121517347115
33,0.7961007194244604,-0.009228158342839713,0.28107131999999996,0.025169344793961896
33,0.7961007194244604,-0.009471644594556192,0.28107131999999996,0.026137474414452643
33,0.7961007194244604,-0.009593389920810033,0.28107131999999996,0.026621538591749292
33,0.7961007194244604,-0.009715135247063878,0.28107131999999996,0.02710560276904594
33,0.7961007194244604,-0.009836876172526514,0.28107131999999996,0.027589668212240046
33,0.7961007194244604,-0.009958617097989151,0.28107131999999996,0.02807373365543416
34,0.8180863309352518,-0.009720590977191003,0.28883356,0.028160152069626083
34,0.8180863309352518,-0.009483541637649206,0.28883356,0.027709055959924567
34,0.8180863309352518,-0.009246717721912084,0.28883356,0.02725789674915015
34,0.8180863309352518,-0.009010379334369656,0.28883356,0.02680660162837257
34,0.8180863309352518,-0.008774773574192419,0.28883356,0.02635510142910808
34,0.8180863309352518,-0.008306687641591256,0.28883356,0.02545122610993375
34,0.8180863309352518,-0.007843326938741967,0.28883356,0.024546028095192934
34,0.8180863309352518,-0.007384509392571543,0.28883356,0.02363955835113682
34,0.8180863309352518,-0.006930039924787476,0.28883356,0.022731871484463116
34,0.8180863309352518,-0.0064799792264141004,0.28883356,0.021822950506421405
34,0.8180863309352518,-0.006034483360085426,0.28883356,0.020912751731653537
34,0.8180863309352518,-0.005593699718289124,0.28883356,0.020001233901765704
34,0.8180863309352518,-0.005157762688293367,0.28883356,0.019088359398810602
34,0.8180863309352518,-0.00472679365214683,0.28883356,0.01817409424528743
34,0.8180863309352518,-0.004300857635947009,0.28883356,0.017258420238963623
34,0.8180863309352518,-0.003880010995645081,0.28883356,0.01634132160457096
34,0.8180863309352518,-0.0034643057521190415,0.28883356,0.015422783780323392
34,0.8180863309352518,-0.0030537765859542333,0.28883356,0.014502797058363562
34,0.8180863309352518,-0.0026485188687603205,0.28883356,0.01358133474208368
34,0.8180863309352518,-0.0022489444324881574,0.28883356,0.012658281550677497
34,0.8180863309352518,-0.0018555561456250966,0.28883356,0.011733496720213177
34,0.8180863309352518,-0.0014688568766584933,0.28883356,0.010806839486758871
34,0.8180863309352518,-0.0010893321537830394,0.28883356,0.00987817394031142
34,0.8180863309352518,-0.000717437159681253,0.28883356,0.008947372665242852
34,0.8180863309352518,-0.00035329761147497463,0.28883356,0.008014400470570223
34,0.8180863309352518,3.0518102504643874e-06,0.28883356,0.007079247648436142
34,0.8180863309352518,0.0003516024353487279,0.28883356,0.0061419117718762815
34,0.8180863309352518,0.0006923239183076499,0.28883356,0.005202384346515432
34,0.8180863309352518,0.0010251252225907245,0.28883356,0.004260639889228014
34,0.8180863309352518,0.0013494948095642643,0.28883356,0.0033165352091178296
34,0.8180863309352518,0.0016647303973752361,0.28883356,0.0023698737220731736
34,0.8180863309352518,0.001970142709390112,0.28883356,0.0014204624844288277
34,0.8180863309352518,0.002265033798829027,0.28883356,0.00046810612555526
34,0.8180863309352518,0.0025488487763266248,0.28883356,-0.00048735068026543177
34,0.8180863309352518,0.002822060164858091,0.28883356,-0.0014457756634766068
34,0.8180863309352518,0.0030855566544226304,0.28883356,-0.002406920060233176
34,0.8180863309352518,0.0033402312700926183,0.28883356,-0.0033705338932079124
34,0.8180863309352518,0.0035869683667940945,0.28883356,-0.004336369612037906
34,0.8180863309352518,0.003826184111551071,0.28883356,-0.005304310722434733
34,0.8180863309352518,0.004055047701585596,0.28883356,-0.006275149628256116
34,0.8180863309352518,0.004269362786072151,0.28883356,-0.007250060980243665
34,0.8180863309352518,0.004464850647795048,0.28883356,-0.008230242485300238
34,0.8180863309352518,0.004637119857636262,0.28883356,-0.009216923400865154
34,0.8180863309352518,0.004782147467696949,0.28883356,-0.010211229838393173
34,0.8180863309352518,0.004899148829733911,0.28883356,-0.011213381438157262
34,0.8180863309352518,0.004988548780917498,0.28883356,-0.01222325927890466
34,0.8180863309352518,0.0050484312189079585,0.28883356,-0.013241399719754982
34,0.8180863309352518,0.005073342621661389,0.28883356,-0.014269329321279459
34,0.8180863309352518,0.005057287582988025,0.28883356,-0.015308726329320697
34,0.8180863309352518,0.004993269294796562,0.28883356,-0.016361549304102836
34,0.8180863309352518,0.004933301096311189,0.28883356,-0.016895787144756327
34,0.8180863309352518,0.004844495991119888,0.28883356,-0.017438097068811883
34,0.8180863309352518,0.0047140828536731,0.28883356,-0.017992053994745523
34,0.8180863309352518,0.004516857568578719,0.28883356,-0.018564713107899943
34,0.8180863309352518,0.00429851636836223,0.28883356,-0.019039792744353554
34,0.8180863309352518,0.004173505410902292,0.28883356,-0.01928176662643351
34,0.8180863309352518,0.004018664814981215,0.28883356,-0.01953209047933271
34,0.8180863309352518,0.003910218398365485,0.28883356,-0.019665937297680774
34,0.8180863309352518,0.0038336804009312265,0.28883356,-0.01973910710633047
34,0.8180863309352518,0.003780221305837432,0.28883356,-0.019779944052182807
34,0.8180863309352518,0.00368554,0.28883356,-0.01983232
34,0.8180863309352518,0.0034763760275724645,0.28883356,-0.019864997017554238
34,0.8180863309352518,0.0034145265115010444,0.28883356,-0.019856437483970625
34,0.8180863309352518,0.003320050207575983,0.28883356,-0.01983113833348811
34,0.8180863309352518,0.0031760826539783305,0.28883356,-0.01976794772803371
34,0.8180863309352518,0.0029587658886711158,0.28883356,-0.019621798892557923
34,0.8180863309352518,0.0027885496933217967,0.28883356,-0.01946246557329328
34,0.8180863309352518,0.002538078740981763,0.28883356,-0.019118616752749618
34,0.8180863309352518,0.0023026073680727024,0.28883356,-0.018667078935537824
34,0.8180863309352518,0.002085247930854767,0.28883356,-0.018210471189815232
34,0.8180863309352518,0.0018848559700119084,0.28883356,-0.01774911387487501
34,0.8180863309352518,0.0017036076922738877,0.28883356,-0.01728239782266727
34,0.8180863309352518,0.0013772309664240945,0.28883356,-0.016338854984802302
34,0.8180863309352518,0.001068745087533917,0.28883356,-0.01539030410601726
34,0.8180863309352518,0.0007747556933137079,0.28883356,-0.014437695342852105
34,0.8180863309352518,0.0004941009841547494,0.28883356,-0.01348135390852869
34,0.8180863309352518,0.00022484318235145616,0.28883356,-0.012521822229577487
34,0.8180863309352518,-3.4886128631085415e-05,0.28883356,-0.011559623316814243
34,0.8180863309352518,-0.0002869076795229582,0.28883356,-0.010595266832750801
34,0.8180863309352518,-0.0005329598346640691,0.28883356,-0.009629239383737774
34,0.8180863309352518,-0.0007744471577604793,0.28883356,-0.008661934137998597
34,0.8180863309352518,-0.0010126701707622475,0.28883356,-0.0076937151401845864
34,0.8180863309352518,-0.0012489380657657633,0.28883356,-0.00672494886191142
34,0.8180863309352518,-0.0014845600348674165,0.28883356,-0.005756001774794763
34,0.8180863309352518,-0.001720628516505258,0.28883356,-0.004787179676341725
34,0.8180863309352518,-0.0019572388822889546,0.28883356,-0.0038185092631600713
34,0.8180863309352518,-0.002194209059145499,0.28883356,-0.0028499395689986252
34,0.8180863309352518,-0.0024313613090750546,0.28883356,-0.001881420841088357
34,0.8180863309352518,-0.002668509223931443,0.28883356,-0.0009129008996959231
34,0.8180863309352518,-0.002905509746300157,0.28883356,5.566030009033357e-05
34,0.8180863309352518,-0.003142358541108032,0.28883356,0.0010242639717525787
34,0.8180863309352518,-0.003379116299379401,0.28883356,0.001992893126540409
34,0.8180863309352518,-0.003615822036772769,0.28883356,0.0029615368431142944
34,0.8180863309352518,-0.003852527774166138,0.28883356,0.003930180559688183
34,0.8180863309352518,-0.004089276862291174,0.28883356,0.004898812141440362
34,0.8180863309352518,-0.004326064966074713,0.28883356,0.005867432801852996
34,0.8180863309352518,-0.004562879080297253,0.28883356,0.00683604618137261
34,0.8180863309352518,-0.004799701864666124,0.28883356,0.007804657133927872
34,0.8180863309352518,-0.005036528984108164,0.28883356,0.008773266873000972
34,0.8180863309352518,-0.005273343098330705,0.28883356,0.009741880252520582
34,0.8180863309352518,-0.005510148542406911,0.28883356,0.010710496059004537
34,0.8180863309352518,-0.005746949651409952,0.28883356,0.011679113078970661
34,0.8180863309352518,-0.005983742090266656,0.28883356,0.01264773252590113
34,0.8180863309352518,-0.006220538864196527,0.28883356,0.013616350759349423
34,0.8180863309352518,-0.006457335638126398,0.28883356,0.014584968992797702
34,0.8180863309352518,-0.006694136747129437,0.28883356,0.015553586012763833
34,0.8180863309352518,-0.006930937856132476,0.28883356,0.016522203032729957
34,0.8180863309352518,-0.007167738965135517,0.28883356,0.017490820052696088
34,0.8180863309352518,-0.007404540074138555,0.28883356,0.018459437072662205
34,0.8180863309352518,-0.007641341183141594,0.28883356,0.01942805409262833
34,0.8180863309352518,-0.007878142292144633,0.28883356,0.020396671112594453
34,0.8180863309352518,-0.00811494340114767,0.28883356,0.021365288132560577
34,0.8180863309352518,-0.008351744510150711,0.28883356,0.022333905152526708
34,0.8180863309352518,-0.008588545619153749,0.28883356,0.023302522172492818
34,0.8180863309352518,-0.00882534672815679,0.28883356,0.02427113919245895
34,0.8180863309352518,-0.009062147837159827,0.28883356,0.025239756212425066
34,0.8180863309352518,-0.009298948946162865,0.28883356,0.026208373232391197
34,0.8180863309352518,-0.009417351668200971,0.28883356,0.026692681135633167
34,0.8180863309352518,-0.00953575439023907,0.28883356,0.027176989038875145
34,0.8180863309352518,-0.009654152777204009,0.28883356,0.027661298155599298
34,0.8180863309352518,-0.009772551164168943,0.28883356,0.028145607272323438
35,0.8400719424460431,-0.009536814894176699,0.29659579999999997,0.02822420416346582
35,0.8400719424460431,-0.00930466011392532,0.29659579999999997,0.027771588426050646
35,0.8400719424460431,-0.009072727513628512,0.29659579999999997,0.02731891212334276
35,0.8400719424460431,-0.008841273454772312,0.29659579999999997,0.0268661053723121
35,0.8400719424460431,-0.00861054148076846,0.29659579999999997,0.02641310178408012
35,0.8400719424460431,-0.00815215814328469,0.29659579999999997,0.025506254846538373
35,0.8400719424460431,-0.007698432039464003,0.29659579999999997,0.02459813836728398
35,0.8400719424460431,-0.007249183716266164,0.29659579999999997,0.023688801264437974
35,0.8400719424460431,-0.00680422090257665,0.29659579999999997,0.02277829595027292
35,0.8400719424460431,-0.006363603416075534,0.29659579999999997,0.02186660611874846
35,0.8400719424460431,-0.00592748507365444,0.29659579999999997,0.02095368984004655
35,0.8400719424460431,-0.005496011146822126,0.29659579999999997,0.020039507513783507
35,0.8400719424460431,-0.005069314089013049,0.29659579999999997,0.019124023033727143
35,0.8400719424460431,-0.004647513535587356,0.29659579999999997,0.01820720378779675
35,0.8400719424460431,-0.004230673576916559,0.29659579999999997,0.017289032305234826
35,0.8400719424460431,-0.0038188497579893037,0.29659579999999997,0.016369493444718185
35,0.8400719424460431,-0.003412093351102797,0.29659579999999997,0.01544857322964082
35,0.8400719424460431,-0.0030104385377885067,0.29659579999999997,0.014526262342265388
35,0.8400719424460431,-0.002613979317257989,0.29659579999999997,0.013602535158814218
35,0.8400719424460431,-0.0022231215951974696,0.29659579999999997,0.012677281031156368
35,0.8400719424460431,-0.0018383610038132932,0.29659579999999997,0.011750364852100403
35,0.8400719424460431,-0.0014601931753118126,0.29659579999999997,0.01082165151445491
35,0.8400719424460431,-0.0010890966511336348,0.29659579999999997,0.0098910105698971
35,0.8400719424460431,-0.0007255200638793323,0.29659579999999997,0.008958319723124393
35,0.8400719424460431,-0.000369587321600493,0.29659579999999997,0.008023545197338926
35,0.8400719424460431,-2.133260582858499e-05,0.29659579999999997,0.007086677674803352
35,0.8400719424460431,0.0003192355380535199,0.29659579999999997,0.006147714826083346
35,0.8400719424460431,0.0006520872012057855,0.29659579999999997,0.00520664849815872
35,0.8400719424460431,0.0009771326571080974,0.29659579999999997,0.004263454231968968
35,0.8400719424460431,0.0012938677281712375,0.29659579999999997,0.003317994590888322
35,0.8400719424460431,0.0016016002383829001,0.29659579999999997,0.0023700808907356243
35,0.8400719424460431,0.0018996508298050742,0.29659579999999997,0.0014195279414812405
35,0.8400719424460431,0.002187331599116879,0.29659579999999997,0.0004661482236611933
35,0.8400719424460431,0.0024640956418147644,0.29659579999999997,-0.0004902073465219668
35,0.8400719424460431,0.002730408681265037,0.29659579999999997,-0.0014494118148969705
35,0.8400719424460431,0.0029871466192116715,0.29659579999999997,-0.0024112264144444742
35,0.8400719424460431,0.003235189630090075,0.29659579999999997,-0.003375411213427961
35,0.8400719424460431,0.0034754093429527877,0.29659579999999997,-0.004341728609545249
35,0.8400719424460431,0.0037082159361774753,0.29659579999999997,-0.005310066789948244
35,0.8400719424460431,0.003930819342257724,0.29659579999999997,-0.006281186314947373
35,0.8400719424460431,0.0041390835958854035,0.29659579999999997,-0.007256214630760829
35,0.8400719424460431,0.004328791550615132,0.29659579999999997,-0.008236301313232988
35,0.8400719424460431,0.004495614970024249,0.29659579999999997,-0.00922262622085459
35,0.8400719424460431,0.004635588796461986,0.29659579999999997,-0.010216270211157128
35,0.8400719424460431,0.004747939672778784,0.29659579999999997,-0.011217444097947931
35,0.8400719424460431,0.0048330863227351775,0.29659579999999997,-0.012226033738944576
35,0.8400719424460431,0.004889140216717328,0.29659579999999997,-0.01324255393913513
35,0.8400719424460431,0.00491072630890124,0.29659579999999997,-0.014268469912716374
35,0.8400719424460431,0.004891935467033664,0.29659579999999997,-0.015305392463531044
35,0.8400719424460431,0.004825871567140092,0.29659579999999997,-0.01635520144508758
35,0.8400719424460431,0.004765282893789594,0.29659579999999997,-0.016887617779238015
35,0.8400719424460431,0.004676272277019994,0.29659579999999997,-0.017427781811987047
35,0.8400719424460431,0.004546252367866673,0.29659579999999997,-0.017979124800110307
35,0.8400719424460431,0.004350381738332235,0.29659579999999997,-0.018548418409219974
35,0.8400719424460431,0.004133995735371427,0.29659579999999997,-0.019020124395338497
35,0.8400719424460431,0.004010190319391113,0.29659579999999997,-0.019260233264928015
35,0.8400719424460431,0.0038569845136533086,0.29659579999999997,-0.019508356553347504
35,0.8400719424460431,0.0037498019581911255,0.29659579999999997,-0.019640754078325464
35,0.8400719424460431,0.0036742170013034166,0.29659579999999997,-0.01971294822243445
35,0.8400719424460431,0.003621453012074756,0.29659579999999997,-0.019753126463444067
35,0.8400719424460431,0.00352806,0.29659579999999997,-0.019804379999999996
35,0.8400719424460431,0.003321980069464298,0.29659579999999997,-0.01983476148971823
35,0.8400719424460431,0.003261094739239462,0.29659579999999997,-0.019825563560648497
35,0.8400719424460431,0.0031681262917465187,0.29659579999999997,-0.019799316344082517
35,0.8400719424460431,0.003026527115771456,0.29659579999999997,-0.01973473564090281
35,0.8400719424460431,0.0028129309072815164,0.29659579999999997,-0.01958660099188387
35,0.8400719424460431,0.0026457574912222034,0.29659579999999997,-0.019425811690839404
35,0.8400719424460431,0.002400077551742359,0.29659579999999997,-0.019080062878089308
35,0.8400719424460431,0.0021694780311729642,0.29659579999999997,-0.018627023183625142
35,0.8400719424460431,0.0019567298154149044,0.29659579999999997,-0.018169117300834915
35,0.8400719424460431,0.0017607049139295983,0.29659579999999997,-0.017706652715050862
35,0.8400719424460431,0.0015835482178169248,0.29659579999999997,-0.017239044738254876
35,0.8400719424460431,0.0012648348906198316,0.29659579999999997,-0.016294124361222805
35,0.8400719424460431,0.0009637549609709385,0.29659579999999997,-0.015344397196440221
35,0.8400719424460431,0.0006769629114774084,0.29659579999999997,-0.014390775217449322
35,0.8400719424460431,0.00040331366083492344,0.29659579999999997,-0.01343357056845101
35,0.8400719424460431,0.00014089731597247742,0.29659579999999997,-0.012473303878019194
35,0.8400719424460431,-0.00011212765311799334,0.29659579999999997,-0.01151047713925308
35,0.8400719424460431,-0.00035755577683877675,0.29659579999999997,-0.010545579533363048
35,0.8400719424460431,-0.0005971004044549142,0.29659579999999997,-0.009579078111933289
35,0.8400719424460431,-0.0008321458879910286,0.29659579999999997,-0.008611350243326092
35,0.8400719424460431,-0.0010639740348773268,0.29659579999999997,-0.00764274534269172
35,0.8400719424460431,-0.0012938751979268818,0.29659579999999997,-0.006673615154614782
35,0.8400719424460431,-0.001523139729952766,0.29659579999999997,-0.0057043114236798795
35,0.8400719424460431,-0.0017528443491963562,0.29659579999999997,-0.004735127658613232
35,0.8400719424460431,-0.001983083054869199,0.29659579999999997,-0.003766089483192528
35,0.8400719424460431,-0.0022136763939310656,0.29659579999999997,-0.002797147979296734
35,0.8400719424460431,-0.0024444491860331594,0.29659579999999997,-0.0018282553935219797
35,0.8400719424460431,-0.0026752177054438207,0.29659579999999997,-0.0008593616430300557
35,0.8400719424460431,-0.002905840953345723,0.29659579999999997,0.0001095717078455627
35,0.8400719424460431,-0.003136314657047437,0.29659579999999997,0.0010785458238220524
35,0.8400719424460431,-0.0033666986342290373,0.29659579999999997,0.0020475443988590587
35,0.8400719424460431,-0.003597031339113426,0.29659579999999997,0.003016556950502066
35,0.8400719424460431,-0.0038273640439978177,0.29659579999999997,0.003985569502145084
35,0.8400719424460431,-0.004057739475796549,0.29659579999999997,0.00495457040661643
35,0.8400719424460431,-0.004288153361818186,0.29659579999999997,0.005923560828633257
35,0.8400719424460431,-0.004518592883988428,0.29659579999999997,0.0068925442623470855
35,0.8400719424460431,-0.004749040951541536,0.29659579999999997,0.00786152536662657
35,0.8400719424460431,-0.0049794932917860794,0.29659579999999997,0.008830505306188893
35,0.8400719424460431,-0.005209932813956321,0.29659579999999997,0.009799488739902724
35,0.8400719424460431,-0.005440363790743693,0.29659579999999997,0.010768474503050882
35,0.8400719424460431,-0.005670790494839635,0.29659579999999997,0.011737461430916217
35,0.8400719424460431,-0.005901208653552705,0.29659579999999997,0.012706450688215881
35,0.8400719424460431,-0.006131631084957208,0.29659579999999997,0.013675438780798368
35,0.8400719424460431,-0.006362053516361715,0.29659579999999997,0.01464442687338087
35,0.8400719424460431,-0.006592480220457653,0.29659579999999997,0.015613413801246194
35,0.8400719424460431,-0.006822906924553592,0.29659579999999997,0.016582400729111525
35,0.8400719424460431,-0.007053333628649532,0.29659579999999997,0.017551387656976856
35,0.8400719424460431,-0.007283760332745472,0.29659579999999997,0.018520374584842188
35,0.8400719424460431,-0.007514187036841409,0.29659579999999997,0.019489361512707512
35,0.8400719424460431,-0.007744613740937347,0.29659579999999997,0.020458348440572843
35,0.8400719424460431,-0.007975040445033289,0.29659579999999997,0.021427335368438168
35,0.8400719424460431,-0.008205467149129227,0.29659579999999997,0.0223963222963035
35,0.8400719424460431,-0.008435893853225166,0.29659579999999997,0.023365309224168823
35,0.8400719424460431,-0.008666320557321108,0.29659579999999997,0.02433429615203416
35,0.8400719424460431,-0.008896747261417043,0.29659579999999997,0.025303283079899486
35,0.8400719424460431,-0.009127173965512981,0.29659579999999997,0.02627227000776481
35,0.8400719424460431,-0.009242389453906671,0.29659579999999997,0.02675676288933889
35,0.8400719424460431,-0.009357604942300358,0.29659579999999997,0.027241255770912978
35,0.8400719424460431,-0.00947281615800261,0.29659579999999997,0.027725749817204222
35,0.8400719424460431,-0.009588027373704861,0.29659579999999997,0.028210243863495472
36,0.8620575539568346,-0.009355971504942204,0.30435804,0.02828173000642773
36,0.8620575539568346,-0.009128180713491727,0.30435804,0.027827818508220407
36,0.8620575539568346,-0.008900609677303096,0.30435804,0.02737384863334167
36,0.8620575539568346,-0.008673511960139983,0.30435804,0.026919753024093718
36,0.8620575539568346,-0.00844712844757788,0.30435804,0.026465467690663658
36,0.8620575539568346,-0.007997408413680445,0.30435804,0.025556087608801716
36,0.8620575539568346,-0.007552294788156366,0.30435804,0.02464548386209655
36,0.8620575539568346,-0.007111610076371068,0.30435804,0.0237337036009366
36,0.8620575539568346,-0.006675164105501801,0.30435804,0.022820797343595225
36,0.8620575539568346,-0.006243016040426753,0.30435804,0.021906749373276267
36,0.8620575539568346,-0.005815318019404126,0.30435804,0.020991519275361047
36,0.8620575539568346,-0.005392213728566669,0.30435804,0.020075068880487483
36,0.8620575539568346,-0.004973834175858947,0.30435804,0.019157363387178404
36,0.8620575539568346,-0.004560297691037335,0.30435804,0.01823837136184147
36,0.8620575539568346,-0.004151667665042751,0.30435804,0.017318075965052256
36,0.8620575539568346,-0.0037479990366906606,0.30435804,0.0163964626026429
36,0.8620575539568346,-0.003349342518733796,0.30435804,0.01547351780307385
36,0.8620575539568346,-0.0029557319196739777,0.30435804,0.014549232585318726
36,0.8620575539568346,-0.002567260212891226,0.30435804,0.013623582251555015
36,0.8620575539568346,-0.0021843288743446754,0.30435804,0.012696460152094531
36,0.8620575539568346,-0.0018074281273107637,0.30435804,0.011767736062054883
36,0.8620575539568346,-0.0014370481950659194,0.30435804,0.010837279756553669
36,0.8620575539568346,-0.0010736623966356592,0.30435804,0.009904965501221677
36,0.8620575539568346,-0.0007177144686064106,0.30435804,0.008970675420087774
36,0.8620575539568346,-0.0003693269667972782,0.30435804,0.008034376956931363
36,0.8620575539568346,-2.8533699710086603e-05,0.30435804,0.007096061130726066
36,0.8620575539568346,0.0003046568805297103,0.30435804,0.006155725696215284
36,0.8620575539568346,0.0006302151914830169,0.30435804,0.005213362795000953
36,0.8620575539568346,0.0009480524858325465,0.30435804,0.004268948851888839
36,0.8620575539568346,0.001257670088176416,0.30435804,0.003322351396739951
36,0.8620575539568346,0.0015583833763527124,0.30435804,0.0023733885637702463
36,0.8620575539568346,0.0018495204063877103,0.30435804,0.001421881855080579
36,0.8620575539568346,0.0021304007821822224,0.30435804,0.0004676505275152121
36,0.8620575539568346,0.0024004835677070902,0.30435804,-0.0004894491153478245
36,0.8620575539568346,0.0026602294037996435,0.30435804,-0.0014492947070241999
36,0.8620575539568346,0.0029105046333190937,0.30435804,-0.0024116561087131234
36,0.8620575539568346,0.003152179825187377,0.30435804,-0.003376302058985512
36,0.8620575539568346,0.0033861170962009722,0.30435804,-0.004343003541668873
36,0.8620575539568346,0.0036127221483817544,0.30435804,-0.005311652784446725
36,0.8620575539568346,0.0038292353627684397,0.30435804,-0.006282982863596723
36,0.8620575539568346,0.004031565910640473,0.30435804,-0.007258080483309913
36,0.8620575539568346,0.004215542668085469,0.30435804,-0.008238053677714985
36,0.8620575539568346,0.004376884633560119,0.30435804,-0.009224039669276334
36,0.8620575539568346,0.004511670020852981,0.30435804,-0.010217080257053151
36,0.8620575539568346,0.004619133912610319,0.30435804,-0.011217378636767108
36,0.8620575539568346,0.004699690462979458,0.30435804,-0.012224824790845149
36,0.8620575539568346,0.00475147175223469,0.30435804,-0.013239914920994338
36,0.8620575539568346,0.004769161393464385,0.30435804,-0.014264061293611732
36,0.8620575539568346,0.004746914741915933,0.30435804,-0.015298816503631444
36,0.8620575539568346,0.0046779109323465875,0.30435804,-0.016345992473124092
36,0.8620575539568346,0.004616153035998669,0.30435804,-0.01687682084906896
36,0.8620575539568346,0.004526283370385116,0.30435804,-0.017415116948442427
36,0.8620575539568346,0.004395851954709694,0.30435804,-0.0179641880342061
36,0.8620575539568346,0.004200288460272704,0.30435804,-0.01853056106727607
36,0.8620575539568346,0.003984799568415096,0.30435804,-0.018999342611034736
36,0.8620575539568346,0.0038616130892787422,0.30435804,-0.01923783546670963
36,0.8620575539568346,0.0037093470725120766,0.30435804,-0.019484053127693027
36,0.8620575539568346,0.0036029681331855475,0.30435804,-0.019615196608903075
36,0.8620575539568346,0.003528025005630693,0.30435804,-0.01968654707866455
36,0.8620575539568346,0.0034757453180548925,0.30435804,-0.019726156003096365
36,0.8620575539568346,0.0033832800000000002,0.30435804,-0.01977644
36,0.8620575539568346,0.003179540581460138,0.30435804,-0.019804841020400973
36,0.8620575539568346,0.0031194112265379523,0.30435804,-0.019795092886028865
36,0.8620575539568346,0.003027640405541994,0.30435804,-0.019768028979937666
36,0.8620575539568346,0.0028879526164769386,0.30435804,-0.019702251653922052
36,0.8620575539568346,0.002677419600183446,0.30435804,-0.01955240938694016
36,0.8620575539568346,0.0025128027554280046,0.30435804,-0.019390369763516345
36,0.8620575539568346,0.0022712683196453903,0.30435804,-0.019042993734258884
36,0.8620575539568346,0.0020450158150278484,0.30435804,-0.018588673599351624
36,0.8620575539568346,0.0018364198004872485,0.30435804,-0.018129663123421413
36,0.8620575539568346,0.0016443645954634396,0.30435804,-0.01766625868033854
36,0.8620575539568346,0.0014709716834458003,0.30435804,-0.017197896710698136
36,0.8620575539568346,0.0011593974140589381,0.30435804,-0.01625181903245055
36,0.8620575539568346,0.0008652641055498984,0.30435804,-0.015301108267223132
36,0.8620575539568346,0.0005852627508027767,0.30435804,-0.014346643432972081
36,0.8620575539568346,0.0003182607650065107,0.30435804,-0.013388725394080866
36,0.8620575539568346,6.236909812175253e-05,0.30435804,-0.012427855965398043
36,0.8620575539568346,-0.00018423368288719884,0.30435804,-0.011464518999719423
36,0.8620575539568346,-0.00042332252436604,0.30435804,-0.01049918600092955
36,0.8620575539568346,-0.0006565920774686354,0.30435804,-0.009532307142975342
36,0.8620575539568346,-0.0008854115865188097,0.30435804,-0.008564246157424873
36,0.8620575539568346,-0.0011110488703349156,0.30435804,-0.00759533983276711
36,0.8620575539568346,-0.0013347801998607619,0.30435804,-0.006625927202747605
36,0.8620575539568346,-0.001557881846040159,0.30435804,-0.005656347301111919
36,0.8620575539568346,-0.0017814187766805258,0.30435804,-0.004686883030190769
36,0.8620575539568346,-0.0020054839651618733,0.30435804,-0.0037175590878066947
36,0.8620575539568346,-0.00222989991684963,0.30435804,-0.00274832832357123
36,0.8620575539568346,-0.0024544933631719577,0.30435804,-0.0017791447097242202
36,0.8620575539568346,-0.002679082583431559,0.30435804,-0.000809959973248911
36,0.8620575539568346,-0.0029035281175584103,0.30435804,0.00015926293258847202
36,0.8620575539568346,-0.003127825739489789,0.30435804,0.001128525130416242
36,0.8620575539568346,-0.003352034614103883,0.30435804,0.0020978109034382394
36,0.8620575539568346,-0.003576192775965242,0.30435804,0.003067110147999791
36,0.8620575539568346,-0.0038003509378266007,0.30435804,0.004036409392561346
36,0.8620575539568346,-0.004024551360315239,0.30435804,0.0050056974108399314
36,0.8620575539568346,-0.0042487898173684275,0.30435804,0.005974975325463854
36,0.8620575539568346,-0.004473053630797983,0.30435804,0.006944246504317991
36,0.8620575539568346,-0.004697325896352992,0.30435804,0.007913515437915533
36,0.8620575539568346,-0.004921602387970731,0.30435804,0.008882783248884783
36,0.8620575539568346,-0.005145866201400288,0.30435804,0.00985205442773893
36,0.8620575539568346,-0.005370121562704387,0.30435804,0.010821327851849666
36,0.8620575539568346,-0.005594372697945759,0.30435804,0.011790602398588694
36,0.8620575539568346,-0.005818615381061676,0.30435804,0.012759879190584314
36,0.8620575539568346,-0.006042862290240319,0.30435804,0.013729154859951638
36,0.8620575539568346,-0.006267109199418964,0.30435804,0.014698430529318969
36,0.8620575539568346,-0.006491360334660336,0.30435804,0.01566770507605799
36,0.8620575539568346,-0.006715611469901708,0.30435804,0.016636979622797025
36,0.8620575539568346,-0.0069398626051430795,0.30435804,0.017606254169536054
36,0.8620575539568346,-0.007164113740384453,0.30435804,0.01857552871627509
36,0.8620575539568346,-0.0073883648756258215,0.30435804,0.019544803263014103
36,0.8620575539568346,-0.007612616010867195,0.30435804,0.020514077809753138
36,0.8620575539568346,-0.007836867146108569,0.30435804,0.021483352356492166
36,0.8620575539568346,-0.008061118281349939,0.30435804,0.0224526269032312
36,0.8620575539568346,-0.00828536941659131,0.30435804,0.023421901449970237
36,0.8620575539568346,-0.008509620551832684,0.30435804,0.024391175996709265
36,0.8620575539568346,-0.008733871687074055,0.30435804,0.025360450543448293
36,0.8620575539568346,-0.008958122822315428,0.30435804,0.02632972509018732
36,0.8620575539568346,-0.009070250502967477,0.30435804,0.026814361802242684
36,0.8620575539568346,-0.009182378183619527,0.30435804,0.027298998514298053
36,0.8620575539568346,-0.009294501638208849,0.30435804,0.027783636348981712
36,0.8620575539568346,-0.00940662509279817,0.30435804,0.028268274183665378
37,0.8840431654676258,-0.009174463381382246,0.31212027999999997,0.02833333254863851
37,0.8840431654676258,-0.00895080693176043,0.31212027999999997,0.02787825583304841
37,0.8840431654676258,-0.008727367996338555,0.31212027999999997,0.02742312277332148
37,0.8840431654676258,-0.00850439755303963,0.31212027999999997,0.02696786835699214
37,0.8840431654676258,-0.008282134030890516,0.31212027999999997,0.026512430822218106
37,0.8840431654676258,-0.007840622904633785,0.31212027999999997,0.02560077451954205
37,0.8840431654676258,-0.0074036712106450575,0.31212027999999997,0.024687937157074725
37,0.8840431654676258,-0.006971103264378225,0.31212027999999997,0.02377396424354204
37,0.8840431654676258,-0.006542730832391036,0.31212027999999997,0.02285890453829317
37,0.8840431654676258,-0.006118612476198855,0.31212027999999997,0.021942742871752807
37,0.8840431654676258,-0.00569889878255549,0.31212027999999997,0.02102544023644162
37,0.8840431654676258,-0.005283731972283977,0.31212027999999997,0.020106959791962444
37,0.8840431654676258,-0.004873241717311207,0.31212027999999997,0.019187267948541396
37,0.8840431654676258,-0.004467545140667916,0.31212027999999997,0.01826633436702788
37,0.8840431654676258,-0.004066704986834858,0.31212027999999997,0.0173441427943055
37,0.8840431654676258,-0.0036707756343620146,0.31212027999999997,0.01642067914434005
37,0.8840431654676258,-0.0032798072788339915,0.31212027999999997,0.015495930414638415
37,0.8840431654676258,-0.0028938333839738564,0.31212027999999997,0.014569887936871844
37,0.8840431654676258,-0.0025129459750200447,0.31212027999999997,0.013642527873136304
37,0.8840431654676258,-0.0021375424336839864,0.31212027999999997,0.012713747287027965
37,0.8840431654676258,-0.001768107983950171,0.31212027999999997,0.011783420487780052
37,0.8840431654676258,-0.0014051278498030785,0.31212027999999997,0.010851421784625781
37,0.8840431654676258,-0.0010490705233656625,0.31212027999999997,0.00991762982096275
37,0.8840431654676258,-0.0007003752160031889,0.31212027999999997,0.008981930824976204
37,0.8840431654676258,-0.00035916323371178,0.31212027999999997,0.00804429337397446
37,0.8840431654676258,-2.5468040214501712e-05,0.31212027999999997,0.007104708799628757
37,0.8840431654676258,0.0003007019985578792,0.31212027999999997,0.006163174934856911
37,0.8840431654676258,0.0006193176018476766,0.31212027999999997,0.0052196841948712845
37,0.8840431654676258,0.0009302909273818378,0.31212027999999997,0.004274213825308914
37,0.8840431654676258,0.0012331283852451106,0.31212027999999997,0.0033266359683208416
37,0.8840431654676258,0.0015271523350453712,0.31212027999999997,0.002376775090250024
37,0.8840431654676258,0.0018116976852866422,0.31212027999999997,0.0014244589080626736
37,0.8840431654676258,0.0020860909785421844,0.31212027999999997,0.00046951297164284436
37,0.8840431654676258,0.0023497967952429088,0.31212027999999997,-0.0004882014122693616
37,0.8840431654676258,0.002603271078615618,0.31212027999999997,-0.0014485661376948088
37,0.8840431654676258,0.0028473713365639243,0.31212027999999997,-0.0024113590787094644
37,0.8840431654676258,0.0030829592599568305,0.31212027999999997,-0.003376357025848181
37,0.8840431654676258,0.0033108881737325658,0.31212027999999997,-0.00434333893672801
37,0.8840431654676258,0.0035315596425679456,0.31212027999999997,-0.005312200791404027
37,0.8840431654676258,0.003742242190067552,0.31212027999999997,-0.006283650142209907
37,0.8840431654676258,0.003938886705740167,0.31212027999999997,-0.007258735856923576
37,0.8840431654676258,0.004117364602752284,0.31212027999999997,-0.008238527390603736
37,0.8840431654676258,0.004273438537170429,0.31212027999999997,-0.0092241223703775
37,0.8840431654676258,0.004403226717118723,0.31212027999999997,-0.010216526322379084
37,0.8840431654676258,0.004505972025862754,0.31212027999999997,-0.011215935367546304
37,0.8840431654676258,0.004582084394010106,0.31212027999999997,-0.012222243318852055
37,0.8840431654676258,0.0046297149508612735,0.31212027999999997,-0.013235929101459404
37,0.8840431654676258,0.004643601525963829,0.31212027999999997,-0.014258355810063222
37,0.8840431654676258,0.0046179590781924035,0.31212027999999997,-0.015291021981995001
37,0.8840431654676258,0.004546036301418045,0.31212027999999997,-0.01633567645257869
37,0.8840431654676258,0.004483096877790048,0.31212027999999997,-0.01686499198614923
37,0.8840431654676258,0.004392332368431076,0.31212027999999997,-0.01740151523506978
37,0.8840431654676258,0.004261419757321367,0.31212027999999997,-0.017948438311400042
37,0.8840431654676258,0.004066039283721311,0.31212027999999997,-0.018512060923054165
37,0.8840431654676258,0.0038512988784339115,0.31212027999999997,-0.018978096081445357
37,0.8840431654676258,0.0037286441202789397,0.31212027999999997,-0.019215072919794435
37,0.8840431654676258,0.0035772063773201737,0.31212027999999997,-0.019459505604403793
37,0.8840431654676258,0.003471550022591153,0.31212027999999997,-0.0195894768503104
37,0.8840431654676258,0.003397190030915128,0.31212027999999997,-0.019660040001039436
37,0.8840431654676258,0.0033453529243733667,0.31212027999999997,-0.019699118304393498
37,0.8840431654676258,0.0032537399999999998,0.31212027999999997,-0.0197485
37,0.8840431654676258,0.0030521688806445565,0.31212027999999997,-0.019775063699595266
37,0.8840431654676258,0.002992743290950869,0.31212027999999997,-0.019764806505771407
37,0.8840431654676258,0.0029020894812135985,0.31212027999999997,-0.019736987967616415
37,0.8840431654676258,0.0027641884935235336,0.31212027999999997,-0.019670106985385342
37,0.8840431654676258,0.0025565270242404554,0.31212027999999997,-0.01951869413651976
37,0.8840431654676258,0.002394313473848995,0.31212027999999997,-0.01935550861367976
37,0.8840431654676258,0.0021566912707042577,0.31212027999999997,-0.019006651923239772
37,0.8840431654676258,0.0019345574204820315,0.31212027999999997,-0.018551180798691856
37,0.8840431654676258,0.0017298999996320267,0.31212027999999997,-0.01809118263945778
37,0.8840431654676258,0.0015416147052930015,0.31212027999999997,-0.017626943500386072
37,0.8840431654676258,0.001371801386087468,0.31212027999999997,-0.01715791944384809
37,0.8840431654676258,0.001067027215251639,0.31212027999999997,-0.016210843266386034
37,0.8840431654676258,0.0007795161425534726,0.31212027999999997,-0.015259295314833558
37,0.8840431654676258,0.0005059929060976971,0.31212027999999997,-0.014304124001866404
37,0.8840431654676258,0.0002453364711615365,0.31212027999999997,-0.01334561971649747
37,0.8840431654676258,-4.32294778142904e-06,0.31212027999999997,-0.01238426680159529
37,0.8840431654676258,-0.00024478820881148385,0.31212027999999997,-0.0114205322633709
37,0.8840431654676258,-0.00047781615738969356,0.31212027999999997,-0.010454871189083326
37,0.8840431654676258,-0.0007050841626348378,0.31212027999999997,-0.009487718078710818
37,0.8840431654676258,-0.000927947505331166,0.31212027999999997,-0.008519423999567483
37,0.8840431654676258,-0.0011476610750937276,0.31212027999999997,-0.007550314013981188
37,0.8840431654676258,-0.0013654881274683343,0.31212027999999997,-0.006580715351361991
37,0.8840431654676258,-0.001582691918000801,0.31212027999999997,-0.005610955241119956
37,0.8840431654676258,-0.001800326553967768,0.31212027999999997,-0.004641306735610485
37,0.8840431654676258,-0.002018484060607671,0.31212027999999997,-0.0036717936727376325
37,0.8840431654676258,-0.0022369887533744033,0.31212027999999997,-0.0027023705437754855
37,0.8840431654676258,-0.002455669130687243,0.31212027999999997,-0.0017329929235392443
37,0.8840431654676258,-0.002674345325034698,0.31212027999999997,-0.0007636142197619093
37,0.8840431654676258,-0.002892879298559115,0.31212027999999997,0.00020580132441258558
37,0.8840431654676258,-0.00311126686829511,0.31212027999999997,0.0011752547925253307
37,0.8840431654676258,-0.0033295665957580513,0.31212027999999997,0.002144731015001025
37,0.8840431654676258,-0.0035478161276363907,0.31212027999999997,0.00311422023996984
37,0.8840431654676258,-0.003766065659514731,0.31212027999999997,0.004083709464938651
37,0.8840431654676258,-0.003984357021046905,0.31212027999999997,0.00505318785449653
37,0.8840431654676258,-0.004202686029267532,0.31212027999999997,0.0060226564921845825
37,0.8840431654676258,-0.004421040135280458,0.31212027999999997,0.006992118628626073
37,0.8840431654676258,-0.00463940260722415,0.31212027999999997,0.00796157859798537
37,0.8840431654676258,-0.004857769262133228,0.31212027999999997,0.00893103748380358
37,0.8840431654676258,-0.005076123368146156,0.31212027999999997,0.00990049962024507
37,0.8840431654676258,-0.005294469108228315,0.31212027999999997,0.010869963923768745
37,0.8840431654676258,-0.0055128106653450915,0.31212027999999997,0.011839429310833514
37,0.8840431654676258,-0.005731143856531102,0.31212027999999997,0.012808896864980466
37,0.8840431654676258,-0.0059494812306824935,0.31212027999999997,0.013778363335586328
37,0.8840431654676258,-0.006167818604833886,0.31212027999999997,0.01474782980619219
37,0.8840431654676258,-0.006386160161950663,0.31212027999999997,0.015717295193256955
37,0.8840431654676258,-0.00660450171906744,0.31212027999999997,0.01668676058032172
37,0.8840431654676258,-0.006822843276184216,0.31212027999999997,0.01765622596738649
37,0.8840431654676258,-0.007041184833300991,0.31212027999999997,0.018625691354451256
37,0.8840431654676258,-0.007259526390417768,0.31212027999999997,0.019595156741516028
37,0.8840431654676258,-0.007477867947534545,0.31212027999999997,0.020564622128580793
37,0.8840431654676258,-0.0076962095046513215,0.31212027999999997,0.021534087515645565
37,0.8840431654676258,-0.007914551061768098,0.31212027999999997,0.02250355290271033
37,0.8840431654676258,-0.008132892618884873,0.31212027999999997,0.023473018289775095
37,0.8840431654676258,-0.008351234176001652,0.31212027999999997,0.02444248367683986
37,0.8840431654676258,-0.008569575733118426,0.31212027999999997,0.02541194906390463
37,0.8840431654676258,-0.008787917290235203,0.31212027999999997,0.026381414450969396
37,0.8840431654676258,-0.008897090160276283,0.31212027999999997,0.026866146602731237
37,0.8840431654676258,-0.009006263030317364,0.31212027999999997,0.027350878754493078
37,0.8840431654676258,-0.00911543171739306,0.31212027999999997,0.02783561198979601
37,0.8840431654676258,-0.009224600404468757,0.31212027999999997,0.028320345225098933
38,0.9060287769784173,-0.008991436012906782,0.31988252,0.02837951883792192
38,0.9060287769784173,-0.008771495935386474,0.31988252,0.027923447220864067
38,0.9060287769784173,-0.008551771745546282,0.31988252,0.02746732103796338
38,0.9060287769784173,-0.008332512544555568,0.31988252,0.02701107732863197
38,0.9060287769784173,-0.008113954978525224,0.31988252,0.026554656280311326
38,0.9060287769784173,-0.007679833212183051,0.31988252,0.025641057607272214
38,0.9060287769784173,-0.007250236783750976,0.31988252,0.024726315150219766
38,0.9060287769784173,-0.006824991322410434,0.31988252,0.023810472981565488
38,0.9060287769784173,-0.006403910002284413,0.31988252,0.02289357832175029
38,0.9060287769784173,-0.0059870509469790965,0.31988252,0.02197561647997035
38,0.9060287769784173,-0.005574563617196096,0.31988252,0.021056549679872923
38,0.9060287769784173,-0.005166589170264723,0.31988252,0.020136342243791537
38,0.9060287769784173,-0.004763256308455815,0.31988252,0.019214961642089128
38,0.9060287769784173,-0.0043646812789817375,0.31988252,0.018292378493157985
38,0.9060287769784173,-0.003970926357134837,0.31988252,0.01736857705685118
38,0.9060287769784173,-0.0035820455148351357,0.31988252,0.016443543691707953
38,0.9060287769784173,-0.0031980885723165097,0.31988252,0.015517265805610761
38,0.9060287769784173,-0.002819088743068207,0.31988252,0.014589735003814532
38,0.9060287769784173,-0.002445137364185662,0.31988252,0.01366092820077039
38,0.9060287769784173,-0.002076628845853696,0.31988252,0.01273074570888083
38,0.9060287769784173,-0.001714044783666413,0.31988252,0.011799065804342597
38,0.9060287769784173,-0.0013578667732179165,0.31988252,0.010865766763352436
38,0.9060287769784173,-0.0010085598033576794,0.31988252,0.00993073105947962
38,0.9060287769784173,-0.0006665598011320905,0.31988252,0.008993848511695341
38,0.9060287769784173,-0.0003319871654396756,0.31988252,0.008055088689048782
38,0.9060287769784173,-4.8751097696804295e-06,0.31988252,0.0071144431967948875
38,0.9060287769784173,0.00031476806250558187,0.31988252,0.006171909936247402
38,0.9060287769784173,0.0006269132895830175,0.31988252,0.0052274815620044005
38,0.9060287769784173,0.0009314733860533511,0.31988252,0.004281136037860119
38,0.9060287769784173,0.0012279584529501669,0.31988252,0.0033327495413250467
38,0.9060287769784173,0.0015156959171161895,0.31988252,0.0023821520788118687
38,0.9060287769784173,0.0017940256604526018,0.31988252,0.0014291768047626774
38,0.9060287769784173,0.0020622792614882796,0.31988252,0.00047365477493330546
38,0.9060287769784173,0.0023199253043952543,0.31988252,-0.000484548326597084
38,0.9060287769784173,0.0025674163229645304,0.31988252,-0.0014453181214271645
38,0.9060287769784173,0.0028056034128580995,0.31988252,-0.0024084394942149694
38,0.9060287769784173,0.003035341821424107,0.31988252,-0.0033736962802754025
38,0.9060287769784173,0.0032574784926383883,0.31988252,-0.004340874413609645
38,0.9060287769784173,0.003472411988371923,0.31988252,-0.005309873157277057
38,0.9060287769784173,0.003677431257564812,0.31988252,-0.00628137773234253
38,0.9060287769784173,0.003868517468017999,0.31988252,-0.007256403902957367
38,0.9060287769784173,0.004041572905495462,0.31988252,-0.00823598737079237
38,0.9060287769784173,0.004192391911921122,0.31988252,-0.009221191120439764
38,0.9060287769784173,0.004317121722542169,0.31988252,-0.010212988942325597
38,0.9060287769784173,0.004415010882164354,0.31988252,-0.011211570767556672
38,0.9060287769784173,0.004486466256030971,0.31988252,-0.012216833760506099
38,0.9060287769784173,0.004529652798861049,0.31988252,-0.013229241730838009
38,0.9060287769784173,0.0045393476894702725,0.31988252,-0.014250114752211848
38,0.9060287769784173,0.004509809145904828,0.31988252,-0.015280904066178498
38,0.9060287769784173,0.004434336346708851,0.31988252,-0.016323303312552224
38,0.9060287769784173,0.004369823647247421,0.31988252,-0.016851270674265794
38,0.9060287769784173,0.004277693931475948,0.31988252,-0.017386218266490196
38,0.9060287769784173,0.0041457163319787126,0.31988252,-0.017931237454090875
38,0.9060287769784173,0.003949752945444441,0.31988252,-0.018492429118034455
38,0.9060287769784173,0.00373498318061701,0.31988252,-0.01895604177273658
38,0.9060287769784173,0.0036124280369890897,0.31988252,-0.019191682399890195
38,0.9060287769784173,0.003461305140921392,0.31988252,-0.019434543557131763
38,0.9060287769784173,0.0033560300750686968,0.31988252,-0.019563484284544796
38,0.9060287769784173,0.0032820217376540836,0.31988252,-0.019633356142020785
38,0.9060287769784173,0.0032304700606559794,0.31988252,-0.019671968969091604
38,0.9060287769784173,0.00313944,0.31988252,-0.019720559999999998
38,0.9060287769784173,0.0029394783779784646,0.31988252,-0.01974551742917946
38,0.9060287769784173,0.002880599354911806,0.31988252,-0.019734816080063795
38,0.9060287769784173,0.002790827825156419,0.31988252,-0.019706339759782927
38,0.9060287769784173,0.0026543668128869717,0.31988252,-0.01963849808554546
38,0.9060287769784173,0.0024490757558301244,0.31988252,-0.019485720937458154
38,0.9060287769784173,0.0022888927688587564,0.31988252,-0.01932154267624694
38,0.9060287769784173,0.002054682586026361,0.31988252,-0.01897141018515933
38,0.9060287769784173,0.001836253722266856,0.31988252,-0.01851495660720161
38,0.9060287769784173,0.0016351706032673265,0.31988252,-0.018054118873640425
38,0.9060287769784173,0.0014503371838825749,0.31988252,-0.01758917401106249
38,0.9060287769784173,0.0012838376105629384,0.31988252,-0.017119595249215788
38,0.9060287769784173,0.0009854303129758707,0.31988252,-0.016171694598550605
38,0.9060287769784173,0.0007041570241548187,0.31988252,-0.01521946330878166
38,0.9060287769784173,0.00043676697383959783,0.31988252,-0.014263723015580931
38,0.9060287769784173,0.00018214751014038405,0.31988252,-0.013304754942907664
38,0.9060287769784173,-6.155717065457452e-05,0.31988252,-0.012343028147141643
38,0.9060287769784173,-0.00029613644527853606,0.31988252,-0.011378994895172554
38,0.9060287769784173,-0.0005233340219170423,0.31988252,-0.010413095911115633
38,0.9060287769784173,-0.0007448147267186673,0.31988252,-0.009445751981566615
38,0.9060287769784173,-0.0009619237059979723,0.31988252,-0.008477303093700114
38,0.9060287769784173,-0.001175906465601772,0.31988252,-0.007508064050455579
38,0.9060287769784173,-0.0013880168147491936,0.31988252,-0.006538351753458734
38,0.9060287769784173,-0.0015995085626593635,0.31988252,-0.005568483104335295
38,0.9060287769784173,-0.0018114279342436065,0.31988252,-0.004598722537554398
38,0.9060287769784173,-0.0020238662665973566,0.31988252,-0.003629093138664944
38,0.9060287769784173,-0.002236649188902058,0.31988252,-0.0026595508352553997
38,0.9060287769784173,-0.0024496064820253133,0.31988252,-0.0016900526042573812
38,0.9060287769784173,-0.0026625596234624133,0.31988252,-0.0007205533239162364
38,0.9060287769784173,-0.002875371607570206,0.31988252,0.0002489816340913824
38,0.9060287769784173,-0.0030880382826625383,0.31988252,0.0012185533191086048
38,0.9060287769784173,-0.0033006177723455946,0.31988252,0.00218814704033159
38,0.9060287769784173,-0.003513147441794776,0.31988252,0.0031577533536721533
38,0.9060287769784173,-0.003725677111243959,0.31988252,0.0041273596670127165
38,0.9060287769784173,-0.0039382482975547015,0.31988252,0.005096955486921965
38,0.9060287769784173,-0.004150856849040849,0.31988252,0.006066541862743028
38,0.9060287769784173,-0.004363490310643934,0.31988252,0.007036121942505302
38,0.9060287769784173,-0.004576132075619329,0.31988252,0.008005699923581314
38,0.9060287769784173,-0.00478877799228088,0.31988252,0.008975276855314192
38,0.9060287769784173,-0.005001411453883964,0.31988252,0.009944856935076466
38,0.9060287769784173,-0.005214036612114736,0.31988252,0.010914439113525007
38,0.9060287769784173,-0.005426657618659351,0.31988252,0.011884022341316677
38,0.9060287769784173,-0.005639270321831655,0.31988252,0.012853607667794607
38,0.9060287769784173,-0.005851887176690112,0.31988252,0.013823191944929404
38,0.9060287769784173,-0.006064504031548573,0.31988252,0.014792776222064215
38,0.9060287769784173,-0.006277125038093188,0.31988252,0.01576235944985588
38,0.9060287769784173,-0.006489746044637805,0.31988252,0.016731942677647556
38,0.9060287769784173,-0.006702367051182418,0.31988252,0.017701525905439212
38,0.9060287769784173,-0.006914988057727037,0.31988252,0.01867110913323089
38,0.9060287769784173,-0.0071276090642716505,0.31988252,0.019640692361022553
38,0.9060287769784173,-0.007340230070816266,0.31988252,0.020610275588814224
38,0.9060287769784173,-0.007552851077360883,0.31988252,0.021579858816605894
38,0.9060287769784173,-0.007765472083905498,0.31988252,0.022549442044397565
38,0.9060287769784173,-0.007978093090450113,0.31988252,0.023519025272189242
38,0.9060287769784173,-0.008190714096994732,0.31988252,0.024488608499980906
38,0.9060287769784173,-0.008403335103539343,0.31988252,0.02545819172777257
38,0.9060287769784173,-0.008615956110083959,0.31988252,0.02642777495556424
38,0.9060287769784173,-0.008722268689199345,0.31988252,0.026912566044788512
38,0.9060287769784173,-0.008828581268314732,0.31988252,0.027397357134012777
38,0.9060287769784173,-0.008934889695743962,0.31988252,0.027882149272580183
38,0.9060287769784173,-0.00904119812317319,0.31988252,0.02836694141114758
39,0.9280143884892086,-0.008807342537516737,0.32764476,0.028418371508283732
39,0.9280143884892086,-0.008590827878766853,0.32764476,0.02796148535511485
39,0.9280143884892086,-0.008374527863379371,0.32764476,0.027504546235724334
39,0.9280143884892086,-0.008158690156772438,0.32764476,0.02704749303524108
39,0.9280143884892086,-0.007943550041093305,0.32764476,0.026590267694537546
39,0.9280143884892086,-0.007516245922509844,0.32764476,0.025675082616096023
39,0.9280143884892086,-0.0070934410590228324,0.32764476,0.02475878728416274
39,0.9280143884892086,-0.006674962084839557,0.32764476,0.023841424479147444
39,0.9280143884892086,-0.006260623250896409,0.32764476,0.022923040037203496
39,0.9280143884892086,-0.0058504823457909555,0.32764476,0.02200361969819429
39,0.9280143884892086,-0.005444687968774085,0.32764476,0.021083126793197154
39,0.9280143884892086,-0.005043380463582759,0.32764476,0.02016152669045182
39,0.9280143884892086,-0.0046466877906830165,0.32764476,0.019238787813941526
39,0.9280143884892086,-0.004254725527269998,0.32764476,0.018314881643393094
39,0.9280143884892086,-0.00386755558969824,0.32764476,0.01738979290008876
39,0.9280143884892086,-0.003485231638808344,0.32764476,0.016463508342473107
39,0.9280143884892086,-0.0031078032076839388,0.32764476,0.015536015747571907
39,0.9280143884892086,-0.0027353033183807806,0.32764476,0.014607306966735692
39,0.9280143884892086,-0.0023678227815521913,0.32764476,0.013677359591178391
39,0.9280143884892086,-0.002005753734110244,0.32764476,0.012746076855687398
39,0.9280143884892086,-0.0016495749958633735,0.32764476,0.011813340604845263
39,0.9280143884892086,-0.001299765386620003,0.32764476,0.010879032683234507
39,0.9280143884892086,-0.0009567872151606885,0.32764476,0.00994303900976239
39,0.9280143884892086,-0.0006210738959671982,0.32764476,0.009005252633404483
39,0.9280143884892086,-0.00029274513399163947,0.32764476,0.008065644015306423
39,0.9280143884892086,2.8166048710237274e-05,0.32764476,0.007124205006818721
39,0.9280143884892086,0.00034165139662449117,0.32764476,0.006180933570779
39,0.9280143884892086,0.0006476820154523383,0.32764476,0.005235822577118975
39,0.9280143884892086,0.0009461712222974248,0.32764476,0.004288850635633758
39,0.9280143884892086,0.0012366319418373826,0.32764476,0.0033398975537435073
39,0.9280143884892086,0.0015183954774431992,0.32764476,0.00238879832129623
39,0.9280143884892086,0.0017908055157567684,0.32764476,0.0014353909838834937
39,0.9280143884892086,0.002053197487906046,0.32764476,0.00047951154993449915
39,0.9280143884892086,0.002305043040998972,0.32764476,-0.0004789703589424439
39,0.9280143884892086,0.0025467921005451937,0.32764476,-0.0014399437173981677
39,0.9280143884892086,0.002779290856723397,0.32764476,-0.00240319971628972
39,0.9280143884892086,0.003003389627469243,0.32764476,-0.003368528527892968
39,0.9280143884892086,0.0032199304752044515,0.32764476,-0.0043357223616461524
39,0.9280143884892086,0.003429309664598067,0.32764476,-0.005304683433755498
39,0.9280143884892086,0.003628831770349191,0.32764476,-0.006276076877734883
39,0.9280143884892086,0.0038145011237116218,0.32764476,-0.007250888680171496
39,0.9280143884892086,0.0039822436285567395,0.32764476,-0.008230124180695034
39,0.9280143884892086,0.0041278778670747265,0.32764476,-0.009214815202046017
39,0.9280143884892086,0.004247573280798151,0.32764476,-0.010205906987564224
39,0.9280143884892086,0.004340582745715584,0.32764476,-0.011203583900444158
39,0.9280143884892086,0.004407310782010007,0.32764476,-0.01220774611972968
39,0.9280143884892086,0.004445932921101028,0.32764476,-0.013218843858304609
39,0.9280143884892086,0.00445125644472137,0.32764476,-0.01423815849129981
39,0.9280143884892086,0.004417572664982605,0.32764476,-0.01526709871649429
39,0.9280143884892086,0.004338219382136417,0.32764476,-0.016307308523920816
39,0.9280143884892086,0.004271920772140354,0.32764476,-0.016833982766987436
39,0.9280143884892086,0.004178164322785054,0.32764476,-0.017367432612097403
39,0.9280143884892086,0.004044789662039204,0.32764476,-0.017910658799422042
39,0.9280143884892086,0.0038477980108837717,0.32764476,-0.01846958335997158
39,0.9280143884892086,0.003632539925099455,0.32764476,-0.01893095258756718
39,0.9280143884892086,0.0035098280582417764,0.32764476,-0.019165359097015368
39,0.9280143884892086,0.0033587130956789103,0.32764476,-0.01940677446359829
39,0.9280143884892086,0.0032536132577687866,0.32764476,-0.019534772132431575
39,0.9280143884892086,0.0031798157098146774,0.32764476,-0.019604014113498564
39,0.9280143884892086,0.0031284532754174837,0.32764476,-0.019642204212504684
39,0.9280143884892086,0.00303784,0.32764476,-0.01969008
39,0.9280143884892086,0.00283913878944502,0.32764476,-0.01971359656776896
39,0.9280143884892086,0.0027807070162179934,0.32764476,-0.019702499709705553
39,0.9280143884892086,0.0026916686794934363,0.32764476,-0.01967343973780992
39,0.9280143884892086,0.0025564257401138935,0.32764476,-0.019604749977060784
39,0.9280143884892086,0.002353181022383364,0.32764476,-0.019450777768057086
39,0.9280143884892086,0.0021947843841233837,0.32764476,-0.01928573867447718
39,0.9280143884892086,0.0019636503202286283,0.32764476,-0.01893452289056399
39,0.9280143884892086,0.0017486381650155404,0.32764476,-0.01847726597384372
39,0.9280143884892086,0.0015508717784198439,0.32764476,-0.018015753424932068
39,0.9280143884892086,0.001369261432601665,0.32764476,-0.017550254149261896
39,0.9280143884892086,0.0012058792615595518,0.32764476,-0.017080256819078286
39,0.9280143884892086,0.0009135073905428464,0.32764476,-0.01613177534027674
39,0.9280143884892086,0.0006381707725381016,0.32764476,-0.015179090176924245
39,0.9280143884892086,0.00037663737383842114,0.32764476,-0.01422299887808875
39,0.9280143884892086,0.000127800955576054,0.32764476,-0.013263774423527858
39,0.9280143884892086,-0.00011018358961424005,0.32764476,-0.012301872119031316
39,0.9280143884892086,-0.00033909532498619397,0.32764476,-0.011337730973089905
39,0.9280143884892086,-0.0005606679084668789,0.32764476,-0.01037177878980137
39,0.9280143884892086,-0.0007765565706009505,0.32764476,-0.00940442402022094
39,0.9280143884892086,-0.0009880987046464364,0.32764476,-0.008435996684652593
39,0.9280143884892086,-0.0011965326376941017,0.32764476,-0.007466802357451854
39,0.9280143884892086,-0.00140310495234865,0.32764476,-0.006497148650136633
39,0.9280143884892086,-0.001609062231214783,0.32764476,-0.005527343174224833
39,0.9280143884892086,-0.001815444669048748,0.32764476,-0.004557642612175098
39,0.9280143884892086,-0.0020223430765038642,0.32764476,-0.003588069372773499
39,0.9280143884892086,-0.0022295840877874246,0.32764476,-0.002618580675610268
39,0.9280143884892086,-0.0024369984648636937,0.32764476,-0.0016491347588568073
39,0.9280143884892086,-0.0026444087141829923,0.32764476,-0.0006796878235221654
39,0.9280143884892086,-0.002851678619765338,0.32764476,0.0002897937435727693
39,0.9280143884892086,-0.003058804053853761,0.32764476,0.001259310961009185
39,0.9280143884892086,-0.003265842805045831,0.32764476,0.0022288495686504928
39,0.9280143884892086,-0.0034728320231542688,0.32764476,0.0031984003992660097
39,0.9280143884892086,-0.0036798212412627084,0.32764476,0.004167951229881537
39,0.9280143884892086,-0.00388685173694084,0.32764476,0.005137491874685214
39,0.9280143884892086,-0.004093919382431694,0.32764476,0.006107023352258222
39,0.9280143884892086,-0.004301011794464363,0.32764476,0.007076548718344115
39,0.9280143884892086,-0.004508112462010969,0.32764476,0.008046072047267639
39,0.9280143884892086,-0.004715217257314546,0.32764476,0.009015594357609982
39,0.9280143884892086,-0.004922309669347216,0.32764476,0.009985119723695882
39,0.9280143884892086,-0.005129393825865948,0.32764476,0.010954647126944144
39,0.9280143884892086,-0.0053364738546277084,0.32764476,0.011924175548773598
39,0.9280143884892086,-0.005543545627875533,0.32764476,0.012893706007765425
39,0.9280143884892086,-0.005750621528880324,0.32764476,0.01386323544817606
39,0.9280143884892086,-0.005957697429885117,0.32764476,0.014832764888586696
39,0.9280143884892086,-0.006164777458646881,0.32764476,0.015802293310416153
39,0.9280143884892086,-0.006371857487408641,0.32764476,0.016771821732245604
39,0.9280143884892086,-0.0065789375161704015,0.32764476,0.017741350154075047
39,0.9280143884892086,-0.006786017544932164,0.32764476,0.018710878575904505
39,0.9280143884892086,-0.006993097573693924,0.32764476,0.019680406997733955
39,0.9280143884892086,-0.007200177602455686,0.32764476,0.020649935419563406
39,0.9280143884892086,-0.0074072576312174485,0.32764476,0.021619463841392864
39,0.9280143884892086,-0.007614337659979209,0.32764476,0.022588992263222314
39,0.9280143884892086,-0.007821417688740971,0.32764476,0.023558520685051765
39,0.9280143884892086,-0.008028497717502733,0.32764476,0.024528049106881222
39,0.9280143884892086,-0.008235577746264496,0.32764476,0.025497577528710666
39,0.9280143884892086,-0.008442657775026256,0.32764476,0.026467105950540117
39,0.9280143884892086,-0.00854619985328562,0.32764476,0.02695186965216425
39,0.9280143884892086,-0.008649741931544988,0.32764476,0.027436633353788382
39,0.9280143884892086,-0.008753279882047382,0.32764476,0.027921398073993707
39,0.9280143884892086,-0.00885681783254978,0.32764476,0.028406162794199025
40,0.949115107913669,-0.008531016446792241,0.33509458,0.02815480683519413
40,0.949115107913669,-0.008320116227027762,0.33509458,0.027703107537585193
40,0.949115107913669,-0.008109427300880575,0.33509458,0.027251357250691072
40,0.949115107913669,-0.007899193468678319,0.33509458,0.026799497140721208
40,0.949115107913669,-0.00768964634073226,0.33509458,0.02634747131557452
40,0.949115107913669,-0.007273481752110653,0.33509458,0.025442712679230945
40,0.949115107913669,-0.0068617462027745595,0.33509458,0.024536885229025068
40,0.949115107913669,-0.006454269032494631,0.33509458,0.02363003014861027
40,0.949115107913669,-0.006050867391025137,0.33509458,0.022722191563329528
40,0.949115107913669,-0.005651598165109191,0.33509458,0.021813355745298354
40,0.949115107913669,-0.005256607634943384,0.33509458,0.020903487394242404
40,0.949115107913669,-0.0048660339540467085,0.33509458,0.019992553171013675
40,0.949115107913669,-0.004480003085921785,0.33509458,0.0190805226781537
40,0.949115107913669,-0.00409862880405484,0.33509458,0.018167368459893526
40,0.949115107913669,-0.003721972058527791,0.33509458,0.01725307580778553
40,0.949115107913669,-0.0033500856727449566,0.33509458,0.016337631974508406
40,0.949115107913669,-0.002983018406771868,0.33509458,0.015421025193304034
40,0.949115107913669,-0.002620802767318874,0.33509458,0.014503247619666999
40,0.949115107913669,-0.0022635281478394493,0.33509458,0.013584277681207433
40,0.949115107913669,-0.001911580565519024,0.33509458,0.01266402222442357
40,0.949115107913669,-0.001565431367657711,0.33509458,0.011742367503986943
40,0.949115107913669,-0.0012255519015556154,0.33509458,0.010819199774569077
40,0.949115107913669,-0.0008923972611576767,0.33509458,0.009894409213094226
40,0.949115107913669,-0.0005663940970372684,0.33509458,0.008967892860428862
40,0.949115107913669,-0.0002476602460194182,0.33509458,0.008039622280240865
40,0.949115107913669,6.377178518552403e-05,0.33509458,0.007109589628024823
40,0.949115107913669,0.0003678938698999674,0.33509458,0.0061777929426543865
40,0.949115107913669,0.0006646775647523554,0.33509458,0.005244225360187319
40,0.949115107913669,0.0009540375396280116,0.33509458,0.004308866288796908
40,0.949115107913669,0.001235494320549238,0.33509458,0.003371600022028357
40,0.949115107913669,0.0015083896466313996,0.33509458,0.0024322677086470595
40,0.949115107913669,0.0017720774470062406,0.33509458,0.0014907134391079734
40,0.949115107913669,0.002025903524127919,0.33509458,0.0005467793427396984
40,0.949115107913669,0.0022693477706307984,0.33509458,-0.0003996600925443572
40,0.949115107913669,0.0025028530904434277,0.33509458,-0.0013484979853579555
40,0.949115107913669,0.002727252468018589,0.33509458,-0.00229953332024993
40,0.949115107913669,0.002943382951147856,0.33509458,-0.0032525641012059424
40,0.949115107913669,0.003152073460945216,0.33509458,-0.004207390293337995
40,0.949115107913669,0.003353714077934896,0.33509458,-0.0051639177625811515
40,0.949115107913669,0.003545651441884383,0.33509458,-0.006122786816689622
40,0.949115107913669,0.0037239522408410355,0.33509458,-0.00708494664081819
40,0.949115107913669,0.003884605959415123,0.33509458,-0.008051365050821985
40,0.949115107913669,0.0040234964354082725,0.33509458,-0.009023035357198736
40,0.949115107913669,0.004136852890419606,0.33509458,-0.01000086752257617
40,0.949115107913669,0.004223939860127398,0.33509458,-0.010985039028889218
40,0.949115107913669,0.004285155551733466,0.33509458,-0.011975453780946591
40,0.949115107913669,0.004318703969490842,0.33509458,-0.01297254518767227
40,0.949115107913669,0.004319473433196606,0.33509458,-0.013977546797542203
40,0.949115107913669,0.004281844345298588,0.33509458,-0.01499181472942939
40,0.949115107913669,0.004199258476983189,0.33509458,-0.01601693161230059
40,0.949115107913669,0.004131759039273257,0.33509458,-0.01653581419594257
40,0.949115107913669,0.004037230271905296,0.33509458,-0.017061219485834157
40,0.949115107913669,0.003903701578792034,0.33509458,-0.01759603622109311
40,0.949115107913669,0.003707548708184856,0.33509458,-0.01814596539602719
40,0.949115107913669,0.0034938615687462194,0.33509458,-0.01859960720354917
40,0.949115107913669,0.0033721705590734384,0.33509458,-0.018830011085156834
40,0.949115107913669,0.003222519715158792,0.33509458,-0.019067162221981505
40,0.949115107913669,0.003118612977452445,0.33509458,-0.019192755681047544
40,0.949115107913669,0.0030457435721568935,0.33509458,-0.01926059985953123
40,0.949115107913669,0.0029950709303747628,0.33509458,-0.019297957842143283
40,0.949115107913669,0.00290576,0.33509458,-0.01934464
40,0.949115107913669,0.002710271514299721,0.33509458,-0.019366685515179203
40,0.949115107913669,0.0026528634074988867,0.33509458,-0.01935540953249699
40,0.949115107913669,0.0025654381607079163,0.33509458,-0.019326247590760254
40,0.949115107913669,0.002432752933791844,0.33509458,-0.01925774840320498
40,0.949115107913669,0.002233574268914792,0.33509458,-0.0191047766539504
40,0.949115107913669,0.0020785437800351046,0.33509458,-0.018941151085783918
40,0.949115107913669,0.001852805208929879,0.33509458,-0.01859355130241369
40,0.949115107913669,0.0016433840444864348,0.33509458,-0.018141495079808535
40,0.949115107913669,0.0014509395095245361,0.33509458,-0.01768534206425226
40,0.949115107913669,0.001274398882602553,0.33509458,-0.017225351124423437
40,0.949115107913669,0.0011158019597951002,0.33509458,-0.016761030017607505
40,0.949115107913669,0.000832463853012228,0.33509458,-0.015824217751589632
40,0.949115107913669,0.0005658951454324047,0.33509458,-0.014883358701342638
40,0.949115107913669,0.00031291424277988785,0.33509458,-0.013939220647833664
40,0.949115107913669,7.243217025787235e-05,0.33509458,-0.012992066381993992
40,0.949115107913669,-0.00015736738457458252,0.33509458,-0.012042334215563489
40,0.949115107913669,-0.0003782357207377132,0.33509458,-0.011090446771271197
40,0.949115107913669,-0.0005918794405250214,0.33509458,-0.01013681588565121
40,0.949115107913669,-0.0007999279427929207,0.33509458,-0.009181834764537284
40,0.949115107913669,-0.0010036977493106847,0.33509458,-0.008225821110398577
40,0.949115107913669,-0.0012044078617165278,0.33509458,-0.007269069092188015
40,0.949115107913669,-0.001403285408326254,0.33509458,-0.006311874839984886
40,0.949115107913669,-0.0016015575174556655,0.33509458,-0.005354534483868471
40,0.949115107913669,-0.001800248150480866,0.33509458,-0.004397295125759223
40,0.949115107913669,-0.0019994467008553223,0.33509458,-0.0034401783380470334
40,0.949115107913669,-0.002198982508349685,0.33509458,-0.0024831429370784884
40,0.949115107913669,-0.0023986889760733974,0.33509458,-0.001526148719763351
40,0.949115107913669,-0.0025983913804583166,0.33509458,-0.0005691535218850345
40,0.949115107913669,-0.002797955631324237,0.33509458,0.000387875015141273
40,0.949115107913669,-0.002997377665332366,0.33509458,0.001344937871878761
40,0.949115107913669,-0.0031967143692258203,0.33509458,0.002302021320442958
40,0.949115107913669,-0.0033960023130537443,0.33509458,0.0032591165357652614
40,0.949115107913669,-0.00359529025688167,0.33509458,0.004216211751087575
40,0.949115107913669,-0.0037946188340975367,0.33509458,0.00517329716077812
40,0.949115107913669,-0.00399398398136255,0.33509458,0.0061303737454000765
40,0.949115107913669,-0.004193373508660326,0.33509458,0.007087444446642978
40,0.949115107913669,-0.00439277116263569,0.33509458,0.00804451318675952
40,0.949115107913669,-0.004592172879949848,0.33509458,0.009001580946312888
40,0.949115107913669,-0.0047915624072476255,0.33509458,0.00995865164755579
40,0.949115107913669,-0.004990943807867814,0.33509458,0.010915724309925042
40,0.949115107913669,-0.005190321145149208,0.33509458,0.011872797952857467
40,0.949115107913669,-0.005389690355753015,0.33509458,0.012829873556916251
40,0.949115107913669,-0.005589063629695613,0.33509458,0.013786948180411849
40,0.949115107913669,-0.005788436903638216,0.33509458,0.01474402280390746
40,0.949115107913669,-0.00598781424091961,0.33509458,0.015701096446839886
40,0.949115107913669,-0.006187191578201004,0.33509458,0.01665817008977231
40,0.949115107913669,-0.006386568915482399,0.33509458,0.017615243732704736
40,0.949115107913669,-0.006585946252763795,0.33509458,0.018572317375637176
40,0.949115107913669,-0.006785323590045187,0.33509458,0.019529391018569594
40,0.949115107913669,-0.0069847009273265835,0.33509458,0.020486464661502026
40,0.949115107913669,-0.007184078264607974,0.33509458,0.02144353830443445
40,0.949115107913669,-0.0073834556018893705,0.33509458,0.022400611947366877
40,0.949115107913669,-0.007582832939170765,0.33509458,0.02335768559029931
40,0.949115107913669,-0.007782210276452161,0.33509458,0.02431475923323174
40,0.949115107913669,-0.007981587613733555,0.33509458,0.025271832876164167
40,0.949115107913669,-0.008180964951014948,0.33509458,0.026228906519096585
40,0.949115107913669,-0.008280655651325042,0.33509458,0.026707442850281215
40,0.949115107913669,-0.008380346351635138,0.33509458,0.027185979181465838
40,0.949115107913669,-0.008480032988606436,0.33509458,0.027664516493213647
40,0.949115107913669,-0.008579719625577738,0.33509458,0.02814305380496145
41,0.9550503597122303,-0.008393529233415199,0.33719008,0.02791836818179762
41,0.9550503597122303,-0.008185518849463782,0.33719008,0.027471240853625015
41,0.9550503597122303,-0.007977717555052308,0.33719008,0.027024063374966236
41,0.9550503597122303,-0.00777036660734224,0.33719008,0.026576777879875692
41,0.9550503597122303,-0.00756369520063698,0.33719008,0.02612932939570507
41,0.9550503597122303,-0.00715325149411679,0.33719008,0.025233737071584345
41,0.9550503597122303,-0.006747190626029968,0.33719008,0.024337093516118787
41,0.9550503597122303,-0.0063453437163634805,0.33719008,0.023439439235470264
41,0.9550503597122303,-0.005947529822246233,0.33719008,0.022540817629098004
41,0.9550503597122303,-0.005553805237015897,0.33719008,0.021641215194948018
41,0.9550503597122303,-0.005164314714969354,0.33719008,0.02074059721345296
41,0.9550503597122303,-0.004779194968498107,0.33719008,0.019838930893910336
41,0.9550503597122303,-0.004398570647135579,0.33719008,0.01893618633891492
41,0.9550503597122303,-0.004022554337557124,0.33719008,0.01803233654435876
41,0.9550503597122303,-0.0036512063540531073,0.33719008,0.01712736704375548
41,0.9550503597122303,-0.0032845789690085178,0.33719008,0.016221265299483516
41,0.9550503597122303,-0.0029227204338556447,0.33719008,0.015314019738353748
41,0.9550503597122303,-0.0025656629162160234,0.33719008,0.014405622644906791
41,0.9550503597122303,-0.002213494877048853,0.33719008,0.013496052801629247
41,0.9550503597122303,-0.001866598306859799,0.33719008,0.012585218587440602
41,0.9550503597122303,-0.001525439636161033,0.33719008,0.011673008128179375
41,0.9550503597122303,-0.0011904852954647302,0.33719008,0.010759309549684112
41,0.9550503597122303,-0.0008621856314723025,0.33719008,0.009844014835523034
41,0.9550503597122303,-0.0005409628442163226,0.33719008,0.008927022720291378
41,0.9550503597122303,-0.00022693354132483252,0.33719008,0.008008305235448768
41,0.9550503597122303,7.987010958063938e-05,0.33719008,0.007087854665535791
41,0.9550503597122303,0.00037944006659470803,0.33719008,0.006165669081687589
41,0.9550503597122303,0.0006717481830485388,0.33719008,0.005241741732877187
41,0.9550503597122303,0.0009567100189356139,0.33719008,0.0043160523660236184
41,0.9550503597122303,0.001233851101838377,0.33719008,0.0033884871781005785
41,0.9550503597122303,0.0015025200374208614,0.33719008,0.0024588899310549577
41,0.9550503597122303,0.001762077494205171,0.33719008,0.0015271072801309564
41,0.9550503597122303,0.002011876098808027,0.33719008,0.0005929839517079191
41,0.9550503597122303,0.002251401169284964,0.33719008,-0.0003436035015647529
41,0.9550503597122303,0.0024810909894793167,0.33719008,-0.0012825499565525741
41,0.9550503597122303,0.0027017698546927733,0.33719008,-0.002223657704608105
41,0.9550503597122303,0.0029142660811797122,0.33719008,-0.003166728072651507
41,0.9550503597122303,0.003119399943289135,0.33719008,-0.004111564316467777
41,0.9550503597122303,0.0033175574524793887,0.33719008,-0.005058073850543967
41,0.9550503597122303,0.003506112926643146,0.33719008,-0.006006886449254569
41,0.9550503597122303,0.003681174083575362,0.33719008,-0.006958935683188406
41,0.9550503597122303,0.003838772242969857,0.33719008,-0.007915173447150398
41,0.9550503597122303,0.003974834179750485,0.33719008,-0.008876576711188562
41,0.9550503597122303,0.004085628449819847,0.33719008,-0.009844040468594665
41,0.9550503597122303,0.00417042726074084,0.33719008,-0.010817739281637892
41,0.9550503597122303,0.004229624665877202,0.33719008,-0.011797578635940453
41,0.9550503597122303,0.004261443404139436,0.33719008,-0.012783984810634847
41,0.9550503597122303,0.004260825117042059,0.33719008,-0.01377817106171357
41,0.9550503597122303,0.004222208827013196,0.33719008,-0.014781471199222435
41,0.9550503597122303,0.004139104716409307,0.33719008,-0.01579544181709776
41,0.9550503597122303,0.0040716195267257085,0.33719008,-0.01630864723296994
41,0.9550503597122303,0.003977386959740497,0.33719008,-0.016828268053342997
41,0.9550503597122303,0.0038445612888255033,0.33719008,-0.017357145496145313
41,0.9550503597122303,0.0036497646950343107,0.33719008,-0.017900886771504376
41,0.9550503597122303,0.003437754710905813,0.33719008,-0.018349352912789413
41,0.9550503597122303,0.0033170571577080554,0.33719008,-0.01857711001951825
41,0.9550503597122303,0.003168691429042407,0.33719008,-0.018811503385773625
41,0.9550503597122303,0.003065730606298931,0.33719008,-0.018935602511777557
41,0.9550503597122303,0.0029935523409494328,0.33719008,-0.019002616490694776
41,0.9550503597122303,0.0029433737900448494,0.33719008,-0.019039502851375737
41,0.9550503597122303,0.0028549599999999997,0.33719008,-0.019085559999999998
41,0.9550503597122303,0.002661545215921253,0.33719008,-0.019107099920147003
41,0.9550503597122303,0.0026047704461935987,0.33719008,-0.01909586649757771
41,0.9550503597122303,0.002518326148829418,0.33719008,-0.0190668984134523
41,0.9550503597122303,0.0023871629801772523,0.33719008,-0.018998954329911995
41,0.9550503597122303,0.0021903379622119617,0.33719008,-0.018847355558604194
41,0.9550503597122303,0.0020372005952361545,0.33719008,-0.0186852782289828
41,0.9550503597122303,0.001814368671531549,0.33719008,-0.018341109668025914
41,0.9550503597122303,0.0016078219143597155,0.33719008,-0.017893631286450072
41,0.9550503597122303,0.0014180746975315597,0.33719008,-0.017442123506196443
41,0.9550503597122303,0.001244065489536615,0.33719008,-0.016986840937425612
41,0.9550503597122303,0.0010878128086258452,0.33719008,-0.01652729943505949
41,0.9550503597122303,0.0008088100246270726,0.33719008,-0.015600180779349897
41,0.9550503597122303,0.0005464017123847291,0.33719008,-0.014669081911016265
41,0.9550503597122303,0.00029743946594163427,0.33719008,-0.01373475798064852
41,0.9550503597122303,6.084566997655505e-05,0.33719008,-0.012797467456136951
41,0.9550503597122303,-0.00016517704136345636,0.33719008,-0.011857641438776193
41,0.9550503597122303,-0.000382361698688292,0.33719008,-0.010915695598942057
41,0.9550503597122303,-0.0005923971021282418,0.33719008,-0.009972034998253654
41,0.9550503597122303,-0.0007968956537124593,0.33719008,-0.009027046374114006
41,0.9550503597122303,-0.0009971601421128822,0.33719008,-0.008081042202629285
41,0.9550503597122303,-0.0011943968531368605,0.33719008,-0.0071343118135274285
41,0.9550503597122303,-0.001389820114497124,0.33719008,-0.006187146465401236
41,0.9550503597122303,-0.0015846442539064038,0.33719008,-0.005239837416843503
41,0.9550503597122303,-0.0017798825514428744,0.33719008,-0.004292627704825691
41,0.9550503597122303,-0.0019756234680657386,0.33719008,-0.0033455385468611903
41,0.9550503597122303,-0.0021716981237619704,0.33719008,-0.0023985294367880883
41,0.9550503597122303,-0.0023679416594712317,0.33719008,-0.0014515608328768935
41,0.9550503597122303,-0.0025641811742278015,0.33719008,-0.0005045912645332759
41,0.9550503597122303,-0.002760283976592871,0.33719008,0.0004424110945128422
41,0.9550503597122303,-0.0029562460456137502,0.33719008,0.001389447208693887
41,0.9550503597122303,-0.0031521236746281157,0.33719008,0.002336503575955891
41,0.9550503597122303,-0.0033479530522101853,0.33719008,0.003283571516407003
41,0.9550503597122303,-0.0035437824297922566,0.33719008,0.0042306394568581256
41,0.9550503597122303,-0.00373965201690124,0.33719008,0.005177697752984978
41,0.9550503597122303,-0.003935557792584442,0.33719008,0.006124747369219995
41,0.9550503597122303,-0.004131487693983792,0.33719008,0.007071791198860453
41,0.9550503597122303,-0.004327425637288525,0.33719008,0.008018833099636052
41,0.9550503597122303,-0.004523367601545947,0.33719008,0.008965874035979229
41,0.9550503597122303,-0.004719297502945297,0.33719008,0.009912917865619687
41,0.9550503597122303,-0.004915219362439266,0.33719008,0.010859963624124998
41,0.9550503597122303,-0.005111137200980541,0.33719008,0.011807010347062736
41,0.9550503597122303,-0.005307046997616435,0.33719008,0.012754058998865326
41,0.9550503597122303,-0.005502960815205021,0.33719008,0.01370110668623548
41,0.9550503597122303,-0.005698874632793605,0.33719008,0.014648154373605646
41,0.9550503597122303,-0.005894792471334884,0.33719008,0.015595201096543384
41,0.9550503597122303,-0.006090710309876159,0.33719008,0.01654224781948112
41,0.9550503597122303,-0.006286628148417435,0.33719008,0.017489294542418852
41,0.9550503597122303,-0.006482545986958712,0.33719008,0.018436341265356596
41,0.9550503597122303,-0.006678463825499987,0.33719008,0.019383387988294327
41,0.9550503597122303,-0.006874381664041265,0.33719008,0.020330434711232064
41,0.9550503597122303,-0.007070299502582542,0.33719008,0.0212774814341698
41,0.9550503597122303,-0.007266217341123819,0.33719008,0.02222452815710754
41,0.9550503597122303,-0.0074621351796650935,0.33719008,0.02317157488004527
41,0.9550503597122303,-0.007658053018206372,0.33719008,0.024118621602983014
41,0.9550503597122303,-0.007853970856747647,0.33719008,0.025065668325920738
41,0.9550503597122303,-0.008049888695288922,0.33719008,0.026012715048858475
41,0.9550503597122303,-0.008147849625035907,0.33719008,0.026486237928111136
41,0.9550503597122303,-0.008245810554782892,0.33719008,0.02695976080736379
41,0.9550503597122303,-0.008343767463577182,0.33719008,0.027433284651048873
41,0.9550503597122303,-0.008441724372371477,0.33719008,0.027906808494733957
42,0.9601007194244605,-0.008247960798068206,0.33897316,0.027626034017805442
42,0.9601007194244605,-0.008043288064404804,0.33897316,0.027184521622027783
42,0.9601007194244605,-0.007838821524089424,0.33897316,0.026742960022674216
42,0.9601007194244605,-0.007634799092523641,0.33897316,0.026301292446387892
42,0.9601007194244605,-0.0074314467893389375,0.33897316,0.025859464958479846
42,0.9601007194244605,-0.007027601133045036,0.33897316,0.024975127756159194
42,0.9601007194244605,-0.0066280776065462815,0.33897316,0.024089759171189513
42,0.9601007194244605,-0.006232709669061571,0.33897316,0.02320339894492057
42,0.9601007194244605,-0.005841318884039734,0.33897316,0.022316089657369986
42,0.9601007194244605,-0.005453960765074466,0.33897316,0.021427818061421158
42,0.9601007194244605,-0.005070778061406709,0.33897316,0.020538550093060017
42,0.9601007194244605,-0.004691905591764021,0.33897316,0.01964825358071767
42,0.9601007194244605,-0.004317466279103876,0.33897316,0.01875689919149311
42,0.9601007194244605,-0.003947571150613671,0.33897316,0.017864460431153122
42,0.9601007194244605,-0.003582279685143798,0.33897316,0.01697092310635853
42,0.9601007194244605,-0.0032216434310312664,0.33897316,0.016076274916215338
42,0.9601007194244605,-0.0028657099713563857,0.33897316,0.015180504506052173
42,0.9601007194244605,-0.0025145110281727004,0.33897316,0.014283604306088136
42,0.9601007194244605,-0.0021681338371274538,0.33897316,0.013385553499425728
42,0.9601007194244605,-0.0018269550976064562,0.33897316,0.012486262194916633
42,0.9601007194244605,-0.001491434779386075,0.33897316,0.011585620630737634
42,0.9601007194244605,-0.001162032852242674,0.33897316,0.010683519045065561
42,0.9601007194244605,-0.0008391934249258452,0.33897316,0.009779851460967645
42,0.9601007194244605,-0.0005233328493883336,0.33897316,0.008874518525069451
42,0.9601007194244605,-0.00021456611807422988,0.33897316,0.007967492796915176
42,0.9601007194244605,8.7075046962926e-05,0.33897316,0.007058766706723903
42,0.9601007194244605,0.0003815827152097457,0.33897316,0.00614833836205041
42,0.9601007194244605,0.0006689291298693821,0.33897316,0.0052362011393363925
42,0.9601007194244605,0.000949031020551285,0.33897316,0.004322335167906973
42,0.9601007194244605,0.0012214204869657038,0.33897316,0.0034066287934937205
42,0.9601007194244605,0.0014854551575284084,0.33897316,0.002488928728033194
42,0.9601007194244605,0.0017405045564252435,0.33897316,0.0015690845221297996
42,0.9601007194244605,0.0019859302773286677,0.33897316,0.0006469438339427279
42,0.9601007194244605,0.002221224767382007,0.33897316,-0.0002776144530226045
42,0.9601007194244605,0.002446820239564773,0.33897316,-0.001204487200501276
42,0.9601007194244605,0.0026635295714989887,0.33897316,-0.002133480432857472
42,0.9601007194244605,0.0028721696060633717,0.33897316,-0.003064399228232751
42,0.9601007194244605,0.00307354925562325,0.33897316,-0.003997050557213888
42,0.9601007194244605,0.003268049184821132,0.33897316,-0.00493134358242996
42,0.9601007194244605,0.0034530800810366235,0.33897316,-0.005867896187247782
42,0.9601007194244605,0.0036248035757911012,0.33897316,-0.006807624315157511
42,0.9601007194244605,0.0037793059607287775,0.33897316,-0.007751461887878959
42,0.9601007194244605,0.003912570430819853,0.33897316,-0.008700367428919905
42,0.9601007194244605,0.0040209172278534155,0.33897316,-0.009655219032865953
42,0.9601007194244605,0.004103628640368071,0.33897316,-0.010616187966010202
42,0.9601007194244605,0.004161093263519711,0.33897316,-0.011583181498536495
42,0.9601007194244605,0.004191558453850121,0.33897316,-0.012556617860840138
42,0.9601007194244605,0.0041900359184397695,0.33897316,-0.01353768740096928
42,0.9601007194244605,0.004151041707282521,0.33897316,-0.014527698744798808
42,0.9601007194244605,0.004068175896076208,0.33897316,-0.01552817909562739
42,0.9601007194244605,0.004001169067432881,0.33897316,-0.016034521933789365
42,0.9601007194244605,0.003907785351269094,0.33897316,-0.01654715904477832
42,0.9601007194244605,0.003776343101367878,0.33897316,-0.0170688780004145
42,0.9601007194244605,0.003583788315317332,0.33897316,-0.017605180138974528
42,0.9601007194244605,0.003374349850478573,0.33897316,-0.018047440579737294
42,0.9601007194244605,0.0032551415701037273,0.33897316,-0.018272028297549495
42,0.9601007194244605,0.003108648358425771,0.33897316,-0.018503126973167233
42,0.9601007194244605,0.003007022410436472,0.33897316,-0.01862544842622305
42,0.9601007194244605,0.002935798277615669,0.33897316,-0.01869147983365548
42,0.9601007194244605,0.00288629195175372,0.33897316,-0.01872781110141044
42,0.9601007194244605,0.0027990800000000002,0.33897316,-0.018773139999999997
42,0.9601007194244605,0.002608367110155842,0.33897316,-0.01879413184441149
42,0.9601007194244605,0.0025524015732461833,0.33897316,-0.018782969151960923
42,0.9601007194244605,0.0024672002947929853,0.33897316,-0.018754265280420183
42,0.9601007194244605,0.0023379452065877054,0.33897316,-0.018687038585275324
42,0.9601007194244605,0.002144029061702747,0.33897316,-0.018537171228606857
42,0.9601007194244605,0.0019931954307849872,0.33897316,-0.01837702316323948
42,0.9601007194244605,0.0017738151758383133,0.33897316,-0.018037091020823202
42,0.9601007194244605,0.0015705857956110872,0.33897316,-0.017595234200014125
42,0.9601007194244605,0.0013839232578463515,0.33897316,-0.017149424061124602
42,0.9601007194244605,0.0012127807347772084,0.33897316,-0.016699910406924676
42,0.9601007194244605,0.0010591487852634404,0.33897316,-0.01624621823366222
42,0.9601007194244605,0.0007849234050002576,0.33897316,-0.015330949960319157
42,0.9601007194244605,0.0005270626391082329,0.33897316,-0.014411776626248948
42,0.9601007194244605,0.00028246169159690856,0.33897316,-0.0134894391237582
42,0.9601007194244605,5.005787367261564e-05,0.33897316,-0.012564191040507414
42,0.9601007194244605,-0.00017192128440632294,0.33897316,-0.011636455338004954
42,0.9601007194244605,-0.00038518480827450267,0.33897316,-0.010706639838197368
42,0.9601007194244605,-0.0005913981057428957,0.33897316,-0.00977514195458245
42,0.9601007194244605,-0.0007921512447453122,0.33897316,-0.008842341122428333
42,0.9601007194244605,-0.0009887289684502175,0.33897316,-0.007908543917861888
42,0.9601007194244605,-0.0011823208538654499,0.33897316,-0.006974034207667252
42,0.9601007194244605,-0.0013741244085122323,0.33897316,-0.006039097751073795
42,0.9601007194244605,-0.0015653371399117883,0.33897316,-0.005104020307310884
42,0.9601007194244605,-0.001756958292750702,0.33897316,-0.004169040324477192
42,0.9601007194244605,-0.0019490751026762158,0.33897316,-0.0032341786194702224
42,0.9601007194244605,-0.00214152102890723,0.33897316,-0.002299395450940201
42,0.9601007194244605,-0.002334133495919342,0.33897316,-0.0013646520237599637
42,0.9601007194244605,-0.0025267419976747617,0.33897316,-0.0004299076503571017
42,0.9601007194244605,-0.0027192156807026254,0.33897316,0.0005048688946146206
42,0.9601007194244605,-0.0029115505797462425,0.33897316,0.0014396785573778312
42,0.9601007194244605,-0.0031038022083993114,0.33897316,0.0023745080908159286
42,0.9601007194244605,-0.003296006253972065,0.33897316,0.0033093489789253923
42,0.9601007194244605,-0.0034882102995448193,0.33897316,0.004244189867034856
42,0.9601007194244605,-0.0036804539976845025,0.33897316,0.005179021292918185
42,0.9601007194244605,-0.00387273338313442,0.33897316,0.0061138442027979835
42,0.9601007194244605,-0.004065036560124495,0.33897316,0.007048661435342104
42,0.9601007194244605,-0.0042573476676279545,0.33897316,0.007983476775440992
42,0.9601007194244605,-0.004449662740388107,0.33897316,0.008918291169317267
42,0.9601007194244605,-0.004641965917378182,0.33897316,0.00985310840186139
42,0.9601007194244605,-0.00483426116385487,0.33897316,0.010787927526850732
42,0.9601007194244605,-0.005026552445074866,0.33897316,0.011722747598062699
42,0.9601007194244605,-0.005218835795781477,0.33897316,0.01265756956171989
42,0.9601007194244605,-0.005411123111744779,0.33897316,0.013592390579154453
42,0.9601007194244605,-0.005603410427708082,0.33897316,0.014527211596589037
42,0.9601007194244605,-0.005795701708928078,0.33897316,0.015462031667800993
42,0.9601007194244605,-0.005987992990148072,0.33897316,0.01639685173901295
42,0.9601007194244605,-0.00618028427136807,0.33897316,0.017331671810224904
42,0.9601007194244605,-0.006372575552588066,0.33897316,0.018266491881436874
42,0.9601007194244605,-0.00656486683380806,0.33897316,0.019201311952648823
42,0.9601007194244605,-0.006757158115028056,0.33897316,0.020136132023860786
42,0.9601007194244605,-0.006949449396248053,0.33897316,0.02107095209507275
42,0.9601007194244605,-0.007141740677468049,0.33897316,0.02200577216628471
42,0.9601007194244605,-0.007334031958688045,0.33897316,0.022940592237496674
42,0.9601007194244605,-0.007526323239908041,0.33897316,0.02387541230870863
42,0.9601007194244605,-0.007718614521128035,0.33897316,0.024810232379920586
42,0.9601007194244605,-0.007910905802348033,0.33897316,0.02574505245113255
42,0.9601007194244605,-0.008007053425586377,0.33897316,0.02621246201362722
42,0.9601007194244605,-0.008103201048824721,0.33897316,0.026679871576121898
42,0.9601007194244605,-0.008199344706806375,0.33897316,0.027147282084839183
42,0.9601007194244605,-0.008295488364788025,0.33897316,0.027614692593556475
43,0.9651510791366906,-0.008072488379596482,0.34075624,0.027229662994307596
43,0.9651510791366906,-0.007871967687543186,0.34075624,0.026795823993029377
43,0.9651510791366906,-0.007671649553801482,0.34075624,0.026361936897292368
43,0.9651510791366906,-0.007471767699500128,0.34075624,0.02592794621349031
43,0.9651510791366906,-0.007272544159711442,0.34075624,0.025493799222697212
43,0.9651510791366906,-0.006876905629031322,0.34075624,0.024624838392942217
43,0.9651510791366906,-0.006485513032190319,0.34075624,0.023754869429339763
43,0.9651510791366906,-0.006098202764398296,0.34075624,0.022883931177414246
43,0.9651510791366906,-0.005714799534808689,0.34075624,0.022012065257370372
43,0.9651510791366906,-0.005335357878351541,0.34075624,0.02113925872070002
43,0.9651510791366906,-0.004960018027704111,0.34075624,0.020265478271239416
43,0.9651510791366906,-0.004588912424839354,0.34075624,0.019390692462611672
43,0.9651510791366906,-0.004222161825673801,0.34075624,0.01851487262312021
43,0.9651510791366906,-0.0038598753000675364,0.34075624,0.017637992855748755
43,0.9651510791366906,-0.0035021112783027537,0.34075624,0.01676003928709574
43,0.9651510791366906,-0.003148920399957347,0.34075624,0.01588099989354648
43,0.9651510791366906,-0.002800349409257069,0.34075624,0.015000863576379697
43,0.9651510791366906,-0.002456429469019088,0.34075624,0.01411962293644791
43,0.9651510791366906,-0.002117246276990616,0.34075624,0.01323725762609547
43,0.9651510791366906,-0.0017831698916255202,0.34075624,0.01235367978044577
43,0.9651510791366906,-0.0014546521737727322,0.34075624,0.011468782111859983
43,0.9651510791366906,-0.0011321449842811894,0.34075624,0.01058245733269932
43,0.9651510791366906,-0.0008160846025912359,0.34075624,0.009694601854898701
43,0.9651510791366906,-0.0005068800406782051,0.34075624,0.00880511856464715
43,0.9651510791366906,-0.0002046442637543269,0.34075624,0.00791398064003495
43,0.9651510791366906,9.059156536323073e-05,0.34075624,0.0070211806819146
43,0.9651510791366906,0.00037881965597017517,0.34075624,0.00612671684049923
43,0.9651510791366906,0.0006600127406014853,0.34075624,0.00523058264153476
43,0.9651510791366906,0.0009340890168620958,0.34075624,0.004332758662259004
43,0.9651510791366906,0.001200588833198778,0.34075624,0.0034331357652462764
43,0.9651510791366906,0.001458881142563889,0.34075624,0.002531564117759604
43,0.9651510791366906,0.0017083465839662134,0.34075624,0.0016278966617423452
43,0.9651510791366906,0.0019483580057102511,0.34075624,0.0007219844893509783
43,0.9651510791366906,0.0021784168027213185,0.34075624,-0.0001862907857745691
43,0.9651510791366906,0.0023989475683833254,0.34075624,-0.0010968283502495492
43,0.9651510791366906,0.0026107488498861966,0.34075624,-0.002009438600919164
43,0.9651510791366906,0.0028146230897720045,0.34075624,-0.0029239310097351826
43,0.9651510791366906,0.0030113649398785286,0.34075624,-0.003840116898436243
43,0.9651510791366906,0.003201348354011781,0.34075624,-0.00475790747725229
43,0.9651510791366906,0.0033820296672204403,0.34075624,-0.005677906701598366
43,0.9651510791366906,0.0035496381786272015,0.34075624,-0.006601009868322492
43,0.9651510791366906,0.003700329175663982,0.34075624,-0.0075281298472479954
43,0.9651510791366906,0.0038301566666069085,0.34075624,-0.008460203555427617
43,0.9651510791366906,0.003935505764664515,0.34075624,-0.009398089293971849
43,0.9651510791366906,0.004015671411098379,0.34075624,-0.010341954468592976
43,0.9651510791366906,0.004071035350418805,0.34075624,-0.01129170843973407
43,0.9651510791366906,0.0040998758369772716,0.34075624,-0.012247760010294744
43,0.9651510791366906,0.004097292517774142,0.34075624,-0.013211272696220043
43,0.9651510791366906,0.004057898120791527,0.34075624,-0.014183525625134773
43,0.9651510791366906,0.0039754055476658185,0.34075624,-0.01516601157504792
43,0.9651510791366906,0.003909036187437485,0.34075624,-0.0156632196502331
43,0.9651510791366906,0.0038167549447341107,0.34075624,-0.016166580116568085
43,0.9651510791366906,0.0036870861121336474,0.34075624,-0.01667881771012133
43,0.9651510791366906,0.003497382112259383,0.34075624,-0.017205309761341568
43,0.9651510791366906,0.00329120084288067,0.34075624,-0.017639424163647104
43,0.9651510791366906,0.0031738765914499124,0.34075624,-0.017859860925422452
43,0.9651510791366906,0.003029748421902686,0.34075624,-0.018086661878944914
43,0.9651510791366906,0.0029298053018203137,0.34075624,-0.018206681818042164
43,0.9651510791366906,0.0028597824166077097,0.34075624,-0.01827145267656307
43,0.9651510791366906,0.0028111216600819034,0.34075624,-0.018307078932430398
43,0.9651510791366906,0.00272542,0.34075624,-0.0183515
43,0.9651510791366906,0.0025380964281703604,0.34075624,-0.01837190471350226
43,0.9651510791366906,0.0024831447129653184,0.34075624,-0.01836087969819322
43,0.9651510791366906,0.002399499851371267,0.34075624,-0.018332594960909346
43,0.9651510791366906,0.00227263219740197,0.34075624,-0.018266427867135115
43,0.9651510791366906,0.0020823521759213443,0.34075624,-0.018119027165481062
43,0.9651510791366906,0.001934395155506761,0.34075624,-0.017961577496622763
43,0.9651510791366906,0.001719317462410914,0.34075624,-0.01762748477028006
43,0.9651510791366906,0.0015202146785387545,0.34075624,-0.017193309107790395
43,0.9651510791366906,0.0013373866759324876,0.34075624,-0.016755269240516617
43,0.9651510791366906,0.0011698050816255753,0.34075624,-0.01631360934032637
43,0.9651510791366906,0.001019425362395299,0.34075624,-0.015867865110713763
43,0.9651510791366906,0.0007511219980150278,0.34075624,-0.014968670439362841
43,0.9651510791366906,0.0004988947519412043,0.34075624,-0.01406565873279315
43,0.9651510791366906,0.00025969356344352976,0.34075624,-0.01315955418256667
43,0.9651510791366906,3.247447814687995e-05,0.34075624,-0.012250604660124795
43,0.9651510791366906,-0.00018450372635799538,0.34075624,-0.01133922359283433
43,0.9651510791366906,-0.00039291994684601244,0.34075624,-0.01042580960976706
43,0.9651510791366906,-0.0005944102312184828,0.34075624,-0.009510751166166963
43,0.9651510791366906,-0.0007905366156859411,0.34075624,-0.008594419144302696
43,0.9651510791366906,-0.0009825611943436864,0.34075624,-0.007677113209648178
43,0.9651510791366906,-0.0011716525728355113,0.34075624,-0.006759110830234815
43,0.9651510791366906,-0.0013589871475095001,0.34075624,-0.005840691323880903
43,0.9651510791366906,-0.0015457413147137375,0.34075624,-0.004922134008404725
43,0.9651510791366906,-0.0017328967031890108,0.34075624,-0.0040036719569526615
43,0.9651510791366906,-0.0019205390106825327,0.34075624,-0.0030853255171803522
43,0.9651510791366906,-0.0021085046324041687,0.34075624,-0.0021670558435634008
43,0.9651510791366906,-0.002296633858915937,0.34075624,-0.0012488250154708488
43,0.9651510791366906,-0.002484759190075559,0.34075624,-0.00033059326248485385
43,0.9651510791366906,-0.002672752079262218,0.34075624,0.000587669936878029
43,0.9651510791366906,-0.0028606086311237676,0.34075624,0.0015059655075112463
43,0.9651510791366906,-0.003048383380590252,0.34075624,0.0024242805009066642
43,0.9651510791366906,-0.0032361113858309833,0.34075624,0.00334260659302333
43,0.9651510791366906,-0.0034238393910717164,0.34075624,0.004260932685140002
43,0.9651510791366906,-0.003611606349833909,0.34075624,0.0051792495283222995
43,0.9651510791366906,-0.0037994083667654147,0.34075624,0.006097558047463647
43,0.9651510791366906,-0.0039872337558097964,0.34075624,0.007015861017244367
43,0.9651510791366906,-0.00417506693555847,0.34075624,0.007934162137238212
43,0.9651510791366906,-0.0043629040106592885,0.34075624,0.008852462332338617
43,0.9651510791366906,-0.004550729399703671,0.34075624,0.009770765302119337
43,0.9651510791366906,-0.00473854699804376,0.34075624,0.010689070121686933
43,0.9651510791366906,-0.004926360701031705,0.34075624,0.011607375866147972
43,0.9651510791366906,-0.005114166613315356,0.34075624,0.01252568346039588
43,0.9651510791366906,-0.005301976420951153,0.34075624,0.013443990129750352
43,0.9651510791366906,-0.005489786228586952,0.34075624,0.014362296799104828
43,0.9651510791366906,-0.005677599931574896,0.34075624,0.015280602543565863
43,0.9651510791366906,-0.0058654136345628405,0.34075624,0.016198908288026892
43,0.9651510791366906,-0.006053227337550783,0.34075624,0.017117214032487928
43,0.9651510791366906,-0.006241041040538727,0.34075624,0.018035519776948963
43,0.9651510791366906,-0.006428854743526671,0.34075624,0.018953825521409992
43,0.9651510791366906,-0.006616668446514615,0.34075624,0.019872131265871035
43,0.9651510791366906,-0.006804482149502558,0.34075624,0.02079043701033207
43,0.9651510791366906,-0.006992295852490502,0.34075624,0.021708742754793106
43,0.9651510791366906,-0.007180109555478448,0.34075624,0.022627048499254142
43,0.9651510791366906,-0.007367923258466392,0.34075624,0.023545354243715177
43,0.9651510791366906,-0.007555736961454332,0.34075624,0.024463659988176206
43,0.9651510791366906,-0.0077435506644422765,0.34075624,0.025381965732637235
43,0.9651510791366906,-0.007837459463612324,0.34075624,0.025841118142421043
43,0.9651510791366906,-0.007931368262782366,0.34075624,0.02630027055220483
43,0.9651510791366906,-0.008025273166600268,0.34075624,0.02675942388688208
43,0.9651510791366906,-0.008119178070418166,0.34075624,0.027218577221559306
44,0.9702014388489208,-0.007856783264386906,0.34253932,0.026692844774259667
44,0.9702014388489208,-0.007661619473425144,0.34253932,0.02626937763531326
44,0.9702014388489208,-0.007466653349494963,0.34253932,0.025845863792080672
44,0.9702014388489208,-0.00727211296994049,0.34253932,0.025422249355000943
44,0.9702014388489208,-0.007078215008238648,0.34253932,0.02499848312899113
44,0.9702014388489208,-0.006693159814253587,0.34253932,0.024150303104080482
44,0.9702014388489208,-0.00631224802535355,0.34253932,0.023301144085478825
44,0.9702014388489208,-0.0059353199873976425,0.34253932,0.022451043795878835
44,0.9702014388489208,-0.005562204642377772,0.34253932,0.021600042652451235
44,0.9702014388489208,-0.005192955208340896,0.34253932,0.020748128080965145
44,0.9702014388489208,-0.004827708531693495,0.34253932,0.019895267747683975
44,0.9702014388489208,-0.00446659385626391,0.34253932,0.019041431115189845
44,0.9702014388489208,-0.004109729022013274,0.34253932,0.018186590340542912
44,0.9702014388489208,-0.0037572204650355126,0.34253932,0.017330720275281385
44,0.9702014388489208,-0.0034091252046666598,0.34253932,0.016473807447015033
44,0.9702014388489208,-0.0030654926576646102,0.34253932,0.015615840179672307
44,0.9702014388489208,-0.00272636843949819,0.34253932,0.014756807695340993
44,0.9702014388489208,-0.002391782960479948,0.34253932,0.013896702808746327
44,0.9702014388489208,-0.0020618198489694033,0.34253932,0.013035505760382607
44,0.9702014388489208,-0.001736840227428088,0.34253932,0.012173131225111614
44,0.9702014388489208,-0.0014172850453879906,0.34253932,0.01130947501644881
44,0.9702014388489208,-0.0011035952523810928,0.34253932,0.010444432947909647
44,0.9702014388489208,-0.0007961965927831024,0.34253932,0.00957790442564697
44,0.9702014388489208,-0.0004954882019462497,0.34253932,0.008709795142929078
44,0.9702014388489208,-0.00020158031725352969,0.34253932,0.007840079053134844
44,0.9702014388489208,8.549665098250923e-05,0.34253932,0.006968748970989452
44,0.9702014388489208,0.00036573510018372835,0.34253932,0.0060958031001742165
44,0.9702014388489208,0.0006391084213266452,0.34253932,0.005221235153573686
44,0.9702014388489208,0.0009055367873408147,0.34253932,0.0043450262698415225
44,0.9702014388489208,0.0011645716461161164,0.34253932,0.00346707046617448
44,0.9702014388489208,0.0014155971888233985,0.34253932,0.002587222240757924
44,0.9702014388489208,0.001658009010500719,0.34253932,0.0017053387862552803
44,0.9702014388489208,0.0018911951036079929,0.34253932,0.0008212754990112731
44,0.9702014388489208,0.002114668903144417,0.34253932,-6.508258537084657e-05
44,0.9702014388489208,0.002328844749618489,0.34253932,-0.0009536375675219741
44,0.9702014388489208,0.002534501907289318,0.34253932,-0.0018442053247754477
44,0.9702014388489208,0.0027324234417050847,0.34253932,-0.002736600836305267
44,0.9702014388489208,0.0029233848158358292,0.34253932,-0.003630640877604117
44,0.9702014388489208,0.003107750953432158,0.34253932,-0.004526239225374441
44,0.9702014388489208,0.0032830396127321274,0.34253932,-0.005423982377671501
44,0.9702014388489208,0.0034455711459171136,0.34253932,-0.006324739752745662
44,0.9702014388489208,0.003591593680676183,0.34253932,-0.007229397833874935
44,0.9702014388489208,0.0037172565111826135,0.34253932,-0.008138866456480414
44,0.9702014388489208,0.0038190320411805347,0.34253932,-0.009053979112438491
44,0.9702014388489208,0.0038962322373484893,0.34253932,-0.009974898368591428
44,0.9702014388489208,0.00394922962601522,0.34253932,-0.010901536205322974
44,0.9702014388489208,0.0039763440374123065,0.34253932,-0.011834289609065629
44,0.9702014388489208,0.003972793449891165,0.34253932,-0.012774288464281134
44,0.9702014388489208,0.003933320680669606,0.34253932,-0.013722774925349918
44,0.9702014388489208,0.0038517904491905445,0.34253932,-0.014681198621462166
44,0.9702014388489208,0.003786508919601612,0.34253932,-0.015166203148243233
44,0.9702014388489208,0.003695941215126842,0.34253932,-0.01565718223101753
44,0.9702014388489208,0.0035688887381694692,0.34253932,-0.016156781847228845
44,0.9702014388489208,0.003383250794083332,0.34253932,-0.016670223895335477
44,0.9702014388489208,0.0031816364305229062,0.34253932,-0.017093524819934047
44,0.9702014388489208,0.0030669393384851994,0.34253932,-0.0173084571564966
44,0.9702014388489208,0.002926085576364892,0.34253932,-0.01752956972754343
44,0.9702014388489208,0.002828452869439143,0.34253932,-0.0176465541395316
44,0.9702014388489208,0.00276006938049448,0.34253932,-0.017709669620777514
44,0.9702014388489208,0.002712557919124979,0.34253932,-0.017744374511761304
44,0.9702014388489208,0.0026288999999999996,0.34253932,-0.01778762
44,0.9702014388489208,0.002446125568290883,0.34253932,-0.017807326500571513
44,0.9702014388489208,0.0023925265417186507,0.34253932,-0.017796511750126493
44,0.9702014388489208,0.002310952978187151,0.34253932,-0.01776882775706112
44,0.9702014388489208,0.0021872518277913696,0.34253932,-0.017704139571360054
44,0.9702014388489208,0.0020017725259310025,0.34253932,-0.017560132184153695
44,0.9702014388489208,0.0018575942298034423,0.34253932,-0.01740636629561444
44,0.9702014388489208,0.001648121988304623,0.34253932,-0.017080195915713987
44,0.9702014388489208,0.001454341866563915,0.34253932,-0.01665640184676434
44,0.9702014388489208,0.001276443530552767,0.34253932,-0.01622885526805226
44,0.9702014388489208,0.0011134234399570082,0.34253932,-0.01579779329364603
44,0.9702014388489208,0.0009671898418891905,0.34253932,-0.015362765047552168
44,0.9702014388489208,0.0007063949862750225,0.34253932,-0.014485225091663965
44,0.9702014388489208,0.0004612880506479045,0.34253932,-0.013603978432140156
44,0.9702014388489208,0.0002288926256669441,0.34253932,-0.01271972832775144
44,0.9702014388489208,8.189965861696204e-06,0.34253932,-0.011832715485203496
44,0.9702014388489208,-0.00020251910498160454,0.34253932,-0.010943341381725577
44,0.9702014388489208,-0.0004048729424516238,0.34253932,-0.010051993123997342
44,0.9702014388489208,-0.0006004680879572685,0.34253932,-0.009159047938945597
44,0.9702014388489208,-0.0007908288584151375,0.34253932,-0.008264865988469518
44,0.9702014388489208,-0.0009771868714835322,0.34253932,-0.007369738276198358
44,0.9702014388489208,-0.0011606825138830994,0.34253932,-0.006473934249936983
44,0.9702014388489208,-0.0013424637749126262,0.34253932,-0.005577725153808961
44,0.9702014388489208,-0.0015236786438708968,0.34253932,-0.004681382231937857
44,0.9702014388489208,-0.0017052850456032577,0.34253932,-0.003785131820479756
44,0.9702014388489208,-0.0018873666084692222,0.34253932,-0.002888993678940348
44,0.9702014388489208,-0.0020697636783278974,0.34253932,-0.0019929300846269586
44,0.9702014388489208,-0.0022523204023274647,0.34253932,-0.0010969042130062438
44,0.9702014388489208,-0.0024348733250379646,0.34253932,-0.00020087744322618006
44,0.9702014388489208,-0.002617297003920121,0.34253932,0.0006951798639717663
44,0.9702014388489208,-0.0027995876376848716,0.34253932,0.0015912686067469477
44,0.9702014388489208,-0.0029817984443791753,0.34253932,0.0024873762108684715
44,0.9702014388489208,-0.003163963635604653,0.34253932,0.0033834945929021865
44,0.9702014388489208,-0.003346128826830131,0.34253932,0.004279612974935905
44,0.9702014388489208,-0.0035283320309462975,0.34253932,0.005175722375376127
44,0.9702014388489208,-0.003710569446664084,0.34253932,0.006071823692382204
44,0.9702014388489208,-0.0038928296701162828,0.34253932,0.006967919620432181
44,0.9702014388489208,-0.004075097496146618,0.34253932,0.007864013752163456
44,0.9702014388489208,-0.0042573691234660226,0.34253932,0.008760106985735386
44,0.9702014388489208,-0.004439629346918222,0.34253932,0.009656202913785366
44,0.9702014388489208,-0.004621881967792283,0.34253932,0.010552300638154044
44,0.9702014388489208,-0.004804130787377275,0.34253932,0.011448399260682068
44,0.9702014388489208,-0.004986372004384131,0.34253932,0.012344499679528796
44,0.9702014388489208,-0.005168617022680053,0.34253932,0.013240599200216165
44,0.9702014388489208,-0.005350862040975976,0.34253932,0.014136698720903545
44,0.9702014388489208,-0.005533110860560969,0.34253932,0.015032797343431579
44,0.9702014388489208,-0.00571535968014596,0.34253932,0.0159288959659596
44,0.9702014388489208,-0.005897608499730953,0.34253932,0.016824994588487626
44,0.9702014388489208,-0.006079857319315946,0.34253932,0.017721093211015653
44,0.9702014388489208,-0.0062621061389009375,0.34253932,0.01861719183354368
44,0.9702014388489208,-0.006444354958485929,0.34253932,0.0195132904560717
44,0.9702014388489208,-0.006626603778070922,0.34253932,0.020409389078599727
44,0.9702014388489208,-0.006808852597655915,0.34253932,0.021305487701127755
44,0.9702014388489208,-0.006991101417240906,0.34253932,0.02220158632365579
44,0.9702014388489208,-0.007173350236825898,0.34253932,0.023097684946183816
44,0.9702014388489208,-0.007355599056410889,0.34253932,0.023993783568711836
44,0.9702014388489208,-0.007537847875995884,0.34253932,0.024889882191239863
44,0.9702014388489208,-0.007628974186432914,0.34253932,0.025337931053424207
44,0.9702014388489208,-0.007720100496869943,0.34253932,0.025785979915608537
44,0.9702014388489208,-0.0078112230060179075,0.34253932,0.026234029675952234
44,0.9702014388489208,-0.007902345515165868,0.34253932,0.026682079436295917
45,0.9752517985611511,-0.007592118185428533,0.3443224,0.025969344631878343
45,0.9752517985611511,-0.007403881407744191,0.3443224,0.025559778129283384
45,0.9752517985611511,-0.007215835763501045,0.3443224,0.02515016667777147
45,0.9752517985611511,-0.007028201791285092,0.3443224,0.02474045841320766
45,0.9752517985611511,-0.006841189002753025,0.3443224,0.02433060406466375
45,0.9752517985611511,-0.006469813564363943,0.3443224,0.023510272133554316
45,0.9752517985611511,-0.00610244457695379,0.3443224,0.022688998003993373
45,0.9752517985611511,-0.005738927663512362,0.3443224,0.021866817980875367
45,0.9752517985611511,-0.005379097420100168,0.3443224,0.02104377096230151
45,0.9752517985611511,-0.005023005305720603,0.3443224,0.020219844846640304
45,0.9752517985611511,-0.004670783643525265,0.3443224,0.019395008515410792
45,0.9752517985611511,-0.004322557405379553,0.3443224,0.01856923257893651
45,0.9752517985611511,-0.003978440536219566,0.3443224,0.01774249024074773
45,0.9752517985611511,-0.0036385359540521004,0.3443224,0.016914757297581465
45,0.9752517985611511,-0.0033028987935236533,0.3443224,0.016086020783403997
45,0.9752517985611511,-0.002971576837994527,0.3443224,0.015256269460986082
45,0.9752517985611511,-0.0026446141951819192,0.3443224,0.01442549295750072
45,0.9752517985611511,-0.0023220402702306304,0.3443224,0.01359368435772993
45,0.9752517985611511,-0.0020039359272888595,0.3443224,0.012760824644824233
45,0.9752517985611511,-0.001690650352451097,0.3443224,0.011926831700569959
45,0.9752517985611511,-0.001382609920316938,0.3443224,0.011091605254306209
45,0.9752517985611511,-0.0010802410054859724,0.3443224,0.010255045035372091
45,0.9752517985611511,-0.0007839552799853932,0.3443224,0.009417054230715701
45,0.9752517985611511,-0.0004941386863406947,0.3443224,0.00857754207810089
45,0.9752517985611511,-0.00021089781820177438,0.3443224,0.007736483509862436
45,0.9752517985611511,6.573791928656978e-05,0.3443224,0.006893871610782337
45,0.9752517985611511,0.00033576117483813655,0.3443224,0.006049704652056096
45,0.9752517985611511,0.0005991462189512287,0.3443224,0.005203976582867975
45,0.9752517985611511,0.0008558158631207444,0.3443224,0.0043566692507707346
45,0.9752517985611511,0.0011053363814608934,0.3443224,0.0035076806562989865
45,0.9752517985611511,0.0013471123197894858,0.3443224,0.0026568707662883786
45,0.9752517985611511,0.0015805592508536343,0.3443224,0.0018041021407812947
45,0.9752517985611511,0.0018050853961142478,0.3443224,0.000949235611015637
45,0.9752517985611511,0.002020220273254537,0.3443224,9.216053350351305e-05
45,0.9752517985611511,0.0022263645273723942,0.3443224,-0.0007670288719099187
45,0.9752517985611511,0.0024242716653033033,0.3443224,-0.0016281554027635942
45,0.9752517985611511,0.002614698869525852,0.3443224,-0.0024910409921942
45,0.9752517985611511,0.002798395971232427,0.3443224,-0.003355509302142916
45,0.9752517985611511,0.0029757158321606194,0.3443224,-0.004221477349993827
45,0.9752517985611511,0.0031442582573661757,0.3443224,-0.0050895095904156026
45,0.9752517985611511,0.003300465224328362,0.3443224,-0.0059604427647853755
45,0.9752517985611511,0.003440708873307545,0.3443224,-0.0068351300381230065
45,0.9752517985611511,0.003561265777843494,0.3443224,-0.007714447049906845
45,0.9752517985611511,0.003658724941139474,0.3443224,-0.008599195965424059
45,0.9752517985611511,0.0037324210717943965,0.3443224,-0.009489533241481734
45,0.9752517985611511,0.0037827143828320538,0.3443224,-0.01038537416665946
45,0.9752517985611511,0.0038079802400022766,0.3443224,-0.01128710080675134
45,0.9752517985611511,0.0038035946842853528,0.3443224,-0.01219580057978675
45,0.9752517985611511,0.0037644743012740746,0.3443224,-0.013112668954076201
45,0.9752517985611511,0.0036846866030051536,0.3443224,-0.014039101074849746
45,0.9752517985611511,0.0036210866936976843,0.3443224,-0.014507892097542122
45,0.9752517985611511,0.00353303640648947,0.3443224,-0.014982433123995541
45,0.9752517985611511,0.0034097072968081133,0.3443224,-0.015465270683235869
45,0.9752517985611511,0.0032297291756706106,0.3443224,-0.0159614304099394
45,0.9752517985611511,0.0030343979446545636,0.3443224,-0.01637043389072222
45,0.9752517985611511,0.0029233015292593908,0.3443224,-0.016578094156931858
45,0.9752517985611511,0.002786913013693588,0.3443224,-0.01679170237501759
45,0.9752517985611511,0.002692412178244477,0.3443224,-0.016904693010957296
45,0.9752517985611511,0.0026262413876630233,0.3443224,-0.016965637839504416
45,0.9752517985611511,0.0025802765389501365,0.3443224,-0.01699913911925884
45,0.9752517985611511,0.00249936,0.3443224,-0.01704086
45,0.9752517985611511,0.002322650714075932,0.3443224,-0.017059725072898598
45,0.9752517985611511,0.002270847131973739,0.3443224,-0.017049216028568112
45,0.9752517985611511,0.002192017477905992,0.3443224,-0.017022371004345928
45,0.9752517985611511,0.0020725003182184873,0.3443224,-0.016959711053762597
45,0.9752517985611511,0.0018933422249413636,0.3443224,-0.016820310039958018
45,0.9752517985611511,0.0017541199939449964,0.3443224,-0.016671517295716917
45,0.9752517985611511,0.0015519524775620425,0.3443224,-0.01635599373176129
45,0.9752517985611511,0.0013650536339660747,0.3443224,-0.01594611258674766
45,0.9752517985611511,0.001193511627241621,0.3443224,-0.015532619969137266
45,0.9752517985611511,0.0010363560876102997,0.3443224,-0.015115744081123877
45,0.9752517985611511,0.000895432187908276,0.3443224,-0.014695050992778444
45,0.9752517985611511,0.0006442098468128587,0.3443224,-0.013846462616548032
45,0.9752517985611511,0.0004081568847908593,0.3443224,-0.012994306852235564
45,0.9752517985611511,0.0001843952732950311,0.3443224,-0.012139260526802092
45,0.9752517985611511,-2.8060060025408146e-05,0.3443224,-0.011281555300050372
45,0.9752517985611511,-0.00023085212763612663,0.3443224,-0.010421577559785757
45,0.9752517985611511,-0.00042556513171319605,0.3443224,-0.009559699863377609
45,0.9752517985611511,-0.000613742842358587,0.3443224,-0.00869628525977055
45,0.9752517985611511,-0.0007968591924553724,0.3443224,-0.007831680374266476
45,0.9752517985611511,-0.000976105090367929,0.3443224,-0.006966165273194096
45,0.9752517985611511,-0.0011525832290262376,0.3443224,-0.006099999277228136
45,0.9752517985611511,-0.0013274036526464772,0.3443224,-0.005233443435847833
45,0.9752517985611511,-0.0015016764054448265,0.3443224,-0.004366758798532414
45,0.9752517985611511,-0.0016763277494824692,0.3443224,-0.00350016319464865
45,0.9752517985611511,-0.0018514385489076038,0.3443224,-0.0026336756410460255
45,0.9752517985611511,-0.0020268544267100317,0.3443224,-0.0017672598328300777
45,0.9752517985611511,-0.0022024246815226575,0.3443224,-0.0009008803295085903
45,0.9752517985611511,-0.0023779912606921826,0.3443224,-3.4499961784853483e-05
45,0.9752517985611511,-0.0025534328679963107,0.3443224,0.0008319097956153501
45,0.9752517985611511,-0.002728745827791942,0.3443224,0.0016983498070942751
45,0.9752517985611511,-0.002903981599082473,0.3443224,0.0025648079710204295
45,0.9752517985611511,-0.0030791732626558052,0.3443224,0.0034312765077735737
45,0.9752517985611511,-0.0032543649262291377,0.3443224,0.004297745044526721
45,0.9752517985611511,-0.0034295933462334706,0.3443224,0.0051642049372573745
45,0.9752517985611511,-0.0036048548470257015,0.3443224,0.006030657050367785
45,0.9752517985611511,-0.003780138401676532,0.3443224,0.006897103977064702
45,0.9752517985611511,-0.003955429307613562,0.3443224,0.007763549174957116
45,0.9752517985611511,-0.004130723889193693,0.3443224,0.008629993508447287
45,0.9752517985611511,-0.004306007443844524,0.3443224,0.009496440435144204
45,0.9752517985611511,-0.004481283647209155,0.3443224,0.01036288909064562
45,0.9752517985611511,-0.004656556174930686,0.3443224,0.011229338610549283
45,0.9752517985611511,-0.004831821351366018,0.3443224,0.012095789859257446
45,0.9752517985611511,-0.0050070902034444476,0.3443224,0.012962240243563357
45,0.9752517985611511,-0.005182359055522879,0.3443224,0.013828690627869268
45,0.9752517985611511,-0.00535763158324441,0.3443224,0.014695140147772939
45,0.9752517985611511,-0.005532904110965942,0.3443224,0.015561589667676599
45,0.9752517985611511,-0.005708176638687474,0.3443224,0.016428039187580266
45,0.9752517985611511,-0.005883449166409003,0.3443224,0.017294488707483933
45,0.9752517985611511,-0.006058721694130533,0.3443224,0.018160938227387593
45,0.9752517985611511,-0.006233994221852065,0.3443224,0.019027387747291253
45,0.9752517985611511,-0.006409266749573597,0.3443224,0.01989383726719492
45,0.9752517985611511,-0.006584539277295129,0.3443224,0.020760286787098587
45,0.9752517985611511,-0.006759811805016658,0.3443224,0.021626736307002247
45,0.9752517985611511,-0.00693508433273819,0.3443224,0.022493185826905907
45,0.9752517985611511,-0.00711035686045972,0.3443224,0.023359635346809567
45,0.9752517985611511,-0.007285629388181252,0.3443224,0.024226084866713234
45,0.9752517985611511,-0.007373267489863568,0.3443224,0.024659309194463946
45,0.9752517985611511,-0.007460905591545883,0.3443224,0.025092533522214657
45,0.9752517985611511,-0.007548540017585099,0.3443224,0.025525758714367613
45,0.9752517985611511,-0.007636174443624314,0.3443224,0.02595898390652057
46,0.9803021582733814,-0.007263049288578316,0.34610548,0.024991391356468166
46,0.9803021582733814,-0.007083898462464341,0.34610548,0.02460058072813531
46,0.9803021582733814,-0.006904929976666559,0.34610548,0.024209727408140185
46,0.9803021582733814,-0.006726354223857485,0.34610548,0.023818782136872486
46,0.9803021582733814,-0.006548371077076027,0.34610548,0.023427698117702418
46,0.9803021582733814,-0.006194933002127952,0.34610548,0.02264493814304509
46,0.9803021582733814,-0.0058453170607307495,0.34610548,0.021861283285467163
46,0.9803021582733814,-0.005499375978013652,0.34610548,0.021076768026695867
46,0.9803021582733814,-0.005156951959472265,0.34610548,0.020291429311438926
46,0.9803021582733814,-0.004818094096730178,0.34610548,0.019505255645787267
46,0.9803021582733814,-0.004482928625390908,0.34610548,0.018718217473974706
46,0.9803021582733814,-0.004151574767968883,0.34610548,0.017930286882222066
46,0.9803021582733814,-0.0038241412273449086,0.34610548,0.0171414384197307
46,0.9803021582733814,-0.0035007261867661637,0.34610548,0.016351649098682444
46,0.9803021582733814,-0.0031813822444007787,0.34610548,0.015560906604174734
46,0.9803021582733814,-0.002866154985327801,0.34610548,0.014769200263292002
46,0.9803021582733814,-0.002555086488081736,0.34610548,0.013976520224112186
46,0.9803021582733814,-0.00224820480501892,0.34610548,0.01318285991868725
46,0.9803021582733814,-0.0019455870801192818,0.34610548,0.012388201285160081
46,0.9803021582733814,-0.0016475664351143127,0.34610548,0.011592466329147674
46,0.9803021582733814,-0.0013545496291709012,0.34610548,0.01079555981540345
46,0.9803021582733814,-0.0010669434214559256,0.34610548,0.009997386508680813
46,0.9803021582733814,-0.0007851405449581001,0.34610548,0.009197854457707183
46,0.9803021582733814,-0.0005095091868543445,0.34610548,0.008396877458164528
46,0.9803021582733814,-0.00024015103693637895,0.34610548,0.007594431701241199
46,0.9803021582733814,2.290585243946118e-05,0.34610548,0.006790510618989144
46,0.9803021582733814,0.00027965446818408986,0.34610548,0.005985112569421365
46,0.9803021582733814,0.0005300702644857151,0.34610548,0.005178231805583317
46,0.9803021582733814,0.0007740796039089502,0.34610548,0.0043698510866114
46,0.9803021582733814,0.0010112687141978311,0.34610548,0.0035598735352720054
46,0.9803021582733814,0.0012410695351365388,0.34610548,0.0027481661506173066
46,0.9803021582733814,0.0014629245261428827,0.34610548,0.0019345983946799754
46,0.9803021582733814,0.0016762691335455854,0.34610548,0.0011190380875057034
46,0.9803021582733814,0.0018806545196432631,0.34610548,0.00030138014192581525
46,0.9803021582733814,0.002076462897791002,0.34610548,-0.0005182859537676172
46,0.9803021582733814,0.002264413109619927,0.34610548,-0.0013397918959060402
46,0.9803021582733814,0.002445227503305711,0.34610548,-0.0021629685598274096
46,0.9803021582733814,0.0026196214139349375,0.34610548,-0.0029876484628566704
46,0.9803021582733814,0.0027879314697836464,0.34610548,-0.0038137527896173282
46,0.9803021582733814,0.002947867897265857,0.34610548,-0.004641817648868238
46,0.9803021582733814,0.003096036361264831,0.34610548,-0.005472637762322366
46,0.9803021582733814,0.0032289759023175313,0.34610548,-0.006307023450569268
46,0.9803021582733814,0.0033431343908028243,0.34610548,-0.007145806380029648
46,0.9803021582733814,0.003435257753385658,0.34610548,-0.007989748432676264
46,0.9803021582733814,0.0035047113055039136,0.34610548,-0.008838998208333544
46,0.9803021582733814,0.003551838688522714,0.34610548,-0.009693475249637984
46,0.9803021582733814,0.00357509000975446,0.34610548,-0.010553542435718856
46,0.9803021582733814,0.0035700540361652084,0.34610548,-0.01142023257640561
46,0.9803021582733814,0.0035318812166532554,0.34610548,-0.012294681105715839
46,0.9803021582733814,0.0034549119883276764,0.34610548,-0.013178213107166825
46,0.9803021582733814,0.0033938119151407107,0.34610548,-0.013625274105503654
46,0.9803021582733814,0.0033093863076597975,0.34610548,-0.014077796352636606
46,0.9803021582733814,0.0031913048856639548,0.34610548,-0.014538198495431793
46,0.9803021582733814,0.003019180599185501,0.34610548,-0.015011253790128042
46,0.9803021582733814,0.0028324947427498135,0.34610548,-0.015401167305151705
46,0.9803021582733814,0.0027263389007751923,0.34610548,-0.01559912397293128
46,0.9803021582733814,0.002596054525806485,0.34610548,-0.015802729897019654
46,0.9803021582733814,0.0025058159990344313,0.34610548,-0.015910408709580055
46,0.9803021582733814,0.0024426467976180226,0.34610548,-0.015968474179927913
46,0.9803021582733814,0.0023987752648343534,0.34610548,-0.016000383676343814
46,0.9803021582733814,0.00232156,0.34610548,-0.016040099999999998
46,0.9803021582733814,0.0021530015578796313,0.34610548,-0.016057927111118364
46,0.9803021582733814,0.0021036025123883874,0.34610548,-0.01604785522094541
46,0.9803021582733814,0.0020284420381640935,0.34610548,-0.01602217712338142
46,0.9803021582733814,0.0019145085024287192,0.34610548,-0.015962301478650708
46,0.9803021582733814,0.0017437630415485317,0.34610548,-0.01582917620499072
46,0.9803021582733814,0.0016111161871180954,0.34610548,-0.015687130836897496
46,0.9803021582733814,0.0014185902905945666,0.34610548,-0.015386002843492595
46,0.9803021582733814,0.001240715846693912,0.34610548,-0.01499489337352387
46,0.9803021582733814,0.0010774917458900878,0.34610548,-0.014600353792690712
46,0.9803021582733814,0.0009279922604239833,0.34610548,-0.014202600843278478
46,0.9803021582733814,0.0007939776756557253,0.34610548,-0.013801222386547587
46,0.9803021582733814,0.0005551650352438597,0.34610548,-0.012991624955201068
46,0.9803021582733814,0.00033082390415717757,0.34610548,-0.012178639283658877
46,0.9803021582733814,0.0001182086580192275,0.34610548,-0.011362908209835534
46,0.9803021582733814,-8.36204571072704e-05,0.34610548,-0.01054465175999041
46,0.9803021582733814,-0.0002762308666326269,0.34610548,-0.0097242369182203
46,0.9803021582733814,-0.0004611338912544811,0.34610548,-0.008902017532725917
46,0.9803021582733814,-0.0006398022796805089,0.34610548,-0.008078338420779409
46,0.9803021582733814,-0.0008136421562720858,0.34610548,-0.007253528800776338
46,0.9803021582733814,-0.0009837896414608472,0.34610548,-0.006427854674612368
46,0.9803021582733814,-0.001151296698609419,0.34610548,-0.005601562340339032
46,0.9803021582733814,-0.0013172223041695102,0.34610548,-0.004774899737994883
46,0.9803021582733814,-0.0014826254345928305,0.34610548,-0.003948114807618473
46,0.9803021582733814,-0.0016483897391039869,0.34610548,-0.003121414439573089
46,0.9803021582733814,-0.001814592361682903,0.34610548,-0.0022948166957158424
46,0.9803021582733814,-0.0019810860274588117,0.34610548,-0.00146828709431953
46,0.9803021582733814,-0.0021477269681054885,0.34610548,-0.0006417919746504255
46,0.9803021582733814,-0.0023143644022076237,0.34610548,0.0001847039660121813
46,0.9803021582733814,-0.002480882613795327,0.34610548,0.0010112278204539617
46,0.9803021582733814,-0.002647278096324058,0.34610548,0.0018377804096684214
46,0.9803021582733814,-0.0028135999414174054,0.34610548,0.0026643502397464894
46,0.9803021582733814,-0.002979879707976247,0.34610548,0.0034909299217466203
46,0.9803021582733814,-0.0031461594745350895,0.34610548,0.004317509603746751
46,0.9803021582733814,-0.0033124743065393526,0.34610548,0.005144081075811831
46,0.9803021582733814,-0.0034788206974444937,0.34610548,0.0059706451589353615
46,0.9803021582733814,-0.0036451881276168886,0.34610548,0.006797204316097864
46,0.9803021582733814,-0.003811562570878366,0.34610548,0.007623761831273352
46,0.9803021582733814,-0.0039779405206843855,0.34610548,0.008450318525455337
46,0.9803021582733814,-0.00414430795085678,0.34610548,0.00927687768261784
46,0.9803021582733814,-0.00431066836794009,0.34610548,0.010103438481767354
46,0.9803021582733814,-0.004477025278478859,0.34610548,0.010930000101910371
46,0.9803021582733814,-0.0046433751759285425,0.34610548,0.011756563364040403
46,0.9803021582733814,-0.004809728579922767,0.34610548,0.012583125805176915
46,0.9803021582733814,-0.004976081983916993,0.34610548,0.013409688246313438
46,0.9803021582733814,-0.005142438894455762,0.34610548,0.014236249866456458
46,0.9803021582733814,-0.005308795804994531,0.34610548,0.015062811486599478
46,0.9803021582733814,-0.005475152715533298,0.34610548,0.0158893731067425
46,0.9803021582733814,-0.005641509626072065,0.34610548,0.016715934726885515
46,0.9803021582733814,-0.005807866536610832,0.34610548,0.017542496347028525
46,0.9803021582733814,-0.005974223447149601,0.34610548,0.018369057967171542
46,0.9803021582733814,-0.006140580357688368,0.34610548,0.01919561958731456
46,0.9803021582733814,-0.006306937268227137,0.34610548,0.020022181207457582
46,0.9803021582733814,-0.006473294178765904,0.34610548,0.020848742827600592
46,0.9803021582733814,-0.006639651089304673,0.34610548,0.02167530444774361
46,0.9803021582733814,-0.00680600799984344,0.34610548,0.022501866067886626
46,0.9803021582733814,-0.006972364910382209,0.34610548,0.023328427688029642
46,0.9803021582733814,-0.007055545118923862,0.34610548,0.0237417080876044
46,0.9803021582733814,-0.0071387253274655185,0.34610548,0.024154988487179157
46,0.9803021582733814,-0.007221902029462631,0.34610548,0.024568269707747416
46,0.9803021582733814,-0.007305078731459745,0.34610548,0.024981550928315683
47,0.9853525179856116,-0.006846140178554167,0.34788856,0.023642654057027708
47,0.9853525179856116,-0.006679221407785551,0.34788856,0.023277681687168914
47,0.9853525179856116,-0.006512472888475654,0.34788856,0.022912669613658315
47,0.9853525179856116,-0.006346091064615299,0.34788856,0.022547572024589943
47,0.9853525179856116,-0.00618026255799577,0.34788856,0.022182345398653158
47,0.9853525179856116,-0.005850966146713148,0.34788856,0.021451341640376494
47,0.9853525179856116,-0.005525238467930538,0.34788856,0.020719505632475183
47,0.9853525179856116,-0.005202942010854361,0.34788856,0.019986869443283366
47,0.9853525179856116,-0.0048839294424915,0.34788856,0.019253467431730516
47,0.9853525179856116,-0.004568246599773148,0.34788856,0.0185192889083719
47,0.9853525179856116,-0.004256011349093801,0.34788856,0.017784306386063965
47,0.9853525179856116,-0.003947335008714924,0.34788856,0.017048493904726666
47,0.9853525179856116,-0.0036423190746984516,0.34788856,0.016311827794875278
47,0.9853525179856116,-0.0033410552209067585,0.34788856,0.015574286677620336
47,0.9853525179856116,-0.0030435925583375593,0.34788856,0.014835859099985372
47,0.9853525179856116,-0.002749973649855531,0.34788856,0.014096535136057435
47,0.9853525179856116,-0.0024602377842588377,0.34788856,0.013356305623455323
47,0.9853525179856116,-0.00217441115407959,0.34788856,0.012615164453924918
47,0.9853525179856116,-0.0018925657887810935,0.34788856,0.011873094829767372
47,0.9853525179856116,-0.0016150127246821531,0.34788856,0.011130024215464938
47,0.9853525179856116,-0.001342131753498369,0.34788856,0.010385864041332791
47,0.9853525179856116,-0.001074302666945338,0.34788856,0.009640525737686105
47,0.9853525179856116,-0.0008118921604726016,0.34788856,0.00889392378896712
47,0.9853525179856116,-0.0005552440110641091,0.34788856,0.008145978024340429
47,0.9853525179856116,-0.00030445316664875913,0.34788856,0.007396666301384835
47,0.9853525179856116,-5.9545819758659215e-05,0.34788856,0.006645982511846194
47,0.9853525179856116,0.0001794714814731613,0.34788856,0.005893925128660988
47,0.9853525179856116,0.00041257581858110577,0.34788856,0.005140488807106854
47,0.9853525179856116,0.0006396984361683854,0.34788856,0.004385657513016708
47,0.9853525179856116,0.000860452994386373,0.34788856,0.0036293411496421974
47,0.9853525179856116,0.0010743090944598413,0.34788856,0.002871416024837271
47,0.9853525179856116,0.001280746159813096,0.34788856,0.002111760737051176
47,0.9853525179856116,0.0014792370657374207,0.34788856,0.001350252357669628
47,0.9853525179856116,0.001669362731719055,0.34788856,0.0005867931546266053
47,0.9853525179856116,0.001851480031007997,0.34788856,-0.00017853364711541315
47,0.9853525179856116,0.0020262601472395714,0.34788856,-0.0009455715235444605
47,0.9853525179856116,0.002194377538115616,0.34788856,-0.001714163187116792
47,0.9853525179856116,0.0023565001132049403,0.34788856,-0.002484152877352196
47,0.9853525179856116,0.0025129421828928664,0.34788856,-0.003255467295201155
47,0.9853525179856116,0.002661565781745901,0.34788856,-0.004028605026906711
47,0.9853525179856116,0.0027992016133787097,0.34788856,-0.00480430517121809
47,0.9853525179856116,0.0029226181741421986,0.34788856,-0.005583321333988084
47,0.9853525179856116,0.0030284988346579124,0.34788856,-0.006366426972895387
47,0.9853525179856116,0.003113805261201072,0.34788856,-0.007154330645418609
47,0.9853525179856116,0.0031779448477326825,0.34788856,-0.007947170550807346
47,0.9853525179856116,0.003221238452771093,0.34788856,-0.008744871862948556
47,0.9853525179856116,0.0032422389389172176,0.34788856,-0.009547772062882699
47,0.9853525179856116,0.003236827530496727,0.34788856,-0.010356831673571074
47,0.9853525179856116,0.0032004761935210723,0.34788856,-0.011173106659445705
47,0.9853525179856116,0.0031279005846370227,0.34788856,-0.011997829360776494
47,0.9853525179856116,0.0030704966882144124,0.34788856,-0.012415115109565035
47,0.9853525179856116,0.0029913137013421773,0.34788856,-0.012837479871659289
47,0.9853525179856116,0.0028807062240707396,0.34788856,-0.013267173011641124
47,0.9853525179856116,0.002719638833689018,0.34788856,-0.013708633703196561
47,0.9853525179856116,0.0025450462121862174,0.34788856,-0.014072468795208315
47,0.9853525179856116,0.002445786462393487,0.34788856,-0.01425717628628621
47,0.9853525179856116,0.002323997860919478,0.34788856,-0.01444713763944417
47,0.9853525179856116,0.002239671066143393,0.34788856,-0.014547582912870559
47,0.9853525179856116,0.002180654411375699,0.34788856,-0.014601735829347906
47,0.9853525179856116,0.002139673754927588,0.34788856,-0.014631487702893737
47,0.9853525179856116,0.00206756,0.34788856,-0.0146685
47,0.9853525179856116,0.0019101944329771694,0.34788856,-0.014685003644354532
47,0.9853525179856116,0.0018640881942254062,0.34788856,-0.01467556095224565
47,0.9853525179856116,0.0017939461990912303,0.34788856,-0.014651528600395024
47,0.9853525179856116,0.0016876371970363112,0.34788856,-0.014595540727560679
47,0.9853525179856116,0.0015283537364358512,0.34788856,-0.014471127049428063
47,0.9853525179856116,0.0014046430085075457,0.34788856,-0.01433841759866067
47,0.9853525179856116,0.0012251649809447724,0.34788856,-0.014057153885923226
47,0.9853525179856116,0.0010594379703871718,0.34788856,-0.013691903590501707
47,0.9853525179856116,0.0009073900097241188,0.34788856,-0.013323463259362922
47,0.9853525179856116,0.0007681567453959775,0.34788856,-0.012952034464893026
47,0.9853525179856116,0.0006433817587926621,0.34788856,-0.012577233914145619
47,0.9853525179856116,0.000421111307778796,0.34788856,-0.011821271065978646
47,0.9853525179856116,0.00021235292926727453,0.34788856,-0.01106215712221446
47,0.9853525179856116,1.4543029177814353e-05,0.34788856,-0.010300489928225636
47,0.9853525179856116,-0.00017319584231527798,0.34788856,-0.00953647411052539
47,0.9853525179856116,-0.00035232719294365795,0.34788856,-0.008770450967813016
47,0.9853525179856116,-0.0005242621453747632,0.34788856,-0.00800274958227954
47,0.9853525179856116,-0.0006903758075443782,0.34788856,-0.007233690637266575
47,0.9853525179856116,-0.0008519810801245259,0.34788856,-0.006463580309012186
47,0.9853525179856116,-0.0010101387606656696,0.34788856,-0.005692665981808471
47,0.9853525179856116,-0.001165831069121942,0.34788856,-0.0049211767151851535
47,0.9853525179856116,-0.0013200467735805022,0.34788856,-0.0041493430957354836
47,0.9853525179856116,-0.0014737746421285094,0.34788856,-0.003377395710052725
47,0.9853525179856116,-0.0016278397395274365,0.34788856,-0.0026055269681418327
47,0.9853525179856116,-0.001782314095240585,0.34788856,-0.0018337536677016583
47,0.9853525179856116,-0.0019370601984743763,0.34788856,-0.0010620437403980418
47,0.9853525179856116,-0.0020919438125017466,0.34788856,-0.00029036588142858713
47,0.9853525179856116,-0.0022468241524626034,0.34788856,0.0004813127410726384
47,0.9853525179856116,-0.0024015931741619904,0.34788856,0.0012530173236538922
47,0.9853525179856116,-0.0025562476035333966,0.34788856,0.0020247486298469505
47,0.9853525179856116,-0.0027108332775080137,0.34788856,0.0027964959702070896
47,0.9853525179856116,-0.0028653796626844637,0.34788856,0.0035682524729484157
47,0.9853525179856116,-0.0030199260478609162,0.34788856,0.004340008975689745
47,0.9853525179856116,-0.0031745051737025044,0.34788856,0.005111757843113416
47,0.9853525179856116,-0.003329113766142718,0.34788856,0.005883499838751192
47,0.9853525179856116,-0.003483742002982014,0.34788856,0.0066552372531983785
47,0.9853525179856116,-0.0036383767879543364,0.34788856,0.007426973140582027
47,0.9853525179856116,-0.003793014846993173,0.34788856,0.008198708264433913
47,0.9853525179856116,-0.003947643083832469,0.34788856,0.008970445678881096
47,0.9853525179856116,-0.004102264772538737,0.34788856,0.009742184620391814
47,0.9853525179856116,-0.004256883187178491,0.34788856,0.010513924325434297
47,0.9853525179856116,-0.004411495053685219,0.34788856,0.011285665557540308
47,0.9853525179856116,-0.004566110194258458,0.34788856,0.012057406026114556
47,0.9853525179856116,-0.004720725334831699,0.34788856,0.012829146494688802
47,0.9853525179856116,-0.004875343749471454,0.34788856,0.013600886199731281
47,0.9853525179856116,-0.005029962164111208,0.34788856,0.014372625904773761
47,0.9853525179856116,-0.005184580578750963,0.34788856,0.015144365609816244
47,0.9853525179856116,-0.0053391989933907185,0.34788856,0.01591610531485873
47,0.9853525179856116,-0.00549381740803047,0.34788856,0.0166878450199012
47,0.9853525179856116,-0.005648435822670226,0.34788856,0.01745958472494369
47,0.9853525179856116,-0.005803054237309979,0.34788856,0.018231324429986165
47,0.9853525179856116,-0.0059576726519497344,0.34788856,0.019003064135028648
47,0.9853525179856116,-0.006112291066589488,0.34788856,0.019774803840071124
47,0.9853525179856116,-0.006266909481229245,0.34788856,0.020546543545113607
47,0.9853525179856116,-0.006421527895868999,0.34788856,0.02131828325015609
47,0.9853525179856116,-0.006576146310508752,0.34788856,0.022090022955198574
47,0.9853525179856116,-0.006653457154861887,0.34788856,0.02247589242595393
47,0.9853525179856116,-0.00673076799921502,0.34788856,0.02286176189670929
47,0.9853525179856116,-0.006808075569501639,0.34788856,0.023247632130996412
47,0.9853525179856116,-0.006885383139788261,0.34788856,0.023633502365283533
48,0.9904028776978417,-0.006287548820264339,0.34967164,0.021692989998348094
48,0.9904028776978417,-0.006137895952045323,0.34967164,0.021365359568129558
48,0.9904028776978417,-0.005988396053581273,0.34967164,0.021037693572253838
48,0.9904028776978417,-0.005839225628435614,0.34967164,0.02070995097342422
48,0.9904028776978417,-0.005690552354993593,0.34967164,0.020382092786208804
48,0.9904028776978417,-0.005395326792596682,0.34967164,0.019725883280262223
48,0.9904028776978417,-0.005103307711601951,0.34967164,0.019068928263424975
48,0.9904028776978417,-0.004814371559515,0.34967164,0.01841125646180477
48,0.9904028776978417,-0.0045283859586632644,0.34967164,0.017752898653374163
48,0.9904028776978417,-0.004245392093211542,0.34967164,0.017093845262763918
48,0.9904028776978417,-0.003965495865297888,0.34967164,0.016434071667596
48,0.9904028776978417,-0.0036887972936082408,0.34967164,0.015773554613402248
48,0.9904028776978417,-0.003415387571650369,0.34967164,0.015112272897579356
48,0.9904028776978417,-0.0031453490677538698,0.34967164,0.014450207369388844
48,0.9904028776978417,-0.002878725907809598,0.34967164,0.013787347769506532
48,0.9904028776978417,-0.002615556334256297,0.34967164,0.013123685206518127
48,0.9904028776978417,-0.002355875647806649,0.34967164,0.012459211472964282
48,0.9904028776978417,-0.0020997073822691123,0.34967164,0.011793921097205432
48,0.9904028776978417,-0.0018471162556169425,0.34967164,0.011127799032232781
48,0.9904028776978417,-0.001598381731825556,0.34967164,0.010460780302326488
48,0.9904028776978417,-0.0013538450511175716,0.34967164,0.009792785568712875
48,0.9904028776978417,-0.001113847453715605,0.34967164,0.009123735492618254
48,0.9904028776978417,-0.0008787184129380469,0.34967164,0.008453553471088724
48,0.9904028776978417,-0.0006487668100208877,0.34967164,0.007782167688854999
48,0.9904028776978417,-0.00042407795501978106,0.34967164,0.0071095583112236686
48,0.9904028776978417,-0.0002046753817431812,0.34967164,0.006435719866555148
48,0.9904028776978417,9.435026356796649e-06,0.34967164,0.005760650986939555
48,0.9904028776978417,0.00021823267719775258,0.34967164,0.005084346884692276
48,0.9904028776978417,0.000421655794532489,0.34967164,0.004406793196759446
48,0.9904028776978417,0.000619357254686275,0.34967164,0.003727909216457501
48,0.9904028776978417,0.000810860498037869,0.34967164,0.003047584143085246
48,0.9904028776978417,0.000995697790144201,0.34967164,0.0023657092278063386
48,0.9904028776978417,0.0011733955131100861,0.34967164,0.0016821743538745493
48,0.9904028776978417,0.0013435771260002247,0.34967164,0.0009968919750568388
48,0.9904028776978417,0.0015065632769548337,0.34967164,0.0003099366424422767
48,0.9904028776978417,0.0016629570198156056,0.34967164,-0.00037855143320529236
48,0.9904028776978417,0.001813364350150294,0.34967164,-0.001068431357167091
48,0.9904028776978417,0.0019583853800745343,0.34967164,-0.0017595636026342173
48,0.9904028776978417,0.002098302515289803,0.34967164,-0.002451882509931896
48,0.9904028776978417,0.0022311948086808503,0.34967164,-0.003145834701639587
48,0.9904028776978417,0.002354214669424459,0.34967164,-0.0038420822461445927
48,0.9904028776978417,0.002464458613902324,0.34967164,-0.0045413002069781844
48,0.9904028776978417,0.002558946673618661,0.34967164,-0.005244181430500223
48,0.9904028776978417,0.002634948926792534,0.34967164,-0.0059513606269001925
48,0.9904028776978417,0.002691932921007616,0.34967164,-0.006662961592023236
48,0.9904028776978417,0.002730186945417498,0.34967164,-0.0073789172982846925
48,0.9904028776978417,0.002748410757104968,0.34967164,-0.0080995300537705
48,0.9904028776978417,0.0027429036646902634,0.34967164,-0.008825660273802178
48,0.9904028776978417,0.002709597261036492,0.34967164,-0.009558253868069445
48,0.9904028776978417,0.002643743600287585,0.34967164,-0.010298414739854442
48,0.9904028776978417,0.002591844107708225,0.34967164,-0.010672906343168361
48,0.9904028776978417,0.0025203762533974085,0.34967164,-0.011051947614780178
48,0.9904028776978417,0.002420673712391083,0.34967164,-0.011437553485959524
48,0.9904028776978417,0.002275633289393594,0.34967164,-0.011833700470759916
48,0.9904028776978417,0.0021185050379786976,0.34967164,-0.012160172909189772
48,0.9904028776978417,0.00202919184525881,0.34967164,-0.012325908299775794
48,0.9904028776978417,0.0019196366355404024,0.34967164,-0.012496349984342247
48,0.9904028776978417,0.001843805097290934,0.34967164,-0.01258646589217088
48,0.9904028776978417,0.0017907467932875656,0.34967164,-0.012635044504167494
48,0.9904028776978417,0.0017539098331819988,0.34967164,-0.012661730388295059
48,0.9904028776978417,0.0016891,0.34967164,-0.01269492
48,0.9904028776978417,0.0015477242538437797,0.34967164,-0.0127096687904297
48,0.9904028776978417,0.0015063142425580309,0.34967164,-0.012701175423899213
48,0.9904028776978417,0.0014433243953370677,0.34967164,-0.012679578150550189
48,0.9904028776978417,0.0013478709921890878,0.34967164,-0.012629286203382013
48,0.9904028776978417,0.0012048849033623756,0.34967164,-0.01251756068298241
48,0.9904028776978417,0.0010938606681454477,0.34967164,-0.012398403992099247
48,0.9904028776978417,0.0009328588968473698,0.34967164,-0.012145897177302557
48,0.9904028776978417,0.0007842768169131185,0.34967164,-0.011818017787483828
48,0.9904028776978417,0.0006479852684451971,0.34967164,-0.01148728083390253
48,0.9904028776978417,0.0005232076357645462,0.34967164,-0.01115386688066429
48,0.9904028776978417,0.0004114206653518021,0.34967164,-0.010817432582386436
48,0.9904028776978417,0.000212357186033605,0.34967164,-0.010138865273224282
48,0.9904028776978417,2.543421015282891e-05,0.34967164,-0.009457475282001783
48,0.9904028776978417,-0.0001516516337931918,0.34967164,-0.008773798145441315
48,0.9904028776978417,-0.00031968872838774513,0.34967164,-0.008088017163468287
48,0.9904028776978417,-0.0004799920251783295,0.34967164,-0.007400438063943371
48,0.9904028776978417,-0.0006338294080955309,0.34967164,-0.006711355631448104
48,0.9904028776978417,-0.0007824364020833079,0.34967164,-0.0060210571270596204
48,0.9904028776978417,-0.0009269926392905354,0.34967164,-0.0053298168167110966
48,0.9904028776978417,-0.0010684512389596953,0.34967164,-0.004637856301804893
48,0.9904028776978417,-0.0012076947189079013,0.34967164,-0.003945380768824678
48,0.9904028776978417,-0.0013456114804043802,0.34967164,-0.0032525967721640115
48,0.9904028776978417,-0.001483089924718359,0.34967164,-0.0025597108662164594
48,0.9904028776978417,-0.0016208713668162146,0.34967164,-0.0018668954076282978
48,0.9904028776978417,-0.0017590205246712,0.34967164,-0.0011741654434083305
48,0.9904028776978417,-0.0018974138457889193,0.34967164,-0.00048149224744884964
48,0.9904028776978417,-0.0020359307194010353,0.34967164,0.0002111522224029199
48,0.9904028776978417,-0.0021744446512870948,0.34967164,0.0009037973762096377
48,0.9904028776978417,-0.002312858564487214,0.34967164,0.0015964657844844982
48,0.9904028776978417,-0.0024511695172753367,0.34967164,0.0022891581311824585
48,0.9904028776978417,-0.002589418693816262,0.34967164,0.002981864840934276
48,0.9904028776978417,-0.0027276325696445015,0.34967164,0.0036745797581454343
48,0.9904028776978417,-0.002865846445472743,0.34967164,0.0043672946753565995
48,0.9904028776978417,-0.0030040897385615536,0.34967164,0.005060002753018307
48,0.9904028776978417,-0.0031423595071848782,0.34967164,0.005752704675085504
48,0.9904028776978417,-0.0032806469261645443,0.34967164,0.006445402493423029
48,0.9904028776978417,-0.003418940228596324,0.34967164,0.007138098943850658
48,0.9904028776978417,-0.0035572364727541614,0.34967164,0.007830794710323346
48,0.9904028776978417,-0.0036955238917338283,0.34967164,0.00852349252866087
48,0.9904028776978417,-0.0038338054272613817,0.34967164,0.009216191714908286
48,0.9904028776978417,-0.003972084021062877,0.34967164,0.009908891585110649
48,0.9904028776978417,-0.004110356731412259,0.34967164,0.010601592823222901
48,0.9904028776978417,-0.004248632383487695,0.34967164,0.011294293377380199
48,0.9904028776978417,-0.004386908035563133,0.34967164,0.011986993931537506
48,0.9904028776978417,-0.0045251866293646295,0.34967164,0.01267969380173987
48,0.9904028776978417,-0.004663465223166125,0.34967164,0.013372393671942229
48,0.9904028776978417,-0.00480174381696762,0.34967164,0.014065093542144592
48,0.9904028776978417,-0.004940022410769115,0.34967164,0.014757793412346952
48,0.9904028776978417,-0.005078301004570611,0.34967164,0.015450493282549308
48,0.9904028776978417,-0.005216579598372106,0.34967164,0.016143193152751666
48,0.9904028776978417,-0.005354858192173601,0.34967164,0.016835893022954032
48,0.9904028776978417,-0.005493136785975097,0.34967164,0.01752859289315639
48,0.9904028776978417,-0.005631415379776593,0.34967164,0.01822129276335875
48,0.9904028776978417,-0.005769693973578088,0.34967164,0.01891399263356111
48,0.9904028776978417,-0.005907972567379582,0.34967164,0.01960669250376347
48,0.9904028776978417,-0.006046251161181077,0.34967164,0.02029939237396583
48,0.9904028776978417,-0.006115391928944855,0.34967164,0.020645741967089543
48,0.9904028776978417,-0.00618453269670863,0.34967164,0.020992091560213248
48,0.9904028776978417,-0.00625367052274635,0.34967164,0.02133844183729191
48,0.9904028776978417,-0.006322808348784069,0.34967164,0.02168479211437055
49,0.995453237410072,-0.005449213581634593,0.35145472,0.018507703965701897
49,0.995453237410072,-0.005327373261693968,0.35145472,0.018240908482276573
49,0.995453237410072,-0.00520565750569214,0.35145472,0.01797408404766421
49,0.995453237410072,-0.00508421004125079,0.35145472,0.017707197256648974
49,0.995453237410072,-0.004963167409610522,0.35145472,0.017440216374275844
49,0.995453237410072,-0.004722809273250578,0.35145472,0.016905853190186133
49,0.995453237410072,-0.004485062188684594,0.35145472,0.016370883144675667
49,0.995453237410072,-0.004249825546577389,0.35145472,0.015835329621395524
49,0.995453237410072,-0.004016991551212698,0.35145472,0.015299217674257567
49,0.995453237410072,-0.0037865937390355806,0.35145472,0.014762539508711436
49,0.995453237410072,-0.003558718346619052,0.35145472,0.014225275081627641
49,0.995453237410072,-0.0033334468196153967,0.35145472,0.013687405463383887
49,0.995453237410072,-0.0031108534172958205,0.35145472,0.013148913394618659
49,0.995453237410072,-0.0028910052125504446,0.35145472,0.012609783286231246
49,0.995453237410072,-0.0026739381372846895,0.35145472,0.012070006786917685
49,0.995453237410072,-0.0024596833324832534,0.35145472,0.011529576658881227
49,0.995453237410072,-0.002248269543670473,0.35145472,0.0109884862210787
49,0.995453237410072,-0.0020397159345292406,0.35145472,0.010446731019481327
49,0.995453237410072,-0.0018340752051875097,0.35145472,0.00990429880550998
49,0.995453237410072,-0.0016315749243796124,0.35145472,0.009361136687572935
49,0.995453237410072,-0.0014324929655074768,0.35145472,0.008817180082252934
49,0.995453237410072,-0.0012371072019730282,0.35145472,0.008272364406132736
49,0.995453237410072,-0.001045685925336746,0.35145472,0.007726627302809461
49,0.995453237410072,-0.0008584806589365828,0.35145472,0.00717991031315543
49,0.995453237410072,-0.0006755608711230198,0.35145472,0.006632197291316328
49,0.995453237410072,-0.0004969457255789452,0.35145472,0.006083483783263375
49,0.995453237410072,-0.0003226400132250848,0.35145472,0.005533768675489379
49,0.995453237410072,-0.00015266050228396745,0.35145472,0.0049830480707191635
49,0.995453237410072,1.2942502576816046e-05,0.35145472,0.004431310277127188
49,0.995453237410072,0.00017388633703461815,0.35145472,0.0038784895977890064
49,0.995453237410072,0.00032978293651088494,0.35145472,0.0033244958386218996
49,0.995453237410072,0.00048025142280815124,0.35145472,0.0027692404758039406
49,0.995453237410072,0.0006249061268082253,0.35145472,0.0022126338720060076
49,0.995453237410072,0.0007634404295848447,0.35145472,0.0016546047627676846
49,0.995453237410072,0.0008961154363174059,0.35145472,0.0010952138342310482
49,0.995453237410072,0.0010234222163800005,0.35145472,0.0005345752208834858
49,0.995453237410072,0.0011458542346070844,0.35145472,-2.7196386034017417e-05
49,0.995453237410072,0.0012639001649123896,0.35145472,-0.0005899874087876688
49,0.995453237410072,0.0013777899714906118,0.35145472,-0.0011537443990321528
49,0.995453237410072,0.0014859594187257392,0.35145472,-0.0017188309168663244
49,0.995453237410072,0.0015860897009879061,0.35145472,-0.0022857858997721026
49,0.995453237410072,0.0016758164989003799,0.35145472,-0.0028551588635497447
49,0.995453237410072,0.0017527132111170324,0.35145472,-0.0034275137995930386
49,0.995453237410072,0.0018145568504224557,0.35145472,-0.004003367375240017
49,0.995453237410072,0.0018609138384912314,0.35145472,-0.004582820362891741
49,0.995453237410072,0.001892018930438779,0.35145472,-0.005165818200695705
49,0.995453237410072,0.001906813332785347,0.35145472,-0.005752606973741791
49,0.995453237410072,0.0019022835563962557,0.35145472,-0.0063438870780550514
49,0.995453237410072,0.0018751166795916462,0.35145472,-0.006940428503860169
49,0.995453237410072,0.0018214464293481703,0.35145472,-0.007543129851462738
49,0.995453237410072,0.0017791617826253864,0.35145472,-0.007848071307588016
49,0.995453237410072,0.0017209425335783673,0.35145472,-0.008156716288640682
49,0.995453237410072,0.0016397316559823387,0.35145472,-0.008470704990717564
49,0.995453237410072,0.001521601943295944,0.35145472,-0.008793274379231749
49,0.995453237410072,0.0013936335918976444,0.35145472,-0.009059107737793492
49,0.995453237410072,0.001320896404037828,0.35145472,-0.009194058794717882
49,0.995453237410072,0.0012316760534310084,0.35145472,-0.009332840873143379
49,0.995453237410072,0.0011699215683208409,0.35145472,-0.009406216597850015
49,0.995453237410072,0.0011267136935552938,0.35145472,-0.009445770349344
49,0.995453237410072,0.001096716063066068,0.35145472,-0.00946749808969496
49,0.995453237410072,0.00104394,0.35145472,-0.00949452
49,0.995453237410072,0.0009288182463334073,0.35145472,-0.009506520949310225
49,0.995453237410072,0.0008950990266689444,0.35145472,-0.009499602297886451
49,0.995453237410072,0.0008438083856364214,0.35145472,-0.009482011919041381
49,0.995453237410072,0.0007660847957419391,0.35145472,-0.009441053729274944
49,0.995453237410072,0.0006496596652406769,0.35145472,-0.009350067833646582
49,0.995453237410072,0.0005592612115663566,0.35145472,-0.009253032810186579
49,0.995453237410072,0.00042817489763812065,0.35145472,-0.00904740901262117
49,0.995453237410072,0.0003072065252690574,0.35145472,-0.008780410870886534
49,0.995453237410072,0.00019624638629005048,0.35145472,-0.008511086612623538
49,0.995453237410072,9.466207916568239e-05,0.35145472,-0.0082395832207818
49,0.995453237410072,3.6561249973914457e-06,0.35145472,-0.007965621205055612
49,0.995453237410072,-0.00015839680760775248,0.35145472,-0.007413058302632851
49,0.995453237410072,-0.00031056367530127283,0.35145472,-0.00685819767811518
49,0.995453237410072,-0.0004547201235461694,0.35145472,-0.006301475269569069
49,0.995453237410072,-0.0005915081357193064,0.35145472,-0.005743040286958517
49,0.995453237410072,-0.0007219984826022424,0.35145472,-0.005183141599141396
49,0.995453237410072,-0.0008472236076107543,0.35145472,-0.00462201916691802
49,0.995453237410072,-0.0009681896040966427,0.35145472,-0.004059906826799139
49,0.995453237410072,-0.0010858570516648419,0.35145472,-0.0034970278369771584
49,0.995453237410072,-0.001201002079472454,0.35145472,-0.0029335625856175152
49,0.995453237410072,-0.0013143433256279093,0.35145472,-0.0023696780987993134
49,0.995453237410072,-0.0014266042191603604,0.35145472,-0.0018055425161088538
49,0.995453237410072,-0.0015385081890989568,0.35145472,-0.00124132397713244
49,0.995453237410072,-0.0016506588914547815,0.35145472,-0.0006771627837765179
49,0.995453237410072,-0.0017631090263557846,0.35145472,-0.00011307118462022467
49,0.995453237410072,-0.0018757579844667866,0.35145472,0.00045097420398751593
49,0.995453237410072,-0.001988507551912969,0.35145472,0.0010149962089441803
49,0.995453237410072,-0.0021012547238987893,0.35145472,0.0015790187706544445
49,0.995453237410072,-0.0022139204502323213,0.35145472,0.002143060261987007
49,0.995453237410072,-0.0023265023354532037,0.35145472,0.0027071212396954647
49,0.995453237410072,-0.002439033916006495,0.35145472,0.0032711939092294594
49,0.995453237410072,-0.00255153675103545,0.35145472,0.0038352732598066173
49,0.995453237410072,-0.0026640395860644053,0.35145472,0.004399352610383777
49,0.995453237410072,-0.002776566375696974,0.35145472,0.004963426393424966
49,0.995453237410072,-0.002889114724472796,0.35145472,0.005527495165683783
49,0.995453237410072,-0.003001677446010787,0.35145472,0.006091560597421018
49,0.995453237410072,-0.0031142449584694986,0.35145472,0.006655624915651057
49,0.995453237410072,-0.0032268148663885735,0.35145472,0.007219688677127498
49,0.995453237410072,-0.003339377587926565,0.35145472,0.007783754108864734
49,0.995453237410072,-0.0034519355185438326,0.35145472,0.008347820654109162
49,0.995453237410072,-0.0035644910537007387,0.35145472,0.008911887756107188
49,0.995453237410072,-0.003677041797936922,0.35145472,0.009475955971612406
49,0.995453237410072,-0.003789594937633466,0.35145472,0.010040023630364023
49,0.995453237410072,-0.0039021480773300116,0.35145472,0.010604091289115648
49,0.995453237410072,-0.004014703612486918,0.35145472,0.01116815839111367
49,0.995453237410072,-0.004127259147643824,0.35145472,0.011732225493111693
49,0.995453237410072,-0.004239814682800731,0.35145472,0.012296292595109722
49,0.995453237410072,-0.004352370217957637,0.35145472,0.012860359697107745
49,0.995453237410072,-0.004464925753114543,0.35145472,0.01342442679910577
49,0.995453237410072,-0.004577481288271449,0.35145472,0.013988493901103797
49,0.995453237410072,-0.004690036823428355,0.35145472,0.01455256100310182
49,0.995453237410072,-0.004802592358585262,0.35145472,0.015116628105099846
49,0.995453237410072,-0.004915147893742168,0.35145472,0.01568069520709787
49,0.995453237410072,-0.005027703428899073,0.35145472,0.016244762309095894
49,0.995453237410072,-0.005140258964055979,0.35145472,0.016808829411093917
49,0.995453237410072,-0.005252814499212886,0.35145472,0.017372896513091943
49,0.995453237410072,-0.005309093464521519,0.35145472,0.017654929785714157
49,0.995453237410072,-0.005365372429830154,0.35145472,0.01793696305833637
49,0.995453237410072,-0.005421648999678425,0.35145472,0.01821899688771218
49,0.995453237410072,-0.005477925569526699,0.35145472,0.01850103071708799
50,1.0,-0.0035982334093352776,0.35306,0.010770116843563764
50,1.0,-0.0035432834110514155,0.35306,0.010650926040170098
50,1.0,-0.0034883891625356375,0.35306,0.010531722079765729
50,1.0,-0.0034336149904434276,0.35306,0.010412489781184475
50,1.0,-0.003379022005097493,0.35306,0.010293214722318448
50,1.0,-0.003270609026382337,0.35306,0.010054482177572665
50,1.0,-0.003163364648575113,0.35306,0.00981547384164108
50,1.0,-0.0030572438430169816,0.35306,0.009576200341340022
50,1.0,-0.0029521983647163323,0.35306,0.009336673062544138
50,1.0,-0.00284824322322611,0.35306,0.00909688846298132
50,1.0,-0.0027454170145396048,0.35306,0.008856837433951846
50,1.0,-0.002643756190428257,0.35306,0.00861651137279488
50,1.0,-0.0025432939863307322,0.35306,0.008375902435907889
50,1.0,-0.002444060421352921,0.35306,0.008135003538746648
50,1.0,-0.0023460715771586958,0.35306,0.007893810886019611
50,1.0,-0.0022493413911900775,0.35306,0.007652321188474103
50,1.0,-0.0021538827287781617,0.35306,0.007410531409876887
50,1.0,-0.0020597041668103462,0.35306,0.007168439526072469
50,1.0,-0.001966829291726976,0.35306,0.0069260399706332475
50,1.0,-0.0018753599540658967,0.35306,0.006683308706712753
50,1.0,-0.0017854205186943746,0.35306,0.006440216384056346
50,1.0,-0.0016971353504796763,0.35306,0.006196733652409397
50,1.0,-0.0016106245258453687,0.35306,0.00595283217359501
50,1.0,-0.0015260006164385463,0.35306,0.005708485380572352
50,1.0,-0.0014432947134760256,0.35306,0.005463685935777769
50,1.0,-0.0013625153938452038,0.35306,0.005218431815055763
50,1.0,-0.001283664801767931,0.35306,0.004972722512367465
50,1.0,-0.0012067504420206795,0.35306,0.004726556256576817
50,1.0,-0.0011317948289328687,0.35306,0.004479927734275652
50,1.0,-0.0010589244715936137,0.35306,0.004232807089170463
50,1.0,-0.0009883130519727171,0.35306,0.00398515333211253
50,1.0,-0.0009201310357072076,0.35306,0.0037369262330114515
50,1.0,-0.0008545510326559636,0.35306,0.003488085055737947
50,1.0,-0.0007917102730173464,0.35306,0.0032385974138041426
50,1.0,-0.0007314918967005641,0.35306,0.002988490886328616
50,1.0,-0.0006736761209660507,0.35306,0.002737817342295856
50,1.0,-0.0006180420909633169,0.35306,0.002486628903709785
50,1.0,-0.0005643710960637227,0.35306,0.0022349771865354507
50,1.0,-0.0005125602136184955,0.35306,0.00198288648063876
50,1.0,-0.00046330953206147004,0.35306,0.001730191564327667
50,1.0,-0.0004176568547677624,0.35306,0.0014766475147876229
50,1.0,-0.000376660355220059,0.35306,0.001222004601834786
50,1.0,-0.00034140608178508895,0.35306,0.0009660065167799658
50,1.0,-0.0003128889534009802,0.35306,0.0007084184575860734
50,1.0,-0.0002913030221451048,0.35306,0.0004491946277350991
50,1.0,-0.00027654322114684186,0.35306,0.00018835982313182217
50,1.0,-0.00026908342343491174,0.35306,-7.419779081469825e-05
50,1.0,-0.00027027234455259626,0.35306,-0.0003387965125555999
50,1.0,-0.00028159271390876603,0.35306,-0.0006057862679715862
50,1.0,-0.00030477491853589866,0.35306,-0.0008755754304331947
50,1.0,-0.0003232806002583657,0.35306,-0.0010121018605198148
50,1.0,-0.0003489179638519864,0.35306,-0.0011503113758981446
50,1.0,-0.00038484544810094885,0.35306,-0.0012909493718281633
50,1.0,-0.00043729630592150226,0.35306,-0.00143548690331378
50,1.0,-0.0004942343817961078,0.35306,-0.001554651610030414
50,1.0,-0.0005266209130522914,0.35306,-0.0016151584964097633
50,1.0,-0.000566384639581387,0.35306,-0.0016774064095317854
50,1.0,-0.0005939396007340657,0.35306,-0.0017103412261999476
50,1.0,-0.0006132357722953366,0.35306,-0.0017281110520834992
50,1.0,-0.0006266405347561468,0.35306,-0.0017378825451308303
50,1.0,-0.00065024,0.35306,-0.00175006
50,1.0,-0.0007017847894688902,0.35306,-0.001755616677436297
50,1.0,-0.0007168971054943728,0.35306,-0.001752575248380878
50,1.0,-0.0007398946378018851,0.35306,-0.0017447867862484799
50,1.0,-0.000774764407351221,0.35306,-0.0017265842792909484
50,1.0,-0.0008270392594864086,0.35306,-0.0016860575787550258
50,1.0,-0.00086766562642465,0.35306,-0.0016427818220413476
50,1.0,-0.0009266699143916043,0.35306,-0.001550979649267393
50,1.0,-0.0009812296642988732,0.35306,-0.0014316967467988336
50,1.0,-0.0010313101347627146,0.35306,-0.001311356729124507
50,1.0,-0.0010771943630672508,0.35306,-0.001190026393375653
50,1.0,-0.0011183441495282791,0.35306,-0.001067578723795141
50,1.0,-0.0011917108942256737,0.35306,-0.0008205752266890583
50,1.0,-0.0012606530371368006,0.35306,-0.0005725275183684703
50,1.0,-0.0013260100411157058,0.35306,-0.00032363371305216986
50,1.0,-0.001388069231890211,0.35306,-7.396161994914366e-05
50,1.0,-0.0014473098430436606,0.35306,0.00017637566125248494
50,1.0,-0.001504193954384603,0.35306,0.00042726907917557807
50,1.0,-0.001559171852501416,0.35306,0.0006786123656567981
50,1.0,-0.0016126734538749066,0.35306,0.0009303040599021014
50,1.0,-0.0016650461224446802,0.35306,0.0011822621836140579
50,1.0,-0.001716611491488149,0.35306,0.001434410830961711
50,1.0,-0.001767693338504575,0.35306,0.0016866735900752335
50,1.0,-0.0018186154409932194,0.35306,0.0019389740490847965
50,1.0,-0.001869647970907109,0.35306,0.002191248447092399
50,1.0,-0.001920814514686587,0.35306,0.0024434912176704367
50,1.0,-0.0019720700436728156,0.35306,0.0026957129876352425
50,1.0,-0.0020233706013178814,0.35306,0.002947924130783716
50,1.0,-0.002074670086852023,0.35306,0.003200135526951625
50,1.0,-0.0021259331206147244,0.35306,0.0034523555257803752
50,1.0,-0.0021771586304950613,0.35306,0.003704584380289404
50,1.0,-0.0022283616260459793,0.35306,0.003956818548206601
50,1.0,-0.0022795517562658007,0.35306,0.004209055752357036
50,1.0,-0.002330741886485622,0.35306,0.004461292956507469
50,1.0,-0.0023819427378146906,0.35306,0.004713527630463538
50,1.0,-0.0024331532381420815,0.35306,0.004965760027244678
50,1.0,-0.0024843701711350203,0.35306,0.005217990905909199
50,1.0,-0.002535589248349809,0.35306,0.005470221278534847
50,1.0,-0.002586809397675522,0.35306,0.005722451398141058
50,1.0,-0.0026380263306684613,0.35306,0.0059746822768055804
50,1.0,-0.0026892411194395505,0.35306,0.006226913661508975
50,1.0,-0.002740454836099716,0.35306,0.006479145299231806
50,1.0,-0.0027916664085380315,0.35306,0.00673137744299351
50,1.0,-0.002842879053087271,0.35306,0.006983609333735775
50,1.0,-0.0028940916976365116,0.35306,0.007235841224478044
50,1.0,-0.002945305414296677,0.35306,0.007488072862200873
50,1.0,-0.0029965191309568417,0.35306,0.0077403044999237065
50,1.0,-0.0030477328476170066,0.35306,0.007992536137646536
50,1.0,-0.003098946564277172,0.35306,0.008244767775369366
50,1.0,-0.0031501602809373367,0.35306,0.008496999413092197
50,1.0,-0.003201373997597501,0.35306,0.008749231050815027
50,1.0,-0.0032525877142576664,0.35306,0.009001462688537859
50,1.0,-0.0033038014309178312,0.35306,0.009253694326260688
50,1.0,-0.003355015147577996,0.35306,0.00950592596398352
50,1.0,-0.0034062288642381614,0.35306,0.009758157601706351
50,1.0,-0.0034574425808983258,0.35306,0.010010389239429181
50,1.0,-0.003508656297558491,0.35306,0.010262620877152013
50,1.0,-0.0035342636919440357,0.35306,0.010388736569503709
50,1.0,-0.0035598710863295802,0.35306,0.010514852261855405
50,1.0,-0.003585477408604201,0.35306,0.01064096820722654
50,1.0,-0.003611083730878821,0.35306,0.010767084152597674
