station_idx,r_over_R,X,Y,Z
0,0.0,2.2647280644444443e-05,0.0,0.008255
0,0.0,0.00011219719044444443,0.0,0.008089899999999999
0,0.0,0.00020155059455555552,0.0,0.007924800000000001
0,0.0,0.0002904807556444444,0.0,0.0077597
0,0.0,0.0003787722732444444,0.0,0.007594599999999998
0,0.0,0.0005526306814888889,0.0,0.007264399999999999
0,0.0,0.0007223700281777778,0.0,0.0069342000000000015
0,0.0,0.0008881490294444444,0.0,0.0066040000000000005
0,0.0,0.0010501377382888888,0.0,0.0062737999999999995
0,0.0,0.0012082832493333334,0.0,0.0059436
0,0.0,0.0013624495201777778,0.0,0.005613399999999999
0,0.0,0.001512508066333333,0.0,0.0052832
0,0.0,0.0016583417401777778,0.0,0.004953000000000001
0,0.0,0.0017998447309555553,0.0,0.0046228
0,0.0,0.0019369603543333334,0.0,0.004292600000000001
0,0.0,0.002069639483888889,0.0,0.0039624
0,0.0,0.0021978367721555555,0.0,0.0036322000000000004
0,0.0,0.002321521987488889,0.0,0.0033019999999999994
0,0.0,0.002440611992866666,0.0,0.0029718
0,0.0,0.002554747787511111,0.0,0.002641600000000001
0,0.0,0.002663491012577778,0.0,0.0023114
0,0.0,0.0027664033092222222,0.0,0.0019812000000000007
0,0.0,0.0028630614344222227,0.0,0.0016509999999999997
0,0.0,0.002953068597844444,0.0,0.0013207999999999987
0,0.0,0.0030363152097777775,0.0,0.0009906000000000012
0,0.0,0.0031127710385777775,0.0,0.0006604000000000002
0,0.0,0.003182428526333333,0.0,0.000330200000000001
0,0.0,0.003245261220355555,0.0,0.0
0,0.0,0.0033011897625777778,0.0,-0.000330200000000001
0,0.0,0.003349768236244445,0.0,-0.0006603999999999994
0,0.0,0.0033903844505555553,0.0,-0.0009906000000000003
0,0.0,0.0034224375515777778,0.0,-0.0013208000000000004
0,0.0,0.003445319127466666,0.0,-0.0016509999999999997
0,0.0,0.003458545471911111,0.0,-0.0019812
0,0.0,0.003462528491066667,0.0,-0.0023114
0,0.0,0.003458042870822222,0.0,-0.0026416
0,0.0,0.003445867076022222,0.0,-0.0029718
0,0.0,0.0034267720135999994,0.0,-0.0033020000000000002
0,0.0,0.0034011204632888887,0.0,-0.0036321999999999995
0,0.0,0.003366444767111111,0.0,-0.0039624
0,0.0,0.0033190868960888886,0.0,-0.004292600000000001
0,0.0,0.003255317021088889,0.0,-0.0046228
0,0.0,0.003171307060133333,0.0,-0.004953
0,0.0,0.0030635501424666665,0.0,-0.0052832
0,0.0,0.0029313622771333335,0.0,-0.0056134
0,0.0,0.002775113801777778,0.0,-0.0059436
0,0.0,0.0025931344180444445,0.0,-0.0062738
0,0.0,0.0023806701998444445,0.0,-0.0066040000000000005
0,0.0,0.002132494851644444,0.0,-0.0069342
0,0.0,0.0018425091391777776,0.0,-0.007264400000000001
0,0.0,0.0016731439090888888,0.0,-0.0074295
0,0.0,0.0014786410666444442,0.0,-0.0075946
0,0.0,0.0012478678087777778,0.0,-0.0077597000000000005
0,0.0,0.0009588532878888889,0.0,-0.007924800000000001
0,0.0,0.0006748496620666666,0.0,-0.00805688
0,0.0,0.0005190395455555556,0.0,-0.00812292
0,0.0,0.0003372264358666667,0.0,-0.00818896
0,0.0,0.0002192738961111111,0.0,-0.00822198
0,0.0,0.0001408454525111111,0.0,-0.00823849
0,0.0,8.838977044444443e-05,0.0,-0.008246745
0,0.0,0.0,0.0,-0.008255
0,0.0,-0.00017647722444444442,0.0,-0.008246745
0,0.0,-0.0002245379812,0.0,-0.00823849
0,0.0,-0.00029518555531111106,0.0,-0.00822198
0,0.0,-0.0003972664817333333,0.0,-0.00818896
0,0.0,-0.0005398691485777778,0.0,-0.00812292
0,0.0,-0.0006414134633111111,0.0,-0.00805688
0,0.0,-0.0007660812070888888,0.0,-0.007924800000000001
0,0.0,-0.0008542555770666666,0.0,-0.0077597000000000005
0,0.0,-0.0009266414707333334,0.0,-0.0075946
0,0.0,-0.0009842365323555556,0.0,-0.0074295
0,0.0,-0.0010251437262444444,0.0,-0.007264400000000001
0,0.0,-0.0010754718563333332,0.0,-0.0069342
0,0.0,-0.0011102042368444445,0.0,-0.0066040000000000005
0,0.0,-0.0011322997899777777,0.0,-0.0062738
0,0.0,-0.0011427712758222222,0.0,-0.0059436
0,0.0,-0.001143307887511111,0.0,-0.0056134
0,0.0,-0.0011355383548888888,0.0,-0.0052832
0,0.0,-0.0011210498392888889,0.0,-0.004953
0,0.0,-0.0011013577018888889,0.0,-0.0046228
0,0.0,-0.001077686324288889,0.0,-0.004292600000000001
0,0.0,-0.0010511693931555557,0.0,-0.0039624
0,0.0,-0.0010229481530666666,0.0,-0.0036321999999999995
0,0.0,-0.0009941638486,0.0,-0.0033020000000000002
0,0.0,-0.0009657687765555555,0.0,-0.0029718
0,0.0,-0.0009378460739555555,0.0,-0.0026416
0,0.0,-0.0009102370246666667,0.0,-0.0023114
0,0.0,-0.000882786691511111,0.0,-0.0019812
0,0.0,-0.0008553325794,0.0,-0.0016509999999999997
0,0.0,-0.0008277499827999999,0.0,-0.0013208000000000004
0,0.0,-0.0008000351227555556,0.0,-0.0009906000000000003
0,0.0,-0.0007722409046444444,0.0,-0.0006603999999999994
0,0.0,-0.0007444013390666667,0.0,-0.000330200000000001
0,0.0,-0.0007165617734888889,0.0,0.0
0,0.0,-0.0006887599974666667,0.0,0.000330200000000001
0,0.0,-0.0006609922320444444,0.0,0.0006604000000000002
0,0.0,-0.0006332471403555555,0.0,0.0009906000000000012
0,0.0,-0.0006055096065777779,0.0,0.0013207999999999987
0,0.0,-0.0005777758517555555,0.0,0.0016509999999999997
0,0.0,-0.0005500307600666666,0.0,0.0019812000000000007
0,0.0,-0.0005222781104666667,0.0,0.0023114
0,0.0,-0.0004945216819111111,0.0,0.002641600000000001
0,0.0,-0.00046675769544444437,0.0,0.0029718
0,0.0,-0.0004389974879333333,0.0,0.0033019999999999994
0,0.0,-0.0004112372804222222,0.0,0.0036322000000000004
0,0.0,-0.0003834808518666667,0.0,0.0039624
0,0.0,-0.00035572442331111107,0.0,0.004292600000000001
0,0.0,-0.0003279679947555555,0.0,0.0046228
0,0.0,-0.00030021156619999996,0.0,0.004953000000000001
0,0.0,-0.0002724551376444444,0.0,0.0052832
0,0.0,-0.0002446987090888889,0.0,0.005613399999999999
0,0.0,-0.00021694228053333332,0.0,0.0059436
0,0.0,-0.00018918585197777777,0.0,0.0062737999999999995
0,0.0,-0.00016142942342222224,0.0,0.0066040000000000005
0,0.0,-0.00013367299486666666,0.0,0.0069342000000000015
0,0.0,-0.00010591656631111109,0.0,0.007264399999999999
0,0.0,-7.816013775555555e-05,0.0,0.007594599999999998
0,0.0,-6.428381295555556e-05,0.0,0.0077597
0,0.0,-5.0407488155555556e-05,0.0,0.007924800000000001
0,0.0,-3.65273844e-05,0.0,0.008089899999999999
0,0.0,-2.2647280644444443e-05,0.0,0.008255
1,0.022857142857142857,-6.856534822976705e-05,0.002032,0.007691342974940724
1,0.022857142857142857,1.8158791315312048e-05,0.002032,0.0075345000970135825
1,0.022857142857142857,0.00010469905452303342,0.002032,0.007377653818180056
1,0.022857142857142857,0.00019084327638875347,0.002032,0.007220800214317412
1,0.022857142857142857,0.0002763899001580608,0.002032,0.007063935557509039
1,0.022857142857142857,0.00044493363155754194,0.002032,0.006750159089017322
1,0.022857142857142857,0.0006096230320393316,0.002032,0.0064363113322957605
1,0.022857142857142857,0.0007706066171066803,0.002032,0.006122395034230271
1,0.022857142857142857,0.0009280435105130708,0.002032,0.005808413137912916
1,0.022857142857142857,0.0010818842070907527,0.002032,0.0054943647277150565
1,0.022857142857142857,0.00123200140783694,0.002032,0.005180247449163039
1,0.022857142857142857,0.001378274885915668,0.002032,0.004866059078587316
1,0.022857142857142857,0.0015205950227412043,0.002032,0.004551797588524465
1,0.022857142857142857,0.0016588628079780487,0.002032,0.004237461147717208
1,0.022857142857142857,0.0017930252003750399,0.002032,0.003923048775134859
1,0.022857142857142857,0.0019230362308478384,0.002032,0.0036085596205508233
1,0.022857142857142857,0.002048853466395516,0.002032,0.003293992899140551
1,0.022857142857142857,0.0021704486183507865,0.002032,0.0029793480876876763
1,0.022857142857142857,0.002287743892878614,0.002032,0.0026646237473471977
1,0.022857142857142857,0.00240040336205498,0.002032,0.0023498136649247638
1,0.022857142857142857,0.0025080168402042396,0.002032,0.0020349102537830753
1,0.022857142857142857,0.0026101741416507487,0.002032,0.001719905927284826
1,0.022857142857142857,0.002706479225052506,0.002032,0.001404793360400891
1,0.022857142857142857,0.0027965608016513855,0.002032,0.0010895656859164719
1,0.022857142857142857,0.002880316325028476,0.002032,0.000774221007172244
1,0.022857142857142857,0.002957717506516492,0.002032,0.00045875880095183966
1,0.022857142857142857,0.0030287572739486107,0.002032,0.0001431789364511639
1,0.022857142857142857,0.003093410874740959,0.002032,-0.00017251904414409928
1,0.022857142857142857,0.0031516040511419107,0.002032,-0.0004883365142769091
1,0.022857142857142857,0.003202919545309,0.002032,-0.000804281191388664
1,0.022857142857142857,0.003246784511729689,0.002032,-0.0011203636706107727
1,0.022857142857142857,0.0032826367131416723,0.002032,-0.0014365943508685046
1,0.022857142857142857,0.003309906840115824,0.002032,-0.0017529837618912233
1,0.022857142857142857,0.0033281422739755706,0.002032,-0.0020695402751407816
1,0.022857142857142857,0.003337728447812681,0.002032,-0.002386256761794196
1,0.022857142857142857,0.003339390258726354,0.002032,-0.0027031198144320907
1,0.022857142857142857,0.0033338561398991986,0.002032,-0.003020115960233046
1,0.022857142857142857,0.0033218474523470055,0.002032,-0.003337231857179732
1,0.022857142857142857,0.0033037036600772015,0.002032,-0.0036544612266757592
1,0.022857142857142857,0.003277115700622583,0.002032,-0.003971846776256991
1,0.022857142857142857,0.003238660645241569,0.002032,-0.0042894518151036926
1,0.022857142857142857,0.003184848379607771,0.002032,-0.004607340895034997
1,0.022857142857142857,0.0031120968512261234,0.002032,-0.004925580268323232
1,0.022857142857142857,0.0030171245746914736,0.002032,-0.005244230628066834
1,0.022857142857142857,0.0028992915189064794,0.002032,-0.005563303812036079
1,0.022857142857142857,0.002758944220045392,0.002032,-0.005882793410830487
1,0.022857142857142857,0.0025945197292406704,0.002032,-0.0062027283321542705
1,0.022857142857142857,0.002401569653561621,0.002032,-0.006523190851780956
1,0.022857142857142857,0.0021752035896512104,0.002032,-0.006844271420739791
1,0.022857142857142857,0.0019097142988845253,0.002032,-0.00716607559793258
1,0.022857142857142857,0.0017541636835437047,0.002032,-0.00732739949702291
1,0.022857142857142857,0.0015750910413547346,0.002032,-0.007489158450521435
1,0.022857142857142857,0.001362079070589615,0.002032,-0.007651545132854876
1,0.022857142857142857,0.0010945689822983848,0.002032,-0.007814939791517107
1,0.022857142857142857,0.0008311618264175565,0.002032,-0.007946569185025738
1,0.022857142857142857,0.0006865373996943493,0.002032,-0.00801262286085515
1,0.022857142857142857,0.0005175811830219356,0.002032,-0.00807912656816123
1,0.022857142857142857,0.00040779532571516206,0.002032,-0.008112846504255559
1,0.022857142857142857,0.0003347004077050626,0.002032,-0.008130043129333119
1,0.022857142857142857,0.0002857625124288286,0.002032,-0.008138870610640135
1,0.022857142857142857,0.0002032,0.002032,-0.008148319999999999
1,0.022857142857142857,3.791842617103554e-05,0.002032,-0.008143454640025345
1,0.022857142857142857,-7.199961194634272e-06,0.002032,-0.008136366787732698
1,0.022857142857142857,-7.359999765426919e-05,0.002032,-0.008121750207957138
1,0.022857142857142857,-0.00016970613302043407,0.002032,-0.00809183837137748
1,0.022857142857142857,-0.0003043156049920357,0.002032,-0.00803094929889322
1,0.022857142857142857,-0.00040050553070609783,0.002032,-0.007969349633182106
1,0.022857142857142857,-0.0005195045791948343,0.002032,-0.007844793078506891
1,0.022857142857142857,-0.0006049415843784088,0.002032,-0.0076879263942351
1,0.022857142857142857,-0.0006756048330719701,0.002032,-0.00753078646021625
1,0.022857142857142857,-0.0007324278512959494,0.002032,-0.007373390542590412
1,0.022857142857142857,-0.000773635525178162,0.002032,-0.007215705809530632
1,0.022857142857142857,-0.0008265882259644174,0.002032,-0.00689979141356605
1,0.022857142857142857,-0.0008649475105146059,0.002032,-0.00658360710335874
1,0.022857142857142857,-0.0008914821321393265,0.002032,-0.00626720408871051
1,0.022857142857142857,-0.0009071397611926533,0.002032,-0.0059505998973696135
1,0.022857142857142857,-0.0009135010269591818,0.002032,-0.005633823764050494
1,0.022857142857142857,-0.0009120899813889337,0.002032,-0.00531690387703486
1,0.022857142857142857,-0.0009043917795144147,0.002032,-0.004999867705181918
1,0.022857142857142857,-0.0008918243907833261,0.002032,-0.0046827414747120065
1,0.022857142857142857,-0.0008755335062207426,0.002032,-0.004365546375887942
1,0.022857142857142857,-0.0008565799508498824,0.002032,-0.004048302029323441
1,0.022857142857142857,-0.0008360316218607848,0.002032,-0.003731028186436316
1,0.022857142857142857,-0.000814956416443489,0.002032,-0.0034137445986443787
1,0.022857142857142857,-0.0007942454276174979,0.002032,-0.003096467747263151
1,0.022857142857142857,-0.0007739764492178476,0.002032,-0.0027791990711376396
1,0.022857142857142857,-0.0007540009657412878,0.002032,-0.0024619358233819236
1,0.022857142857142857,-0.0007341739977679781,0.002032,-0.0021446753225121276
1,0.022857142857142857,-0.000714343493711258,0.002032,-0.0018274147562402868
1,0.022857142857142857,-0.0006943927628185731,0.002032,-0.0015101519662988902
1,0.022857142857142857,-0.0006743182690065127,0.002032,-0.0011928868872858947
1,0.022857142857142857,-0.0006541695174428273,0.002032,-0.0008756204348299374
1,0.022857142857142857,-0.0006339783328782127,0.002032,-0.0005583531975494327
1,0.022857142857142857,-0.0006137871483135986,0.002032,-0.00024108596026892713
1,0.022857142857142857,-0.0005936313245830916,0.002032,7.618062299112084e-05
1,0.022857142857142857,-0.0005735073256032811,0.002032,0.0003934466176327596
1,0.022857142857142857,-0.0005534045431239349,0.002032,0.0007107122198621221
1,0.022857142857142857,-0.0005333088328114105,0.002032,0.0010279776912873913
1,0.022857142857142857,-0.0005132166585822965,0.002032,0.0013452430973106173
1,0.022857142857142857,-0.0004931138761029503,0.002032,0.0016625086995399815
1,0.022857142857142857,-0.00047300402145678265,0.002032,0.001979774432573432
1,0.022857142857142857,-0.0004528906307272043,0.002032,0.0022970402310089327
1,0.022857142857142857,-0.0004327701678308045,0.002032,0.002614306160248523
1,0.022857142857142857,-0.0004126532410178155,0.002032,0.002931572024086067
1,0.022857142857142857,-0.00039253631420482646,0.002032,0.003248837887923614
1,0.022857142857142857,-0.0003724229234752482,0.002032,0.003566103686359113
1,0.022857142857142857,-0.0003523095327456699,0.002032,0.0038833694847946135
1,0.022857142857142857,-0.00033219614201609164,0.002032,0.004200635283230112
1,0.022857142857142857,-0.0003120827512865133,0.002032,0.004517901081665613
1,0.022857142857142857,-0.00029196936055693494,0.002032,0.004835166880101112
1,0.022857142857142857,-0.0002718559698273567,0.002032,0.005152432678536611
1,0.022857142857142857,-0.0002517425790977784,0.002032,0.005469698476972111
1,0.022857142857142857,-0.0002316291883682,0.002032,0.0057869642754076085
1,0.022857142857142857,-0.00021151579763862178,0.002032,0.006104230073843109
1,0.022857142857142857,-0.00019140240690904348,0.002032,0.00642149587227861
1,0.022857142857142857,-0.00017128901617946508,0.002032,0.006738761670714107
1,0.022857142857142857,-0.00015117562544988684,0.002032,0.0070560274691496075
1,0.022857142857142857,-0.00014112069812680306,0.002032,0.0072146603356663345
1,0.022857142857142857,-0.00013106577080371928,0.002032,0.0073732932021830615
1,0.022857142857142857,-0.00012100730739722472,0.002032,0.007531926134101837
1,0.022857142857142857,-0.00011094884399073026,0.002032,0.007690559066020607
2,0.045714285714285714,-0.0003102254642373876,0.004064,0.007046535571781629
2,0.045714285714285714,-0.0002216077384319874,0.004064,0.00690136296129908
2,0.045714285714285714,-0.00013316067974984257,0.004064,0.006756178076825228
2,0.045714285714285714,-4.508121179470914e-05,0.004064,0.006610966756062415
2,0.045714285714285714,4.2443588009844564e-05,0.004064,0.006465715544827862
2,0.045714285714285714,0.00021512682231381627,0.004064,0.006175042938748558
2,0.045714285714285714,0.00038423261114955173,0.004064,0.0058841130509284575
2,0.045714285714285714,0.0005498988010396806,0.004064,0.005592935794975917
2,0.045714285714285714,0.0007122730846870199,0.004064,0.005301521792614183
2,0.045714285714285714,0.0008713095132506935,0.004064,0.005009867739307132
2,0.045714285714285714,0.0010268899325684465,0.004064,0.004717965137676174
2,0.045714285714285714,0.001178902752598152,0.004064,0.0044258059624193
2,0.045714285714285714,0.001327246229477869,0.004064,0.004133382896349387
2,0.045714285714285714,0.0014718284655258437,0.004064,0.0038406893303941907
2,0.045714285714285714,0.0016126002298411384,0.004064,0.0035477217239792986
2,0.045714285714285714,0.0017495188556429383,0.004064,0.0032544770086068864
2,0.045714285714285714,0.0018825449582104924,0.004064,0.0029609523518174218
2,0.045714285714285714,0.0020116522810632994,0.004064,0.0026671458653045495
2,0.045714285714285714,0.0021367686188799835,0.004064,0.002373052356225796
2,0.045714285714285714,0.0022575821759545965,0.004064,0.002078649400943199
2,0.045714285714285714,0.002373712233319877,0.004064,0.0017839096190146193
2,0.045714285714285714,0.002484778072008563,0.004064,0.0014888056299979177
2,0.045714285714285714,0.002590412101293643,0.004064,0.0011933109976041325
2,0.045714285714285714,0.002690269704868543,0.004064,0.0008974009378123586
2,0.045714285714285714,0.002784255702991449,0.004064,0.0006010686055120638
2,0.045714285714285714,0.002872343839181859,0.004064,0.0003043121123968897
2,0.045714285714285714,0.002954527549319649,0.004064,7.130986390250019e-06
2,0.045714285714285714,0.0030307838589843806,0.004064,-0.0002904764247759137
2,0.045714285714285714,0.0031010438449147375,0.004064,-0.0005885150779057864
2,0.045714285714285714,0.0031649202240233354,0.004064,-0.0008870128255180918
2,0.045714285714285714,0.00322188130258003,0.004064,-0.0011860079058165123
2,0.045714285714285714,0.00327140523303487,0.004064,-0.0014855378488898424
2,0.045714285714285714,0.003312963603717774,0.004064,-0.0017856406569034628
2,0.045714285714285714,0.003346136310940733,0.004064,-0.0020863465427590515
2,0.045714285714285714,0.0033712810992505664,0.004064,-0.002387629778282524
2,0.045714285714285714,0.0033890707909601083,0.004064,-0.002689441975623547
2,0.045714285714285714,0.0034001814904422566,0.004064,-0.0029917345108934944
2,0.045714285714285714,0.003405282737949781,0.004064,-0.0032944592322803248
2,0.045714285714285714,0.0034046896112486912,0.004064,-0.0035975934801077847
2,0.045714285714285714,0.003396258925118109,0.004064,-0.0039012913873820616
2,0.045714285714285714,0.003376813645417434,0.004064,-0.004205781439172045
2,0.045714285714285714,0.0033431143788648808,0.004064,-0.004511296605274222
2,0.045714285714285714,0.003291836398617031,0.004064,-0.004818075992480729
2,0.045714285714285714,0.0032199339529357923,0.004064,-0.005126338644328689
2,0.045714285714285714,0.003126812988949834,0.004064,-0.005436127283749368
2,0.045714285714285714,0.0030127951485452885,0.004064,-0.005747418778989928
2,0.045714285714285714,0.002876429761174488,0.004064,-0.006060317458976452
2,0.045714285714285714,0.0027135879952786797,0.004064,-0.006375120259883184
2,0.045714285714285714,0.0025197307617912837,0.004064,-0.006692153622671157
2,0.045714285714285714,0.0022895608157712613,0.004064,-0.007011798513147388
2,0.045714285714285714,0.0021533081963875,0.004064,-0.007173143287364663
2,0.045714285714285714,0.001995223313467312,0.004064,-0.007336058188315697
2,0.045714285714285714,0.001805637218066272,0.004064,-0.007501238584815528
2,0.045714285714285714,0.001565468012980413,0.004064,-0.007670056803507283
2,0.045714285714285714,0.0013274822698371787,0.004064,-0.007808408833432213
2,0.045714285714285714,0.0011964967507968147,0.004064,-0.007878447332322092
2,0.045714285714285714,0.001042927376465688,0.004064,-0.007950110010715125
2,0.045714285714285714,0.0009426529854320835,0.004064,-0.007987630675984026
2,0.045714285714285714,0.0008756213857430387,0.004064,-0.008007606015738444
2,0.045714285714285714,0.0008306052474391595,0.004064,-0.008018420763798918
2,0.045714285714285714,0.00075438,0.004064,-0.008031479999999999
2,0.045714285714285714,0.0006005656576514004,0.004064,-0.008034964687847188
2,0.045714285714285714,0.0005582822803501346,0.004064,-0.008030428322377095
2,0.045714285714285714,0.0004958398926296016,0.004064,-0.008019764457294958
2,0.045714285714285714,0.00040501305445815453,0.004064,-0.007995987357750617
2,0.045714285714285714,0.0002768241365350433,0.004064,-0.007944588094847608
2,0.045714285714285714,0.0001842948011921005,0.004064,-0.007890624275876907
2,0.045714285714285714,6.734544092532719e-05,0.004064,-0.007777798371251961
2,0.045714285714285714,-2.007761501728587e-05,0.004064,-0.007632539842830285
2,0.045714285714285714,-9.378822401834872e-05,0.004064,-0.007486295146414977
2,0.045714285714285714,-0.0001546528499343882,0.004064,-0.007339126596115735
2,0.045714285714285714,-0.00020102389861397798,0.004064,-0.007190915700708816
2,0.045714285714285714,-0.00026641987153155976,0.004064,-0.006892527238826775
2,0.045714285714285714,-0.00031827078257078427,0.004064,-0.006593164646904112
2,0.045714285714285714,-0.0003591464847606679,0.004064,-0.006293012742925273
2,0.045714285714285714,-0.0003899265701979885,0.004064,-0.005992134785153133
2,0.045714285714285714,-0.0004120781197307294,0.004064,-0.005690636282705249
2,0.045714285714285714,-0.00042701570124587104,0.004064,-0.005388618968086468
2,0.045714285714285714,-0.0004361177799697073,0.004064,-0.005086181977380403
2,0.045714285714285714,-0.00044070046198734056,0.004064,-0.004783419961943071
2,0.045714285714285714,-0.00044182713475905406,0.004064,-0.004480409398181831
2,0.045714285714285714,-0.0004404824163036286,0.004064,-0.004177221097584973
2,0.045714285714285714,-0.0004376574887599695,0.004064,-0.00387392634371738
2,0.045714285714285714,-0.0004343435342669829,0.004064,-0.003570596420143936
2,0.045714285714285714,-0.00043136763196044447,0.004064,-0.0032672908085148054
2,0.045714285714285714,-0.00042880198716173097,0.004064,-0.0029640147016724632
2,0.045714285714285714,-0.0004265087533482136,0.004064,-0.0026607581860085506
2,0.045714285714285714,-0.00042435336605732544,0.004064,-0.0023575115839529976
2,0.045714285714285714,-0.00042219469670637453,0.004064,-0.0020542647458591497
2,0.045714285714285714,-0.0004199244373132953,0.004064,-0.0017510098824632973
2,0.045714285714285714,-0.00041753930581802496,0.004064,-0.001447746757727143
2,0.045714285714285714,-0.00041508525106144023,0.004064,-0.001144478676186808
2,0.045714285714285714,-0.00041259181158410387,0.004064,-0.0008412077621869421
2,0.045714285714285714,-0.00041009837210676794,0.004064,-0.0005379368481870745
2,0.045714285714285714,-0.0004076377532300577,0.004064,-0.0002346682945701525
2,0.045714285714285714,-0.0004052066728939109,0.004064,6.85981347021223e-05
2,0.045714285714285714,-0.0004027952849181399,0.004064,0.0003718631477446343
2,0.045714285714285714,-0.000400390461062494,0.004064,0.0006751276887105515
2,0.045714285714285714,-0.0003979889192669108,0.004064,0.000978391993638179
2,0.045714285714285714,-0.0003955775312911396,0.004064,0.0012816570066806875
2,0.045714285714285714,-0.00039315957919524333,0.004064,0.0015849224917997857
2,0.045714285714285714,-0.0003907383450392843,0.004064,0.001888188212957177
2,0.045714285714285714,-0.00038831054676320025,0.004064,0.0021914544061911578
2,0.045714285714285714,-0.0003858860305471787,0.004064,0.002494720363386842
2,0.045714285714285714,-0.0003834615143311572,0.004064,0.002797986320582528
2,0.045714285714285714,-0.0003810402801751984,0.004064,0.003101252041739921
2,0.045714285714285714,-0.0003786190460192394,0.004064,0.0034045177628973123
2,0.045714285714285714,-0.0003761978118632806,0.004064,0.003707783484054707
2,0.045714285714285714,-0.0003737765777073216,0.004064,0.004011049205212098
2,0.045714285714285714,-0.0003713553435513628,0.004064,0.0043143149263694894
2,0.045714285714285714,-0.0003689341093954038,0.004064,0.004617580647526879
2,0.045714285714285714,-0.00036651287523944477,0.004064,0.004920846368684272
2,0.045714285714285714,-0.000364091641083486,0.004064,0.005224112089841663
2,0.045714285714285714,-0.00036167040692752696,0.004064,0.005527377810999056
2,0.045714285714285714,-0.00035924917277156817,0.004064,0.005830643532156447
2,0.045714285714285714,-0.00035682793861560916,0.004064,0.006133909253313837
2,0.045714285714285714,-0.00035440670445965015,0.004064,0.00643717497447123
2,0.045714285714285714,-0.000353197728411702,0.004064,0.006588807717030779
2,0.045714285714285714,-0.0003519887523637541,0.004064,0.006740440459590328
2,0.045714285714285714,-0.00035077649425574323,0.004064,0.00689207343818817
2,0.045714285714285714,-0.00034956423614773257,0.004064,0.007043706416786016
3,0.06857142857142857,-0.0006759816218827961,0.006096,0.0063578715300114
3,0.06857142857142857,-0.0005817676210385864,0.006096,0.006226487707028997
3,0.06857142857142857,-0.00048771112916546483,0.006096,0.006095079115425377
3,0.06857142857142857,-0.00039399388738391855,0.006096,0.005963617176022203
3,0.06857142857142857,-0.00030078854975840955,0.006096,0.005832074738600066
3,0.06857142857142857,-0.00011656179697190584,0.006096,0.00556864643729618
3,0.06857142857142857,6.436332545908981e-05,0.006096,0.0053046989475859525
3,0.06857142857142857,0.0002421140363189191,0.006096,0.005040252274894212
3,0.06857142857142857,0.00041682664144794676,0.006096,0.004775327853604707
3,0.06857142857142857,0.0005884587345847252,0.006096,0.004509919015242496
3,0.06857142857142857,0.000756901271056963,0.006096,0.0042440086123005805
3,0.06857142857142857,0.0009220512642297179,0.006096,0.003977580449911236
3,0.06857142857142857,0.0010838148145240715,0.006096,0.003710619762165664
3,0.06857142857142857,0.0012421071094171298,0.006096,0.00344311321211397
3,0.06857142857142857,0.0013968827136287719,0.006096,0.003175053654961577
3,0.06857142857142857,0.0015481022499162244,0.006096,0.0029064348985531775
3,0.06857142857142857,0.0016957293700553917,0.006096,0.002637251227053102
3,0.06857142857142857,0.0018397398418968744,0.006096,0.002367498829904247
3,0.06857142857142857,0.0019800670270298274,0.006096,0.0020971672280745545
3,0.06857142857142857,0.002116423168680147,0.006096,0.0018262111711983327
3,0.06857142857142857,0.002248456900681559,0.006096,0.001554575406197474
3,0.06857142857142857,0.00237581685686779,0.006096,0.0012822046799938775
3,0.06857142857142857,0.002498163787147264,0.006096,0.0010090456447879887
3,0.06857142857142857,0.0026151796445591288,0.006096,0.0007350482870177276
3,0.06857142857142857,0.002726776587561818,0.006096,0.00046019879341357116
3,0.06857142857142857,0.002832930384005931,0.006096,0.00018449335341840824
3,0.06857142857142857,0.002933634975854119,0.006096,-9.20689856070446e-05
3,0.06857142857142857,0.00302886915997566,0.006096,-0.0003694915579002525
3,0.06857142857142857,0.0031185693269783817,0.006096,-0.0006477843661736333
3,0.06857142857142857,0.0032023780526586614,0.006096,-0.000927003616144572
3,0.06857142857142857,0.003279804635991185,0.006096,-0.0012072264715945608
3,0.06857142857142857,0.0033503674630066625,0.006096,-0.0014885286673461777
3,0.06857142857142857,0.0034135788616984544,0.006096,-0.001770986890861274
3,0.06857142857142857,0.0034690511176761907,0.006096,-0.002054662111053626
3,0.06857142857142857,0.0035171143939754213,0.006096,-0.0023395024090825988
3,0.06857142857142857,0.003558389639424475,0.006096,-0.0026254101394222237
3,0.06857142857142857,0.0035935008318703564,0.006096,-0.002912287180226906
3,0.06857142857142857,0.0036230658911227207,0.006096,-0.003200036362290315
3,0.06857142857142857,0.0036473756029743454,0.006096,-0.0034886119589271234
3,0.06857142857142857,0.003664452018230602,0.006096,-0.003778325006861499
3,0.06857142857142857,0.003671363046814305,0.006096,-0.004069636583503844
3,0.06857142857142857,0.00366511904729345,0.006096,-0.004363016816337701
3,0.06857142857142857,0.0036426516237504855,0.006096,-0.004658948217157224
3,0.06857142857142857,0.0036011498468552193,0.006096,-0.00495787281058726
3,0.06857142857142857,0.0035400654642275173,0.006096,-0.005259876810482442
3,0.06857142857142857,0.0034596953196975064,0.006096,-0.0055649135375181605
3,0.06857142857142857,0.003358700587010935,0.006096,-0.005873193524974789
3,0.06857142857142857,0.0032332707606749344,0.006096,-0.006185315982957996
3,0.06857142857142857,0.0030792167078622862,0.006096,-0.006501939661528306
3,0.06857142857142857,0.002891649592431899,0.006096,-0.0068238333405828185
3,0.06857142857142857,0.0027783303787737284,0.006096,-0.006987852203620817
3,0.06857142857142857,0.0026448621328909374,0.006096,-0.007155039544896427
3,0.06857142857142857,0.002482321365767632,0.006096,-0.007326798602065689
3,0.06857142857142857,0.002273097362828656,0.006096,-0.007505898697508859
3,0.06857142857142857,0.0020634027695908327,0.006096,-0.007655832959218087
3,0.06857142857142857,0.0019474874387342845,0.006096,-0.007732540562033048
3,0.06857142857142857,0.001810729430376592,0.006096,-0.007812525720282916
3,0.06857142857142857,0.0017206717395423631,0.006096,-0.007855927319063075
3,0.06857142857142857,0.0016600510204968315,0.006096,-0.00788007997379412
3,0.06857142857142857,0.0016191269795376453,0.006096,-0.007893825325174162
3,0.06857142857142857,0.0015493999999999998,0.006096,-0.0079121
3,0.06857142857142857,0.0014068230606224899,0.006096,-0.007927210568660943
3,0.06857142857142857,0.0013671782338512692,0.006096,-0.00792613484335459
3,0.06857142857142857,0.001308307195195503,0.006096,-0.007920772522056418
3,0.06857142857142857,0.0012219972446721368,0.006096,-0.007905105110567759
3,0.06857142857142857,0.0010987200578375298,0.006096,-0.007866011040673623
3,0.06857142857142857,0.0010083531589043806,0.006096,-0.007821741757903415
3,0.06857142857142857,0.0008904775565770646,0.006096,-0.007723318607217649
3,0.06857142857142857,0.0007973661185304735,0.006096,-0.007591761403886707
3,0.06857142857142857,0.0007169099205071031,0.006096,-0.007458214137104662
3,0.06857142857142857,0.0006483093015768118,0.006096,-0.00732280255525617
3,0.06857142857142857,0.000593084829114338,0.006096,-0.00718528754588253
3,0.06857142857142857,0.0005078736677876364,0.006096,-0.006906288831904378
3,0.06857142857142857,0.00043516326653174147,0.006096,-0.006625324346776704
3,0.06857142857142857,0.0003725819037243027,0.006096,-0.006342767048776726
3,0.06857142857142857,0.00031931780236047944,0.006096,-0.006058744591567655
3,0.06857142857142857,0.0002740169910926461,0.006096,-0.005773469890028055
3,0.06857142857142857,0.00023537396287197409,0.006096,-0.005487148237922271
3,0.06857142857142857,0.00020211652985505633,0.006096,-0.005199979689498615
3,0.06857142857142857,0.0001730300555533072,0.006096,-0.0049121552489322685
3,0.06857142857142857,0.0001471331379160985,0.006096,-0.004623829243786215
3,0.06857142857142857,0.00012351707134099763,0.006096,-0.004335144569952111
3,0.06857142857142857,0.0001012670921882214,0.006096,-0.0040462450759608855
3,0.06857142857142857,7.94684368179868e-05,0.006096,-0.0037572746103434725
3,0.06857142857142857,5.735779252425029e-05,0.006096,-0.003468353205648862
3,0.06857142857142857,3.486852089616644e-05,0.006096,-0.003179491340909105
3,0.06857142857142857,1.2127840718076334e-05,0.006096,-0.0028906690106993748
3,0.06857142857142857,-1.0740058244354837e-05,0.006096,-0.002601866685914474
3,0.06857142857142857,-3.360492818811102e-05,0.006096,-0.002313063884809935
3,0.06857142857142857,-5.636681149692475e-05,0.006096,-0.002024244888837676
3,0.06857142857142857,-7.902267915212103e-05,0.006096,-0.0017354092216780564
3,0.06857142857142857,-0.00010161493741514755,0.006096,-0.0014465635518060216
3,0.06857142857142857,-0.00012417084745407637,0.006096,-0.00115771216609832
3,0.06857142857142857,-0.00014672675749300497,0.006096,-0.0008688607803906201
3,0.06857142857142857,-0.00016931295771868194,0.006096,-0.0005800141578793071
3,0.06857142857142857,-0.00019192641911243164,0.006096,-0.00029117182224474257
3,0.06857142857142857,-0.00021455805461822975,0.006096,-2.3323445280127447e-06
3,0.06857142857142857,-0.00023719574816137784,0.006096,0.00028650618054943885
3,0.06857142857142857,-0.00025983647072320027,0.006096,0.0005753442293072522
3,0.06857142857142857,-0.0002824681062289986,0.006096,0.000864183707023982
3,0.06857142857142857,-0.00030509368369744717,0.006096,0.0011530241373799884
3,0.06857142857142857,-0.0003277162321472212,0.006096,0.0014418650440556381
3,0.06857142857142857,-0.00035033272255964565,0.006096,0.001730706903370561
3,0.06857142857142857,-0.0003729522419907447,0.006096,0.0020195482863658454
3,0.06857142857142857,-0.0003955717614218437,0.006096,0.00230838966936113
3,0.06857142857142857,-0.00041819430987161815,0.006096,0.002597230576036778
3,0.06857142857142857,-0.00044081685832139195,0.006096,0.0028860714827124243
3,0.06857142857142857,-0.0004634394067711662,0.006096,0.0031749123893880706
3,0.06857142857142857,-0.00048606195522094,0.006096,0.0034637532960637187
3,0.06857142857142857,-0.0005086845036707138,0.006096,0.003752594202739363
3,0.06857142857142857,-0.0005313070521204876,0.006096,0.0040414351094150095
3,0.06857142857142857,-0.0005539296005702618,0.006096,0.004330276016090656
3,0.06857142857142857,-0.0005765521490200356,0.006096,0.004619116922766302
3,0.06857142857142857,-0.0005991746974698098,0.006096,0.00490795782944195
3,0.06857142857142857,-0.0006217972459195836,0.006096,0.0051967987361175964
3,0.06857142857142857,-0.0006444197943693579,0.006096,0.005485639642793243
3,0.06857142857142857,-0.0006670423428191317,0.006096,0.005774480549468889
3,0.06857142857142857,-0.0006783551315533562,0.006096,0.005918900764646892
3,0.06857142857142857,-0.0006896679202875802,0.006096,0.006063320979824897
3,0.06857142857142857,-0.00070097768000313,0.006096,0.0062077416713225385
3,0.06857142857142857,-0.0007122874397186797,0.006096,0.006352162362820182
4,0.09142857142857143,-0.0011252042555257471,0.008128,0.005672594808489194
4,0.09142857142857143,-0.001022705278603129,0.008128,0.005555863841181165
4,0.09142857142857143,-0.0009203513192979846,0.008128,0.0054390936451764816
4,0.09142857142857143,-0.0008183097056304778,0.008128,0.005322238956594393
4,0.09142857142857143,-0.0007167393992197619,0.008128,0.005205256774748178
4,0.09142857142857143,-0.0005156095114406175,0.008128,0.004970748490088678
4,0.09142857142857143,-0.0003175194160277609,0.008128,0.004735417911595479
4,0.09142857142857143,-0.00012235198336707758,0.008128,0.0044992967239850966
4,0.09142857142857143,7.001828255655436e-05,0.008128,0.004262418875168104
4,0.09142857142857143,0.00025955233853843006,0.008128,0.004024773803572321
4,0.09142857142857143,0.00044614978776645175,0.008128,0.003786334350869302
4,0.09142857142857143,0.0006297158110291944,0.008128,0.003547074867526611
4,0.09142857142857143,0.0008101639555162399,0.008128,0.003306971967205867
4,0.09142857142857143,0.0009874161348181803,0.008128,0.003066004526762708
4,0.09142857142857143,0.001161430516929974,0.008128,0.0028241612302269533
4,0.09142857142857143,0.001332170847447253,0.008128,0.0025814322704244353
4,0.09142857142857143,0.0014996036607659844,0.008128,0.0023378085945790035
4,0.09142857142857143,0.0016637066464834794,0.008128,0.0020932841675065606
4,0.09142857142857143,0.0018244184509923459,0.008128,0.001847842392450825
4,0.09142857142857143,0.0019814741382606594,0.008128,0.0016014116016006075
4,0.09142857142857143,0.002134550207449439,0.008128,0.001353904284786443
4,0.09142857142857143,0.002283323157719704,0.008128,0.0011052329318388806
4,0.09142857142857143,0.0024274806434338163,0.008128,0.0008553130501805029
4,0.09142857142857143,0.002566729840556492,0.008128,0.0006040654280199979
4,0.09142857142857143,0.0027009898738779865,0.008128,0.0003514681878149994
4,0.09142857142857143,0.002830238432995611,0.008128,9.751529438140321e-05
4,0.09142857142857143,0.0029544699403086924,0.008128,-0.00015779476107681458
4,0.09142857142857143,0.0030736648742148804,0.008128,-0.000414467259345741
4,0.09142857142857143,0.003187764669907117,0.008128,-0.0006725180427836408
4,0.09142857142857143,0.003296440248945748,0.008128,-0.0009320361303559958
4,0.09142857142857143,0.003399239825676337,0.008128,-0.0011931437345408455
4,0.09142857142857143,0.0034957199808454504,0.008128,-0.0014559608046221884
4,0.09142857142857143,0.0035854317175989863,0.008128,-0.0017206087986800477
4,0.09142857142857143,0.0036680180694939318,0.008128,-0.001987184279660035
4,0.09142857142857143,0.0037437830157669148,0.008128,-0.0022556050181787796
4,0.09142857142857143,0.003813298260486824,0.008128,-0.0025257163626437014
4,0.09142857142857143,0.003877138296522885,0.008128,-0.002797362907064213
4,0.09142857142857143,0.00393587203914365,0.008128,-0.0030703907542457467
4,0.09142857142857143,0.0039897672131813805,0.008128,-0.003344727481979097
4,0.09142857142857143,0.00403700273201664,0.008128,-0.0036208657121664734
4,0.09142857142857143,0.004074879036924136,0.008128,-0.00389953570208405
4,0.09142857142857143,0.004100643581972196,0.008128,-0.004181482042570236
4,0.09142857142857143,0.0041114713124204075,0.008128,-0.004467468938811768
4,0.09142857142857143,0.004104774221556921,0.008128,-0.004758196472164318
4,0.09142857142857143,0.004080047536520914,0.008128,-0.005053801188668159
4,0.09142857142857143,0.004037564559745318,0.008128,-0.00535420915731806
4,0.09142857142857143,0.003976092641481603,0.008128,-0.005659753822035578
4,0.09142857142857143,0.003892123470907025,0.008128,-0.005971384215520532
4,0.09142857142857143,0.0037818001371568363,0.008128,-0.006290143670224312
4,0.09142857142857143,0.003640621516488663,0.008128,-0.006617249784539212
4,0.09142857142857143,0.0035520458383872643,0.008128,-0.006785668331678759
4,0.09142857142857143,0.0034449190604505043,0.008128,-0.00695910513439795
4,0.09142857142857143,0.0033110253768883994,0.008128,-0.007139782649241828
4,0.09142857142857143,0.0031341507025471923,0.008128,-0.007332086946255498
4,0.09142857142857143,0.0029536914223797,0.008128,-0.007496469324102095
4,0.09142857142857143,0.002853271505868051,0.008128,-0.0075814170833633406
4,0.09142857142857143,0.002733661854244087,0.008128,-0.0076715558553491076
4,0.09142857142857143,0.002653897584427042,0.008128,-0.007722024467917985
4,0.09142857142857143,0.002599660099788736,0.008128,-0.007751142037972149
4,0.09142857142857143,0.0025627694010920865,0.008128,-0.007768344233635291
4,0.09142857142857143,0.00249936,0.008128,-0.00779272
4,0.09142857142857143,0.002367302385538801,0.008128,-0.007821219990336614
4,0.09142857142857143,0.0023300137840970305,0.008128,-0.007824084027409932
4,0.09142857142857143,0.002274235884278758,0.008128,-0.007824726704553807
4,0.09142857142857143,0.002191619465729337,0.008128,-0.007818183670665073
4,0.09142857142857143,0.0020718161861046427,0.008128,-0.007792808459262772
4,0.09142857142857143,0.001982313222131061,0.008128,-0.007759236713453853
4,0.09142857142857143,0.00186118047875747,0.008128,-0.007676437954279076
4,0.09142857142857143,0.0017596966251571715,0.008128,-0.00755943238609447
4,0.09142857142857143,0.0016698643793608627,0.008128,-0.007439274943013331
4,0.09142857142857143,0.0015909474980798277,0.008128,-0.007316164786110975
4,0.09142857142857143,0.0015243459590827608,0.008128,-0.007189723207585092
4,0.09142857142857143,0.001414379165488541,0.008128,-0.006930554406292558
4,0.09142857142857143,0.0013159217508811724,0.008128,-0.00666827220440213
4,0.09142857142857143,0.0012267900845975334,0.008128,-0.006403467295557654
4,0.09142857142857143,0.0011462367681475637,0.008128,-0.006136341858426501
4,0.09142857142857143,0.0010730152077810524,0.008128,-0.00586723310892029
4,0.09142857142857143,0.0010059234305531647,0.008128,-0.005596466192582441
4,0.09142857142857143,0.000943790140322762,0.008128,-0.005324357956578233
4,0.09142857142857143,0.0008854970281550914,0.008128,-0.005051210914510713
4,0.09142857142857143,0.0008301405227412746,0.008128,-0.004777269491335952
4,0.09142857142857143,0.0007768839839804981,0.008128,-0.004502760006457722
4,0.09142857142857143,0.0007248851941712776,0.008128,-0.0042279102880758215
4,0.09142857142857143,0.0006733019356121278,0.008128,-0.003952948164390048
4,0.09142857142857143,0.0006214314306183652,0.008128,-0.0036780637436995686
4,0.09142857142857143,0.0005692123255825968,0.008128,-0.0034032736227606617
4,0.09142857142857143,0.0005167617501189376,0.008128,-0.003128546116856799
4,0.09142857142857143,0.00046419404504116375,0.008128,-0.002853850295669462
4,0.09142857142857143,0.0004116291287637264,0.008128,-0.0025791537200841137
4,0.09142857142857143,0.0003591590316977143,0.008128,-0.0023044314949663388
4,0.09142857142857143,0.0003067865426434639,0.008128,-0.0020296828659181225
4,0.09142857142857143,0.00025447261839627033,0.008128,-0.0017549183945116424
4,0.09142857142857143,0.00020219215975310952,0.008128,-0.001480144870329013
4,0.09142857142857143,0.0001499117011099487,0.008128,-0.0012053713461463817
4,0.09142857142857143,9.760335446342729e-05,0.008128,-0.0009306053659438769
4,0.09142857142857143,4.526990861388131e-05,0.008128,-0.0006558461753234848
4,0.09142857142857143,-7.0802700376810385e-06,0.008128,-0.0003810915110911686
4,0.09142857142857143,-5.9436026289915074e-05,0.008128,-0.0001063383556548789
4,0.09142857142857143,-0.00011179457134248517,0.008128,0.0001684140453833997
4,0.09142857142857143,-0.00016414474999404752,0.008128,0.0004431687096157185
4,0.09142857142857143,-0.0002164893510449373,0.008128,0.0007179248826440577
4,0.09142857142857143,-0.00026883116329549147,0.008128,0.0009926818100704131
4,0.09142857142857143,-0.0003211673979453731,0.008128,0.0012674402462927907
4,0.09142857142857143,-0.00037350642139559074,0.008128,0.0015421979281171573
4,0.09142857142857143,-0.0004258454448458084,0.008128,0.0018169556099415238
4,0.09142857142857143,-0.000478187257096363,0.008128,0.0020917125373678793
4,0.09142857142857143,-0.0005305290693469172,0.008128,0.002366469464794233
4,0.09142857142857143,-0.0005828708815974709,0.008128,0.0026412263922205867
4,0.09142857142857143,-0.0006352126938480251,0.008128,0.002915983319646942
4,0.09142857142857143,-0.0006875545060985784,0.008128,0.0031907402470732925
4,0.09142857142857143,-0.0007398963183491325,0.008128,0.003465497174499648
4,0.09142857142857143,-0.0007922381305996862,0.008128,0.0037402541019260016
4,0.09142857142857143,-0.0008445799428502404,0.008128,0.004015011029352357
4,0.09142857142857143,-0.0008969217551007941,0.008128,0.004289767956778709
4,0.09142857142857143,-0.0009492635673513483,0.008128,0.004564524884205066
4,0.09142857142857143,-0.001001605379601902,0.008128,0.0048392818116314166
4,0.09142857142857143,-0.0010539471918524562,0.008128,0.005114038739057772
4,0.09142857142857143,-0.001080119492377901,0.008128,0.005251416825571942
4,0.09142857142857143,-0.001106291792903346,0.008128,0.005388794912086113
4,0.09142857142857143,-0.0011324613046284552,0.008128,0.005526173752998297
4,0.09142857142857143,-0.001158630816353564,0.008128,0.005663552593910481
5,0.1142857142857143,-0.001618798719371867,0.01016,0.005025227302940908
5,0.1142857142857143,-0.0015064954736273258,0.01016,0.004922882105986047
5,0.1142857142857143,-0.0013943257184914036,0.01016,0.004820482808305383
5,0.1142857142857143,-0.0012824434815894327,0.01016,0.004717966985984525
5,0.1142857142857143,-0.0011709950891654773,0.01016,0.004615275336304803
5,0.1142857142857143,-0.0009499492029486226,0.01016,0.004409141909574115
5,0.1142857142857143,-0.0007317014852586115,0.01016,0.00420187444839869
5,0.1142857142857143,-0.0005161441167577116,0.01016,0.0039935166495185985
5,0.1142857142857143,-0.00030316157672692374,0.01016,0.0037841153308696323
5,0.1142857142857143,-9.278980494549331e-05,0.01016,0.0035736559268717645
5,0.1142857142857143,0.00011487878201138415,0.01016,0.003362100983176364
5,0.1142857142857143,0.0003197569018226834,0.01016,0.003149415126231945
5,0.1142857142857143,0.0005217649735486532,0.01016,0.002935566103682741
5,0.1142857142857143,0.000720831117630806,0.01016,0.002720524784368698
5,0.1142857142857143,0.0009169168271628073,0.01016,0.0025042755623112247
5,0.1142857142857143,0.0011099887294925047,0.01016,0.0022868049123288643
5,0.1142857142857143,0.0013000160190948296,0.01016,0.0020681003496387405
5,0.1142857142857143,0.001486978158953072,0.01016,0.0018481535510522723
5,0.1142857142857143,0.001670818672271277,0.01016,0.0016269416278008484
5,0.1142857142857143,0.0018512936819760056,0.01016,0.001404365742020017
5,0.1142857142857143,0.002028105401324951,0.01016,0.0011803052074752908
5,0.1142857142857143,0.0022009560435758057,0.01016,0.0009546393379321868
5,0.1142857142857143,0.0023695580904946204,0.01016,0.0007272516087505109
5,0.1142857142857143,0.002533641993737066,0.01016,0.0004980327780800846
5,0.1142857142857143,0.0026931333066175646,0.01016,0.0002669526743622813
5,0.1142857142857143,0.0028480114921194074,0.01016,3.400297440851827e-05
5,0.1142857142857143,0.002998271415988416,0.01016,-0.0002008184025783519
5,0.1142857142857143,0.0031438951083349684,0.01016,-0.0004375187393883392
5,0.1142857142857143,0.0032848286594901986,0.01016,-0.0006761198843914821
5,0.1142857142857143,0.003420769148457623,0.01016,-0.0009167446046194107
5,0.1142857142857143,0.0035513007006488487,0.01016,-0.0011595614446409776
5,0.1142857142857143,0.0036760151428567485,0.01016,-0.0014047358278293154
5,0.1142857142857143,0.0037944991676200183,0.01016,-0.0016524352583546995
5,0.1142857142857143,0.0039064241826712864,0.01016,-0.0019027929072344962
5,0.1142857142857143,0.004012070004863237,0.01016,-0.0021556953710242313
5,0.1142857142857143,0.004111962895249083,0.01016,-0.0024109293680164056
5,0.1142857142857143,0.004206631682009127,0.01016,-0.0026682805761049514
5,0.1142857142857143,0.0042966000590694935,0.01016,-0.002927536753980945
5,0.1142857142857143,0.004382114470630712,0.01016,-0.003188598023381362
5,0.1142857142857143,0.004461498582703765,0.01016,-0.0034521437645744744
5,0.1142857142857143,0.004532267416266651,0.01016,-0.0037191810833790955
5,0.1142857142857143,0.004591887216882679,0.01016,-0.003990736853186929
5,0.1142857142857143,0.004637757484810844,0.01016,-0.004267864997752583
5,0.1142857142857143,0.004667495926112701,0.01016,-0.004551531006951945
5,0.1142857142857143,0.004680637890785168,0.01016,-0.004841923192926754
5,0.1142857142857143,0.00467743495728295,0.01016,-0.005138939596616844
5,0.1142857142857143,0.00465675245543278,0.01016,-0.005443040074191547
5,0.1142857142857143,0.004615360939356886,0.01016,-0.005755533447055893
5,0.1142857142857143,0.004549710072291396,0.01016,-0.006077858586436557
5,0.1142857142857143,0.004455656511114911,0.01016,-0.0064116946956306094
5,0.1142857142857143,0.004392073044367156,0.01016,-0.006585322800825201
5,0.1142857142857143,0.004311413048224395,0.01016,-0.006765871637328421
5,0.1142857142857143,0.004206113766282889,0.01016,-0.006956406219336785
5,0.1142857142857143,0.004061249921648084,0.01016,-0.007162975424154616
5,0.1142857142857143,0.00390949608050906,0.01016,-0.007342765156075861
5,0.1142857142857143,0.0038242388775569028,0.01016,-0.007436461638422792
5,0.1142857142857143,0.003721317273106396,0.01016,-0.007537317103351605
5,0.1142857142857143,0.00365148354230627,0.01016,-0.007595190968404083
5,0.1142857142857143,0.003603352390216371,0.01016,-0.007629483352585639
5,0.1142857142857143,0.003570291600852105,0.01016,-0.007650275101276752
5,0.1142857142857143,0.00351282,0.01016,-0.00768096
5,0.1142857142857143,0.0033903616631948746,0.01016,-0.007723196637269203
5,0.1142857142857143,0.003355139439122921,0.01016,-0.007730078450225445
5,0.1142857142857143,0.003301999994684926,0.01016,-0.007736828749356291
5,0.1142857142857143,0.003222360183609893,0.01016,-0.007739533131624349
5,0.1142857142857143,0.0031048990617371314,0.01016,-0.007727993803403767
5,0.1142857142857143,0.0030153297756846838,0.01016,-0.007705150544685853
5,0.1142857142857143,0.002889464224927525,0.01016,-0.0076378736760599085
5,0.1142857142857143,0.0027780954134433234,0.01016,-0.00753514977402442
5,0.1142857142857143,0.002677452058936321,0.01016,-0.007428079086750288
5,0.1142857142857143,0.002586856439855063,0.01016,-0.007316936279460827
5,0.1142857142857143,0.0025075972539981496,0.01016,-0.007201199072072313
5,0.1142857142857143,0.00237046818518859,0.01016,-0.006961056056383755
5,0.1142857142857143,0.0022439336498746975,0.01016,-0.006716619315783785
5,0.1142857142857143,0.0021259835875459075,0.01016,-0.006468703482355183
5,0.1142857142857143,0.002015930008142408,0.01016,-0.006217587382915557
5,0.1142857142857143,0.0019126254058554858,0.01016,-0.005963736075627105
5,0.1142857142857143,0.001814963348909847,0.01016,-0.005707597972274858
5,0.1142857142857143,0.0017218656439281768,0.01016,-0.005449610040259541
5,0.1142857142857143,0.001632302872947848,0.01016,-0.0051901894794089895
5,0.1142857142857143,0.001545443286792074,0.01016,-0.004929673378860905
5,0.1142857142857143,0.0014605167473342017,0.01016,-0.004668373858187235
5,0.1142857142857143,0.0013767479821933984,0.01016,-0.004406605117757072
5,0.1142857142857143,0.0012933617189888336,0.01016,-0.0041446813579395095
5,0.1142857142857143,0.0012097110416941174,0.01016,-0.003882864759174981
5,0.1142857142857143,0.0011257394735132951,0.01016,-0.0036211782102320966
5,0.1142857142857143,0.0010415548337840996,0.01016,-0.003359578014370786
5,0.1142857142857143,0.0009572623747171717,0.01016,-0.0030980215152495456
5,0.1142857142857143,0.0008729724827773329,0.01016,-0.002836463975729733
5,0.1142857142857143,0.0007887698731585155,0.01016,-0.0025748710626584343
5,0.1142857142857143,0.0007046571129878066,0.01016,-0.0023132417356370727
5,0.1142857142857143,0.0006205982624859644,0.01016,-0.002051590560245677
5,0.1142857142857143,0.000536570217509187,0.01016,-0.0017899269000714027
5,0.1142857142857143,0.0004525421725324109,0.01016,-0.0015282632398971284
5,0.1142857142857143,0.00036848845628474625,0.01016,-0.0012666099837085852
5,0.1142857142857143,0.0002844116358932812,0.01016,-0.0010049660911072003
5,0.1142857142857143,0.00020031941273928374,0.01016,-0.0007433284408972542
5,0.1142857142857143,0.00011622205533110865,0.01016,-0.00048169287148445636
5,0.1142857142857143,3.212213079584452e-05,0.01016,-0.00022005834247023053
5,0.1142857142857143,-5.1970092358153384e-05,0.01016,4.157930773971471e-05
5,0.1142857142857143,-0.00013605718125797323,0.01016,0.0003032190387468074
5,0.1142857142857143,-0.00022014170303070492,0.01016,0.0005648598101524729
5,0.1142857142857143,-0.0003042210905492581,0.01016,0.0008265026623552841
5,0.1142857142857143,-0.0003883030451948999,0.01016,0.0010881444741595208
5,0.1142857142857143,-0.00047238499984054213,0.01016,0.0013497862859637591
5,0.1142857142857143,-0.000556469521613273,0.01016,0.0016114270573694247
5,0.1142857142857143,-0.0006405540433860046,0.01016,0.0018730678287750902
5,0.1142857142857143,-0.0007246385651587355,0.01016,0.002134708600180754
5,0.1142857142857143,-0.0008087230869314671,0.01016,0.0023963493715864195
5,0.1142857142857143,-0.0008928076087041971,0.01016,0.0026579901429920833
5,0.1142857142857143,-0.000976892130476928,0.01016,0.002919630914397749
5,0.1142857142857143,-0.0010609766522496605,0.01016,0.0031812716858034143
5,0.1142857142857143,-0.0011450611740223913,0.01016,0.00344291245720908
5,0.1142857142857143,-0.001229145695795122,0.01016,0.0037045532286147436
5,0.1142857142857143,-0.001313230217567853,0.01016,0.003966194000020409
5,0.1142857142857143,-0.0013973147393405837,0.01016,0.004227834771426073
5,0.1142857142857143,-0.0014813992611133154,0.01016,0.0044894755428317385
5,0.1142857142857143,-0.0015234428055632254,0.01016,0.004620295408335285
5,0.1142857142857143,-0.0015654863500131353,0.01016,0.004751115273838831
5,0.1142857142857143,-0.001607527327335957,0.01016,0.004881936179740949
5,0.1142857142857143,-0.001649568304658778,0.01016,0.005012757085643068
6,0.13714285714285715,-0.002114865690246672,0.012192,0.004463257339638797
6,0.13714285714285715,-0.001992282939867484,0.012192,0.004373913841491334
6,0.13714285714285715,-0.0018698236395494278,0.012192,0.004284502308496234
6,0.13714285714285715,-0.0017476302316707312,0.012192,0.004194944238906214
6,0.13714285714285715,-0.0016258380364907099,0.012192,0.004105165056061364
6,0.13714285714285715,-0.0013839653287090452,0.012192,0.003924663361041888
6,0.13714285714285715,-0.0011446803241318615,0.012192,0.0037427355509468832
6,0.13714285714285715,-0.0009078833130943993,0.012192,0.0035594365769994396
6,0.13714285714285715,-0.0006734674638129851,0.012192,0.0033748253155100163
6,0.13714285714285715,-0.00044146601284254187,0.012192,0.003188883449404251
6,0.13714285714285715,-0.00021196442561000582,0.012192,0.0030015638776337743
6,0.13714285714285715,1.4956580536963117e-05,0.012192,0.0028128221158751293
6,0.13714285714285715,0.0002392234103696083,0.012192,0.002622617604892228
6,0.13714285714285715,0.0004607695907780946,0.012192,0.0024309137105363353
6,0.13714285714285715,0.0006795595111678638,0.012192,0.0022376908073706335
6,0.13714285714285715,0.0008955623090236321,0.012192,0.0020429318866832134
6,0.13714285714285715,0.0011087494958697541,0.012192,0.0018466212481246204
6,0.13714285714285715,0.0013191020793891332,0.012192,0.0016487484247952157
6,0.13714285714285715,0.0015265678307097514,0.012192,0.001449284632721
6,0.13714285714285715,0.001730921216066082,0.012192,0.001248105577468783
6,0.13714285714285715,0.0019318868468602155,0.012192,0.00104505948899383
6,0.13714285714285715,0.0021291893344942453,0.012192,0.0008399945972514056
6,0.13714285714285715,0.002322562786528811,0.012192,0.0006327643656465912
6,0.13714285714285715,0.0025117579288020126,0.012192,0.00042323141612165497
6,0.13714285714285715,0.0026967059141643737,0.012192,0.00021135780616541276
6,0.13714285714285715,0.0028773877502987974,0.012192,-2.866931121774108e-06
6,0.13714285714285715,0.0030537986891260097,0.012192,-0.0002194454124648153
6,0.13714285714285715,0.0032259221123685502,0.012192,-0.0004383867964008912
6,0.13714285714285715,0.003393708165194038,0.012192,-0.0006597185585415499
6,0.13714285714285715,0.0035568767109252926,0.012192,-0.0008835950856564334
6,0.13714285714285715,0.0037150431551410965,0.012192,-0.0011102283324631937
6,0.13714285714285715,0.0038678300255391446,0.012192,-0.0013398263285921107
6,0.13714285714285715,0.004014855101737857,0.012192,-0.0015725997203983808
6,0.13714285714285715,0.004155814506663684,0.012192,-0.0018087159782761925
6,0.13714285714285715,0.004290967010637067,0.012192,-0.002048032490717994
6,0.13714285714285715,0.0044207992917836255,0.012192,-0.0022902810434205882
6,0.13714285714285715,0.0045458004022686065,0.012192,-0.002535192113718324
6,0.13714285714285715,0.004666454646177987,0.012192,-0.0027824987956704622
6,0.13714285714285715,0.004782989931316933,0.012192,-0.0030320754864813565
6,0.13714285714285715,0.004893856009802392,0.012192,-0.003284776546833874
6,0.13714285714285715,0.004996754811265616,0.012192,-0.003541868471584079
6,0.13714285714285715,0.005089343158584747,0.012192,-0.00380464261447468
6,0.13714285714285715,0.0051692161496073655,0.012192,-0.0040744243466722
6,0.13714285714285715,0.005234170675550206,0.012192,-0.004352427828534524
6,0.13714285714285715,0.005283777035238948,0.012192,-0.004638889873665935
6,0.13714285714285715,0.005318267884558029,0.012192,-0.0049336822625458835
6,0.13714285714285715,0.005336593897987837,0.012192,-0.005237383291379308
6,0.13714285714285715,0.005335768533664848,0.012192,-0.005551638880134114
6,0.13714285714285715,0.005312508494770902,0.012192,-0.005878258494085036
6,0.13714285714285715,0.005262982081331658,0.012192,-0.006219353830233823
6,0.13714285714285715,0.0052229075059723115,0.012192,-0.006398339781959259
6,0.13714285714285715,0.0051670408189467215,0.012192,-0.006586028960732795
6,0.13714285714285715,0.005088388099483878,0.012192,-0.006786275802345731
6,0.13714285714285715,0.004973146681133457,0.012192,-0.007006687126109199
6,0.13714285714285715,0.0048477882127222986,0.012192,-0.007201294008610949
6,0.13714285714285715,0.004776434237682615,0.012192,-0.00730337820627099
6,0.13714285714285715,0.004688744495899784,0.012192,-0.007414465245981238
6,0.13714285714285715,0.004627908623325369,0.012192,-0.007479372715924045
6,0.13714285714285715,0.004585270318005991,0.012192,-0.007518561246630581
6,0.13714285714285715,0.00455563253045777,0.012192,-0.007542740014024821
6,0.13714285714285715,0.00450342,0.012192,-0.007579359999999999
6,0.13714285714285715,0.004389236092290743,0.012192,-0.007634443138468814
6,0.13714285714285715,0.004355726799530722,0.012192,-0.0076450655040048885
6,0.13714285714285715,0.004304711615204629,0.012192,-0.007657490563770474
6,0.13714285714285715,0.0042273166558670265,0.012192,-0.0076687638061101035
6,0.13714285714285715,0.004111199842880805,0.012192,-0.007669997066403676
6,0.13714285714285715,0.004020876970552093,0.012192,-0.0076570149686278535
6,0.13714285714285715,0.0038894972964445625,0.012192,-0.007603899635418029
6,0.13714285714285715,0.003767778696493293,0.012192,-0.0075140798933370865
6,0.13714285714285715,0.0036559788341459874,0.012192,-0.007418793812920762
6,0.13714285714285715,0.0035534709629384416,0.012192,-0.007318386801857072
6,0.13714285714285715,0.0034614468507684986,0.012192,-0.0072122020621938005
6,0.13714285714285715,0.0032971791246852494,0.012192,-0.006988931306895403
6,0.13714285714285715,0.00314270906018447,0.012192,-0.006760260939746807
6,0.13714285714285715,0.0029961777842302815,0.012192,-0.006527215408549978
6,0.13714285714285715,0.00285694905419993,0.012192,-0.006290145354442751
6,0.13714285714285715,0.0027239616743756153,0.012192,-0.006049635615442341
6,0.13714285714285715,0.0025961924336737312,0.012192,-0.005806250095766686
6,0.13714285714285715,0.0024726442354466786,0.012192,-0.005560538307646724
6,0.13714285714285715,0.0023523650897999656,0.012192,-0.005313024904426759
6,0.13714285714285715,0.0022345858078911592,0.012192,-0.005064133795542082
6,0.13714285714285715,0.0021185941778291183,0.012192,-0.00481425748972908
6,0.13714285714285715,0.0020036732396434267,0.012192,-0.004563791112449046
6,0.13714285714285715,0.0018891060333636688,0.012192,-0.004313129789163275
6,0.13714285714285715,0.0017742943010012847,0.012192,-0.004062603227210329
6,0.13714285714285715,0.0016591858136842594,0.012192,-0.0038122402105642108
6,0.13714285714285715,0.0015438802810773516,0.012192,-0.0035619857880018245
6,0.13714285714285715,0.0014284750388056837,0.012192,-0.0033117863166625327
6,0.13714285714285715,0.0013130721705736526,0.012192,-0.003061585536960786
6,0.13714285714285715,0.0011977500196892845,0.012192,-0.002811340272935583
6,0.13714285714285715,0.001082510960192217,0.012192,-0.002561049216224468
6,0.13714285714285715,0.0009673217555275283,0.012192,-0.0023107306839018063
6,0.13714285714285715,0.0008521610393384857,0.012192,-0.00206039645122969
6,0.13714285714285715,0.0007370003231494428,0.012192,-0.0018100622185575716
6,0.13714285714285715,0.0006218158665640284,0.012192,-0.001559741069510001
6,0.13714285714285715,0.0005066100436218798,0.012192,-0.0013094316957245203
6,0.13714285714285715,0.0003913899764419089,0.012192,-0.0010591301721137687
6,0.13714285714285715,0.00027616516118266366,0.012192,-0.0008088312652279267
6,0.13714285714285715,0.00016093797188378167,0.012192,-0.0005585336667045387
6,0.13714285714285715,4.571790470380994e-05,0.012192,-0.00030823214309378625
6,0.13714285714285715,-6.949741439688656e-05,0.012192,-5.792800275812495e-05
6,0.13714285714285715,-0.0001847103594579463,0.012192,0.00019237744593998945
6,0.13714285714285715,-0.0002999185564397317,0.012192,0.00044268551136301525
6,0.13714285714285715,-0.0004151291274611538,0.012192,0.0006929922684235845
6,0.13714285714285715,-0.0005303396984825768,0.012192,0.0009432990254841555
6,0.13714285714285715,-0.0006455526435436357,0.012192,0.0011936044741822699
6,0.13714285714285715,-0.0007607655886046963,0.012192,0.0014439099228803877
6,0.13714285714285715,-0.000875978533665756,0.012192,0.0016942153715785039
6,0.13714285714285715,-0.0009911914787268158,0.012192,0.00194452082027662
6,0.13714285714285715,-0.0011064044237878747,0.012192,0.0021948262689747327
6,0.13714285714285715,-0.0012216173688489353,0.012192,0.0024451317176728523
6,0.13714285714285715,-0.0013368303139099941,0.012192,0.0026954371663709667
6,0.13714285714285715,-0.0014520432589710539,0.012192,0.002945742615069081
6,0.13714285714285715,-0.0015672562040321145,0.012192,0.003196048063767197
6,0.13714285714285715,-0.0016824691490931734,0.012192,0.0034463535124653133
6,0.13714285714285715,-0.0017976820941542331,0.012192,0.0036966589611634295
6,0.13714285714285715,-0.0019128950392152929,0.012192,0.003946964409861544
6,0.13714285714285715,-0.0019705026987656415,0.012192,0.004072116480029375
6,0.13714285714285715,-0.0020281103583159902,0.012192,0.004197268550197207
6,0.13714285714285715,-0.0020857156438267004,0.012192,0.00432242192872749
6,0.13714285714285715,-0.0021433209293374124,0.012192,0.004447575307257776
7,0.16000000000000003,-0.002568030188585392,0.014224,0.004023248261171699
7,0.16000000000000003,-0.0024358601946981905,0.014224,0.003944528595002536
7,0.16000000000000003,-0.0023038054247891742,0.014224,0.0038657291615210535
7,0.16000000000000003,-0.002171998829602403,0.014224,0.0037867579215207347
7,0.16000000000000003,-0.0020405667123447333,0.014224,0.0037075274377553844
7,0.16000000000000003,-0.00177930010260385,0.014224,0.003547960465759668
7,0.16000000000000003,-0.0015204487647133887,0.014224,0.0033867214481788366
7,0.16000000000000003,-0.0012639196331525092,0.014224,0.0032238748124574536
7,0.16000000000000003,-0.001009612994863164,0.014224,0.0030594895880004126
7,0.16000000000000003,-0.0007575598716856365,0.014224,0.0028935442989928527
7,0.16000000000000003,-0.0005078400340663616,0.014224,0.0027259837219108657
7,0.16000000000000003,-0.00026052882076030726,0.014224,0.002556755701204092
7,0.16000000000000003,-1.5694922985237843e-05,0.014224,0.002385812683282494
7,0.16000000000000003,0.0002265996155782872,0.014224,0.0022131117165163604
7,0.16000000000000003,0.00046632155724425205,0.014224,0.0020386297911040626
7,0.16000000000000003,0.0007034420960181096,0.014224,0.001862346965217523
7,0.16000000000000003,0.0009379346417510478,0.014224,0.0016842448310154384
7,0.16000000000000003,0.001169781467677192,0.014224,0.0015043111166036013
7,0.16000000000000003,0.0013989338251903871,0.014224,0.001322512074272959
7,0.16000000000000003,0.0016251812089458722,0.014224,0.0011387019752798506
7,0.16000000000000003,0.0018482665808384644,0.014224,0.0009527028771583422
7,0.16000000000000003,0.0020679329027629813,0.014224,0.0007643368374424895
7,0.16000000000000003,0.0022839319999971752,0.014224,0.0005734320496134596
7,0.16000000000000003,0.0024960312087389446,0.014224,0.00037982744505984066
7,0.16000000000000003,0.002704166269461991,0.014224,0.00018347853816514867
7,0.16000000000000003,0.0029083194554004417,0.014224,-1.5626942964822033e-05
7,0.16000000000000003,0.003108486334862827,0.014224,-0.0002174920663036194
7,0.16000000000000003,0.0033046513969290075,0.014224,-0.00042212756975867037
7,0.16000000000000003,0.003496768108838562,0.014224,-0.0006295656670522592
7,0.16000000000000003,0.003684575000794837,0.014224,-0.0008399873686238731
7,0.16000000000000003,0.003867713105788874,0.014224,-0.0010536411803311174
7,0.16000000000000003,0.004045830104348912,0.014224,-0.0012707710060712715
7,0.16000000000000003,0.0042185692453117225,0.014224,-0.0014916238177151604
7,0.16000000000000003,0.004385646900423312,0.014224,-0.0017163959655700327
7,0.16000000000000003,0.004547304596868725,0.014224,-0.0019449202450773709
7,0.16000000000000003,0.004703996583023496,0.014224,-0.0021768821889482353
7,0.16000000000000003,0.004856179323108901,0.014224,-0.0024119657959069066
7,0.16000000000000003,0.005004304849654741,0.014224,-0.002649858132651216
7,0.16000000000000003,0.0051485858838515135,0.014224,-0.00289041193645073
7,0.16000000000000003,0.005287575478434699,0.014224,-0.003134628900669744
7,0.16000000000000003,0.005419128694733462,0.014224,-0.003383993924506782
7,0.16000000000000003,0.005541058493008018,0.014224,-0.0036400210529090975
7,0.16000000000000003,0.005651120221529486,0.014224,-0.0039042642144801066
7,0.16000000000000003,0.005747257575456404,0.014224,-0.004178146948947319
7,0.16000000000000003,0.005829069486710861,0.014224,-0.004461946907917071
7,0.16000000000000003,0.005896773108174818,0.014224,-0.004755513760685379
7,0.16000000000000003,0.005949389036033702,0.014224,-0.005059525529406942
7,0.16000000000000003,0.005984129736353722,0.014224,-0.005375911969445129
7,0.16000000000000003,0.005997930694484295,0.014224,-0.00570679458451023
7,0.16000000000000003,0.005987215535410208,0.014224,-0.006054649229257636
7,0.16000000000000003,0.005967566858809583,0.014224,-0.006238469999338859
7,0.16000000000000003,0.0059331783763841755,0.014224,-0.00643249484944961
7,0.16000000000000003,0.005877522206600639,0.014224,-0.006641242904630023
7,0.16000000000000003,0.005787715422359563,0.014224,-0.006873632763991896
7,0.16000000000000003,0.005684914630058069,0.014224,-0.00708097444673282
7,0.16000000000000003,0.00562541753359407,0.014224,-0.007190250475780356
7,0.16000000000000003,0.0055506732026321245,0.014224,-0.007310081867828969
7,0.16000000000000003,0.00549744222923053,0.014224,-0.007380976307204347
7,0.16000000000000003,0.0054594206766122545,0.014224,-0.007424319723818071
7,0.16000000000000003,0.005432645576850013,0.014224,-0.007451366521785707
7,0.16000000000000003,0.0053847999999999995,0.014224,-0.007493
7,0.16000000000000003,0.005277336949330612,0.014224,-0.007558883654868918
7,0.16000000000000003,0.005245172768405329,0.014224,-0.0075726393711384125
7,0.16000000000000003,0.005195781422649902,0.014224,-0.007589810198824869
7,0.16000000000000003,0.005119992562324222,0.014224,-0.007608233673430132
7,0.16000000000000003,0.005004510968685146,0.014224,-0.007620091978070455
7,0.16000000000000003,0.004913104538949598,0.014224,-0.007615283516396767
7,0.16000000000000003,0.004776274910157382,0.014224,-0.007573833299487643
7,0.16000000000000003,0.004644911484117478,0.014224,-0.007494555262132258
7,0.16000000000000003,0.004522805861555616,0.014224,-0.007408868228029523
7,0.16000000000000003,0.004409373059197934,0.014224,-0.007317177169688129
7,0.16000000000000003,0.004305725431603067,0.014224,-0.007218712025746856
7,0.16000000000000003,0.004116892603071794,0.014224,-0.007009000560052222
7,0.16000000000000003,0.0039372045698861146,0.014224,-0.006792958330935781
7,0.16000000000000003,0.003764926324836045,0.014224,-0.006571786450042622
7,0.16000000000000003,0.0035994640212647826,0.014224,-0.006345896025828531
7,0.16000000000000003,0.0034398271761290826,0.014224,-0.006115972750382087
7,0.16000000000000003,0.003285060759917446,0.014224,-0.005882677772003456
7,0.16000000000000003,0.003134234117421454,0.014224,-0.00564665536513828
7,0.16000000000000003,0.0029864586945016385,0.014224,-0.005408520658483469
7,0.16000000000000003,0.0028410165571400754,0.014224,-0.00516877066375423
7,0.16000000000000003,0.002697242951616465,0.014224,-0.0049278655769831635
7,0.16000000000000003,0.002554468692519039,0.014224,-0.004686268662176421
7,0.16000000000000003,0.0024120245944360286,0.014224,-0.004444443183340154
7,0.16000000000000003,0.002269352264242382,0.014224,-0.004202775705141746
7,0.16000000000000003,0.0021264029533319432,0.014224,-0.003961299975290255
7,0.16000000000000003,0.0019832697272255556,0.014224,-0.0037199515663411172
7,0.16000000000000003,0.0018400434355983256,0.014224,-0.003478667584836544
7,0.16000000000000003,0.0016968193598168296,0.014224,-0.003237382069345194
7,0.16000000000000003,0.001553670622790302,0.014224,-0.0029960443983034846
7,0.16000000000000003,0.0014105994403644751,0.014224,-0.002754653037724636
7,0.16000000000000003,0.0012675747906990692,0.014224,-0.0025132294634235067
7,0.16000000000000003,0.001124576731182476,0.014224,-0.002271787481281074
7,0.16000000000000003,0.000981578671665882,0.014224,-0.0020303454991386404
7,0.16000000000000003,0.0008385584536919448,0.014224,-0.0017889188568639596
7,0.16000000000000003,0.0006955182931063985,0.014224,-0.001547506020470258
7,0.16000000000000003,0.0005524648374464463,0.014224,-0.0013061023879972072
7,0.16000000000000003,0.00040940695009502714,0.014224,-0.0010647018234977088
7,0.16000000000000003,0.00026634684689787105,0.014224,-0.0008233027929849847
7,0.16000000000000003,0.00012329339123791968,0.014224,-0.0005818991605119356
7,0.16000000000000003,-1.9755632730563896e-05,0.014224,-0.00034049246006533345
7,0.16000000000000003,-0.00016280244085331314,0.014224,-9.908422563195771e-05
7,0.16000000000000003,-0.00030584481728459373,0.014224,0.00014232707677496945
7,0.16000000000000003,-0.0004488894095616078,0.014224,0.0003837368451951196
7,0.16000000000000003,-0.0005919340018386227,0.014224,0.0006251466136152732
7,0.16000000000000003,-0.0007349808099613711,0.014224,0.0008665548480486472
7,0.16000000000000003,-0.0008780276180841212,0.014224,0.001107963082482023
7,0.16000000000000003,-0.0010210744262068696,0.014224,0.0013493713169154004
7,0.16000000000000003,-0.0011641212343296197,0.014224,0.0015907795513487762
7,0.16000000000000003,-0.0013071680424523672,0.014224,0.001832187785782152
7,0.16000000000000003,-0.0014502148505751164,0.014224,0.0020735960202155276
7,0.16000000000000003,-0.0015932616586978648,0.014224,0.0023150042546489034
7,0.16000000000000003,-0.001736308466820614,0.014224,0.002556412489082281
7,0.16000000000000003,-0.0018793552749433642,0.014224,0.0027978207235156566
7,0.16000000000000003,-0.0020224020830661125,0.014224,0.0030392289579490323
7,0.16000000000000003,-0.002165448891188862,0.014224,0.003280637192382408
7,0.16000000000000003,-0.0023084956993116093,0.014224,0.003522045426815784
7,0.16000000000000003,-0.0023800202112958524,0.014224,0.0036427487770390853
7,0.16000000000000003,-0.002451544723280093,0.014224,0.003763452127262385
7,0.16000000000000003,-0.0025230670194186016,0.014224,0.003884157011472461
7,0.16000000000000003,-0.0025945893155571087,0.014224,0.004004861895682537
8,0.18285714285714286,-0.0029455863060456897,0.016256,0.0037508317226160274
8,0.18285714285714286,-0.0028056135733901507,0.016256,0.003679352324633506
8,0.18285714285714286,-0.002665750035298846,0.016256,0.0036077847198414045
8,0.18285714285714286,-0.0025261216854997456,0.016256,0.003536027131151755
8,0.18285714285714286,-0.0023868482180344113,0.016256,0.003463982870330973
8,0.18285714285714286,-0.002109815307734789,0.016256,0.003318671327348914
8,0.18285714285714286,-0.0018350712834932009,0.016256,0.0031715108339353173
8,0.18285714285714286,-0.0015625279497000688,0.016256,0.003022572634051762
8,0.18285714285714286,-0.0012920908110594194,0.016256,0.002871933060514229
8,0.18285714285714286,-0.0010237892661077753,0.016256,0.0027195683653355243
8,0.18285714285714286,-0.0007576989110819219,0.016256,0.002565417482262867
8,0.18285714285714286,-0.0004938911424276987,0.016256,0.0024094227376130657
8,0.18285714285714286,-0.00023243105690456088,0.016256,0.0022515315465573386
8,0.18285714285714286,2.662254841444625e-05,0.016256,0.0020916964131212946
8,0.18285714285714286,0.0002832381750973289,0.016256,0.0019298918930329388
8,0.18285714285714286,0.0005373885245030284,0.016256,0.00176609593458988
8,0.18285714285714286,0.0007890483978859521,0.016256,0.00160028818237452
8,0.18285714285714286,0.0010382009960823715,0.016256,0.001432455066108465
8,0.18285714285714286,0.0012848001213920318,0.016256,0.0012625592675261244
8,0.18285714285714286,0.0015286462837456561,0.016256,0.001090439639571535
8,0.18285714285714286,0.0017694958952691768,0.016256,0.00091589941320795
8,0.18285714285714286,0.0020071053680885305,0.016256,0.0007387418193986143
8,0.18285714285714286,0.0022412395139115152,0.016256,0.0005587768742459764
8,0.18285714285714286,0.0024716778437141908,0.016256,0.00037582646784608143
8,0.18285714285714286,0.00269835946052804,0.016256,0.00018984140793974324
8,0.18285714285714286,0.0029212675651893376,0.016256,8.08124248562539e-07
8,0.18285714285714286,0.003140397957907148,0.016256,-0.00019127677579705918
8,0.18285714285714286,0.0033557359394132116,0.016256,-0.0003864251661907202
8,0.18285714285714286,0.0035672374119027385,0.016256,-0.0005846726689132083
8,0.18285714285714286,0.0037746545877107313,0.016256,-0.0007862194455708757
8,0.18285714285714286,0.003977647283771684,0.016256,-0.0009913402943012547
8,0.18285714285714286,0.004175881616706491,0.016256,-0.0012003049243874773
8,0.18285714285714286,0.0043690195033451095,0.016256,-0.001413386437682275
8,0.18285714285714286,0.0045567921570678835,0.016256,-0.0016308019586399958
8,0.18285714285714286,0.004739428466480615,0.016256,-0.0018523665922174836
8,0.18285714285714286,0.004917358910153852,0.016256,-0.002077732600030826
8,0.18285714285714286,0.005091016066553607,0.016256,-0.002306550547411308
8,0.18285714285714286,0.005260828314354961,0.016256,-0.00253847439225982
8,0.18285714285714286,0.00542699724352266,0.016256,-0.0027733412912355985
8,0.18285714285714286,0.005588151622317348,0.016256,-0.00301225891831277
8,0.18285714285714286,0.005742258751927858,0.016256,-0.0032568692771773244
8,0.18285714285714286,0.0058872460355291634,0.016256,-0.003508846600926446
8,0.18285714285714286,0.006020986279014122,0.016256,-0.0037699092260621075
8,0.18285714285714286,0.006141530779390204,0.016256,-0.004041631304878318
8,0.18285714285714286,0.006248499455578054,0.016256,-0.004324319864923799
8,0.18285714285714286,0.006342098097333343,0.016256,-0.004617808670288194
8,0.18285714285714286,0.006421398550860064,0.016256,-0.004922847478852917
8,0.18285714285714286,0.006483759147661883,0.016256,-0.005241570216895833
8,0.18285714285714286,0.006526275732309205,0.016256,-0.0055763228462947624
8,0.18285714285714286,0.00654555907351977,0.016256,-0.005929843170716223
8,0.18285714285714286,0.006541657468316542,0.016256,-0.006117543521741832
8,0.18285714285714286,0.00652378735847292,0.016256,-0.006316527559254233
8,0.18285714285714286,0.006485762451945821,0.016256,-0.006531792538272984
8,0.18285714285714286,0.006415373956495431,0.016256,-0.006773200658622832
8,0.18285714285714286,0.00632972762047392,0.016256,-0.006990024253552814
8,0.18285714285714286,0.006279231434430092,0.016256,-0.007104634275675464
8,0.18285714285714286,0.006214285867684138,0.016256,-0.007230916433504009
8,0.18285714285714286,0.006166784132460396,0.016256,-0.007306197822728862
8,0.18285714285714286,0.006132224052936855,0.016256,-0.0073525701433471155
8,0.18285714285714286,0.006107585979461925,0.016256,-0.007381700085593964
8,0.18285714285714286,0.00606298,0.016256,-0.00742696
8,0.18285714285714286,0.005960404306244074,0.016256,-0.007500592687196387
8,0.18285714285714286,0.005929187260216627,0.016256,-0.0075165822243335135
8,0.18285714285714286,0.005880908563498606,0.016256,-0.007537126642773812
8,0.18285714285714286,0.005806141785314122,0.016256,-0.007560613132289188
8,0.18285714285714286,0.005690815526087668,0.016256,-0.007579953631934816
8,0.18285714285714286,0.00559830463110022,0.016256,-0.007580863997233027
8,0.18285714285714286,0.005456859871837506,0.016256,-0.007547483425668609
8,0.18285714285714286,0.005317651501131621,0.016256,-0.00747538658001904
8,0.18285714285714286,0.005187216493683036,0.016256,-0.007396202656476836
8,0.18285714285714286,0.005065000477088705,0.016256,-0.007310379474229083
8,0.18285714285714286,0.004952057598872604,0.016256,-0.007217065498306393
8,0.18285714285714286,0.004743668171463813,0.016256,-0.007016304101510929
8,0.18285714285714286,0.0045439450126435535,0.016256,-0.006808542137347608
8,0.18285714285714286,0.00435124390426188,0.016256,-0.006595107796814497
8,0.18285714285714286,0.004165002074333881,0.016256,-0.006376455684237885
8,0.18285714285714286,0.003984280869586219,0.016256,-0.006153344038923181
8,0.18285714285714286,0.0038081752350730093,0.016256,-0.005926503959619006
8,0.18285714285714286,0.003635803214698498,0.016256,-0.005696647885941181
8,0.18285714285714286,0.003466322750380785,0.016256,-0.005464456028094337
8,0.18285714285714286,0.0032990534759888587,0.016256,-0.005230477982353537
8,0.18285714285714286,0.0031333654228828936,0.016256,-0.004995222634158655
8,0.18285714285714286,0.002968624422632133,0.016256,-0.004759202261519163
8,0.18285714285714286,0.0028041963068058187,0.016256,-0.004522929142444535
8,0.18285714285714286,0.0026395519017464977,0.016256,-0.004286830740704262
8,0.18285714285714286,0.002474645009753916,0.016256,-0.004050944374563937
8,0.18285714285714286,0.0023095638264376494,0.016256,-0.0038151988000619773
8,0.18285714285714286,0.002144394447511808,0.016256,-0.0035795244695216
8,0.18285714285714286,0.001979227168481431,0.016256,-0.003343848442696422
8,0.18285714285714286,0.0018141312858969026,0.016256,-0.0031081147421880596
8,0.18285714285714286,0.0016491088996536864,0.016256,-0.002872321671711711
8,0.18285714285714286,0.0014841306112152583,0.016256,-0.0026364929792545714
8,0.18285714285714286,0.0013191775215224228,0.016256,-0.002400643931379838
8,0.18285714285714286,0.0011542244318295874,0.016256,-0.0021647948835051035
8,0.18285714285714286,0.000989250343182091,0.016256,-0.0019289627984783644
8,0.18285714285714286,0.0008242573554754001,0.016256,-0.0016931459800148228
8,0.18285714285714286,0.0006592517683959125,0.016256,-0.0014573393392600768
8,0.18285714285714286,0.000494241981525494,0.016256,-0.0012215360910749328
8,0.18285714285714286,0.00032923009475960795,0.016256,-0.0009857345391745855
8,0.18285714285714286,0.00016422450768011944,0.016256,-0.0007499278984198403
8,0.18285714285714286,-7.768796084356433e-07,0.016256,-0.0005141178650954958
8,0.18285714285714286,-0.00016577616700152488,0.016256,-0.00027830613548635377
8,0.18285714285714286,-0.00033077125460368156,0.016256,-4.249101330760976e-05
8,0.18285714285714286,-0.0004957684421013041,0.016256,0.00019332241258633153
8,0.18285714285714286,-0.0006607656295989283,0.016256,0.0004291358384802754
8,0.18285714285714286,-0.0008257649169920176,0.016256,0.0006649475680894201
8,0.18285714285714286,-0.000990764204385106,0.016256,0.000900759297698563
8,0.18285714285714286,-0.0011557634917781952,0.016256,0.0011365710273077059
8,0.18285714285714286,-0.0013207627791712853,0.016256,0.0013723827569168505
8,0.18285714285714286,-0.0014857620665643737,0.016256,0.0016081944865259934
8,0.18285714285714286,-0.0016507613539574629,0.016256,0.0018440062161351363
8,0.18285714285714286,-0.0018157606413505513,0.016256,0.002079817945744279
8,0.18285714285714286,-0.0019807599287436422,0.016256,0.002315629675353424
8,0.18285714285714286,-0.0021457592161367315,0.016256,0.0025514414049625685
8,0.18285714285714286,-0.0023107585035298207,0.016256,0.0027872531345717114
8,0.18285714285714286,-0.00247575779092291,0.016256,0.0030230648641808543
8,0.18285714285714286,-0.0026407570783159974,0.016256,0.003258876593789999
8,0.18285714285714286,-0.002723257771960276,0.016256,0.0033767816104521703
8,0.18285714285714286,-0.0028057584656045525,0.016256,0.0034946866271143417
8,0.18285714285714286,-0.002888257059353365,0.016256,0.003612593340061315
8,0.18285714285714286,-0.002970755653102176,0.016256,0.0037305000530082847
9,0.2057142857142857,-0.003200877013323734,0.018288,0.003684949334937249
9,0.2057142857142857,-0.0030560996093167807,0.018288,0.003616434311241738
9,0.2057142857142857,-0.0029114278223639403,0.018288,0.003547826979406158
9,0.2057142857142857,-0.0027669835182968887,0.018288,0.003479020830038127
9,0.2057142857142857,-0.0026228824696557136,0.018288,0.0034099146792148797
9,0.2057142857142857,-0.0023361447934506195,0.018288,0.003270422489703222
9,0.2057142857142857,-0.0020516210131875674,0.018288,0.00312899537956324
9,0.2057142857142857,-0.0017692258227843885,0.018288,0.002985707905369602
9,0.2057142857142857,-0.0014888678228673225,0.018288,0.0028406399491665924
9,0.2057142857142857,-0.0012105754487970995,0.018288,0.00269376665876266
9,0.2057142857142857,-0.0009344218200727184,0.018288,0.0025450241285223723
9,0.2057142857142857,-0.0006604759939987936,0.018288,0.0023943520031233763
9,0.2057142857142857,-0.00038880093458835974,0.018288,0.0022416952527129436
9,0.2057142857142857,-0.00011945351256285961,0.018288,0.0020870041729079544
9,0.2057142857142857,0.00014753580561978862,0.018288,0.00193025213636032
9,0.2057142857142857,0.000412140615696055,0.018288,0.0017714160660350165
9,0.2057142857142857,0.0006743365444996053,0.018288,0.0016104746600535723
9,0.2057142857142857,0.0009341073432528827,0.018288,0.0014474137171636694
9,0.2057142857142857,0.001191408327817607,0.018288,0.0012821941839214297
9,0.2057142857142857,0.0014460465439602999,0.018288,0.001114647420455579
9,0.2057142857142857,0.0016977863844063936,0.018288,0.000944567508607508
9,0.2057142857142857,0.001946392241881324,0.018288,0.0007717485302186034
9,0.2057142857142857,0.0021916366334993,0.018288,0.0005959916677564141
9,0.2057142857142857,0.0024333062940549,0.018288,0.0004171105297842651
9,0.2057142857142857,0.002671342321729479,0.018288,0.00023505363676250713
9,0.2057142857142857,0.0029057284677454828,0.018288,4.980678743882021e-05
9,0.2057142857142857,0.003136460669908522,0.018288,-0.0001386335684998765
9,0.2057142857142857,0.003363524710538234,0.018288,-0.00033027985714936033
9,0.2057142857142857,0.003586877936593534,0.018288,-0.000525169356796965
9,0.2057142857142857,0.0038062806786054683,0.018288,-0.0007235115359143819
9,0.2057142857142857,0.00402140389882852,0.018288,-0.0009255939698610497
9,0.2057142857142857,0.004231924652808761,0.018288,-0.001131698908526788
9,0.2057142857142857,0.004437515933897869,0.018288,-0.0013421121521144984
9,0.2057142857142857,0.004637917761654946,0.018288,-0.0015570609206612676
9,0.2057142857142857,0.0048333515256741965,0.018288,-0.0017763517221042633
9,0.2057142857142857,0.005024233600880497,0.018288,-0.001999620649352835
9,0.2057142857142857,0.005210982393295923,0.018288,-0.0022265020201597974
9,0.2057142857142857,0.0053940122467481585,0.018288,-0.0024566337025910406
9,0.2057142857142857,0.00557351814656788,0.018288,-0.002689845281618747
9,0.2057142857142857,0.005748173786287056,0.018288,-0.0029272959344633755
9,0.2057142857142857,0.00591601306382138,0.018288,-0.003170704012655402
9,0.2057142857142857,0.006075031286239846,0.018288,-0.0034218215956995576
9,0.2057142857142857,0.006223170952084394,0.018288,-0.0036824469171706092
9,0.2057142857142857,0.006358547203158496,0.018288,-0.003954227322337444
9,0.2057142857142857,0.006480792410869942,0.018288,-0.004237484114533756
9,0.2057142857142857,0.006590105622743796,0.018288,-0.004532043328418651
9,0.2057142857142857,0.006685589093820075,0.018288,-0.004838689583182698
9,0.2057142857142857,0.006764687703828056,0.018288,-0.005159656025752899
9,0.2057142857142857,0.0068245924453477,0.018288,-0.005497397697623729
9,0.2057142857142857,0.00686202512750703,0.018288,-0.005854779701450343
9,0.2057142857142857,0.006867641907230554,0.018288,-0.006044919575466761
9,0.2057142857142857,0.006859747828416045,0.018288,-0.00624686779078559
9,0.2057142857142857,0.006832359278728407,0.018288,-0.006465853958572931
9,0.2057142857142857,0.006773667459078627,0.018288,-0.0067121988389508835
9,0.2057142857142857,0.006698339575551176,0.018288,-0.006934073680113541
9,0.2057142857142857,0.006653254004638627,0.018288,-0.007051497522691112
9,0.2057142857142857,0.006594192453930496,0.018288,-0.007181136217418696
9,0.2057142857142857,0.006550125115955158,0.018288,-0.007258660360137473
9,0.2057142857142857,0.00651763637415863,0.018288,-0.007306560049785219
9,0.2057142857142857,0.006494275038690722,0.018288,-0.007336730043124373
9,0.2057142857142857,0.0064516,0.018288,-0.00738378
9,0.2057142857142857,0.006351915436325902,0.018288,-0.007461150764995384
9,0.2057142857142857,0.006321251617516426,0.018288,-0.007478198160457015
9,0.2057142857142857,0.00627361560608582,0.018288,-0.007500326621145829
9,0.2057142857142857,0.006199420278812279,0.018288,-0.0075261627431104814
9,0.2057142857142857,0.0060841161975641374,0.018288,-0.007548917687007274
9,0.2057142857142857,0.005990879987334599,0.018288,-0.007552385555099692
9,0.2057142857142857,0.005846556895856469,0.018288,-0.007522483242771657
9,0.2057142857142857,0.005702518811228324,0.018288,-0.007453322062095676
9,0.2057142857142857,0.005566966650678938,0.018288,-0.007376744277396624
9,0.2057142857142857,0.0054393642045489545,0.018288,-0.007293218530000994
9,0.2057142857142857,0.005320731083630029,0.018288,-0.007201853691325832
9,0.2057142857142857,0.005100387943617026,0.018288,-0.007004333409686319
9,0.2057142857142857,0.004888427141725863,0.018288,-0.006799487057007262
9,0.2057142857142857,0.004683258328853216,0.018288,-0.006588704580859284
9,0.2057142857142857,0.004484337170950954,0.018288,-0.006372461723195038
9,0.2057142857142857,0.004290755767573118,0.018288,-0.006151551978987792
9,0.2057142857142857,0.004101638715828868,0.018288,-0.005926740440706178
9,0.2057142857142857,0.003916132954896495,0.018288,-0.005698772674096889
9,0.2057142857142857,0.0037334240148009954,0.018288,-0.005468360516932365
9,0.2057142857142857,0.003552853820051339,0.018288,-0.005236079119931487
9,0.2057142857142857,0.003373813041489166,0.018288,-0.005002461030056177
9,0.2057142857142857,0.003195688287761727,0.018288,-0.00476804234458144
9,0.2057142857142857,0.0030178661675162735,0.018288,-0.0045333591607822805
9,0.2057142857142857,0.0028398348442597835,0.018288,-0.004298858818106716
9,0.2057142857142857,0.0026615496338539763,0.018288,-0.00406458036999862
9,0.2057142857142857,0.0024830958423810237,0.018288,-0.0038304492598833233
9,0.2057142857142857,0.0023045567448259,0.018288,-0.003596392706342694
9,0.2057142857142857,0.002126019678367971,0.018288,-0.0033623343776455266
9,0.2057142857142857,0.0019475516692146564,0.018288,-0.0031282156936260084
9,0.2057142857142857,0.0017691547484631502,0.018288,-0.002894034879127598
9,0.2057142857142857,0.00159080048075273,0.018288,-0.0026598167863418534
9,0.2057142857142857,0.0014124705862086423,0.018288,-0.0024255773916776312
9,0.2057142857142857,0.0012341406916645562,0.018288,-0.002191337997013409
9,0.2057142857142857,0.0010557904861485242,0.018288,-0.0019571163539145843
9,0.2057142857142857,0.0008774220007577412,0.018288,-0.0017229106872246169
9,0.2057142857142857,0.0006990413287837911,0.018288,-0.0014887156714738893
9,0.2057142857142857,0.0005206565946154528,0.018288,-0.0012545242060362418
9,0.2057142857142857,0.0003422698293499187,0.018288,-0.0010203345157551317
9,0.2057142857142857,0.00016388915737596942,0.018288,-0.0007861395000044041
9,0.2057142857142857,-1.4487452403591679e-05,0.018288,-0.0005519409339405958
9,0.2057142857142857,-0.00019286203108595783,0.018288,-0.00031774059272024913
9,0.2057142857142857,-0.00037123254757393583,0.018288,-8.353670118682165e-05
9,0.2057142857142857,-0.0005496050951591062,0.018288,0.00015066541519006584
9,0.2057142857142857,-0.0007279776427442783,0.018288,0.0003848675315669516
9,0.2057142857142857,-0.0009063522214266453,0.018288,0.0006190678727873008
9,0.2057142857142857,-0.0010847268001090123,0.018288,0.00085326821400765
9,0.2057142857142857,-0.0012631013787913785,0.018288,0.001087468555227994
9,0.2057142857142857,-0.0014414759574737437,0.018288,0.0013216688964483433
9,0.2057142857142857,-0.0016198505361561082,0.018288,0.001555869237668689
9,0.2057142857142857,-0.001798225114838476,0.018288,0.0017900695788890383
9,0.2057142857142857,-0.001976599693520842,0.018288,0.002024269920109384
9,0.2057142857142857,-0.0021549742722032084,0.018288,0.0022584702613297316
9,0.2057142857142857,-0.0023333488508855763,0.018288,0.002492670602550081
9,0.2057142857142857,-0.0025117234295679407,0.018288,0.0027268709437704266
9,0.2057142857142857,-0.002690098008250307,0.018288,0.002961071284990774
9,0.2057142857142857,-0.0028684725869326747,0.018288,0.0031952716262111215
9,0.2057142857142857,-0.0029576608918224535,0.018288,0.0033123709092430257
9,0.2057142857142857,-0.003046849196712236,0.018288,0.00342947019227493
9,0.2057142857142857,-0.0031360354705048214,0.018288,0.0035465712504633732
9,0.2057142857142857,-0.003225221744297407,0.018288,0.0036636723086518165
10,0.2285714285714286,-0.0032922938674845087,0.02032,0.003863768015819782
10,0.2285714285714286,-0.0031468557891594718,0.02032,0.0037930483743017955
10,0.2285714285714286,-0.003001522495049474,0.02032,0.0037222375585281584
10,0.2285714285714286,-0.0028564148900180253,0.02032,0.00365123036743466
10,0.2285714285714286,-0.002711647833685456,0.02032,0.003579926860010297
10,0.2285714285714286,-0.0024235665944634674,0.02032,0.0034360556790399557
10,0.2285714285714286,-0.0021376817935952032,0.02032,0.003290273345403094
10,0.2285714285714286,-0.001853908797676205,0.02032,0.0031426534998446635
10,0.2285714285714286,-0.0015721569280588423,0.02032,0.0029932750431628163
10,0.2285714285714286,-0.0012924543958779348,0.02032,0.002842113428442576
10,0.2285714285714286,-0.0010148737440515898,0.02032,0.0026891055350454123
10,0.2285714285714286,-0.0007394834853357906,0.02032,0.002534191749034939
10,0.2285714285714286,-0.0004663460872433526,0.02032,0.0023773177165279805
10,0.2285714285714286,-0.00019551797204390986,0.02032,0.002218434343694572
10,0.2285714285714286,7.297063404665925e-05,0.02032,0.0020575153302686564
10,0.2285714285714286,0.0003390935349745945,0.02032,0.0018945378826863242
10,0.2285714285714286,0.0006028265497671943,0.02032,0.0017294809607347325
10,0.2285714285714286,0.0008641535577759924,0.02032,0.0015623305376053212
10,0.2285714285714286,0.0011230302272176992,0.02032,0.0013930480395745433
10,0.2285714285714286,0.001379265125391764,0.02032,0.0012214668982907318
10,0.2285714285714286,0.001632624502895406,0.02032,0.001047383725029741
10,0.2285714285714286,0.0018828746103258416,0.02032,0.0008705951310674269
10,0.2285714285714286,0.002129789758604523,0.02032,0.0006909047410839321
10,0.2285714285714286,0.002373158364220312,0.02032,0.0005081284532168781
10,0.2285714285714286,0.0026129219898225146,0.02032,0.000322215420285237
10,0.2285714285714286,0.0028490645147626614,0.02032,0.00013315161548044154
10,0.2285714285714286,0.003081581908878638,0.02032,-5.9066467899647826e-05
10,0.2285714285714286,0.0033104600666030316,0.02032,-0.0002544511033125219
10,0.2285714285714286,0.0035356566712336167,0.02032,-0.0004530391111306556
10,0.2285714285714286,0.0037569339432054942,0.02032,-0.0006550373867803307
10,0.2285714285714286,0.0039739654393871945,0.02032,-0.0008607299731349218
10,0.2285714285714286,0.004186430761890421,0.02032,-0.0010703956530145903
10,0.2285714285714286,0.004394005482664762,0.02032,-0.001284316715941639
10,0.2285714285714286,0.004596431671334734,0.02032,-0.0015027175908530529
10,0.2285714285714286,0.0047939289717357095,0.02032,-0.0017254071624821813
10,0.2285714285714286,0.004986910475484673,0.02032,-0.0019520259938596322
10,0.2285714285714286,0.005175791289279669,0.02032,-0.002182212894664944
10,0.2285714285714286,0.00536098248965662,0.02032,-0.0024156101812797953
10,0.2285714285714286,0.005542677524397142,0.02032,-0.0026520495320014473
10,0.2285714285714286,0.005719560545570058,0.02032,-0.002892675885078741
10,0.2285714285714286,0.005889680954710778,0.02032,-0.0031391864843476336
10,0.2285714285714286,0.0060510498668146,0.02032,-0.0033933118873144116
10,0.2285714285714286,0.006201626004769303,0.02032,-0.003656828238613192
10,0.2285714285714286,0.006339539373352635,0.02032,-0.003931362648037121
10,0.2285714285714286,0.006464425242893015,0.02032,-0.004217232472129906
10,0.2285714285714286,0.0065764810913341715,0.02032,-0.004514265882486666
10,0.2285714285714286,0.006674816252848264,0.02032,-0.004823237860280431
10,0.2285714285714286,0.0067568957554637495,0.02032,-0.005146354121157515
10,0.2285714285714286,0.006819932742076775,0.02032,-0.0054860395496480075
10,0.2285714285714286,0.006860674871858984,0.02032,-0.005845124054379214
10,0.2285714285714286,0.006868049671463542,0.02032,-0.006035974544472084
10,0.2285714285714286,0.006862020151867215,0.02032,-0.006238488325883938
10,0.2285714285714286,0.006836649884271777,0.02032,-0.00645783077086759
10,0.2285714285714286,0.006780223187403332,0.02032,-0.006704195862545193
10,0.2285714285714286,0.006706931147521871,0.02032,-0.006925782250337997
10,0.2285714285714286,0.006662922021393522,0.02032,-0.0070429821890449175
10,0.2285714285714286,0.006605047122501902,0.02032,-0.007172246936465896
10,0.2285714285714286,0.006561687737920684,0.02032,-0.007249428043785821
10,0.2285714285714286,0.006529635415881645,0.02032,-0.007297043972079648
10,0.2285714285714286,0.006506548410833277,0.02032,-0.007326995678376549
10,0.2285714285714286,0.0064643,0.02032,-0.00737362
10,0.2285714285714286,0.006365311379445722,0.02032,-0.007449888054887002
10,0.2285714285714286,0.006334799243420076,0.02032,-0.007466573733706402
10,0.2285714285714286,0.006287358632783874,0.02032,-0.007488125751780971
10,0.2285714285714286,0.006213387907655121,0.02032,-0.007513035263874623
10,0.2285714285714286,0.006098272127839952,0.02032,-0.0075342921991283385
10,0.2285714285714286,0.006005050203724966,0.02032,-0.007536498975004311
10,0.2285714285714286,0.005860423317620184,0.02032,-0.0075045269853474235
10,0.2285714285714286,0.005715718728800426,0.02032,-0.007433169124039884
10,0.2285714285714286,0.005579433148642921,0.02032,-0.007354485761961042
10,0.2285714285714286,0.005451034595748232,0.02032,-0.007268939783793429
10,0.2285714285714286,0.00533153464080771,0.02032,-0.007175651007299804
10,0.2285714285714286,0.0051093243863057644,0.02032,-0.006974464533195631
10,0.2285714285714286,0.004895430371332089,0.02032,-0.0067660419792247364
10,0.2285714285714286,0.004688274787417908,0.02032,-0.0065517562192750865
10,0.2285714285714286,0.004487317592839555,0.02032,-0.006332077151433494
10,0.2285714285714286,0.004291658046363896,0.02032,-0.0061077885236283415
10,0.2285714285714286,0.004100427648054734,0.02032,-0.005879646030170885
10,0.2285714285714286,0.003912780063867518,0.02032,-0.00564838607851061
10,0.2285714285714286,0.0037279072462978024,0.02032,-0.005414711762426667
10,0.2285714285714286,0.0035451563090826473,0.02032,-0.005179191167665801
10,0.2285714285714286,0.0033639227279045132,0.02032,-0.004942350299549072
10,0.2285714285714286,0.003183597948283745,0.02032,-0.0047047186700996824
10,0.2285714285714286,0.003003573415740688,0.02032,-0.004466825791340834
10,0.2285714285714286,0.002823341329848609,0.02032,-0.004229113507742216
10,0.2285714285714286,0.0026428573588242223,0.02032,-0.003991620393027372
10,0.2285714285714286,0.0024622061360719833,0.02032,-0.0037542728064513557
10,0.2285714285714286,0.0022814702799152896,0.02032,-0.0035169988606202876
10,0.2285714285714286,0.0021007364388396536,0.02032,-0.0032797231614381493
10,0.2285714285714286,0.001920071110520006,0.02032,-0.0030423878483196243
10,0.2285714285714286,0.001739476310037404,0.02032,-0.002804991167913643
10,0.2285714285714286,0.0015589238262570292,0.02032,-0.0025675576671351863
10,0.2285714285714286,0.001378395523449357,0.02032,-0.002330103126143888
10,0.2285714285714286,0.0011978672206416846,0.02032,-0.0020926485851525877
10,0.2285714285714286,0.001017318767023428,0.02032,-0.0018552115776719908
10,0.2285714285714286,0.0008367521776756429,0.02032,-0.001617790350351026
10,0.2285714285714286,0.0006561734978415097,0.02032,-0.0013803796431364826
10,0.2285714285714286,0.0004755907878452592,0.02032,-0.0011429724426240805
10,0.2285714285714286,0.00029500606276794926,0.02032,-0.0009055669954627461
10,0.2285714285714286,0.00011442738293381514,0.02032,-0.0006681562882482036
10,0.2285714285714286,-6.614726673820175e-05,0.02032,-0.0004307420743315188
10,0.2285714285714286,-0.00024671990132916176,0.02032,-0.00019332610706376298
10,0.2285714285714286,-0.0004272885057580037,0.02032,4.4093366906130735e-05
10,0.2285714285714286,-0.0006078591252679025,0.02032,0.0002815110875249551
10,0.2285714285714286,-0.0007884297447778039,0.02032,0.0005189288081437803
10,0.2285714285714286,-0.0009690023793687622,0.02032,0.0007563447754115335
10,0.2285714285714286,-0.0011495750139597213,0.02032,0.0009937607426792885
10,0.2285714285714286,-0.0013301476485506804,0.02032,0.0012311767099470435
10,0.2285714285714286,-0.0015107202831416396,0.02032,0.0014685926772147967
10,0.2285714285714286,-0.0016912929177325979,0.02032,0.0017060086444825517
10,0.2285714285714286,-0.0018718655523235561,0.02032,0.001943424611750305
10,0.2285714285714286,-0.0020524381869145144,0.02032,0.00218084057901806
10,0.2285714285714286,-0.0022330108215054744,0.02032,0.002418256546285813
10,0.2285714285714286,-0.0024135834560964345,0.02032,0.00265567251355357
10,0.2285714285714286,-0.0025941560906873927,0.02032,0.002893088480821323
10,0.2285714285714286,-0.002774728725278351,0.02032,0.0031305044480890764
10,0.2285714285714286,-0.0029553013598693093,0.02032,0.0033679204153568313
10,0.2285714285714286,-0.0030455886847053177,0.02032,0.0034866275223151737
10,0.2285714285714286,-0.003135876009541326,0.02032,0.003605334629273516
10,0.2285714285714286,-0.003226161319296276,0.02032,0.0037240434895829287
10,0.2285714285714286,-0.0033164466290512276,0.02032,0.0038427523498923413
11,0.25148571428571426,-0.0032746039328348337,0.022357079999999998,0.004196906959123285
11,0.25148571428571426,-0.0031314955316443177,0.022357079999999998,0.004120700460493441
11,0.25148571428571426,-0.0029884927066379666,0.022357079999999998,0.0040444072831854186
11,0.25148571428571426,-0.002845717276489812,0.022357079999999998,0.0039679274133397795
11,0.25148571428571426,-0.002703284968940188,0.022357079999999998,0.003891165837790057
11,0.25148571428571426,-0.002419884208240591,0.022357079999999998,0.003736440853479712
11,0.25148571428571426,-0.00213869648678595,0.022357079999999998,0.0035798989507229177
11,0.25148571428571426,-0.001859636531504445,0.022357079999999998,0.003421610139221285
11,0.25148571428571426,-0.0015826129783905532,0.022357079999999998,0.0032616494293693917
11,0.25148571428571426,-0.0013076542518015424,0.022357079999999998,0.0030999934846000334
11,0.25148571428571426,-0.0010348334429418392,0.022357079999999998,0.0029365822965975513
11,0.25148571428571426,-0.0007642195823933922,0.022357079999999998,0.0027713591908415944
11,0.25148571428571426,-0.000495875609804455,0.022357079999999998,0.0026042724935047877
11,0.25148571428571426,-0.00022985837388957587,0.022357079999999998,0.002435275531452727
11,0.25148571428571426,3.380167068273588e-05,0.022357079999999998,0.0022643433012205566
11,0.25148571428571426,0.0002950781298664386,0.022357079999999998,0.0020914541331387244
11,0.25148571428571426,0.0005539466399267275,0.022357079999999998,0.001916588024435349
11,0.25148571428571426,0.0008103909583737296,0.022357079999999998,0.0017397316399291691
11,0.25148571428571426,0.0010643664183603001,0.022357079999999998,0.0015608483078717256
11,0.25148571428571426,0.0013156801403192168,0.022357079999999998,0.0013797796729855755
11,0.25148571428571426,0.0015640966081473476,0.022357079999999998,0.0011963323751424731
11,0.25148571428571426,0.0018093803057415573,0.022357079999999998,0.0010103130542141745
11,0.25148571428571426,0.00205130383824365,0.022357079999999998,0.0008215350176630594
11,0.25148571428571426,0.002289654022974063,0.022357079999999998,0.0006298232412351159
11,0.25148571428571426,0.0025243719809070167,0.022357079999999998,0.0004351293848982819
11,0.25148571428571426,0.0027554414695526363,0.022357079999999998,0.00023744011347130028
11,0.25148571428571426,0.0029828584282884556,0.022357079999999998,3.6752093158853166e-05
11,0.25148571428571426,0.003206608644935837,0.022357079999999998,-0.00016694634432265834
11,0.25148571428571426,0.0034266494829588694,0.022357079999999998,-0.0003736902038240378
11,0.25148571428571426,0.0036427413656319498,0.022357079999999998,-0.0005836761792688445
11,0.25148571428571426,0.0038545553825351853,0.022357079999999998,-0.0007971743080775612
11,0.25148571428571426,0.004061768714182385,0.022357079999999998,-0.0010144496269776952
11,0.25148571428571426,0.004264054480464892,0.022357079999999998,-0.0012357705064920711
11,0.25148571428571426,0.004461152801544763,0.022357079999999998,-0.0014613503095208197
11,0.25148571428571426,0.004653284981346494,0.022357079999999998,-0.0016910073442193002
11,0.25148571428571426,0.004840867233673039,0.022357079999999998,-0.0019243998965677656
11,0.25148571428571426,0.00502431780263858,0.022357079999999998,-0.002161184585648815
11,0.25148571428571426,0.005204050871734835,0.022357079999999998,-0.0024010213643403623
11,0.25148571428571426,0.005380261350840261,0.022357079999999998,-0.002643750210467306
11,0.25148571428571426,0.005551623446719113,0.022357079999999998,-0.0028904596081998565
11,0.25148571428571426,0.005716171818096972,0.022357079999999998,-0.0031427631144702707
11,0.25148571428571426,0.005871902547785967,0.022357079999999998,-0.0034023059572662927
11,0.25148571428571426,0.00601675893050615,0.022357079999999998,-0.003670776703914758
11,0.25148571428571426,0.006148856837432456,0.022357079999999998,-0.003949722235441629
11,0.25148571428571426,0.0062678287822315465,0.022357079999999998,-0.004239444260322876
11,0.25148571428571426,0.006373873735404344,0.022357079999999998,-0.004539779422588087
11,0.25148571428571426,0.006466094299385462,0.022357079999999998,-0.00485146449100178
11,0.25148571428571426,0.006541936342642644,0.022357079999999998,-0.005176596422816827
11,0.25148571428571426,0.006598591944739396,0.022357079999999998,-0.005517480537493259
11,0.25148571428571426,0.006632784183344189,0.022357079999999998,-0.005876807207849942
11,0.25148571428571426,0.0066367858103434955,0.022357079999999998,-0.006067221199468972
11,0.25148571428571426,0.006627281807014846,0.022357079999999998,-0.00626872339430429
11,0.25148571428571426,0.006598290876463147,0.022357079999999998,-0.006486224472854274
11,0.25148571428571426,0.006538008789174459,0.022357079999999998,-0.0067294157780984016
11,0.25148571428571426,0.006461419671405812,0.022357079999999998,-0.006947255382566037
11,0.25148571428571426,0.00641570635527279,0.022357079999999998,-0.007062266028839591
11,0.25148571428571426,0.006356022467539245,0.022357079999999998,-0.007188746597892952
11,0.25148571428571426,0.0063116495861713934,0.022357079999999998,-0.007263916868952855
11,0.25148571428571426,0.006279012118410926,0.022357079999999998,-0.007310082360173702
11,0.25148571428571426,0.006255579173967078,0.022357079999999998,-0.007339005915175269
11,0.25148571428571426,0.00621284,0.022357079999999998,-0.00738378
11,0.25148571428571426,0.006113274659582465,0.022357079999999998,-0.007455838771974686
11,0.25148571428571426,0.006082703355515594,0.022357079999999998,-0.007471253027759361
11,0.25148571428571426,0.0060352470754096235,0.022357079999999998,-0.007490844982220924
11,0.25148571428571426,0.005961403054871947,0.022357079999999998,-0.007512731494154357
11,0.25148571428571426,0.005846788783796955,0.022357079999999998,-0.007529350755183979
11,0.25148571428571426,0.005754233844278374,0.022357079999999998,-0.007527859173167151
11,0.25148571428571426,0.005611256983967272,0.022357079999999998,-0.007490284548949425
11,0.25148571428571426,0.005468887616065899,0.022357079999999998,-0.0074134712995723275
11,0.25148571428571426,0.005335000888499794,0.022357079999999998,-0.007329693751783075
11,0.25148571428571426,0.005209060799103206,0.022357079999999998,-0.007239391966563192
11,0.25148571428571426,0.0050920865641155555,0.022357079999999998,-0.007141729161288719
11,0.25148571428571426,0.004875054647341176,0.022357079999999998,-0.006932514959459237
11,0.25148571428571426,0.004666401825029134,0.022357079999999998,-0.006716421470998121
11,0.25148571428571426,0.0044645383634832805,0.022357079999999998,-0.006494753876771029
11,0.25148571428571426,0.004268920139292929,0.022357079999999998,-0.006267958905350115
11,0.25148571428571426,0.004078639603336521,0.022357079999999998,-0.006036781659988187
11,0.25148571428571426,0.0038928216914722426,0.022357079999999998,-0.005801940573575537
11,0.25148571428571426,0.003710613672981853,0.022357079999999998,-0.005564135743128227
11,0.25148571428571426,0.003531201393060555,0.022357079999999998,-0.005324035594606829
11,0.25148571428571426,0.003353927030868562,0.022357079999999998,-0.005082180202852305
11,0.25148571428571426,0.0031781814930357016,0.022357079999999998,-0.004839069637161841
11,0.25148571428571426,0.003003351625569334,0.022357079999999998,-0.004595207300627941
11,0.25148571428571426,0.0028288242744768186,0.022357079999999998,-0.004351096596343104
11,0.25148571428571426,0.0026540878013272106,0.022357079999999998,-0.004107157582516968
11,0.25148571428571426,0.0024790975392733642,0.022357079999999998,-0.0038634269308979938
11,0.25148571428571426,0.002303938761387103,0.022357079999999998,-0.0036198346317845736
11,0.25148571428571426,0.002128694710429018,0.022357079999999998,-0.0033763123423727597
11,0.25148571428571426,0.0019534526897821668,0.022357079999999998,-0.00313278838606329
11,0.25148571428571426,0.0017782796997172683,0.022357079999999998,-0.002889207755233471
11,0.25148571428571426,0.001603177770545557,0.022357079999999998,-0.002645568782985647
11,0.25148571428571426,0.0014281184779097577,0.022357079999999998,-0.00240189480588702
11,0.25148571428571426,0.0012530835490087659,0.022357079999999998,-0.002158200826016507
11,0.25148571428571426,0.0010780486201077723,0.022357079999999998,-0.0019145068461459917
11,0.25148571428571426,0.0009029933880944415,0.022357079999999998,-0.0016708295352520506
11,0.25148571428571426,0.0007279198832800052,0.022357079999999998,-0.0014271672264370245
11,0.25148571428571426,0.0005528341965981651,0.022357079999999998,-0.0011835149190079428
11,0.25148571428571426,0.00037774444929385663,0.022357079999999998,-0.0009398659453741754
11,0.25148571428571426,0.00020265267167831474,0.022357079999999998,-0.0006962186386380654
11,0.25148571428571426,2.756698499647471e-05,0.022357079999999998,-0.0004525663312089827
11,0.25148571428571426,-0.0001475146410628977,0.022357079999999998,-0.0002089106899845856
11,0.25148571428571426,-0.00032259423681103676,0.022357079999999998,3.4746618137467856e-05
11,0.25148571428571426,-0.0004976697719367073,0.022357079999999998,0.0002784072600548358
11,0.25148571428571426,-0.0006727473373736113,0.022357079999999998,0.0005220662350745474
11,0.25148571428571426,-0.0008478249028105161,0.022357079999999998,0.0007657252100942589
11,0.25148571428571426,-0.0010229044985586551,0.022357079999999998,0.0010093825182163124
11,0.25148571428571426,-0.0011979840943067933,0.022357079999999998,0.0012530398263383676
11,0.25148571428571426,-0.0013730636900549315,0.022357079999999998,0.0014966971344604193
11,0.25148571428571426,-0.0015481432858030705,0.022357079999999998,0.0017403544425824745
11,0.25148571428571426,-0.0017232228815512078,0.022357079999999998,0.001984011750704528
11,0.25148571428571426,-0.0018983024772993478,0.022357079999999998,0.0022276690588265815
11,0.25148571428571426,-0.002073382073047484,0.022357079999999998,0.0024713263669486367
11,0.25148571428571426,-0.002248461668795624,0.022357079999999998,0.00271498367507069
11,0.25148571428571426,-0.0024235412645437606,0.022357079999999998,0.0029586409831927453
11,0.25148571428571426,-0.0025986208602919005,0.022357079999999998,0.003202298291314799
11,0.25148571428571426,-0.0027737004560400404,0.022357079999999998,0.0034459555994368523
11,0.25148571428571426,-0.002948780051788177,0.022357079999999998,0.0036896129075589057
11,0.25148571428571426,-0.0030363208648178626,0.022357079999999998,0.0038114407281711034
11,0.25148571428571426,-0.00312386167784755,0.022357079999999998,0.003933268548783303
11,0.25148571428571426,-0.0032114004605660025,0.022357079999999998,0.004055098036293157
11,0.25148571428571426,-0.003298939243284455,0.022357079999999998,0.004176927523803013
12,0.2755142857142857,-0.0032641450792881624,0.02449322,0.004509481954143022
12,0.2755142857142857,-0.003123518729156628,0.02449322,0.0044278962161210965
12,0.2755142857142857,-0.00298299853336261,0.02449322,0.004346228231569881
12,0.2755142857142857,-0.0028427069776801716,0.02449322,0.004264383100647894
12,0.2755142857142857,-0.0027027604235946665,0.02449322,0.004182270668505726
12,0.2755142857142857,-0.0024243391861419293,0.02449322,0.0040169054244595425
12,0.2755142857142857,-0.002148143106917938,0.02449322,0.003849816166626381
12,0.2755142857142857,-0.001874086445880845,0.02449322,0.0036810693248952838
12,0.2755142857142857,-0.0016020773387001065,0.02449322,0.0035107360741473597
12,0.2755142857142857,-0.001332144365389673,0.02449322,0.0033387942710862662
12,0.2755142857142857,-0.0010643610174139746,0.02449322,0.00316518697580711
12,0.2755142857142857,-0.0007987967033783157,0.02449322,0.0029898604117330517
12,0.2755142857142857,-0.0005355147075992942,0.02449322,0.002812765547279325
12,0.2755142857142857,-0.00027457219010480066,0.02449322,0.002633858095853232
12,0.2755142857142857,-1.5999772338351308e-05,0.02449322,0.0024531143324944037
12,0.2755142857142857,0.00024017600711567257,0.02449322,0.0022705136955705205
12,0.2755142857142857,0.0004939306511024611,0.02449322,0.002086037205113282
12,0.2755142857142857,0.0007452478281854726,0.02449322,0.0018996722078104935
12,0.2755142857142857,0.000994082626914217,0.02449322,0.0017113839070536123
12,0.2755142857142857,0.0012402411114797703,0.02449322,0.00152102204476028
12,0.2755142857142857,0.0014834864760522844,0.02449322,0.00132840314790363
12,0.2755142857142857,0.0017235819148019088,0.02449322,0.001133343743456792
12,0.2755142857142857,0.001960298787617069,0.02449322,0.0009356666850489906
12,0.2755142857142857,0.0021934227443931595,0.02449322,0.0007352058979576319
12,0.2755142857142857,0.0024228945836727205,0.02449322,0.0005319155139259955
12,0.2755142857142857,0.0026486979740192092,0.02449322,0.0003257828796418812
12,0.2755142857142857,0.0028708288325734912,0.02449322,0.0001168048317772433
12,0.2755142857142857,0.003089272869328594,0.02449322,-9.502970131609455e-05
12,0.2755142857142857,0.0033039872142635934,0.02449322,-0.00030975393458264854
12,0.2755142857142857,0.0035147309786895103,0.02449322,-0.0005275545043773415
12,0.2755142857142857,0.0037211734510163826,0.02449322,-0.000748687640272183
12,0.2755142857142857,0.003922990043942954,0.02449322,-0.0009734048268471088
12,0.2755142857142857,0.004119852087308831,0.02449322,-0.0012019607120101012
12,0.2755142857142857,0.0043114982781293585,0.02449322,-0.0014345577487563316
12,0.2755142857142857,0.004498151132227407,0.02449322,-0.0016710235357070983
12,0.2755142857142857,0.004680229142664344,0.02449322,-0.0019110338317373295
12,0.2755142857142857,0.00485815284393111,0.02449322,-0.0021542628140579284
12,0.2755142857142857,0.005032338687659504,0.02449322,-0.0024003878232078443
12,0.2755142857142857,0.0052029826510880195,0.02449322,-0.0026492570194407003
12,0.2755142857142857,0.005368751680708981,0.02449322,-0.002901903229364659
12,0.2755142857142857,0.005527669672700902,0.02449322,-0.00315985750375568
12,0.2755142857142857,0.005677721736080507,0.02449322,-0.003424680945006189
12,0.2755142857142857,0.0058168399026957635,0.02449322,-0.0036979757787732586
12,0.2755142857142857,0.005943129725907892,0.02449322,-0.003981209789271858
12,0.2755142857142857,0.0060562217069651475,0.02449322,-0.0042746692576904645
12,0.2755142857142857,0.006156315905965158,0.02449322,-0.004578199180954654
12,0.2755142857142857,0.006242510011039022,0.02449322,-0.0048924986545633665
12,0.2755142857142857,0.006312235903790633,0.02449322,-0.005219557411859737
12,0.2755142857142857,0.006362670287127926,0.02449322,-0.005561562894189994
12,0.2755142857142857,0.006390518293728712,0.02449322,-0.005921067907290084
12,0.2755142857142857,0.006391276097032529,0.02449322,-0.006111021355967754
12,0.2755142857142857,0.006378454310852322,0.02449322,-0.006311496033738061
12,0.2755142857142857,0.006346038883681785,0.02449322,-0.006527151522817917
12,0.2755142857142857,0.006282160944014586,0.02449322,-0.006767183617847219
12,0.2755142857142857,0.006202539821220721,0.02449322,-0.006981305140296418
12,0.2755142857142857,0.006155269876183585,0.02449322,-0.007094145301867453
12,0.2755142857142857,0.0060939528542914324,0.02449322,-0.007217868893592794
12,0.2755142857142857,0.006048683831929667,0.02449322,-0.007291050658880599
12,0.2755142857142857,0.006015541062049292,0.02449322,-0.007335783157091902
12,0.2755142857142857,0.00599181650790405,0.02449322,-0.007363691556940277
12,0.2755142857142857,0.00594868,0.02449322,-0.00740664
12,0.2755142857142857,0.00584873270950728,0.02449322,-0.007474550388435001
12,0.2755142857142857,0.005818157278582531,0.02449322,-0.007488712669980949
12,0.2755142857142857,0.005770767693448579,0.02449322,-0.007506375235882007
12,0.2755142857142857,0.0056971724378042056,0.02449322,-0.0075252874400992915
12,0.2755142857142857,0.0055832368141725194,0.02449322,-0.0075373465415706845
12,0.2755142857142857,0.005491481322793378,0.02449322,-0.00753222086341317
12,0.2755142857142857,0.005350334086423022,0.02449322,-0.007489146815256528
12,0.2755142857142857,0.005210450816654113,0.02449322,-0.007406985351529592
12,0.2755142857142857,0.005079096639618858,0.02449322,-0.00731821569550725
12,0.2755142857142857,0.004955732617911393,0.02449322,-0.007223255406492037
12,0.2755142857142857,0.004841383549174683,0.02449322,-0.007121310489143528
12,0.2755142857142857,0.0046296946028589435,0.02449322,-0.006904242229792294
12,0.2755142857142857,0.004426430636368907,0.02449322,-0.006680646443010916
12,0.2755142857142857,0.0042299932103531,0.02449322,-0.006451761571730776
12,0.2755142857142857,0.004039835221687393,0.02449322,-0.0062180115019105035
12,0.2755142857142857,0.003855044151355044,0.02449322,-0.005980103237369165
12,0.2755142857142857,0.0036747401432123956,0.02449322,-0.005738718475301425
12,0.2755142857142857,0.003498065796841033,0.02449322,-0.005494521514597679
12,0.2755142857142857,0.003324202498984329,0.02449322,-0.005248146602531854
12,0.2755142857142857,0.0031524888264623627,0.02449322,-0.005000106198247966
12,0.2755142857142857,0.0029823123504048384,0.02449322,-0.004750874800953441
12,0.2755142857142857,0.002813056559082326,0.02449322,-0.004500930073183754
12,0.2755142857142857,0.002644104940765394,0.02449322,-0.004250749677474381
12,0.2755142857142857,0.0024749430552029935,0.02449322,-0.004000732193159556
12,0.2755142857142857,0.002305525990944636,0.02449322,-0.0037509124168478244
12,0.2755142857142857,0.002135939488032164,0.02449322,-0.003501223918650148
12,0.2755142857142857,0.001966267245077851,0.02449322,-0.0032516018503415105
12,0.2755142857142857,0.0017965970435531034,0.02449322,-0.003001978200368847
12,0.2755142857142857,0.0016269962506336583,0.02449322,-0.0027523007738193446
12,0.2755142857142857,0.001457466907749081,0.02449322,-0.002502567989028974
12,0.2755142857142857,0.001287980434885423,0.02449322,-0.0022528019892940846
12,0.2755142857142857,0.0011185184591765776,0.02449322,-0.0020030170095908977
12,0.2755142857142857,0.0009490564834677322,0.02449322,-0.0017532320298877116
12,0.2755142857142857,0.0007795740934632093,0.02449322,-0.0015034628668247714
12,0.2755142857142857,0.0006100733305925785,0.02449322,-0.001253707938738055
12,0.2755142857142857,0.00044056031914454195,0.02449322,-0.001003962500635486
12,0.2755142857142857,0.0002710432248373704,0.02449322,-0.0007542202258609687
12,0.2755142857142857,0.00010152408910063093,0.02449322,-0.0005044795327504752
12,0.2755142857142857,-6.798892234740565e-05,0.02449322,-0.0002547340946479062
12,0.2755142857142857,-0.00023749785093630724,0.02449322,-4.985493217289812e-06
12,0.2755142857142857,-0.00040700473809564177,0.02449322,0.0002447646898773529
12,0.2755142857142857,-0.0005765075423958405,0.02449322,0.0004945180363000448
12,0.2755142857142857,-0.0007460123881256053,0.02449322,0.0007442698010587103
12,0.2755142857142857,-0.0009155172338553719,0.02449322,0.0009940215658173776
12,0.2755142857142857,-0.0010850241210147065,0.02449322,0.0012437717489120212
12,0.2755142857142857,-0.0012545310081740393,0.02449322,0.001493521932006663
12,0.2755142857142857,-0.0014240378953333747,0.02449322,0.0017432721151013067
12,0.2755142857142857,-0.0015935447824927083,0.02449322,0.0019930222981959485
12,0.2755142857142857,-0.0017630516696520411,0.02449322,0.0022427724812905886
12,0.2755142857142857,-0.0019325585568113757,0.02449322,0.002492522664385232
12,0.2755142857142857,-0.0021020654439707093,0.02449322,0.002742272847479876
12,0.2755142857142857,-0.002271572331130043,0.02449322,0.0029920230305745176
12,0.2755142857142857,-0.0024410792182893767,0.02449322,0.0032417732136691595
12,0.2755142857142857,-0.0026105861054487103,0.02449322,0.0034915233967638013
12,0.2755142857142857,-0.002780092992608044,0.02449322,0.003741273579858443
12,0.2755142857142857,-0.0029495998797673794,0.02449322,0.003991023762953087
12,0.2755142857142857,-0.003034354344061829,0.02449322,0.004115898063668394
12,0.2755142857142857,-0.0031191088083562784,0.02449322,0.004240772364383703
12,0.2755142857142857,-0.0032038612312211626,0.02449322,0.004365648246763038
12,0.2755142857142857,-0.003288613654086045,0.02449322,0.0044905241291423705
13,0.29960000000000003,-0.003260827323345674,0.02663444,0.004792655942153354
13,0.29960000000000003,-0.003122748366564579,0.02663444,0.004706041134986333
13,0.29960000000000003,-0.002984775898540428,0.02663444,0.004619348279320736
13,0.29960000000000003,-0.002847032790915846,0.02663444,0.004532487319196672
13,0.29960000000000003,-0.002709635771751328,0.02663444,0.00444537270145224
13,0.29960000000000003,-0.0024363182409945176,0.02663444,0.004270061293511994
13,0.29960000000000003,-0.0021652328784120857,0.02663444,0.0040931138689670145
13,0.29960000000000003,-0.0018962936738541923,0.02663444,0.003914593466989234
13,0.29960000000000003,-0.0016294084735888692,0.02663444,0.0037345676295485646
13,0.29960000000000003,-0.0013646059476660624,0.02663444,0.003553015343587702
13,0.29960000000000003,-0.0011019598190713477,0.02663444,0.003369882575530712
13,0.29960000000000003,-0.0008415397150688796,0.02663444,0.0031851182936669846
13,0.29960000000000003,-0.0005834091193406814,0.02663444,0.002998675969083912
13,0.29960000000000003,-0.00032762537198664527,0.02663444,0.0028105135756668733
13,0.29960000000000003,-7.421919091742807e-05,0.02663444,0.0026206085994258986
13,0.29960000000000003,0.0001767828016777332,0.02663444,0.0024289415282363414
13,0.29960000000000003,0.00042535603147031593,0.02663444,0.0022354943509062244
13,0.29960000000000003,0.000671484115574634,0.02663444,0.002040255059974229
13,0.29960000000000003,0.0009151220010550588,0.02663444,0.0018431906349217287
13,0.29960000000000003,0.0011560751411440985,0.02663444,0.0016441584871455554
13,0.29960000000000003,0.0013941059839993435,0.02663444,0.0014429845084565811
13,0.29960000000000003,0.0016289769777783824,0.02663444,0.0012394945906656846
13,0.29960000000000003,0.001860458762081645,0.02663444,0.0010335206293143944
13,0.29960000000000003,0.0020883363115345357,0.02663444,0.0008249050264728967
13,0.29960000000000003,0.0023125502381764504,0.02663444,0.0006136042550939124
13,0.29960000000000003,0.0025330841591217085,0.02663444,0.0003996063077161176
13,0.29960000000000003,0.002749933978648888,0.02663444,0.00018290818247418666
13,0.29960000000000003,0.002963085361733016,0.02663444,-3.6500627160537986e-05
13,0.29960000000000003,0.0031724953032991722,0.02663444,-0.00025865164077401494
13,0.29960000000000003,0.003377922155783526,0.02663444,-0.0004837219684207042
13,0.29960000000000003,0.003579034165750986,0.02663444,-0.0007119547611923174
13,0.29960000000000003,0.0037755057233485913,0.02663444,-0.0009435886673825715
13,0.29960000000000003,0.003967007123001963,0.02663444,-0.0011788653371505144
13,0.29960000000000003,0.004153276238540164,0.02663444,-0.0014179768898772522
13,0.29960000000000003,0.004334536286780633,0.02663444,-0.0016607597239023117
13,0.29960000000000003,0.004511207079169009,0.02663444,-0.001906906148029388
13,0.29960000000000003,0.004683710475011643,0.02663444,-0.0021561069701295198
13,0.29960000000000003,0.0048524642378934635,0.02663444,-0.002408055999939064
13,0.29960000000000003,0.005017664962442673,0.02663444,-0.002662609147922191
13,0.29960000000000003,0.005177975395615357,0.02663444,-0.002920746523109077
13,0.29960000000000003,0.005331413208243809,0.02663444,-0.003183921028319335
13,0.29960000000000003,0.005475957161806826,0.02663444,-0.0034536140840932114
13,0.29960000000000003,0.005609532773404734,0.02663444,-0.0037313461352202404
13,0.29960000000000003,0.005730239628298247,0.02663444,-0.004018510047213439
13,0.29960000000000003,0.005837707063698776,0.02663444,-0.004315377488885153
13,0.29960000000000003,0.005932135769955942,0.02663444,-0.004621801368834224
13,0.29960000000000003,0.006012620592635733,0.02663444,-0.004938445099298532
13,0.29960000000000003,0.006076585322964416,0.02663444,-0.0052671968535705094
13,0.29960000000000003,0.006121197769579456,0.02663444,-0.0056101324215257
13,0.29960000000000003,0.006143152685294204,0.02663444,-0.005969674308485237
13,0.29960000000000003,0.006140922465499605,0.02663444,-0.006159125517187215
13,0.29960000000000003,0.00612506987625917,0.02663444,-0.006358560929976043
13,0.29960000000000003,0.006089561919919945,0.02663444,-0.006572402294482487
13,0.29960000000000003,0.006022492334311443,0.02663444,-0.00680937603322022
13,0.29960000000000003,0.005940228051699815,0.02663444,-0.007019923053538923
13,0.29960000000000003,0.00589161302735806,0.02663444,-0.007130680971655783
13,0.29960000000000003,0.005828906673467776,0.02663444,-0.007251766807439754
13,0.29960000000000003,0.005782896957418026,0.02663444,-0.007323051900414358
13,0.29960000000000003,0.005749350736386169,0.02663444,-0.007366420497794184
13,0.29960000000000003,0.0057254019219408646,0.02663444,-0.007393364064541871
13,0.29960000000000003,0.00568198,0.02663444,-0.0074345800000000005
13,0.29960000000000003,0.0055818673647462305,0.02663444,-0.007498564435024029
13,0.29960000000000003,0.0055513451321545825,0.02663444,-0.007511544176229757
13,0.29960000000000003,0.005504105296020351,0.02663444,-0.007527385871547187
13,0.29960000000000003,0.005430876274344109,0.02663444,-0.007543494083918482
13,0.29960000000000003,0.00531777788196467,0.02663444,-0.00755126031555001
13,0.29960000000000003,0.005226929496204144,0.02663444,-0.007542718913777505
13,0.29960000000000003,0.005087729930146111,0.02663444,-0.007494488755570693
13,0.29960000000000003,0.004950396394663617,0.02663444,-0.00740732760891365
13,0.29960000000000003,0.004821618821229334,0.02663444,-0.007313895565582697
13,0.29960000000000003,0.004700856574615707,0.02663444,-0.007214588871801362
13,0.29960000000000003,0.004589137680899378,0.02663444,-0.007108654059371873
13,0.29960000000000003,0.004382762668906091,0.02663444,-0.006884278663549027
13,0.29960000000000003,0.004184839178064784,0.02663444,-0.00665370891861818
13,0.29960000000000003,0.003993763733439184,0.02663444,-0.00641812005485594
13,0.29960000000000003,0.003808987508358892,0.02663444,-0.006177914322216498
13,0.29960000000000003,0.0036295951090863435,0.02663444,-0.005933762637601059
13,0.29960000000000003,0.0034547039076553384,0.02663444,-0.0056863119029881915
13,0.29960000000000003,0.003283453802567493,0.02663444,-0.005436192510097148
13,0.29960000000000003,0.0031150236016779216,0.02663444,-0.005184006332926552
13,0.29960000000000003,0.0029487497981164415,0.02663444,-0.004930239673659826
13,0.29960000000000003,0.0027840180336699215,0.02663444,-0.004675342812096438
13,0.29960000000000003,0.002620209854403809,0.02663444,-0.004419769029901184
13,0.29960000000000003,0.002456706806383553,0.02663444,-0.004163971608738862
13,0.29960000000000003,0.002292992828710121,0.02663444,-0.003908328783641024
13,0.29960000000000003,0.0021290228684478843,0.02663444,-0.0036528735751262947
13,0.29960000000000003,0.0019648829357466814,0.02663444,-0.003397542944022755
13,0.29960000000000003,0.0018006569928956401,0.02663444,-0.0031422753520911383
13,0.29960000000000003,0.0016364330979053085,0.02663444,-0.0028870062592268562
13,0.29960000000000003,0.0014722788301791334,0.02663444,-0.0026316861346519695
13,0.29960000000000003,0.0013081962375778222,0.02663444,-0.002376313477433811
13,0.29960000000000003,0.0011441566500514306,0.02663444,-0.0021209093006296902
13,0.29960000000000003,0.0009801416368535642,0.02663444,-0.0018654871126335898
13,0.29960000000000003,0.0008161266236556977,0.02663444,-0.0016100649246374903
13,0.29960000000000003,0.000652091131850727,0.02663444,-0.0013546577459680386
13,0.29960000000000003,0.0004880372092993619,0.02663444,-0.001099264075692572
13,0.29960000000000003,0.00032397099958373504,0.02663444,-0.0008438794110130939
13,0.29960000000000003,0.0001599006941466882,0.02663444,-0.0005884977481989476
13,0.29960000000000003,-4.1716591510703935e-06,0.02663444,-0.000333117586317465
13,0.29960000000000003,-0.0001682378688666981,0.02663444,-7.773292163798691e-05
13,0.29960000000000003,-0.00033229998286090495,0.02663444,0.00017765474490681957
13,0.29960000000000003,-0.0004963600489944018,0.02663444,0.000433043912384295
13,0.29960000000000003,-0.000660416019406476,0.02663444,0.000688436081727097
13,0.29960000000000003,-0.0008244740376792611,0.02663444,0.0009438267501372328
13,0.29960000000000003,-0.0009885320559520471,0.02663444,0.0011992174185473685
13,0.29960000000000003,-0.001152592122085543,0.02663444,0.0014546065860248413
13,0.29960000000000003,-0.0013166521882190382,0.02663444,0.001709995753502314
13,0.29960000000000003,-0.0014807122543525342,0.02663444,0.001965384920979787
13,0.29960000000000003,-0.001644772320486031,0.02663444,0.0022207740884572598
13,0.29960000000000003,-0.001808832386619527,0.02663444,0.002476163255934729
13,0.29960000000000003,-0.001972892452753022,0.02663444,0.002731552423412202
13,0.29960000000000003,-0.002136952518886518,0.02663444,0.0029869415908896748
13,0.29960000000000003,-0.002301012585020013,0.02663444,0.0032423307583671476
13,0.29960000000000003,-0.00246507265115351,0.02663444,0.0034977199258446204
13,0.29960000000000003,-0.002629132717287005,0.02663444,0.0037531090933220915
13,0.29960000000000003,-0.002793192783420502,0.02663444,0.004008498260799564
13,0.29960000000000003,-0.002957252849553999,0.02663444,0.004263887428277037
13,0.29960000000000003,-0.0030392839065511,0.02663444,0.0043915812615494395
13,0.29960000000000003,-0.003121314963548205,0.02663444,0.004519275094821845
13,0.29960000000000003,-0.003203343972684597,0.02663444,0.004646970429026912
13,0.29960000000000003,-0.0032853729818209908,0.02663444,0.004774665763231981
14,0.3236857142857143,-0.0032645396595142344,0.028775659999999998,0.005049062934860029
14,0.3236857142857143,-0.0031290439228792875,0.028775659999999998,0.004957712543740055
14,0.3236857142857143,-0.002993654832721053,0.028775659999999998,0.004866288078857695
14,0.3236857142857143,-0.0028584954426665145,0.028775659999999998,0.004774704070487115
14,0.3236857142857143,-0.0027236826536612994,0.028775659999999998,0.004682879322388774
14,0.3236857142857143,-0.002455535770068404,0.028775659999999998,0.004498202764986672
14,0.3236857142857143,-0.0021896243606989623,0.028775659999999998,0.004311973507565286
14,0.3236857142857143,-0.001925862288014086,0.028775659999999998,0.0041242513789326906
14,0.3236857142857143,-0.0016641572617935446,0.028775659999999998,0.003935100481383266
14,0.3236857142857143,-0.0014045379945502997,0.028775659999999998,0.003744500871980986
14,0.3236857142857143,-0.0011470783184605367,0.028775659999999998,0.003552401268890345
14,0.3236857142857143,-0.0008918479639128795,0.028775659999999998,0.0033587532392667123
14,0.3236857142857143,-0.0006389105086145987,0.028775659999999998,0.0031635126237517354
14,0.3236857142857143,-0.000388323377591618,0.028775659999999998,0.0029666395364733615
14,0.3236857142857143,-0.00014011733425068392,0.028775659999999998,0.0027681126100001325
14,0.3236857142857143,0.00010568095978902899,0.028775659999999998,0.00256791332589145
14,0.3236857142857143,0.0003490468938021178,0.028775659999999998,0.0023660245902021497
14,0.3236857142857143,0.0005899640606383261,0.028775659999999998,0.002162435006968785
14,0.3236857142857143,0.0008283873406344225,0.028775659999999998,0.001957113237291885
14,0.3236857142857143,0.0010641218988810272,0.028775659999999998,0.001749923954105551
14,0.3236857142857143,0.0012969298316993115,0.028775659999999998,0.0015407019159398372
14,0.3236857142857143,0.001526573235410451,0.028775659999999998,0.001329281881324802
14,0.3236857142857143,0.0017528224099107505,0.028775659999999998,0.0011155043067722229
14,0.3236857142857143,0.001975462011352997,0.028775659999999998,0.000899219620261898
14,0.3236857142857143,0.002194432563817482,0.028775659999999998,0.0006803865114263412
14,0.3236857142857143,0.002409717660153945,0.028775659999999998,0.00045899358430210365
14,0.3236857142857143,0.002621313198574817,0.028775659999999998,0.0002350379898983278
14,0.3236857142857143,0.0028292048228236197,0.028775659999999998,8.509756746998692e-06
14,0.3236857142857143,0.0030333494641309085,0.028775659999999998,-0.00022062102955592525
14,0.3236857142857143,0.003233505117030291,0.028775659999999998,-0.00045252245947124525
14,0.3236857142857143,0.003429339536728926,0.028775659999999998,-0.0006874253012587117
14,0.3236857142857143,0.003620526631115316,0.028775659999999998,-0.0009255560496917795
14,0.3236857142857143,0.0038067362062904025,0.028775659999999998,-0.0011671440485347632
14,0.3236857142857143,0.003987705747849963,0.028775659999999998,-0.001412371633202774
14,0.3236857142857143,0.004163658803216342,0.028775659999999998,-0.0016610835336938823
14,0.3236857142857143,0.004335015805615052,0.028775659999999998,-0.0019129877284448284
14,0.3236857142857143,0.004502199239165389,0.028775659999999998,-0.0021677907713969196
14,0.3236857142857143,0.00466562748619908,0.028775659999999998,-0.0024252020654823283
14,0.3236857142857143,0.004825497432519292,0.028775659999999998,-0.00268508485913972
14,0.3236857142857143,0.004980469844485736,0.028775659999999998,-0.00294836934788524
14,0.3236857142857143,0.005128559456916483,0.028775659999999998,-0.0032164344432956474
14,0.3236857142857143,0.0052677420376477276,0.028775659999999998,-0.0034906861223608842
14,0.3236857142857143,0.0053959400312773055,0.028775659999999998,-0.0037725673989520868
14,0.3236857142857143,0.005511250208374605,0.028775659999999998,-0.0040634002048287945
14,0.3236857142857143,0.00561330135716491,0.028775659999999998,-0.004363442373663935
14,0.3236857142857143,0.005702294465238949,0.028775659999999998,-0.004672554304905315
14,0.3236857142857143,0.0057773230375446445,0.028775659999999998,-0.004991365625533234
14,0.3236857142857143,0.005835807049703001,0.028775659999999998,-0.005321668350799308
14,0.3236857142857143,0.005874910115612152,0.028775659999999998,-0.005665432557883973
14,0.3236857142857143,0.005891322092706358,0.028775659999999998,-0.006024957382412119
14,0.3236857142857143,0.005886300841800101,0.028775659999999998,-0.006213907077955451
14,0.3236857142857143,0.005867637045449428,0.028775659999999998,-0.006412332517102727
14,0.3236857142857143,0.005829288770569666,0.028775659999999998,-0.006624430263392314
14,0.3236857142857143,0.0057593321207065435,0.028775659999999998,-0.006858482333257363
14,0.3236857142857143,0.005674715814667747,0.028775659999999998,-0.007065624190314027
14,0.3236857142857143,0.005624913695765322,0.028775659999999998,-0.007174400225145548
14,0.3236857142857143,0.005560999376742178,0.028775659999999998,-0.007292978213034606
14,0.3236857142857143,0.0055143639704257836,0.028775659999999998,-0.007362462320775501
14,0.3236857142857143,0.005480489291519672,0.028775659999999998,-0.007404536964874646
14,0.3236857142857143,0.0054563656202510375,0.028775659999999998,-0.007430565718912826
14,0.3236857142857143,0.00541274,0.028775659999999998,-0.007470139999999999
14,0.3236857142857143,0.005312618475001631,0.028775659999999998,-0.007530408603639285
14,0.3236857142857143,0.0052821904225366515,0.028775659999999998,-0.007542270003558004
14,0.3236857142857143,0.005235159392597794,0.028775659999999998,-0.00755639027969818
14,0.3236857142857143,0.005162379457506114,0.028775659999999998,-0.007569848842895833
14,0.3236857142857143,0.005050228647047576,0.028775659999999998,-0.0075735609387276625
14,0.3236857142857143,0.004960360797541167,0.028775659999999998,-0.007561795891706689
14,0.3236857142857143,0.004823185246312853,0.028775659999999998,-0.007508704668490203
14,0.3236857142857143,0.004688436035014911,0.028775659999999998,-0.007416835761033515
14,0.3236857142857143,0.00456225545794228,0.028775659999999998,-0.007319015311668036
14,0.3236857142857143,0.0044441020791362515,0.028775659999999998,-0.007215619387187428
14,0.3236857142857143,0.004335005447275884,0.028775659999999998,-0.007105932890885562
14,0.3236857142857143,0.004133900230554979,0.028775659999999998,-0.00687469100235458
14,0.3236857142857143,0.003941259052476451,0.028775659999999998,-0.006637570221181765
14,0.3236857142857143,0.003755476063208226,0.028775659999999998,-0.006395685927289229
14,0.3236857142857143,0.0035760016232164616,0.028775659999999998,-0.006149419885452355
14,0.3236857142857143,0.003401918982980165,0.028775659999999998,-0.005899408845128596
14,0.3236857142857143,0.0032323442072788684,0.028775659999999998,-0.005646266763848512
14,0.3236857142857143,0.003066415920723719,0.028775659999999998,-0.00539059192969293
14,0.3236857142857143,0.0029033117149077398,0.028775659999999998,-0.005132955565329497
14,0.3236857142857143,0.0027423671002452434,0.028775659999999998,-0.004873819207277707
14,0.3236857142857143,0.0025829668086013347,0.028775659999999998,-0.00461361020416672
14,0.3236857142857143,0.002424491470053552,0.028775659999999998,-0.00435275875361656
14,0.3236857142857143,0.0022663217146794345,0.028775659999999998,-0.0040916950532472515
14,0.3236857142857143,0.0021079407172456695,0.028775659999999998,-0.0038307780759072865
14,0.3236857142857143,0.001949303358089031,0.028775659999999998,-0.0035700391604961404
14,0.3236857142857143,0.0017904957747484048,0.028775659999999998,-0.0033094184782057282
14,0.3236857142857143,0.001631602053868893,0.028775659999999998,-0.0030488576247233983
14,0.3236857142857143,0.0014727103838831643,0.028775659999999998,-0.002788295346745639
14,0.3236857142857143,0.0013138884442860585,0.028775659999999998,-0.002527684635923241
14,0.3236857142857143,0.001155138285971355,0.028775659999999998,-0.002267024067760774
14,0.3236857142857143,0.0009964311964260949,0.028775659999999998,-0.0020063335851942645
14,0.3236857142857143,0.0008377487176062324,0.028775659999999998,-0.0017456260086825904
14,0.3236857142857143,0.0006790662387863673,0.028775659999999998,-0.0014849184321709154
14,0.3236857142857143,0.0005203632510286738,0.028775659999999998,-0.001224225100613545
14,0.3236857142857143,0.0003616418052269331,0.028775659999999998,-0.0009635445895150507
14,0.3236857142857143,0.00020290805406249397,0.028775659999999998,-0.0007028726253891391
14,0.3236857142857143,4.4170201110490734e-05,0.028775659999999998,-0.00044220351025409024
14,0.3236857142857143,-0.00011456970273529717,0.028775659999999998,-0.00018153581961447007
14,0.3236857142857143,-0.0002733034538997363,0.028775659999999998,7.913614451144236e-05
14,0.3236857142857143,-0.0004320331032766087,0.028775659999999998,0.00033981095762821486
14,0.3236857142857143,-0.000590760701759699,0.028775659999999998,0.0006004871952404187
14,0.3236857142857143,-0.0007494841984552218,0.028775659999999998,0.0008611662818434817
14,0.3236857142857143,-0.0009082097460445283,0.028775659999999998,0.0011218439439511152
14,0.3236857142857143,-0.0010669352936338358,0.028775659999999998,0.0013825216060587486
14,0.3236857142857143,-0.0012256628921169244,0.028775659999999998,0.0016431978436709524
14,0.3236857142857143,-0.0013843904906000156,0.028775659999999998,0.0019038740812831545
14,0.3236857142857143,-0.001543118089083105,0.028775659999999998,0.0021645503188953584
14,0.3236857142857143,-0.0017018456875661945,0.028775659999999998,0.002425226556507562
14,0.3236857142857143,-0.001860573286049284,0.028775659999999998,0.0026859027941197643
14,0.3236857142857143,-0.0020193008845323735,0.028775659999999998,0.0029465790317319664
14,0.3236857142857143,-0.002178028483015464,0.028775659999999998,0.0032072552693441702
14,0.3236857142857143,-0.0023367560814985524,0.028775659999999998,0.0034679315069563723
14,0.3236857142857143,-0.0024954836799816428,0.028775659999999998,0.003728607744568576
14,0.3236857142857143,-0.002654211278464733,0.028775659999999998,0.00398928398218078
14,0.3236857142857143,-0.0028129388769478217,0.028775659999999998,0.004249960219792982
14,0.3236857142857143,-0.0029716664754309103,0.028775659999999998,0.004510636457405186
14,0.3236857142857143,-0.003051031300119348,0.028775659999999998,0.004640973863963571
14,0.3236857142857143,-0.0031303961248077836,0.028775659999999998,0.004771311270521957
14,0.3236857142857143,-0.003209758898602438,0.028775659999999998,0.004901650101575773
14,0.3236857142857143,-0.003289121672397091,0.028775659999999998,0.005031988932629592
15,0.3477714285714286,-0.0032639846678823607,0.03091688,0.0052828324460483375
15,0.3477714285714286,-0.0031311748438779393,0.03091688,0.0051870467548142665
15,0.3477714285714286,-0.0029984716371014566,0.03091688,0.005091190802779338
15,0.3477714285714286,-0.0028659980674313043,0.03091688,0.004995183519788708
15,0.3477714285714286,-0.00273387100375195,0.03091688,0.004898947889195285
15,0.3477714285714286,-0.0024710951652652385,0.03091688,0.00470550243498113
15,0.3477714285714286,-0.002210554187902625,0.03091688,0.004510584206287413
15,0.3477714285714286,-0.001952161957749234,0.03091688,0.004314249952222518
15,0.3477714285714286,-0.001695826209896275,0.03091688,0.004116560475402574
15,0.3477714285714286,-0.001441575648982037,0.03091688,0.003917496859458118
15,0.3477714285714286,-0.001189484086933557,0.03091688,0.0037170104622962505
15,0.3477714285714286,-0.0009396212350152528,0.03091688,0.0035150553441625583
15,0.3477714285714286,-0.0006920506534976306,0.03091688,0.0033115896188103807
15,0.3477714285714286,-0.0004468297516572687,0.03091688,0.0031065754535007884
15,0.3477714285714286,-0.00020398928446376668,0.03091688,0.0028999925806950733
15,0.3477714285714286,3.6444093775891626e-05,0.03091688,0.002691823435193019
15,0.3477714285714286,0.0002744457790860265,0.03091688,0.002482051802963659
15,0.3477714285714286,0.0005099993688161874,0.03091688,0.002270666874653015
15,0.3477714285714286,0.0007430597556776306,0.03091688,0.002057638924537651
15,0.3477714285714286,0.0009734321581962363,0.03091688,0.001842839591539064
15,0.3477714285714286,0.0012008787379404516,0.03091688,0.0016261121400245717
15,0.3477714285714286,0.0014251616564787202,0.03091688,0.0014072998343614843
15,0.3477714285714286,0.001646051276704713,0.03091688,0.0011862513435941047
15,0.3477714285714286,0.001863332313831244,0.03091688,0.0009628247949514659
15,0.3477714285714286,0.002076945308250427,0.03091688,0.0007369810045253977
15,0.3477714285714286,0.0022868738573118092,0.03091688,0.0005087091629619187
15,0.3477714285714286,0.002493113860352778,0.03091688,0.00027800656792253443
15,0.3477714285714286,0.002695650965054187,0.03091688,4.486376122251473e-05
15,0.3477714285714286,0.0028944421144586003,0.03091688,-0.00019074763169233365
15,0.3477714285714286,0.003089245369471849,0.03091688,-0.00042898704879319304
15,0.3477714285714286,0.0032797285764222784,0.03091688,-0.0006700733794981267
15,0.3477714285714286,0.0034655657326321523,0.03091688,-0.0009142214597174583
15,0.3477714285714286,0.003646426734761124,0.03091688,-0.0011616488277000018
15,0.3477714285714286,0.0038220491404019593,0.03091688,-0.0014125284331094135
15,0.3477714285714286,0.003992656435667068,0.03091688,-0.0016667129984977375
15,0.3477714285714286,0.004158668938474285,0.03091688,-0.0019239255341692739
15,0.3477714285714286,0.004320509017072751,0.03091688,-0.00218388769925908
15,0.3477714285714286,0.0044785949390489955,0.03091688,-0.0024463238552407058
15,0.3477714285714286,0.004633123536208442,0.03091688,-0.002711104289866406
15,0.3477714285714286,0.00478275594220794,0.03091688,-0.002979111316654675
15,0.3477714285714286,0.004925507436342786,0.03091688,-0.003251652867436905
15,0.3477714285714286,0.005059354341613453,0.03091688,-0.003530062546260186
15,0.3477714285714286,0.0051822196724064466,0.03091688,-0.003815709087572042
15,0.3477714285714286,0.0052922007212693216,0.03091688,-0.004109846376433972
15,0.3477714285714286,0.005388926378235602,0.03091688,-0.004412718974479738
15,0.3477714285714286,0.005472597575773324,0.03091688,-0.004724194467123104
15,0.3477714285714286,0.0055423080674450115,0.03091688,-0.005044870071171381
15,0.3477714285714286,0.005595478536467071,0.03091688,-0.005376445557537679
15,0.3477714285714286,0.0056292733746426005,0.03091688,-0.0057207895932910235
15,0.3477714285714286,0.005640383347242888,0.03091688,-0.006080082965596567
15,0.3477714285714286,0.005632714721781687,0.03091688,-0.006268444017809842
15,0.3477714285714286,0.0056114072924695725,0.03091688,-0.0064657930478562
15,0.3477714285714286,0.005570420783277563,0.03091688,-0.006676110600338206
15,0.3477714285714286,0.005497834567989602,0.03091688,-0.0069072523732597
15,0.3477714285714286,0.005411122467407268,0.03091688,-0.007111041625981767
15,0.3477714285714286,0.00536027450652211,0.03091688,-0.007217873424772457
15,0.3477714285714286,0.005295318215916847,0.03091688,-0.007334002619153865
15,0.3477714285714286,0.005248165849453514,0.03091688,-0.007401737534647542
15,0.3477714285714286,0.005214035585821581,0.03091688,-0.00744256013609489
15,0.3477714285714286,0.005189786093107598,0.03091688,-0.007467705933861126
15,0.3477714285714286,0.00514604,0.03091688,-0.0075057
15,0.3477714285714286,0.005046078371834221,0.03091688,-0.007562409386404839
15,0.3477714285714286,0.005015791102126309,0.03091688,-0.007573203339447708
15,0.3477714285714286,0.004969037846047678,0.03091688,-0.0075856830136373544
15,0.3477714285714286,0.004896807621858084,0.03091688,-0.007596621278737346
15,0.3477714285714286,0.0047857470704619634,0.03091688,-0.0075964872618987074
15,0.3477714285714286,0.004696963368711089,0.03091688,-0.007581672791188084
15,0.3477714285714286,0.004561944440482062,0.03091688,-0.007524004385546732
15,0.3477714285714286,0.004429880937073211,0.03091688,-0.007427726868706641
15,0.3477714285714286,0.004306383717862965,0.03091688,-0.0073258041667513055
15,0.3477714285714286,0.004190911495386403,0.03091688,-0.007218592988362011
15,0.3477714285714286,0.004084493535959395,0.03091688,-0.007105415046576612
15,0.3477714285714286,0.0038887409775512317,0.03091688,-0.006867801220837255
15,0.3477714285714286,0.003701450136445041,0.03091688,-0.006624611119614265
15,0.3477714285714286,0.0035210156032278238,0.03091688,-0.006376902708428282
15,0.3477714285714286,0.003346887889109435,0.03091688,-0.006125038100637583
15,0.3477714285714286,0.003178150495995865,0.03091688,-0.005869621268895717
15,0.3477714285714286,0.0030139197310940064,0.03091688,-0.00561123456714827
15,0.3477714285714286,0.002853334455255125,0.03091688,-0.005350445486479112
15,0.3477714285714286,0.0026955724856253097,0.03091688,-0.005087795845756413
15,0.3477714285714286,0.0025399695148612513,0.03091688,-0.0048237234238163
15,0.3477714285714286,0.0023859104435709952,0.03091688,-0.004558633571432966
15,0.3477714285714286,0.002232776071699976,0.03091688,-0.004292934341719096
15,0.3477714285714286,0.0020799471991936273,0.03091688,-0.004027033787787378
15,0.3477714285714286,0.0019269071425627076,0.03091688,-0.0037612724042881325
15,0.3477714285714286,0.0017736107945184737,0.03091688,-0.0034956799169448003
15,0.3477714285714286,0.0016201442689757995,0.03091688,-0.0032301995766489955
15,0.3477714285714286,0.001466591629518252,0.03091688,-0.0029647759854615754
15,0.3477714285714286,0.001313041040392011,0.03091688,-0.0026993510431049094
15,0.3477714285714286,0.0011595601625301911,0.03091688,-0.002433880160993835
15,0.3477714285714286,0.0010061510462640996,0.03091688,-0.002168361987959104
15,0.3477714285714286,0.0008527849869554441,0.03091688,-0.00190281544037018
15,0.3477714285714286,0.0006994435316224684,0.03091688,-0.0016372526787502882
15,0.3477714285714286,0.0005461020762894909,0.03091688,-0.0013716899171303974
15,0.3477714285714286,0.00039274011764344873,0.03091688,-0.0011061406672029789
15,0.3477714285714286,0.0002393597060156476,0.03091688,-0.000840603577798785
15,0.3477714285714286,8.596699240000834e-05,0.03091688,-0.0005750745954100763
15,0.3477714285714286,-6.742982187824421e-05,0.03091688,-0.00030954831535986386
15,0.3477714285714286,-0.00022082868648780254,0.03091688,-4.402338647889557e-05
15,0.3477714285714286,-0.00037422140010344267,0.03091688,0.000221505595909814
15,0.3477714285714286,-0.0005276100130564686,0.03091688,0.00048703728063701716
15,0.3477714285714286,-0.0006809965756781897,0.03091688,0.000752570316533468
15,0.3477714285714286,-0.0008343790376372966,0.03091688,0.0010181060547684142
15,0.3477714285714286,-0.0009877635499277093,0.03091688,0.001283640441834111
15,0.3477714285714286,-0.0011411480622181237,0.03091688,0.0015491748288998077
15,0.3477714285714286,-0.0012945346248398439,0.03091688,0.0018147078647962602
15,0.3477714285714286,-0.001447921187461564,0.03091688,0.002080240900692711
15,0.3477714285714286,-0.0016013077500832843,0.03091688,0.002345773936589162
15,0.3477714285714286,-0.0017546943127050045,0.03091688,0.0026113069724856127
15,0.3477714285714286,-0.0019080808753267238,0.03091688,0.002876840008382062
15,0.3477714285714286,-0.002061467437948444,0.03091688,0.0031423730442785144
15,0.3477714285714286,-0.002214854000570164,0.03091688,0.0034079060801749652
15,0.3477714285714286,-0.0023682405631918844,0.03091688,0.003673439116071416
15,0.3477714285714286,-0.0025216271258136046,0.03091688,0.003938972151967867
15,0.3477714285714286,-0.0026750136884353256,0.03091688,0.004204505187864318
15,0.3477714285714286,-0.002828400251057044,0.03091688,0.004470038223760767
15,0.3477714285714286,-0.0029817868136787643,0.03091688,0.004735571259657219
15,0.3477714285714286,-0.003058481120155279,0.03091688,0.004868337102020822
15,0.3477714285714286,-0.0031351754266317903,0.03091688,0.0050011029443844226
15,0.3477714285714286,-0.0032118676827769975,0.03091688,0.005133870137917273
15,0.3477714285714286,-0.0032885599389222064,0.03091688,0.005266637331450121
16,0.3718857142857143,-0.003263099861105929,0.03306064,0.00549580253110964
16,0.3718857142857143,-0.003133074255654373,0.03306064,0.005395856374854041
16,0.3718857142857143,-0.0030031550858220556,0.03306064,0.00529584362445556
16,0.3718857142857143,-0.0028734651619388603,0.03306064,0.005195687440518562
16,0.3718857142857143,-0.0027441211538181843,0.03306064,0.005095314825617193
16,0.3718857142857143,-0.002486908908374323,0.03306064,0.004893646242410248
16,0.3718857142857143,-0.0022319277172567634,0.03306064,0.004690581743515946
16,0.3718857142857143,-0.0019790916132345826,0.03306064,0.0044861751165112245
16,0.3718857142857143,-0.0017283084885603654,0.03306064,0.004280483990942819
16,0.3718857142857143,-0.0014796069989777526,0.03306064,0.004073490437618406
16,0.3718857142857143,-0.0012330608306846758,0.03306064,0.0038651483529006086
16,0.3718857142857143,-0.0009887395762014067,0.03306064,0.003655414194465233
16,0.3718857142857143,-0.0007467066875317214,0.03306064,0.0034442482619578742
16,0.3718857142857143,-0.0005070194761628982,0.03306064,0.0032316146969938904
16,0.3718857142857143,-0.00026970864467741173,0.03306064,0.003017494289724384
16,0.3718857142857143,-3.480080198006979e-05,0.03306064,0.0028018703916136284
16,0.3718857142857143,0.00019767948986315013,0.03306064,0.0025847276347824993
16,0.3718857142857143,0.0004277158561415955,0.03306064,0.002366055773978245
16,0.3718857142857143,0.0006552632664009739,0.03306064,0.0021458266347558017
16,0.3718857142857143,0.0008801272709522976,0.03306064,0.0019239185547387395
16,0.3718857142857143,0.0011020704364911134,0.03306064,0.0017001829777621765
16,0.3718857142857143,0.0013208553297129723,0.03306064,0.001474471347661212
16,0.3718857142857143,0.0015362527046687505,0.03306064,0.001246640230897331
16,0.3718857142857143,0.0017480476432811419,0.03306064,0.001016555158528172
16,0.3718857142857143,0.0019561807872240343,0.03306064,0.0007841789915125161
16,0.3718857142857143,0.0021606357617867788,0.03306064,0.0005495014845976042
16,0.3718857142857143,0.002361408473291709,0.03306064,0.0003125200764702539
16,0.3718857142857143,0.0025584845938670057,0.03306064,7.322580253430605e-05
16,0.3718857142857143,0.002751821139897209,0.03306064,-0.00016840823099870984
16,0.3718857142857143,0.0029411765844002033,0.03306064,-0.0004125331416068752
16,0.3718857142857143,0.0031262193394852927,0.03306064,-0.0006593563956584052
16,0.3718857142857143,0.0033066239577782736,0.03306064,-0.0009090816175517293
16,0.3718857142857143,0.0034820608982272776,0.03306064,-0.0011619149929984647
16,0.3718857142857143,0.003652268165461878,0.03306064,-0.0014180204460426367
16,0.3718857142857143,0.0038174688649147055,0.03306064,-0.0016772583851155055
16,0.3718857142857143,0.00397808259854621,0.03306064,-0.0019393662756153202
16,0.3718857142857143,0.004134531015155674,0.03306064,-0.002204080302283737
16,0.3718857142857143,0.004287231669864719,0.03306064,-0.0024711392111755994
16,0.3718857142857143,0.0044363810592011645,0.03306064,-0.002740420059257889
16,0.3718857142857143,0.004580642597408062,0.03306064,-0.0030127591152864317
16,0.3718857142857143,0.004718034944496548,0.03306064,-0.0032893960548441284
16,0.3718857142857143,0.004846537870539964,0.03306064,-0.003571594885989164
16,0.3718857142857143,0.00496407792780203,0.03306064,-0.0038606529138511684
16,0.3718857142857143,0.005068755649847145,0.03306064,-0.004157758587749288
16,0.3718857142857143,0.005160200558846811,0.03306064,-0.004463143706527019
16,0.3718857142857143,0.005238613245006512,0.03306064,-0.004776682765838159
16,0.3718857142857143,0.00530308900556274,0.03306064,-0.005098941815897216
16,0.3718857142857143,0.005351052917265505,0.03306064,-0.005431531922699325
16,0.3718857142857143,0.005379674202010887,0.03306064,-0.005776224234313858
16,0.3718857142857143,0.005385649261924893,0.03306064,-0.006135085730483386
16,0.3718857142857143,0.005375435704838336,0.03306064,-0.006322776073270555
16,0.3718857142857143,0.005351606575844846,0.03306064,-0.006518985343720397
16,0.3718857142857143,0.005308131887746914,0.03306064,-0.006727486356158564
16,0.3718857142857143,0.005233111319578379,0.03306064,-0.006955724848022033
16,0.3718857142857143,0.005144500526567926,0.03306064,-0.007156206414129696
16,0.3718857142857143,0.005092715980972511,0.03306064,-0.007261126716377665
16,0.3718857142857143,0.005026847137377757,0.03306064,-0.007374859216648312
16,0.3718857142857143,0.004979263490063554,0.03306064,-0.007440891126026232
16,0.3718857142857143,0.004944935563521466,0.03306064,-0.007480499260532331
16,0.3718857142857143,0.004920599476984953,0.03306064,-0.007504790748490432
16,0.3718857142857143,0.0048768,0.03306064,-0.007541259999999999
16,0.3718857142857143,0.004777136543287277,0.03306064,-0.007594551969157409
16,0.3718857142857143,0.00474702876374554,0.03306064,-0.007604324665940652
16,0.3718857142857143,0.004700610945225,0.03306064,-0.007615237153407611
16,0.3718857142857143,0.004629015354738077,0.03306064,-0.0076237727548665495
16,0.3718857142857143,0.004519167178328863,0.03306064,-0.007619982061869673
16,0.3718857142857143,0.004431557905823563,0.03306064,-0.007602277034979992
16,0.3718857142857143,0.00429881536024361,0.03306064,-0.007540290795563862
16,0.3718857142857143,0.0041695348041267104,0.03306064,-0.007439878480308082
16,0.3718857142857143,0.004048805940647689,0.03306064,-0.007334115581802957
16,0.3718857142857143,0.003936088404355037,0.03306064,-0.007223340193389278
16,0.3718857142857143,0.003832409708342154,0.03306064,-0.007106909425456903
16,0.3718857142857143,0.003642106577460189,0.03306064,-0.006863377458851716
16,0.3718857142857143,0.003460250750435697,0.03306064,-0.006614560222483472
16,0.3718857142857143,0.0032852395524636383,0.03306064,-0.006361460470465203
16,0.3718857142857143,0.0031165244307371784,0.03306064,-0.0061044214187640725
16,0.3718857142857143,0.0029531904482986513,0.03306064,-0.005844015520877561
16,0.3718857142857143,0.0027943554176116936,0.03306064,-0.005580794739797641
16,0.3718857142857143,0.002639159666367088,0.03306064,-0.005315296951293751
16,0.3718857142857143,0.0024867824121934156,0.03306064,-0.005048035698660053
16,0.3718857142857143,0.0023365604793092803,0.03306064,-0.0047794259146329695
16,0.3718857142857143,0.002187879816065241,0.03306064,-0.004509851796190673
16,0.3718857142857143,0.002040122277134194,0.03306064,-0.004239700101624524
16,0.3718857142857143,0.0018926697171890374,0.03306064,-0.003969357589225885
16,0.3718857142857143,0.0017450063328442382,0.03306064,-0.0036991469844564165
16,0.3718857142857143,0.0015970870936455055,0.03306064,-0.003429096461761186
16,0.3718857142857143,0.0014489979668237613,0.03306064,-0.003159152233563252
16,0.3718857142857143,0.001300822872771095,0.03306064,-0.002889261792942261
16,0.3718857142857143,0.00115264982555726,0.03306064,-0.0026193700716646753
16,0.3718857142857143,0.001004546370863696,0.03306064,-0.0023494348080628988
16,0.3718857142857143,0.000856514555529232,0.03306064,-0.0020794547214803335
16,0.3718857142857143,0.0007085257238102294,0.03306064,-0.001809447741109296
16,0.3718857142857143,0.0005605614541572051,0.03306064,-0.0015394253928591338
16,0.3718857142857143,0.00041259718450417995,0.03306064,-0.0012694030446089698
16,0.3718857142857143,0.00026461244646284066,0.03306064,-0.0009993935029247447
16,0.3718857142857143,0.00011660928687201675,0.03306064,-0.0007293954871498655
16,0.3718857142857143,-3.14061537517946e-05,0.03306064,-0.0004594051553145481
16,0.3718857142857143,-0.00017942568805326842,0.03306064,-0.00018941738479242264
16,0.3718857142857143,-0.00032744726919357436,0.03306064,8.056910507311162e-05
16,0.3718857142857143,-0.00047546270981738657,0.03306064,0.0003505594369084281
16,0.3718857142857143,-0.0006234740567635346,0.03306064,0.0006205523300569313
16,0.3718857142857143,-0.0007714833568708513,0.03306064,0.0008905465038620292
16,0.3718857142857143,-0.0009194885633005065,0.03306064,0.0011605432389803164
16,0.3718857142857143,-0.001067495816568992,0.03306064,0.0014305386934420055
16,0.3718857142857143,-0.0012155030698374775,0.03306064,0.0017005341479036963
16,0.3718857142857143,-0.0013635123699447952,0.03306064,0.001970528321708794
16,0.3718857142857143,-0.001511521670052112,0.03306064,0.002240522495513894
16,0.3718857142857143,-0.0016595309701594287,0.03306064,0.00251051666931899
16,0.3718857142857143,-0.0018075402702667472,0.03306064,0.0027805108431240896
16,0.3718857142857143,-0.001955549570374063,0.03306064,0.003050505016929184
16,0.3718857142857143,-0.00210355887048138,0.03306064,0.003320499190734282
16,0.3718857142857143,-0.0022515681705886983,0.03306064,0.0035904933645393797
16,0.3718857142857143,-0.002399577470696015,0.03306064,0.0038604875383444776
16,0.3718857142857143,-0.002547586770803332,0.03306064,0.0041304817121495755
16,0.3718857142857143,-0.0026955960709106504,0.03306064,0.004400475885954675
16,0.3718857142857143,-0.0028436053710179663,0.03306064,0.0046704700597597695
16,0.3718857142857143,-0.002991614671125283,0.03306064,0.004940464233564867
16,0.3718857142857143,-0.0030656203445983575,0.03306064,0.005075460680139119
16,0.3718857142857143,-0.003139626018071432,0.03306064,0.005210457126713372
16,0.3718857142857143,-0.003213629644705676,0.03306064,0.005345454853944219
16,0.3718857142857143,-0.0032876332713399183,0.03306064,0.005480452581175063
17,0.39597142857142853,-0.0032597535902388064,0.035201859999999995,0.005692212067667096
17,0.39597142857142853,-0.003132626913786448,0.035201859999999995,0.005588378296674332
17,0.39597142857142853,-0.0030056063497361793,0.035201859999999995,0.005484481474648306
17,0.39597142857142853,-0.00287881433547503,0.035201859999999995,0.0053804488503968045
17,0.39597142857142853,-0.0027523671865206743,0.035201859999999995,0.005276211310287205
17,0.39597142857142853,-0.0025009441778794115,0.035201859999999995,0.005066862003241478
17,0.39597142857142853,-0.002251745448435819,0.035201859999999995,0.0048561910495370526
17,0.39597142857142853,-0.002004685292018974,0.035201859999999995,0.0046442493750084805
17,0.39597142857142853,-0.001759671880588608,0.035201859999999995,0.0044310915430499295
17,0.39597142857142853,-0.0015167337828683597,0.035201859999999995,0.004216700578383218
17,0.39597142857142853,-0.0012759444612904479,0.035201859999999995,0.004001032830293011
17,0.39597142857142853,-0.0010373732970408514,0.035201859999999995,0.0037840470731037145
17,0.39597142857142853,-0.000801083549436205,0.035201859999999995,0.0035657057186993506
17,0.39597142857142853,-0.0005671323559237841,0.035201859999999995,0.003345974816523543
17,0.39597142857142853,-0.00033555032585034974,0.035201859999999995,0.003124836178778243
17,0.39597142857142853,-0.00010636398731642127,0.035201859999999995,0.002902274042705129
17,0.39597142857142853,0.00012040217220059442,0.035201859999999995,0.0026782738580657627
17,0.39597142857142853,0.0003447318277157597,0.035201859999999995,0.002452825924701179
17,0.39597142857142853,0.0005665800855204975,0.035201859999999995,0.0022259035671742308
17,0.39597142857142853,0.000785753086418684,0.035201859999999995,0.00199739159609723
17,0.39597142857142853,0.001002014118128728,0.035201859999999995,0.0017671493591652158
17,0.39597142857142853,0.001215126468369047,0.035201859999999995,0.001535036204073227
17,0.39597142857142853,0.0014248615873505193,0.035201859999999995,0.0013009163285957834
17,0.39597142857142853,0.001631005209645848,0.035201859999999995,0.0010646624181464923
17,0.39597142857142853,0.0018334981571846362,0.035201859999999995,0.0008262393096491166
17,0.39597142857142853,0.002032324104981946,0.035201859999999995,0.0005856373029446919
17,0.39597142857142853,0.0022274789717915463,0.035201859999999995,0.00034285397299347806
17,0.39597142857142853,0.0024189484732516134,0.035201859999999995,9.788083215638184e-05
17,0.39597142857142853,0.0026066897562766894,0.035201859999999995,-0.00014930758248387493
17,0.39597142857142853,0.0027904620273389536,0.035201859999999995,-0.0003988543482719908
17,0.39597142857142853,0.0029699347054934315,0.035201859999999995,-0.000650955893426973
17,0.39597142857142853,0.003144783331664498,0.035201859999999995,-0.0009058050086082035
17,0.39597142857142853,0.003314679365530297,0.035201859999999995,-0.0011635969095148135
17,0.39597142857142853,0.0034793616073318374,0.035201859999999995,-0.0014244867986902112
17,0.39597142857142853,0.0036390524849888844,0.035201859999999995,-0.0016883425114685253
17,0.39597142857142853,0.0037941703262404495,0.035201859999999995,-0.0019549154812763293
17,0.39597142857142853,0.00394513549944866,0.035201859999999995,-0.002223955929020331
17,0.39597142857142853,0.004092364291729413,0.035201859999999995,-0.0024952165006469715
17,0.39597142857142853,0.004236052602901949,0.035201859999999995,-0.0027685807942486994
17,0.39597142857142853,0.004374867906070785,0.035201859999999995,-0.0030448405853008625
17,0.39597142857142853,0.004506834878058544,0.035201859999999995,-0.0033251695930379757
17,0.39597142857142853,0.004629939423848619,0.035201859999999995,-0.0036107645745720902
17,0.39597142857142853,0.00474211439222336,0.035201859999999995,-0.0039028538125318877
17,0.39597142857142853,0.004841466084930076,0.035201859999999995,-0.004202562525357069
17,0.39597142857142853,0.004927625149184564,0.035201859999999995,-0.004510110179144169
17,0.39597142857142853,0.005000791566052304,0.035201859999999995,-0.004825377946945892
17,0.39597142857142853,0.005060063380115526,0.035201859999999995,-0.005148901762544941
17,0.39597142857142853,0.005102873487492883,0.035201859999999995,-0.005482206975938237
17,0.39597142857142853,0.005126399706413388,0.035201859999999995,-0.005826970502106497
17,0.39597142857142853,0.005127348471166,0.035201859999999995,-0.006185149348120492
17,0.39597142857142853,0.005114661854748395,0.035201859999999995,-0.006372058918031417
17,0.39597142857142853,0.00508840101335566,0.035201859999999995,-0.006567034170120022
17,0.39597142857142853,0.005042554271284738,0.035201859999999995,-0.006773647187924403
17,0.39597142857142853,0.004965257445732654,0.035201859999999995,-0.006998947561970874
17,0.39597142857142853,0.00487491248034472,0.035201859999999995,-0.00719612676379707
17,0.39597142857142853,0.004822283560780771,0.035201859999999995,-0.007299146912316487
17,0.39597142857142853,0.0047556131135478704,0.035201859999999995,-0.007410510410063896
17,0.39597142857142853,0.004707673150282141,0.035201859999999995,-0.007474870163649814
17,0.39597142857142853,0.004673199061153864,0.035201859999999995,-0.007513291486475485
17,0.39597142857142853,0.004648811673187313,0.035201859999999995,-0.007536750817514084
17,0.39597142857142853,0.00460502,0.035201859999999995,-0.007571739999999999
17,0.39597142857142853,0.004505784398907873,0.035201859999999995,-0.007621736335228072
17,0.39597142857142853,0.0044758932525819604,0.035201859999999995,-0.007630528820221352
17,0.39597142857142853,0.0044298668003626895,0.035201859999999995,-0.007639940193761769
17,0.39597142857142853,0.0043589894420105755,0.035201859999999995,-0.007646180622147812
17,0.39597142857142853,0.004250476475884347,0.035201859999999995,-0.007638909530231627
17,0.39597142857142853,0.004164134879925706,0.035201859999999995,-0.007618464409923909
17,0.39597142857142853,0.004033798698935044,0.035201859999999995,-0.007552411956958628
17,0.39597142857142853,0.00390741480929732,0.035201859999999995,-0.00744813682873305
17,0.39597142857142853,0.003789556643042952,0.035201859999999995,-0.007338795792489081
17,0.39597142857142853,0.00367968547566902,0.035201859999999995,-0.007224708953472497
17,0.39597142857142853,0.003578825699980322,0.035201859999999995,-0.007105267626708375
17,0.39597142857142853,0.003394108620414828,0.035201859999999995,-0.006856282257620236
17,0.39597142857142853,0.0032178131924537174,0.035201859999999995,-0.0066022928190270945
17,0.39597142857142853,0.00304834160819628,0.035201859999999995,-0.0063442487139874475
17,0.39597142857142853,0.0028851469806471263,0.035201859999999995,-0.006082474897826554
17,0.39597142857142853,0.002727317151272899,0.035201859999999995,-0.005817513366926466
17,0.39597142857142853,0.0025739726115101176,0.035201859999999995,-0.0055498867173513124
17,0.39597142857142853,0.0024242562996495878,0.035201859999999995,-0.005280104207446647
17,0.39597142857142853,0.002277349925821342,0.035201859999999995,-0.005008652057680488
17,0.39597142857142853,0.0021325923281354316,0.035201859999999995,-0.004735923124490832
17,0.39597142857142853,0.0019893713196567175,0.035201859999999995,-0.00446228116383879
17,0.39597142857142853,0.001847070632203828,0.035201859999999995,-0.004188092356725214
17,0.39597142857142853,0.0017050739975953905,0.035201859999999995,-0.003913722884150952
17,0.39597142857142853,0.001562867178805888,0.035201859999999995,-0.0036394783011233387
17,0.39597142857142853,0.0014204052821267452,0.035201859999999995,-0.00336538528307952
17,0.39597142857142853,0.0012777740137288815,0.035201859999999995,-0.003091392904184943
17,0.39597142857142853,0.0011350570391600971,0.035201859999999995,-0.0028174514511249207
17,0.39597142857142853,0.0009923421052144307,0.035201859999999995,-0.002543508785545028
17,0.39597142857142853,0.0008496965524547469,0.035201859999999995,-0.0022695248942895437
17,0.39597142857142853,0.0007071224215041624,0.035201859999999995,-0.001995498564838596
17,0.39597142857142853,0.000564591143639037,0.035201859999999995,-0.0017214467724703695
17,0.39597142857142853,0.0004220843532513176,0.035201859999999995,-0.001447380429863701
17,0.39597142857142853,0.0002795775628635991,0.035201859999999995,-0.0011733140872570305
17,0.39597142857142853,0.00013705036624470784,0.035201859999999995,-0.0008992598698490646
17,0.39597142857142853,-5.495195982237709e-06,0.035201859999999995,-0.0006252165651199314
17,0.39597142857142853,-0.00014805300194788498,0.035201859999999995,-0.0003511805355100204
17,0.39597142857142853,-0.00029061488915976645,0.035201859999999995,-7.714693093985141e-05
17,0.39597142857142853,-0.0004331788169947663,0.035201859999999995,0.00019688546111044924
17,0.39597142857142853,-0.0005757366229604136,0.035201859999999995,0.0004709214907203576
17,0.39597142857142853,-0.0007182903476798275,0.035201859999999995,0.0007449599453700113
17,0.39597142857142853,-0.0008608420317761231,0.035201859999999995,0.0010189996125395326
17,0.39597142857142853,-0.0010033896346261862,0.035201859999999995,0.0012930417047487958
17,0.39597142857142853,-0.001145939278099365,0.035201859999999995,0.001567082584438188
17,0.39597142857142853,-0.001288488921572544,0.035201859999999995,0.0018411234641275784
17,0.39597142857142853,-0.0014310406056688403,0.035201859999999995,0.0021151631312970997
17,0.39597142857142853,-0.0015735922897651376,0.035201859999999995,0.0023892027984666227
17,0.39597142857142853,-0.0017161439738614332,0.035201859999999995,0.002663242465636144
17,0.39597142857142853,-0.0018586956579577296,0.035201859999999995,0.002937282132805667
17,0.39597142857142853,-0.0020012473420540243,0.035201859999999995,0.0032113217999751864
17,0.39597142857142853,-0.0021437990261503215,0.035201859999999995,0.0034853614671447094
17,0.39597142857142853,-0.002286350710246618,0.035201859999999995,0.0037594011343142306
17,0.39597142857142853,-0.0024289023943429144,0.035201859999999995,0.004033440801483752
17,0.39597142857142853,-0.0025714540784392108,0.035201859999999995,0.004307480468653277
17,0.39597142857142853,-0.002714005762535508,0.035201859999999995,0.0045815201358228
17,0.39597142857142853,-0.0028565574466318027,0.035201859999999995,0.004855559802992319
17,0.39597142857142853,-0.0029991091307281,0.035201859999999995,0.00512959947016184
17,0.39597142857142853,-0.0030703859930878066,0.035201859999999995,0.005266618697486666
17,0.39597142857142853,-0.0031416628554475122,0.035201859999999995,0.005403637924811491
17,0.39597142857142853,-0.003212937677184103,0.035201859999999995,0.005540658364656188
17,0.39597142857142853,-0.003284212498920691,0.035201859999999995,0.0056776788045008846
18,0.4200571428571428,-0.0032459743894269677,0.037343079999999994,0.005868502624774693
18,0.4200571428571428,-0.0031218680517512273,0.037343079999999994,0.005761092523448802
18,0.4200571428571428,-0.0029978674102776734,0.037343079999999994,0.005653622784413158
18,0.4200571428571428,-0.0028740944221626787,0.037343079999999994,0.0055460245949257424
18,0.4200571428571428,-0.0027506649467047917,0.037343079999999994,0.005438232582881631
18,0.4200571428571428,-0.002505271514284738,0.037343079999999994,0.005221821659010122
18,0.4200571428571428,-0.0022620936368720774,0.037343079999999994,0.005004160636991889
18,0.4200571428571428,-0.002021045944457351,0.037343079999999994,0.004785297685746346
18,0.4200571428571428,-0.0017820369691732814,0.037343079999999994,0.004565284414830013
18,0.4200571428571428,-0.0015450951676896875,0.037343079999999994,0.0043441047679364155
18,0.4200571428571428,-0.0013102937143003928,0.037343079999999994,0.004121717457420342
18,0.4200571428571428,-0.0010777017180606746,0.037343079999999994,0.003898083489394648
18,0.4200571428571428,-0.0008473821901679897,0.037343079999999994,0.003673167310609288
18,0.4200571428571428,-0.0006193920439619763,0.037343079999999994,0.003446936808451319
18,0.4200571428571428,-0.00039376176873172786,0.037343079999999994,0.003219374779735232
18,0.4200571428571428,-0.00017051778852779278,0.037343079999999994,0.0029904663150335936
18,0.4200571428571428,5.031550521855579e-05,0.037343079999999994,0.002760197651798
18,0.4200571428571428,0.00026872185155313744,0.037343079999999994,0.0025285596149961787
18,0.4200571428571428,0.00048465653285194527,0.037343079999999994,0.002295526973289389
18,0.4200571428571428,0.0006979264502840633,0.037343079999999994,0.00206099077316943
18,0.4200571428571428,0.000908295820013841,0.037343079999999994,0.0018248179766683966
18,0.4200571428571428,0.00111552885820563,0.037343079999999994,0.0015868755458183764
18,0.4200571428571428,0.0013193979115008695,0.037343079999999994,0.001347035030167601
18,0.4200571428571428,0.0015196895548759146,0.037343079999999994,0.0011051760074175278
18,0.4200571428571428,0.0017163448423718518,0.037343079999999994,0.0008612652180761838
18,0.4200571428571428,0.0019093475130344986,0.037343079999999994,0.0006152934871112969
18,0.4200571428571428,0.00209869350162531,0.037343079999999994,0.00036725852076479985
18,0.4200571428571428,0.002284368579809374,0.037343079999999994,0.00011715229088345765
18,0.4200571428571428,0.002466330062581964,0.037343079999999994,-0.0001350492869924367
18,0.4200571428571428,0.002644338100868882,0.037343079999999994,-0.00038948154458885893
18,0.4200571428571428,0.00281806341034793,0.037343079999999994,-0.0006463302763092676
18,0.4200571428571428,0.0029871828045547268,0.037343079999999994,-0.0009057778359200207
18,0.4200571428571428,0.003151369031786344,0.037343079999999994,-0.0011680088709455378
18,0.4200571428571428,0.00331036191677586,0.037343079999999994,-0.0014331701819021384
18,0.4200571428571428,0.003464383015024013,0.037343079999999994,-0.001701136758975143
18,0.4200571428571428,0.0036138490134817363,0.037343079999999994,-0.0019716734919626496
18,0.4200571428571428,0.003759178631719233,0.037343079999999994,-0.002244544123783717
18,0.4200571428571428,0.0039007865240681624,0.037343079999999994,-0.002519514691115471
18,0.4200571428571428,0.0040388678219787175,0.037343079999999994,-0.0027964750935706778
18,0.4200571428571428,0.004172095225065735,0.037343079999999994,-0.00307617424315834
18,0.4200571428571428,0.0042985011578731075,0.037343079999999994,-0.0033597223187830667
18,0.4200571428571428,0.0044160794251785415,0.037343079999999994,-0.0036482512900511107
18,0.4200571428571428,0.004522770983658655,0.037343079999999994,-0.003942922945423602
18,0.4200571428571428,0.0046166895626282515,0.037343079999999994,-0.004244801588643807
18,0.4200571428571428,0.004697467257998949,0.037343079999999994,-0.004554094804816821
18,0.4200571428571428,0.004765303266459484,0.037343079999999994,-0.004870690199797342
18,0.4200571428571428,0.004819299170291263,0.037343079999999994,-0.005195094694118264
18,0.4200571428571428,0.004856897934449055,0.037343079999999994,-0.005528751061603967
18,0.4200571428571428,0.004875288446478525,0.037343079999999994,-0.0058732454359580475
18,0.4200571428571428,0.0048711900588733125,0.037343079999999994,-0.00623042887994088
18,0.4200571428571428,0.004856031487070535,0.037343079999999994,-0.006416417398260085
18,0.4200571428571428,0.004827351931864837,0.037343079999999994,-0.006610034955911399
18,0.4200571428571428,0.004779163296878436,0.037343079999999994,-0.006814660258528076
18,0.4200571428571428,0.0046996479336590515,0.037343079999999994,-0.007036961260811993
18,0.4200571428571428,0.0046076399518419926,0.037343079999999994,-0.0072308239627397845
18,0.4200571428571428,0.004554208770110512,0.037343079999999994,-0.007331946009692785
18,0.4200571428571428,0.004486791135162631,0.037343079999999994,-0.007440959731276612
18,0.4200571428571428,0.004438534861552986,0.037343079999999994,-0.007503674805312649
18,0.4200571428571428,0.0044039438170412285,0.037343079999999994,-0.007540935902156589
18,0.4200571428571428,0.004379525996853324,0.037343079999999994,-0.007563585114712612
18,0.4200571428571428,0.00433578,0.037343079999999994,-0.007597139999999999
18,0.4200571428571428,0.004237059712020086,0.037343079999999994,-0.007643969866183988
18,0.4200571428571428,0.004207411892169763,0.037343079999999994,-0.007651826489045103
18,0.4200571428571428,0.004161818138987321,0.037343079999999994,-0.007659808623201223
18,0.4200571428571428,0.0040917231228166815,0.037343079999999994,-0.0076638717277808565
18,0.4200571428571428,0.003984644458429938,0.037343079999999994,-0.007653315277481303
18,0.4200571428571428,0.003899650202442583,0.037343079999999994,-0.0076302979864807
18,0.4200571428571428,0.003771842605617814,0.037343079999999994,-0.007560463370772348
18,0.4200571428571428,0.003648476141357386,0.037343079999999994,-0.007452635805478193
18,0.4200571428571428,0.0035336019604188767,0.037343079999999994,-0.007340016579581279
18,0.4200571428571428,0.0034266834513142566,0.037343079999999994,-0.0072229084691464995
18,0.4200571428571428,0.003328740988918491,0.037343079999999994,-0.007100735740898943
18,0.4200571428571428,0.0031497918479082487,0.037343079999999994,-0.006846834488295119
18,0.4200571428571428,0.0029792313266370097,0.037343079999999994,-0.006588200065919253
18,0.4200571428571428,0.0028154678842141423,0.037343079999999994,-0.006325730480054728
18,0.4200571428571428,0.0026579567786745254,0.037343079999999994,-0.006059733094282568
18,0.4200571428571428,0.0025057894292032003,0.037343079999999994,-0.005790720563530837
18,0.4200571428571428,0.002358089776893574,0.037343079999999994,-0.005519187192663053
18,0.4200571428571428,0.0022140041216510546,0.037343079999999994,-0.005245614670873367
18,0.4200571428571428,0.0020727173831472335,0.037343079999999994,-0.00497046289665429
18,0.4200571428571428,0.0019335709927377114,0.037343079999999994,-0.004694103458812736
18,0.4200571428571428,0.0017959551646406359,0.037343079999999994,-0.0044168804210588134
18,0.4200571428571428,0.001659256047835611,0.037343079999999994,-0.004139140140860696
18,0.4200571428571428,0.0015228597913022382,0.037343079999999994,-0.0038612289756865593
18,0.4200571428571428,0.0013862541749837644,0.037343079999999994,-0.003583435939052892
18,0.4200571428571428,0.0012493944812561847,0.037343079999999994,-0.0033057862622984362
18,0.4200571428571428,0.0011123660801289595,0.037343079999999994,-0.0030282317765037764
18,0.4200571428571428,0.0009752523089922756,0.037343079999999994,-0.002750725459628533
18,0.4200571428571428,0.0008381405704748642,0.037343079999999994,-0.0024732179958742535
18,0.4200571428571428,0.0007010979410127303,0.037343079999999994,-0.0021956715382328313
18,0.4200571428571428,0.0005641264532251439,0.037343079999999994,-0.0019180849398252276
18,0.4200571428571428,0.0004271976504422884,0.037343079999999994,-0.0016404742569579179
18,0.4200571428571428,0.00029029323909070693,0.037343079999999994,-0.0013628498115422034
18,0.4200571428571428,0.0001533888277391246,0.037343079999999994,-0.001085225366126489
18,0.4200571428571428,1.6464090194815047e-05,0.037343079999999994,-0.0008076123895011111
18,0.4200571428571428,-0.00012047894092295178,0.037343079999999994,-0.0005300097347870365
18,0.4200571428571428,-0.0002574341677563539,0.037343079999999994,-0.0002524139613471633
18,0.4200571428571428,-0.000394393459828302,0.037343079999999994,2.517951833464014e-05
18,0.4200571428571428,-0.0005313547845195244,0.037343079999999994,0.00030277185113741084
18,0.4200571428571428,-0.0006683100113529256,0.037343079999999994,0.000580367624577284
18,0.4200571428571428,-0.0008052611729477835,0.037343079999999994,0.0008579656917752226
18,0.4200571428571428,-0.000942210301923368,0.037343079999999994,0.0011355649058521974
18,0.4200571428571428,-0.0010791553656604065,0.037343079999999994,0.0014131664136872377
18,0.4200571428571428,-0.0012161024620167176,0.037343079999999994,0.0016907667746432452
18,0.4200571428571428,-0.0013530495583730295,0.037343079999999994,0.0019683671355992527
18,0.4200571428571428,-0.0014899986873486122,0.037343079999999994,0.002245966349676224
18,0.4200571428571428,-0.0016269478163241976,0.037343079999999994,0.002523565563753197
18,0.4200571428571428,-0.001763896945299782,0.037343079999999994,0.002801164777830172
18,0.4200571428571428,-0.0019008460742753665,0.037343079999999994,0.0030787639919071467
18,0.4200571428571428,-0.00203779520325095,0.037343079999999994,0.003356363205984118
18,0.4200571428571428,-0.002174744332226533,0.037343079999999994,0.0036339624200610893
18,0.4200571428571428,-0.0023116934612021182,0.037343079999999994,0.003911561634138064
18,0.4200571428571428,-0.0024486425901777027,0.037343079999999994,0.004189160848215039
18,0.4200571428571428,-0.002585591719153287,0.037343079999999994,0.004466760062292012
18,0.4200571428571428,-0.0027225408481288717,0.037343079999999994,0.004744359276368985
18,0.4200571428571428,-0.0028594899771044553,0.037343079999999994,0.005021958490445958
18,0.4200571428571428,-0.002996439106080039,0.037343079999999994,0.005299557704522931
18,0.4200571428571428,-0.0030649146868774683,0.037343079999999994,0.0054383567381219005
18,0.4200571428571428,-0.003133390267674896,0.037343079999999994,0.00557715577172087
18,0.4200571428571428,-0.0032018638158530528,0.037343079999999994,0.005715955952198875
18,0.4200571428571428,-0.0032703373640312087,0.037343079999999994,0.005854756132676877
19,0.4441428571428572,-0.0032295525418714497,0.0394843,0.0060276204912401805
19,0.4441428571428572,-0.0031086035749517994,0.0394843,0.005916923500884671
19,0.4441428571428572,-0.0029877597571300353,0.0394843,0.00580617019527475
19,0.4441428571428572,-0.002867142414288335,0.0394843,0.005695295595270715
19,0.4441428571428572,-0.0027468668060147633,0.0394843,0.005584237970689846
19,0.4441428571428572,-0.002507773522151778,0.0394843,0.005361341888865996
19,0.4441428571428572,-0.0022708843251483327,0.0394843,0.005137265352670852
19,0.4441428571428572,-0.0020361142868869043,0.0394843,0.004912053847502211
19,0.4441428571428572,-0.0018033724129558589,0.0394843,0.004685756107714844
19,0.4441428571428572,-0.0015726870127277075,0.0394843,0.004458356971509492
19,0.4441428571428572,-0.0013441308817317525,0.0394843,0.00422981745140233
19,0.4441428571428572,-0.0011177727713012299,0.0394843,0.004000100725880859
19,0.4441428571428572,-0.0008936753664752642,0.0394843,0.00376917322238957
19,0.4441428571428572,-0.0006718952859988692,0.0394843,0.0035370046173299257
19,0.4441428571428572,-0.00045246286134258996,0.0394843,0.003303578665917006
19,0.4441428571428572,-0.00023540437978089926,0.0394843,0.0030688812893372086
19,0.4441428571428572,-2.074410649023032e-05,0.0394843,0.0028328994917625897
19,0.4441428571428572,0.0001915017817451254,0.0394843,0.0025956246093078563
19,0.4441428571428572,0.00040128879876836967,0.0394843,0.002357032816288453
19,0.4441428571428572,0.0006084248452660566,0.0394843,0.00211702122906651
19,0.4441428571428572,0.0008126753578659792,0.0394843,0.001875464221305267
19,0.4441428571428572,0.0010138057731959287,0.0394843,0.0016322361666679655
19,0.4441428571428572,0.0012115896162758423,0.0394843,0.0013872157707604882
19,0.4441428571428572,0.001405814566811909,0.0394843,0.0011402893200883552
19,0.4441428571428572,0.001596421983961079,0.0394843,0.0008914254080673754
19,0.4441428571428572,0.001783395690939064,0.0394843,0.0006406153708122522
19,0.4441428571428572,0.001966731643549788,0.0394843,0.0003878570423516631
19,0.4441428571428572,0.0021464156871069985,0.0394843,0.00013314284178597788
19,0.4441428571428572,0.0023224053575519334,0.0394843,-0.0001235499735837012
19,0.4441428571428572,0.0024944620473163126,0.0394843,-0.0003823491960654587
19,0.4441428571428572,0.002662258176518259,0.0394843,-0.0006434302693364953
19,0.4441428571428572,0.0028254722315700052,0.0394843,-0.0009069653881170299
19,0.4441428571428572,0.0029837786546877106,0.0394843,-0.0011731289130985983
19,0.4441428571428572,0.0031369186173227327,0.0394843,-0.0014420594664459078
19,0.4441428571428572,0.0032851125281610234,0.0394843,-0.001713639002721824
19,0.4441428571428572,0.0034287749173000214,0.0394843,-0.0019876455098656936
19,0.4441428571428572,0.003568322336935198,0.0394843,-0.002263855892831199
19,0.4441428571428572,0.0037041672950659556,0.0394843,-0.002542049222543345
19,0.4441428571428572,0.0038365039131037734,0.0394843,-0.0028221215323786025
19,0.4441428571428572,0.0039640117610309665,0.0394843,-0.00310478001197409
19,0.4441428571428572,0.004084733447948418,0.0394843,-0.0033910729914503673
19,0.4441428571428572,0.004196673163094326,0.0394843,-0.003682069377655568
19,0.4441428571428572,0.00429778252115794,0.0394843,-0.003978866235065033
19,0.4441428571428572,0.0043861850151616,0.0394843,-0.004282468574372854
19,0.4441428571428572,0.0044615146453607386,0.0394843,-0.004593072415983806
19,0.4441428571428572,0.00452396957736291,0.0394843,-0.004910571627303037
19,0.4441428571428572,0.004572656043836082,0.0394843,-0.0052354448879930356
19,0.4441428571428572,0.0046050302454506194,0.0394843,-0.005569054594016268
19,0.4441428571428572,0.004618295620622353,0.0394843,-0.005912898514542916
19,0.4441428571428572,0.004609188503120733,0.0394843,-0.0062687245884310225
19,0.4441428571428572,0.0045915934230849635,0.0394843,-0.006453622341400449
19,0.4441428571428572,0.00456054734691189,0.0394843,-0.006645724114991751
19,0.4441428571428572,0.004510093173786644,0.0394843,-0.006848220384964405
19,0.4441428571428572,0.004428474425726318,0.0394843,-0.007067407629955752
19,0.4441428571428572,0.004334930717711289,0.0394843,-0.007257886735643296
19,0.4441428571428572,0.004280770117479223,0.0394843,-0.007357083518095055
19,0.4441428571428572,0.004212695460659545,0.0394843,-0.007463732324885228
19,0.4441428571428572,0.004164185976604082,0.0394843,-0.0075248076566613665
19,0.4441428571428572,0.004129522484934622,0.0394843,-0.007560919991243227
19,0.4441428571428572,0.004105105307580783,0.0394843,-0.007582770940292884
19,0.4441428571428572,0.004061459999999999,0.0394843,-0.00761492
19,0.4441428571428572,0.00396337645621823,0.0394843,-0.007658677405324037
19,0.4441428571428572,0.003934007847905176,0.0394843,-0.007665632791890925
19,0.4441428571428572,0.003888901594141602,0.0394843,-0.007672243158678931
19,0.4441428571428572,0.003819672397936885,0.0394843,-0.007674225750043095
19,0.4441428571428572,0.0037141539825383796,0.0394843,-0.007660549096341729
19,0.4441428571428572,0.003630605662304008,0.0394843,-0.007635105803425589
19,0.4441428571428572,0.0035054716002840547,0.0394843,-0.00756174509914094
19,0.4441428571428572,0.003385258677049609,0.0394843,-0.007450653902004558
19,0.4441428571428572,0.0032734940794107224,0.0394843,-0.007335037990773438
19,0.4441428571428572,0.0031696439734858186,0.0394843,-0.007215183273662279
19,0.4441428571428572,0.003074723452489107,0.0394843,-0.007090546091868889
19,0.4441428571428572,0.0029017305313339325,0.0394843,-0.006832248291748516
19,0.4441428571428572,0.0027370828087744667,0.0394843,-0.006569481009802153
19,0.4441428571428572,0.002579196982048307,0.0394843,-0.006303092223802942
19,0.4441428571428572,0.00242753112888173,0.0394843,-0.006033372173908228
19,0.4441428571428572,0.002281181371452522,0.0394843,-0.005760804954708807
19,0.4441428571428572,0.002139276185507048,0.0394843,-0.005485857333024887
19,0.4441428571428572,0.0020009662898700714,0.0394843,-0.0052089841628343994
19,0.4441428571428572,0.0018654408232290465,0.0394843,-0.0049306197213877
19,0.4441428571428572,0.0017320446258202197,0.0394843,-0.004651114896039191
19,0.4441428571428572,0.0016001710682327077,0.0394843,-0.004370794582487394
19,0.4441428571428572,0.0014692094768595561,0.0394843,-0.004089985842402153
19,0.4441428571428572,0.001338549178093811,0.0394843,-0.0038090157374533152
19,0.4441428571428572,0.0012076806032303281,0.0394843,-0.003528157180027635
19,0.4441428571428572,0.001076559266112311,0.0394843,-0.003247433995809671
19,0.4441428571428572,0.0009452700948572833,0.0394843,-0.0029668006994016324
19,0.4441428571428572,0.0008138959954847322,0.0394843,-0.002686212888391387
19,0.4441428571428572,0.0006825239182102166,0.0394843,-0.0024056239943954782
19,0.4441428571428572,0.0005512205922689351,0.0394843,-0.0021249982788870718
19,0.4441428571428572,0.0004199880397589232,0.0394843,-0.0018443346588805044
19,0.4441428571428572,0.00028879795130767275,0.0394843,-0.0015636482961750402
19,0.4441428571428572,0.00015763212803285775,0.0394843,-0.0012829489376416352
19,0.4441428571428572,2.646630475804275e-05,0.0394843,-0.0010022495791082303
19,0.4441428571428572,-0.00010471973949713505,0.0394843,-0.0007215610504314428
19,0.4441428571428572,-0.00023592398263464018,0.0394843,-0.00044088226862561055
19,0.4441428571428572,-0.0003671403583603624,0.0394843,-0.00016020998473374737
19,0.4441428571428572,-0.0004983607782821564,0.0394843,0.00012046013318678904
19,0.4441428571428572,-0.0006295832203019854,0.0394843,0.00040112916812166336
19,0.4441428571428572,-0.0007607995960277085,0.0394843,0.0006818014520135257
19,0.4441428571428572,-0.000892011927557358,0.0394843,0.0009624759018767104
19,0.4441428571428572,-0.0010232222369889717,0.0394843,0.0012431514347255599
19,0.4441428571428572,-0.0011544285022245119,0.0394843,0.00152382913354573
19,0.4441428571428572,-0.001285636789558088,0.0394843,0.0018045057493802372
19,0.4441428571428572,-0.0014168450768916657,0.0394843,0.002085182365214746
19,0.4441428571428572,-0.0015480553863232785,0.0394843,0.002365857898063592
19,0.4441428571428572,-0.0016792656957548904,0.0394843,0.002646533430912438
19,0.4441428571428572,-0.001810476005186504,0.0394843,0.002927208963761284
19,0.4441428571428572,-0.0019416863146181178,0.0394843,0.0032078844966101335
19,0.4441428571428572,-0.0020728966240497297,0.0394843,0.0034885600294589777
19,0.4441428571428572,-0.0022041069334813434,0.0394843,0.0037692355623078254
19,0.4441428571428572,-0.002335317242912957,0.0394843,0.004049911095156671
19,0.4441428571428572,-0.00246652755234457,0.0394843,0.004330586628005519
19,0.4441428571428572,-0.0025977378617761835,0.0394843,0.004611262160854367
19,0.4441428571428572,-0.0027289481712077955,0.0394843,0.004891937693703211
19,0.4441428571428572,-0.0028601584806394083,0.0394843,0.005172613226552059
19,0.4441428571428572,-0.002991368790071021,0.0394843,0.005453288759400905
19,0.4441428571428572,-0.0030569749558358467,0.0394843,0.005593625984332498
19,0.4441428571428572,-0.0031225811216006715,0.0394843,0.005733963209264091
19,0.4441428571428572,-0.0031881852652674604,0.0394843,0.005874301517181346
19,0.4441428571428572,-0.0032537894089342484,0.0394843,0.006014639825098598
20,0.46822857142857144,-0.0032119662424723266,0.04162552,0.006164739198762806
20,0.46822857142857144,-0.003094248023717242,0.04162552,0.006051173264995634
20,0.46822857142857144,-0.0029766342162362226,0.04162552,0.0059375541831227325
20,0.46822857142857144,-0.0028592452945762673,0.04162552,0.0058238206284067185
20,0.46822857142857144,-0.002742195709557024,0.04162552,0.005709914342347082
20,0.46822857142857144,-0.0025095442419916336,0.04162552,0.005481364851300282
20,0.46822857142857144,-0.0022790813953633827,0.04162552,0.005251701294191064
20,0.46822857142857144,-0.002050722837489367,0.04162552,0.0050209665983355885
20,0.46822857142857144,-0.0018243782124593411,0.04162552,0.004789206757286896
20,0.46822857142857144,-0.0016000756310009371,0.04162552,0.004556407461939597
20,0.46822857142857144,-0.0013778873778423546,0.04162552,0.004322531917451261
20,0.46822857142857144,-0.001157881721893557,0.04162552,0.004087545373137376
20,0.46822857142857144,-0.0009401209083371655,0.04162552,0.0038514161445502943
20,0.46822857142857144,-0.0007246611586284413,0.04162552,0.003614115613479233
20,0.46822857142857144,-0.0005115325914041347,0.04162552,0.003375628448739852
20,0.46822857142857144,-0.00030076130948276285,0.04162552,0.003135941363305716
20,0.46822857142857144,-9.237140777372489e-05,0.04162552,0.0028950420922293505
20,0.46822857142857144,0.00011362105045004513,0.04162552,0.0026529224588791043
20,0.46822857142857144,0.0003171718911879804,0.04162552,0.002409559977517941
20,0.46822857142857144,0.0005180903630740046,0.04162552,0.002164857550645002
20,0.46822857142857144,0.0007161435486505831,0.04162552,0.001918696617101351
20,0.46822857142857144,0.0009110985304601874,0.04162552,0.0016709586157280546
20,0.46822857142857144,0.0011027304226817543,0.04162552,0.0014215290736820018
20,0.46822857142857144,0.001290828394858035,0.04162552,0.0011703006726727734
20,0.46822857142857144,0.001475334217624647,0.04162552,0.0009172437724106379
20,0.46822857142857144,0.00165623182770866,0.04162552,0.0006623501962639425
20,0.46822857142857144,0.0018335172092918393,0.04162552,0.0004056179000747765
20,0.46822857142857144,0.0020071763070103675,0.04162552,0.00014703972929044212
20,0.46822857142857144,0.002177166954772796,0.04162552,-0.00011340577974714144
20,0.46822857142857144,0.00234325221930336,0.04162552,-0.0003758392323548222
20,0.46822857142857144,0.002505106819325166,0.04162552,-0.000640426205323532
20,0.46822857142857144,0.002662411497288667,0.04162552,-0.0009073292092073287
20,0.46822857142857144,0.0028148429798260845,0.04162552,-0.0011767127987181826
20,0.46822857142857144,0.0029621442545704887,0.04162552,-0.001448707799962509
20,0.46822857142857144,0.003104534183615594,0.04162552,-0.0017232028063340664
20,0.46822857142857144,0.0032424243883303096,0.04162552,-0.001999988291646799
20,0.46822857142857144,0.003376228497992665,0.04162552,-0.0022788537076357043
20,0.46822857142857144,0.0035063561260624543,0.04162552,-0.0025595905501936845
20,0.46822857142857144,0.0036330000318148727,0.04162552,-0.0028421006997409294
20,0.46822857142857144,0.0037548490505967583,0.04162552,-0.003127051573835936
20,0.46822857142857144,0.0038699595263832023,0.04162552,-0.0034154325449084495
20,0.46822857142857144,0.003976349652876081,0.04162552,-0.003708252404888387
20,0.46822857142857144,0.0040719854181402405,0.04162552,-0.004006546519758529
20,0.46822857142857144,0.004155003482515438,0.04162552,-0.00431126337879037
20,0.46822857142857144,0.0042250404144515636,0.04162552,-0.004622587978275005
20,0.46822857142857144,0.004282292989042046,0.04162552,-0.004940420154474715
20,0.46822857142857144,0.004325873710457333,0.04162552,-0.005265211666288206
20,0.46822857142857144,0.00435325662902869,0.04162552,-0.005598248289042563
20,0.46822857142857144,0.004361664806447806,0.04162552,-0.005940943557934419
20,0.46822857142857144,0.004347857477400425,0.04162552,-0.006294947108399319
20,0.46822857142857144,0.004328003803028969,0.04162552,-0.0064785407818607425
20,0.46822857142857144,0.0042947935172136294,0.04162552,-0.0066689333245398
20,0.46822857142857144,0.004242311319696787,0.04162552,-0.006869135781041894
20,0.46822857142857144,0.004158883226874298,0.04162552,-0.007085090518419239
20,0.46822857142857144,0.004064090262256857,0.04162552,-0.007272132751341311
20,0.46822857142857144,0.004009356880035937,0.04162552,-0.0073693885443088455
20,0.46822857142857144,0.003940807075183421,0.04162552,-0.007473677262575018
20,0.46822857142857144,0.0038921615672093766,0.04162552,-0.007533136640798694
20,0.46822857142857144,0.0038575031010444536,0.04162552,-0.007568127481338338
20,0.46822857142857144,0.0038331381544172882,0.04162552,-0.007589204266271208
20,0.46822857142857144,0.0037896799999999997,0.04162552,-0.007619999999999999
20,0.46822857142857144,0.0036924038044320417,0.04162552,-0.007660841780321708
20,0.46822857142857144,0.0036633603764657193,0.04162552,-0.007666951273548766
20,0.46822857142857144,0.0036188088358883397,0.04162552,-0.007672280425758134
20,0.46822857142857144,0.0035505418276369463,0.04162552,-0.007672332616846834
20,0.46822857142857144,0.0034467166506442133,0.04162552,-0.00765578733282531
20,0.46822857142857144,0.003364707406203766,0.04162552,-0.007628137160943054
20,0.46822857142857144,0.0032423570473113696,0.04162552,-0.007551626634676388
20,0.46822857142857144,0.0031253697074747422,0.04162552,-0.007437688664169106
20,0.46822857142857144,0.0030167714119274337,0.04162552,-0.0073194804477821965
20,0.46822857142857144,0.002916032072662651,0.04162552,-0.007197271814360137
20,0.46822857142857144,0.002824159660056947,0.04162552,-0.007070549680266841
20,0.46822857142857144,0.002657144733605379,0.04162552,-0.006808589450215948
20,0.46822857142857144,0.0024984164480781803,0.04162552,-0.0065424111003122044
20,0.46822857142857144,0.0023464026106370236,0.04162552,-0.006272814918378429
20,0.46822857142857144,0.0022005651016386487,0.04162552,-0.006000074821574924
20,0.46822857142857144,0.0020600063857079192,0.04162552,-0.005724647679195177
20,0.46822857142857144,0.0019238610540155629,0.04162552,-0.0054469740072693755
20,0.46822857142857144,0.0017912857847325906,0.04162552,-0.005167483078959185
20,0.46822857142857144,0.001661475406303231,0.04162552,-0.004886584747926102
20,0.46822857142857144,0.0015337793561736928,0.04162552,-0.0046046101677519845
20,0.46822857142857144,0.0014075952616089834,0.04162552,-0.004321865962123735
20,0.46822857142857144,0.0012823167340558785,0.04162552,-0.004038660798886172
20,0.46822857142857144,0.0011573373849611533,0.04162552,-0.0037553033458841145
20,0.46822857142857144,0.0010321512212274138,0.04162552,-0.0034720511670145596
20,0.46822857142857144,0.0009067140688540937,0.04162552,-0.0031889267480145487
20,0.46822857142857144,0.0007811102600240941,0.04162552,-0.0029058871615679155
20,0.46822857142857144,0.0006554221190111947,0.04162552,-0.0026228905024374477
20,0.46822857142857144,0.0005297359859074121,0.04162552,-0.0023398928212280236
20,0.46822857142857144,0.0004041181217135951,0.04162552,-0.0020568603893340856
20,0.46822857142857144,0.0002785705343388606,0.04162552,-0.001773792184676673
20,0.46822857142857144,0.0001530651130555753,0.04162552,-0.0014907025163611778
20,0.46822857142857144,2.758378668169057e-05,0.04162552,-0.0012076005830982074
20,0.46822857142857144,-9.789753969219502e-05,0.04162552,-0.0009244986498352361
20,0.46822857142857144,-0.00022339894515724682,0.04162552,-0.0006414069373618277
20,0.46822857142857144,-0.00034891842180434897,0.04162552,-0.0003583244235990275
20,0.46822857142857144,-0.00047444994590615077,0.04162552,-7.524804230996454e-05
20,0.46822857142857144,-0.0005999854858261835,0.04162552,0.00020782629482118346
20,0.46822857142857144,-0.0007255230336553355,0.04162552,0.0004908996098733779
20,0.46822857142857144,-0.0008510545577571364,0.04162552,0.0007739759911624408
20,0.46822857142857144,-0.0009765820660407047,0.04162552,0.0010570544166094162
20,0.46822857142857144,-0.0011021075664151571,0.04162552,0.0013401338641353478
20,0.46822857142857144,-0.001227629050971376,0.04162552,0.0016232153558191917
20,0.46822857142857144,-0.001353152543436709,0.04162552,0.0019062958254240777
20,0.46822857142857144,-0.0014786760359020439,0.04162552,0.0021893762950289655
20,0.46822857142857144,-0.0016042015362764963,0.04162552,0.002472455742554897
20,0.46822857142857144,-0.0017297270366509478,0.04162552,0.0027555351900808303
20,0.46822857142857144,-0.0018552525370253994,0.04162552,0.003038614637606762
20,0.46822857142857144,-0.001980778037399851,0.04162552,0.0033216940851326935
20,0.46822857142857144,-0.0021063035377743007,0.04162552,0.0036047735326586233
20,0.46822857142857144,-0.002231829038148753,0.04162552,0.003887852980184555
20,0.46822857142857144,-0.0023573545385232046,0.04162552,0.004170932427710486
20,0.46822857142857144,-0.002482880038897656,0.04162552,0.004454011875236418
20,0.46822857142857144,-0.0026084055392721086,0.04162552,0.004737091322762351
20,0.46822857142857144,-0.00273393103964656,0.04162552,0.005020170770288283
20,0.46822857142857144,-0.00285945654002101,0.04162552,0.005303250217814211
20,0.46822857142857144,-0.0029849820403954615,0.04162552,0.0055863296653401425
20,0.46822857142857144,-0.0030477457945372456,0.04162552,0.005727868878063632
20,0.46822857142857144,-0.0031105095486790297,0.04162552,0.00586940809078712
20,0.46822857142857144,-0.003173271294911697,0.04162552,0.0060109483255895635
20,0.46822857142857144,-0.0032360330411443645,0.04162552,0.006152488560392007
21,0.49231428571428576,-0.003202107435987921,0.04376674,0.006279287471127856
21,0.49231428571428576,-0.0030876069592673146,0.04376674,0.006163328154889067
21,0.49231428571428576,-0.002973209959726747,0.04376674,0.0060473186443768335
21,0.49231428571428576,-0.002859035834112413,0.04376674,0.005931201023121801
21,0.49231428571428576,-0.002745198009333205,0.04376674,0.005814920270478085
21,0.49231428571428576,-0.0025189571106749263,0.04376674,0.0055816628022838785
21,0.49231428571428576,-0.0022948852529059045,0.04376674,0.005347353184896364
21,0.49231428571428576,-0.0020728988583038005,0.04376674,0.00511203195984409
21,0.49231428571428576,-0.0018529083793089656,0.04376674,0.004875742564479073
21,0.49231428571428576,-0.0016349416751621788,0.04376674,0.004638471484958463
21,0.49231428571428576,-0.0014190703839111612,0.04376674,0.0044001839714006485
21,0.49231428571428576,-0.0012053621637120888,0.04376674,0.0041608472044729885
21,0.49231428571428576,-0.0009938787028838311,0.04376674,0.003920431260666323
21,0.49231428571428576,-0.0007846757199079478,0.04376674,0.003678909112294948
21,0.49231428571428576,-0.0005777830639709866,0.04376674,0.003436266280241522
21,0.49231428571428576,-0.0003732266043679584,0.04376674,0.0031924902159376897
21,0.49231428571428576,-0.00017103022044810201,0.04376674,0.002947569336089576
21,0.49231428571428576,2.8790168222421995e-05,0.04376674,0.002701495918501269
21,0.49231428571428576,0.0002261907828366742,0.04376674,0.002454248727134004
21,0.49231428571428576,0.00042098257854651135,0.04376674,0.0022057360609112992
21,0.49231428571428576,0.0006129347216426145,0.04376674,0.0019558459479924
21,0.49231428571428576,0.0008018163784156707,0.04376674,0.0017044664165365491
21,0.49231428571428576,0.0009874046749394436,0.04376674,0.0014514893558009471
21,0.49231428571428576,0.0011694906669080874,0.04376674,0.0011968134119642237
21,0.49231428571428576,0.0013480166458942735,0.04376674,0.0009404105920661878
21,0.49231428571428576,0.0015229666923318426,0.04376674,0.0006822731739109236
21,0.49231428571428576,0.0016943368263292538,0.04376674,0.0004223992269494553
21,0.49231428571428576,0.0018621131182661181,0.04376674,0.00016078199426035333
21,0.49231428571428576,0.0020262537792812662,0.04376674,-0.00010259879492065076
21,0.49231428571428576,0.0021865239957738437,0.04376674,-0.0003678570429832958
21,0.49231428571428576,0.0023426013965291152,0.04376674,-0.0006351491243948423
21,0.49231428571428576,0.002494169580169658,0.04376674,-0.0009046285177990851
21,0.49231428571428576,0.0026409081654265093,0.04376674,-0.0011764506323887992
21,0.49231428571428576,0.0027825624392411137,0.04376674,-0.00145073902329861
21,0.49231428571428576,0.0029193493057023978,0.04376674,-0.0017273884756091873
21,0.49231428571428576,0.0030516767036932015,0.04376674,-0.0020062011080502285
21,0.49231428571428576,0.0031799545620421364,0.04376674,-0.0022869780740769454
21,0.49231428571428576,0.003304588829686276,0.04376674,-0.002569522457693524
21,0.49231428571428576,0.0034257705414195367,0.04376674,-0.0028537415925489933
21,0.49231428571428576,0.003542200262654133,0.04376674,-0.003140265802884851
21,0.49231428571428576,0.0036519517258847447,0.04376674,-0.0034300294744067164
21,0.49231428571428576,0.003753060854636422,0.04376674,-0.003723985333035503
21,0.49231428571428576,0.003843511833844195,0.04376674,-0.004023111201828845
21,0.49231428571428576,0.003921457993833543,0.04376674,-0.00432830285551279
21,0.49231428571428576,0.003986539154420101,0.04376674,-0.004639735008769895
21,0.49231428571428576,0.004038950330289326,0.04376674,-0.004957313064700215
21,0.49231428571428576,0.004077811965410896,0.04376674,-0.005281463674628008
21,0.49231428571428576,0.004100620708006202,0.04376674,-0.00561340115386078
21,0.49231428571428576,0.00410462446307539,0.04376674,-0.005954460477017199
21,0.49231428571428576,0.004086611458145744,0.04376674,-0.006306199597122955
21,0.49231428571428576,0.0040647708004375675,0.04376674,-0.006488294694994412
21,0.49231428571428576,0.0040296930234676185,0.04376674,-0.0066768107987685245
21,0.49231428571428576,0.003975515746997597,0.04376674,-0.0068745916070906965
21,0.49231428571428576,0.003890669426320958,0.04376674,-0.007087249225841573
21,0.49231428571428576,0.003794992827373311,0.04376674,-0.007270860205457444
21,0.49231428571428576,0.003739883266056055,0.04376674,-0.0073661928082491895
21,0.49231428571428576,0.0036710808878957072,0.04376674,-0.007468167464801636
21,0.49231428571428576,0.003622437656939932,0.04376674,-0.0075260632625975986
21,0.49231428571428576,0.0035878727956111774,0.04376674,-0.007559979911929122
21,0.49231428571428576,0.0035636175949688618,0.04376674,-0.0075803205584053035
21,0.49231428571428576,0.0035204399999999997,0.04376674,-0.007609839999999999
21,0.49231428571428576,0.0034241422959523917,0.04376674,-0.007647976647358577
21,0.49231428571428576,0.0033954669290595517,0.04376674,-0.007653311337022618
21,0.49231428571428576,0.0033515304197091695,0.04376674,-0.007657473801018498
21,0.49231428571428576,0.0032843070682632754,0.04376674,-0.007655782075635052
21,0.49231428571428576,0.00318227658196413,0.04376674,-0.0076366743034378725
21,0.49231428571428576,0.003101866856455596,0.04376674,-0.007607078823914723
21,0.49231428571428576,0.00298234276005673,0.04376674,-0.007527856488666991
21,0.49231428571428576,0.0028685666235963893,0.04376674,-0.007411545812514104
21,0.49231428571428576,0.00276310448056294,0.04376674,-0.007291202219545027
21,0.49231428571428576,0.002665430985273112,0.04376674,-0.007167080542224929
21,0.49231428571428576,0.0025765450905034263,0.04376674,-0.007038696212760193
21,0.49231428571428576,0.0024153535291193584,0.04376674,-0.006773884886786083
21,0.49231428571428576,0.0022623744739279136,0.04376674,-0.006505089872994735
21,0.49231428571428576,0.002116049797391214,0.04376674,-0.0062330669813112525
21,0.49231428571428576,0.00197584619404291,0.04376674,-0.00595807490529876
21,0.49231428571428576,0.0018408741581238304,0.04376674,-0.005680545122653965
21,0.49231428571428576,0.0017102760230071215,0.04376674,-0.005400893666681743
21,0.49231428571428576,0.0015832160114694009,0.04376674,-0.00511952595266759
21,0.49231428571428576,0.0014588961552569144,0.04376674,-0.004836829055681707
21,0.49231428571428576,0.0013366717119401958,0.04376674,-0.004553115724658616
21,0.49231428571428576,0.0012159456977882568,0.04376674,-0.004268675541945102
21,0.49231428571428576,0.0010961171491785694,0.04376674,-0.003983800020436926
21,0.49231428571428576,0.0009765851024886064,0.04376674,-0.0036987806730298467
21,0.49231428571428576,0.0008568480913843371,0.04376674,-0.0034138607488951624
21,0.49231428571428576,0.0007368623370588231,0.04376674,-0.0031290614840716376
21,0.49231428571428576,0.0006167114172344027,0.04376674,-0.0028443423370307233
21,0.49231428571428576,0.0004964769196876429,0.04376674,-0.0025596637315183583
21,0.49231428571428576,0.00037624441208665383,0.04376674,-0.0022749841607315035
21,0.49231428571428576,0.00025607956264184304,0.04376674,-0.0019902717706120135
21,0.49231428571428576,0.0001359843612989812,0.04376674,-0.0017055255958854003
21,0.49231428571428576,1.5930948817288564e-05,0.04376674,-0.0014207591503945108
21,0.49231428571428576,-0.00010409858431516478,0.04376674,-0.0011359811216097495
21,0.49231428571428576,-0.00022412811744761812,0.04376674,-0.0008512030928249899
21,0.49231428571428576,-0.00034417755003777074,0.04376674,-0.000566434716785121
21,0.49231428571428576,-0.00046424489213985325,0.04376674,-0.00028167502821565757
21,0.49231428571428576,-0.0005843241739165554,0.04376674,3.078868706871303e-06
21,0.49231428571428576,-0.0007044074355847972,0.04376674,0.00028783083508041995
21,0.49231428571428576,-0.0008244926871988096,0.04376674,0.0005725818361794815
21,0.49231428571428576,-0.0009445719689755126,0.04376674,0.0008573357331020113
21,0.49231428571428576,-0.0010646472708606743,0.04376674,0.0011420915605735169
21,0.49231428571428576,-0.0011847205828000662,0.04376674,0.001426848353319513
21,0.49231428571428576,-0.0013047899148479185,0.04376674,0.0017116070766144886
21,0.49231428571428576,-0.0014248612368415407,0.04376674,0.0019963648346349736
21,0.49231428571428576,-0.0015449325588351628,0.04376674,0.0022811225926554586
21,0.49231428571428576,-0.0016650058707745555,0.04376674,0.0025658793854014565
21,0.49231428571428576,-0.0017850791827139483,0.04376674,0.0028506361781474527
21,0.49231428571428576,-0.001905152494653341,0.04376674,0.003135392970893449
21,0.49231428571428576,-0.002025225806592733,0.04376674,0.003420149763639445
21,0.49231428571428576,-0.002145299118532125,0.04376674,0.003704906556385441
21,0.49231428571428576,-0.0022653724304715185,0.04376674,0.003989663349131439
21,0.49231428571428576,-0.0023854457424109105,0.04376674,0.0042744201418774335
21,0.49231428571428576,-0.0025055190543503032,0.04376674,0.00455917693462343
21,0.49231428571428576,-0.002625592366289696,0.04376674,0.004843933727369428
21,0.49231428571428576,-0.002745665678229088,0.04376674,0.005128690520115424
21,0.49231428571428576,-0.00286573899016848,0.04376674,0.005413447312861418
21,0.49231428571428576,-0.0029858123021078726,0.04376674,0.005698204105607416
21,0.49231428571428576,-0.0030458499530504526,0.04376674,0.005840582019343169
21,0.49231428571428576,-0.0031058876039930343,0.04376674,0.0059829599330789235
21,0.49231428571428576,-0.0031659232649898453,0.04376674,0.006125338812089165
21,0.49231428571428576,-0.0032259589259866573,0.04376674,0.0062677176910994085
22,0.5164,-0.0032012558830178737,0.04590796,0.006366241483486115
22,0.5164,-0.0030900072420121188,0.04590796,0.006248396687498751
22,0.5164,-0.002978860927909425,0.04590796,0.006130504476926255
22,0.5164,-0.002867935010213323,0.04590796,0.00601251014263192
22,0.5164,-0.0027573416549521684,0.04590796,0.005894361710935893
22,0.5164,-0.0025375737462972974,0.04590796,0.005657407426084543
22,0.5164,-0.002319950766956584,0.04590796,0.005419459258583216
22,0.5164,-0.0021043900682775544,0.04590796,0.005180555504827592
22,0.5164,-0.0018908030981325623,0.04590796,0.004940737196670202
22,0.5164,-0.0016792174060724298,0.04590796,0.004699991568645809
22,0.5164,-0.0014697038337992767,0.04590796,0.004458285795272402
22,0.5164,-0.001262329287365104,0.04590796,0.0042155888747058496
22,0.5164,-0.0010571547693467372,0.04590796,0.003971872540558862
22,0.5164,-0.0008542353788458233,0.04590796,0.0037271112619009757
22,0.5164,-0.0006536006332382451,0.04590796,0.003481291361448019
22,0.5164,-0.0004552761142497682,0.04590796,0.0032344009855537125
22,0.5164,-0.000259285435781098,0.04590796,0.002986429192390709
22,0.5164,-6.564434043270775e-05,0.04590796,0.002737368687407455
22,0.5164,0.0001256038796441086,0.04590796,0.0024871994105871613
22,0.5164,0.00031427228106876157,0.04590796,0.002235834739130052
22,0.5164,0.0005001325961344204,0.04590796,0.001983168902038525
22,0.5164,0.0006829565571342599,0.04590796,0.001729096128314963
22,0.5164,0.000862523767661686,0.04590796,0.0014735142942375315
22,0.5164,0.0010386276060855189,0.04590796,0.0012163276588170154
22,0.5164,0.001211211005479051,0.04590796,0.0009575097793040116
22,0.5164,0.0013802582232418138,0.04590796,0.0006970533611469548
22,0.5164,0.001545765323723687,0.04590796,0.000434956580707962
22,0.5164,0.0017077185321492596,0.04590796,0.00017121305525441728
22,0.5164,0.0018660765241922958,0.04590796,-9.419636341152608e-05
22,0.5164,0.0020206070964958493,0.04590796,-0.00036137926992536526
22,0.5164,0.002170991461400387,0.04590796,-0.0006304833789561844
22,0.5164,0.0023169167347215467,0.04590796,-0.0009016536697162283
22,0.5164,0.002458066096624855,0.04590796,-0.0011750369450556266
22,0.5164,0.0025941876655027757,0.04590796,-0.0014507499177993368
22,0.5164,0.0027254959342867266,0.04590796,-0.0017286931996823582
22,0.5164,0.002852394307113772,0.04590796,-0.0020086798678209767
22,0.5164,0.002975288155946039,0.04590796,-0.002290522087512541
22,0.5164,0.0030945789170955334,0.04590796,-0.0025740338476922817
22,0.5164,0.0032104555017679055,0.04590796,-0.0028591276137414825
22,0.5164,0.0033216329201997217,0.04590796,-0.0031463988034311904
22,0.5164,0.0034262063177340043,0.04590796,-0.003436730057500101
22,0.5164,0.003522233451037659,0.04590796,-0.0037310213412468634
22,0.5164,0.0036077209133260615,0.04590796,-0.004030196327262699
22,0.5164,0.003680842562944589,0.04590796,-0.004335101183528508
22,0.5164,0.0037412422235575888,0.04590796,-0.004645900949273322
22,0.5164,0.0037891127420208288,0.04590796,-0.0049625062662405385
22,0.5164,0.0038235843396582933,0.04590796,-0.005285320158403819
22,0.5164,0.003842181492545936,0.04590796,-0.00561548969399589
22,0.5164,0.0038421826986273547,0.04590796,-0.005954275918617599
22,0.5164,0.0038204118882575497,0.04590796,-0.006303150508046071
22,0.5164,0.0037968349953555313,0.04590796,-0.0064834685790456665
22,0.5164,0.0037601681301619788,0.04590796,-0.00666985206966697
22,0.5164,0.00370461408005349,0.04590796,-0.006864987198521761
22,0.5164,0.0036187319101378557,0.04590796,-0.007074175280955893
22,0.5164,0.0035225356581330782,0.04590796,-0.007254263857563944
22,0.5164,0.003467247099365616,0.04590796,-0.007347639932292762
22,0.5164,0.00339841793636814,0.04590796,-0.0074472902331816785
22,0.5164,0.0033499196309231434,0.04590796,-0.007503641271815038
22,0.5164,0.0033155410987101646,0.04590796,-0.007536510379150771
22,0.5164,0.0032914565735974307,0.04590796,-0.0075561399464016904
22,0.5164,0.00324866,0.04590796,-0.007584439999999999
22,0.5164,0.003153531715221954,0.04590796,-0.0076200493362521965
22,0.5164,0.0031252740615940783,0.04590796,-0.007624673241117607
22,0.5164,0.0030820238630601005,0.04590796,-0.0076277744793406205
22,0.5164,0.0030159435866279317,0.04590796,-0.007624515010595056
22,0.5164,0.0029158389039724195,0.04590796,-0.007603142542490933
22,0.5164,0.0028371146405814177,0.04590796,-0.007571863161550089
22,0.5164,0.002720502419420871,0.04590796,-0.007490382332923107
22,0.5164,0.0026099700667365413,0.04590796,-0.007372205634839788
22,0.5164,0.002507659287148127,0.04590796,-0.007250219357204529
22,0.5164,0.0024130505748400904,0.04590796,-0.007124664220218795
22,0.5164,0.0023271317779919778,0.04590796,-0.006995082490772227
22,0.5164,0.0021716901026861716,0.04590796,-0.006728321756429891
22,0.5164,0.00202436964139828,0.04590796,-0.006457797945301808
22,0.5164,0.0018836295871072148,0.04590796,-0.006184225011621861
22,0.5164,0.0017489425626972016,0.04590796,-0.005907847322867294
22,0.5164,0.0016194289503669314,0.04590796,-0.0056290724621064925
22,0.5164,0.0014942406175160348,0.04590796,-0.005348293423304723
22,0.5164,0.0013725510776197902,0.04590796,-0.00506589317041886
22,0.5164,0.001253571232829596,0.04590796,-0.00478223734284582
22,0.5164,0.0011366635078263808,0.04590796,-0.004497621369923765
22,0.5164,0.0010212375550924867,0.04590796,-0.004212318797336172
22,0.5164,0.0009066990914601385,0.04590796,-0.003926604994404413
22,0.5164,0.0007924538337615609,0.04590796,-0.003640755330449861
22,0.5164,0.0006780058900819202,0.04590796,-0.003354999583846635
22,0.5164,0.0005633119682699221,0.04590796,-0.003069357814611526
22,0.5164,0.00044845471697803905,0.04590796,-0.002783791726348849
22,0.5164,0.00033351481703368336,0.04590796,-0.002498263934481857
22,0.5164,0.00021857688491438683,0.04590796,-0.00221273523079592
22,0.5164,0.00010370585884709148,0.04590796,-0.0019271755252658574
22,0.5164,-1.1096293343143982e-05,0.04590796,-0.0016415839060727197
22,0.5164,-0.00012585712120714333,0.04590796,-0.0013559731386817387
22,0.5164,-0.0002405943351704359,0.04590796,-0.0010703514294634203
22,0.5164,-0.0003553315491337289,0.04590796,-0.0007847297202451002
22,0.5164,-0.0004700884413476104,0.04590796,-0.0004991171292162292
22,0.5164,-0.0005848630439870216,0.04590796,-0.00021351274455786318
22,0.5164,-0.0006996494535767869,0.04590796,7.208616918683367e-05
22,0.5164,-0.0008144397988166679,0.04590796,0.0003576832592936388
22,0.5164,-0.0009292321118816089,0.04590796,0.0006432794375814998
22,0.5164,-0.0010440185214713742,0.04590796,0.0009288783513261975
22,0.5164,-0.0011588009954110203,0.04590796,0.0012144790887087835
22,0.5164,-0.0012735815015256081,0.04590796,0.0015000807379103127
22,0.5164,-0.0013883580719900794,0.04590796,0.0017856842107497372
22,0.5164,-0.0015031366102796072,0.04590796,0.0020712867717702097
22,0.5164,-0.0016179151485691359,0.04590796,0.0023568893327906857
22,0.5164,-0.0017326956546837246,0.04590796,0.0026424909819922184
22,0.5164,-0.0018474761607983124,0.04590796,0.0029280926311937476
22,0.5164,-0.0019622566669129002,0.04590796,0.0032136942803952804
22,0.5164,-0.002077037173027488,0.04590796,0.003499295929596813
22,0.5164,-0.002191817679142076,0.04590796,0.0037848975787983423
22,0.5164,-0.0023065981852566637,0.04590796,0.004070499227999872
22,0.5164,-0.0024213786913712516,0.04590796,0.004356100877201404
22,0.5164,-0.0025361591974858385,0.04590796,0.004641702526402937
22,0.5164,-0.0026509397036004263,0.04590796,0.004927304175604466
22,0.5164,-0.002765720209715015,0.04590796,0.005212905824805999
22,0.5164,-0.002880500715829602,0.04590796,0.005498507474007528
22,0.5164,-0.00299528122194419,0.04590796,0.0057841091232090575
22,0.5164,-0.0030526724589140133,0.04590796,0.005926909491900352
22,0.5164,-0.0031100636958838377,0.04590796,0.006069709860591647
22,0.5164,-0.003167452965028601,0.04590796,0.006212511141101883
22,0.5164,-0.0032248422341733664,0.04590796,0.006355312421612123
23,0.5404857142857143,-0.003205077011842244,0.04804918,0.006434472823825136
23,0.5404857142857143,-0.003097086777307246,0.04804918,0.006315210670848915
23,0.5404857142857143,-0.002989197547142327,0.04804918,0.006195903712912052
23,0.5404857142857143,-0.002881525864851424,0.04804918,0.006076500251983038
23,0.5404857142857143,-0.0027741824467632783,0.04804918,0.005956951174931938
23,0.5404857142857143,-0.0025608960750259663,0.04804918,0.005717231782817757
23,0.5404857142857143,-0.002349726910276853,0.04804918,0.005476573209797814
23,0.5404857142857143,-0.002140593372063176,0.04804918,0.00523501164449416
23,0.5404857142857143,-0.0019334080527569856,0.04804918,0.004992585860430428
23,0.5404857142857143,-0.0017281981458425336,0.04804918,0.0047492837947326035
23,0.5404857142857143,-0.0015250335774221815,0.04804918,0.004505074428581775
23,0.5404857142857143,-0.001323980388814829,0.04804918,0.004259928466426757
23,0.5404857142857143,-0.001125098794164176,0.04804918,0.004013819197617937
23,0.5404857142857143,-0.0009284431804387266,0.04804918,0.003766722496407274
23,0.5404857142857143,-0.0007340426835144636,0.04804918,0.003518625438286891
23,0.5404857142857143,-0.0005419225544839095,0.04804918,0.0032695168220166276
23,0.5404857142857143,-0.00035210610204784937,0.04804918,0.003019386307990185
23,0.5404857142857143,-0.0001646088653401434,0.04804918,0.0027682270031366895
23,0.5404857142857143,2.0526423021098496e-05,0.04804918,0.002516019951511261
23,0.5404857142857143,0.00020311523582130977,0.04804918,0.002262683297897334
23,0.5404857142857143,0.0003829322556195428,0.04804918,0.0020081170927673296
23,0.5404857142857143,0.0005597521649748547,0.04804918,0.0017522213865936572
23,0.5404857142857143,0.0007333574160132278,0.04804918,0.0014948996763841657
23,0.5404857142857143,0.0009035440576027716,0.04804918,0.0012360614905837118
23,0.5404857142857143,0.0010702557603832492,0.04804918,0.0009756818418104026
23,0.5404857142857143,0.0012334769852208034,0.04804918,0.0007137538369933671
23,0.5404857142857143,0.0013932038473319693,0.04804918,0.0004502757528648876
23,0.5404857142857143,0.0015494227499746208,0.04804918,0.00018524155798795624
23,0.5404857142857143,0.0017020929029223795,0.04804918,-8.136684194845652e-05
23,0.5404857142857143,0.0018509851039508352,0.04804918,-0.00034965111973965166
23,0.5404857142857143,0.001995784685599358,0.04804918,-0.0006197508600707087
23,0.5404857142857143,0.0021361828075825125,0.04804918,-0.000891803062725129
23,0.5404857142857143,0.0022718667448314014,0.04804918,-0.0011659464507541295
23,0.5404857142857143,0.0024025878712042913,0.04804918,-0.0014422913132915993
23,0.5404857142857143,0.0025285579074000013,0.04804918,-0.001720743732246963
23,0.5404857142857143,0.002650175043723651,0.04804918,-0.0020011270726792256
23,0.5404857142857143,0.002767839412872092,0.04804918,-0.0022832638380135377
23,0.5404857142857143,0.002881947262758711,0.04804918,-0.002566978254942765
23,0.5404857142857143,0.0029926850629898084,0.04804918,-0.0028521876066164905
23,0.5404857142857143,0.003098784431764199,0.04804918,-0.0031394545399443165
23,0.5404857142857143,0.003198365133885027,0.04804918,-0.00342961311650127
23,0.5404857142857143,0.0032895100287125218,0.04804918,-0.003723513768905693
23,0.5404857142857143,0.0033702514734218754,0.04804918,-0.004022029332256245
23,0.5404857142857143,0.003438786928485523,0.04804918,-0.004325959402773616
23,0.5404857142857143,0.00349476482099992,0.04804918,-0.004635459936186194
23,0.5404857142857143,0.0035383755053548316,0.04804918,-0.0049504464923758465
23,0.5404857142857143,0.003568760444404585,0.04804918,-0.005271299913508031
23,0.5404857142857143,0.003583476109349961,0.04804918,-0.00559910413497674
23,0.5404857142857143,0.003579836172425203,0.04804918,-0.00593505079640828
23,0.5404857142857143,0.0035547056133743956,0.04804918,-0.006280530574850274
23,0.5404857142857143,0.003529612878371592,0.04804918,-0.00645882757164167
23,0.5404857142857143,0.0034915993535656,0.04804918,-0.006642856156859814
23,0.5404857142857143,0.0034349427529130963,0.04804918,-0.006835154703851848
23,0.5404857142857143,0.0033483500108825487,0.04804918,-0.007040732751871095
23,0.5404857142857143,0.0032519406047580293,0.04804918,-0.0072172322152897475
23,0.5404857142857143,0.003196638402305985,0.04804918,-0.007308630357118036
23,0.5404857142857143,0.0031279706023440573,0.04804918,-0.007405957401526667
23,0.5404857142857143,0.003079735004735099,0.04804918,-0.007460787637256273
23,0.5404857142857143,0.0030456187444886608,0.04804918,-0.0074926380154077075
23,0.5404857142857143,0.0030217544737355,0.04804918,-0.007511582369523612
23,0.5404857142857143,0.00297942,0.04804918,-0.00753872
23,0.5404857142857143,0.0028856122372193428,0.04804918,-0.007571974286665928
23,0.5404857142857143,0.0028578108302853406,0.04804918,-0.007575948531552285
23,0.5404857142857143,0.0028153016790846983,0.04804918,-0.007578088747484844
23,0.5404857142857143,0.0027504395756893793,0.04804918,-0.007573428004800303
23,0.5404857142857143,0.002652356930217735,0.04804918,-0.007550070503876241
23,0.5404857142857143,0.0025753783709174137,0.04804918,-0.00751735135107957
23,0.5404857142857143,0.002461729765545239,0.04804918,-0.007434032419654619
23,0.5404857142857143,0.002354446561600794,0.04804918,-0.0073144566319539054
23,0.5404857142857143,0.0022552786703138542,0.04804918,-0.007191280937992376
23,0.5404857142857143,0.0021637133002670944,0.04804918,-0.007064732809108674
23,0.5404857142857143,0.002080725532110124,0.04804918,-0.006934379705105833
23,0.5404857142857143,0.0019309340037096182,0.04804918,-0.0066664943637911225
23,0.5404857142857143,0.0017891587259882698,0.04804918,-0.00639505305954238
23,0.5404857142857143,0.0016538788062196975,0.04804918,-0.0061207304516708114
23,0.5404857142857143,0.0015245736834196466,0.04804918,-0.005843757458050494
23,0.5404857142857143,0.0014003751084837844,0.04804918,-0.005564519229016178
23,0.5404857142857143,0.0012804459105754942,0.04804918,-0.0052833871287608775
23,0.5404857142857143,0.0011639702851672143,0.04804918,-0.005000723043505163
23,0.5404857142857143,0.0010501693331742968,0.04804918,-0.004716872488426293
23,0.5404857142857143,0.0009384137196754797,0.04804918,-0.004432114632894422
23,0.5404857142857143,0.0008281207271510767,0.04804918,-0.0041467079670670995
23,0.5404857142857143,0.0007187037532979364,0.04804918,-0.0038609127043695932
23,0.5404857142857143,0.0006095761958129068,0.04804918,-0.0035749890582271703
23,0.5404857142857143,0.0005002485719794512,0.04804918,-0.003289154160372172
23,0.5404857142857143,0.0003906781491794602,0.04804918,-0.0030034269667494886
23,0.5404857142857143,0.00028094650786568854,0.04804918,-0.0027177712887370593
23,0.5404857142857143,0.00017113328609916082,0.04804918,-0.0024321517993466874
23,0.5404857142857143,6.132200672436536e-05,0.04804918,-0.0021465314483224565
23,0.5404857142857143,-4.842323133153175e-05,0.04804918,-0.0018608818017470377
23,0.5404857142857143,-0.00015810048567679912,0.04804918,-0.0015752019979865702
23,0.5404857142857143,-0.00026773694979568847,0.04804918,-0.001289504099915074
23,0.5404857142857143,-0.00037735010521378976,0.04804918,-0.0010037958622372773
23,0.5404857142857143,-0.0004869632606318919,0.04804918,-0.0007180876245594789
23,0.5404857142857143,-0.0005965958399673167,0.04804918,-0.00043238800322026663
23,0.5404857142857143,-0.0007062459008283324,0.04804918,-0.00014669613658578
23,0.5404857142857143,-0.0008159076160397412,0.04804918,0.00013899056024555424
23,0.5404857142857143,-0.0009255732160346141,0.04804918,0.00042467553380917244
23,0.5404857142857143,-0.0010352407584212206,0.04804918,0.0007103596457389326
23,0.5404857142857143,-0.0011449024736326302,0.04804918,0.0009960463425702686
23,0.5404857142857143,-0.0012545603040605745,0.04804918,0.0012817347626693206
23,0.5404857142857143,-0.001364216192096786,0.04804918,0.0015674240444022288
23,0.5404857142857143,-0.001473868195349534,0.04804918,0.0018531150494028583
23,0.5404857142857143,-0.0015835221409940129,0.04804918,0.0021388051927696263
23,0.5404857142857143,-0.0016931760866384935,0.04804918,0.002424495336136396
23,0.5404857142857143,-0.001802831974674706,0.04804918,0.002710184617869306
23,0.5404857142857143,-0.0019124878627109184,0.04804918,0.002995873899602218
23,0.5404857142857143,-0.002022143750747131,0.04804918,0.003281563181335128
23,0.5404857142857143,-0.0021317996387833424,0.04804918,0.003567252463068038
23,0.5404857142857143,-0.002241455526819554,0.04804918,0.003852941744800948
23,0.5404857142857143,-0.0023511114148557664,0.04804918,0.0041386310265338596
23,0.5404857142857143,-0.002460767302891979,0.04804918,0.004424320308266771
23,0.5404857142857143,-0.0025704231909281904,0.04804918,0.004710009589999681
23,0.5404857142857143,-0.002680079078964403,0.04804918,0.004995698871732593
23,0.5404857142857143,-0.0027897349670006153,0.04804918,0.005281388153465503
23,0.5404857142857143,-0.002899390855036826,0.04804918,0.005567077435198411
23,0.5404857142857143,-0.0030090467430730385,0.04804918,0.005852766716931323
23,0.5404857142857143,-0.0030638756582870115,0.04804918,0.005995610926980849
23,0.5404857142857143,-0.0031187045735009836,0.04804918,0.006138455137030375
23,0.5404857142857143,-0.003173531546323224,0.04804918,0.006281300208713761
23,0.5404857142857143,-0.003228358519145464,0.04804918,0.006424145280397145
24,0.5645714285714286,-0.0032111831324971698,0.050190399999999996,0.006483150623222714
24,0.5645714285714286,-0.0031064584266035696,0.050190399999999996,0.006362972947280682
24,0.5645714285714286,-0.003001833281346701,0.050190399999999996,0.006242752905933058
24,0.5645714285714286,-0.0028974225743843285,0.050190399999999996,0.006122441616019539
24,0.5645714285714286,-0.0027933354394913314,0.050190399999999996,0.006001992638537848
24,0.5645714285714286,-0.0025865416162261616,0.050190399999999996,0.00576050727093153
24,0.5645714285714286,-0.002381834737077081,0.050190399999999996,0.00551813385924644
24,0.5645714285714286,-0.0021791343876836518,0.050190399999999996,0.005274906621694786
24,0.5645714285714286,-0.0019783544098025477,0.050190399999999996,0.005030862220646796
24,0.5645714285714286,-0.0017795216082205825,0.050190399999999996,0.00478598925003173
24,0.5645714285714286,-0.0015827049095324154,0.050190399999999996,0.004540258379953408
24,0.5645714285714286,-0.0013879694110774474,0.050190399999999996,0.004293641909954327
24,0.5645714285714286,-0.001195374466312192,0.050190399999999996,0.004046114583735006
24,0.5645714285714286,-0.0010049736848102733,0.050190399999999996,0.003797653589153964
24,0.5645714285714286,-0.0008167957859861316,0.050190399999999996,0.0035482467054211283
24,0.5645714285714286,-0.00063086565999895,0.050190399999999996,0.003297883341185098
24,0.5645714285714286,-0.0004472062823802814,0.050190399999999996,0.0030465537198138175
24,0.5645714285714286,-0.00026583297015116353,0.050190399999999996,0.0027942513235525808
24,0.5645714285714286,-8.678784511944237e-05,0.050190399999999996,0.002540958228575945
24,0.5645714285714286,8.974720309008625e-05,0.050190399999999996,0.0022865970365467626
24,0.5645714285714286,0.00026355007767240625,0.050190399999999996,0.0020310732400217945
24,0.5645714285714286,0.00043439868182250374,0.050190399999999996,0.0017742923315577927
24,0.5645714285714286,0.0006020785772458811,0.050190399999999996,0.0015161630625888647
24,0.5645714285714286,0.000766388728041447,0.050190399999999996,0.00125659988758449
24,0.5645714285714286,0.0009272736100079475,0.050190399999999996,0.0009955791796838554
24,0.5645714285714286,0.0010847179061243477,0.050190399999999996,0.0007330944211322516
24,0.5645714285714286,0.0012387177871353888,0.050190399999999996,0.00046914398249100434
24,0.5645714285714286,0.0013892598506476653,0.050190399999999996,0.00020372216072474334
24,0.5645714285714286,0.0015363038894809578,0.050190399999999996,-6.318815327263291e-05
24,0.5645714285714286,0.0016796239775749935,0.050190399999999996,-0.0003316830963830484
24,0.5645714285714286,0.0018189099452538024,0.050190399999999996,-0.0006018946531393113
24,0.5645714285714286,0.001953857366724305,0.050190399999999996,-0.0008739523639162148
24,0.5645714285714286,0.00208415798693816,0.050190399999999996,-0.001147987398527229
24,0.5645714285714286,0.002209566733558802,0.050190399999999996,-0.0014241040410476599
24,0.5645714285714286,0.002330292300997838,0.050190399999999996,-0.0017022134870696305
24,0.5645714285714286,0.0024467271879193018,0.050190399999999996,-0.001982148719128782
24,0.5645714285714286,0.00255926580761486,0.050190399999999996,-0.0022637419050414234
24,0.5645714285714286,0.002668298744120917,0.050190399999999996,-0.0025468268420625354
24,0.5645714285714286,0.002774009801689899,0.050190399999999996,-0.0028313253171356363
24,0.5645714285714286,0.002875148728479782,0.050190399999999996,-0.0031177693419886547
24,0.5645714285714286,0.002969862164945271,0.050190399999999996,-0.0034069475649410865
24,0.5645714285714286,0.00305626037361611,0.050190399999999996,-0.0036996641139798573
24,0.5645714285714286,0.0031324038367036783,0.050190399999999996,-0.003996744299794687
24,0.5645714285714286,0.0031965157797678575,0.050190399999999996,-0.0042989441819315435
24,0.5645714285714286,0.0032482496552077187,0.050190399999999996,-0.004606411224590658
24,0.5645714285714286,0.0032877930965309475,0.050190399999999996,-0.004919065585276879
24,0.5645714285714286,0.003314299838325331,0.050190399999999996,-0.005237267369937744
24,0.5645714285714286,0.003325361279033038,0.050190399999999996,-0.0055620414955008645
24,0.5645714285714286,0.003318329488642554,0.050190399999999996,-0.005894514718811141
24,0.5645714285714286,0.0032901142581599663,0.050190399999999996,-0.006236001996880626
24,0.5645714285714286,0.003263658252022611,0.050190399999999996,-0.006412000168287887
24,0.5645714285714286,0.0032244661428942334,0.050190399999999996,-0.006593417852733674
24,0.5645714285714286,0.003166897437778508,0.050190399999999996,-0.00678265521338869
24,0.5645714285714286,0.003079820491637882,0.050190399999999996,-0.006984449028485946
24,0.5645714285714286,0.00298341158674213,0.050190399999999996,-0.0071572657097201285
24,0.5645714285714286,0.002928211084936287,0.050190399999999996,-0.007246651034799454
24,0.5645714285714286,0.0028598360304122805,0.050190399999999996,-0.007341642443645782
24,0.5645714285714286,0.002811945513206388,0.050190399999999996,-0.007394969094373327
24,0.5645714285714286,0.002778144708880909,0.050190399999999996,-0.007425826187531119
24,0.5645714285714286,0.002754535451504618,0.050190399999999996,-0.007444109510671501
24,0.5645714285714286,0.00271272,0.050190399999999996,-0.007470139999999999
24,0.5645714285714286,0.0026203392009572983,0.050190399999999996,-0.007501213189094589
24,0.5645714285714286,0.0025930212780181637,0.050190399999999996,-0.007504600585634271
24,0.5645714285714286,0.002551291936989937,0.050190399999999996,-0.007505883355654
24,0.5645714285714286,0.0024877013458441634,0.050190399999999996,-0.007499994553119674
24,0.5645714285714286,0.0023917094476361635,0.050190399999999996,-0.0074749451700297335
24,0.5645714285714286,0.0023165199786220093,0.050190399999999996,-0.007441043861328909
24,0.5645714285714286,0.0022058733931598013,0.050190399999999996,-0.007356334188218373
24,0.5645714285714286,0.002101845611723317,0.050190399999999996,-0.007235859954437192
24,0.5645714285714286,0.0020058171445226257,0.050190399999999996,-0.007111981823260495
24,0.5645714285714286,0.0019172825298635547,0.050190399999999996,-0.0069849148805936016
24,0.5645714285714286,0.0018372029108160827,0.050190399999999996,-0.006854250137328671
24,0.5645714285714286,0.0016929963501296176,0.050190399999999996,-0.006586132409271899
24,0.5645714285714286,0.0015566914576698437,0.050190399999999996,-0.006314652334505867
24,0.5645714285714286,0.001426789080002911,0.050190399999999996,-0.006040447838272481
24,0.5645714285714286,0.00130277609692413,0.050190399999999996,-0.005763737265354412
24,0.5645714285714286,0.0011837966698831418,0.050190399999999996,-0.005484884795295891
24,0.5645714285714286,0.001069025594371659,0.050190399999999996,-0.005204241572131736
24,0.5645714285714286,0.0009576587267853169,0.050190399999999996,-0.004922149777984041
24,0.5645714285714286,0.0008489283014447113,0.050190399999999996,-0.004638936115307475
24,0.5645714285714286,0.0007422139789979038,0.050190399999999996,-0.004354864553167654
24,0.5645714285714286,0.0006369413711560636,0.050190399999999996,-0.0040701795073660755
24,0.5645714285714286,0.0005325322603750996,0.050190399999999996,-0.0037851270231429135
24,0.5645714285714286,0.0004284084291109229,0.050190399999999996,-0.0034999531457383416
24,0.5645714285714286,0.0003240873912009126,0.050190399999999996,-0.0032148631844256164
24,0.5645714285714286,0.00021952702483722317,0.050190399999999996,-0.002929875063030182
24,0.5645714285714286,0.0001148077443802911,0.050190399999999996,-0.0026449545633398294
24,0.5645714285714286,1.0008049562921627e-05,0.050190399999999996,-0.002360068281861684
24,0.5645714285714286,-9.47897306268178e-05,0.050190399999999996,-0.0020751811856642016
24,0.5645714285714286,-0.00019952241347715675,0.050190399999999996,-0.0017902663890092168
24,0.5645714285714286,-0.00030418808436046517,0.050190399999999996,-0.0015053230771773897
24,0.5645714285714286,-0.0004088135480635551,0.050190399999999996,-0.0012203626562394586
24,0.5645714285714286,-0.0005134160362350922,0.050190399999999996,-0.0009353924586694672
24,0.5645714285714286,-0.0006180185244066294,0.050190399999999996,-0.0006504222610994757
24,0.5645714285714286,-0.0007226401588544609,0.050190399999999996,-0.00036546021072286685
24,0.5645714285714286,-0.0008272790249509573,0.050190399999999996,-8.050549282030348e-05
24,0.5645714285714286,-0.0009319293788132301,0.050190399999999996,0.00020444433676623016
24,0.5645714285714286,-0.0010365835619307612,0.050190399999999996,0.0004893925369140852
24,0.5645714285714286,-0.0011412396596759224,0.050190399999999996,0.0007743399223426031
24,0.5645714285714286,-0.001245890013538196,0.050190399999999996,0.0010592897519291376
24,0.5645714285714286,-0.00135053653814521,0.050190399999999996,0.001344241210954348
24,0.5645714285714286,-0.0014551811481245949,0.050190399999999996,0.0016291934846988957
24,0.5645714285714286,-0.0015598219288487205,0.050190399999999996,0.0019141473878821211
24,0.5645714285714286,-0.0016644646242004752,0.050190399999999996,0.002199100476346006
24,0.5645714285714286,-0.00176910731955223,0.050190399999999996,0.0024840535648098924
24,0.5645714285714286,-0.0018737519295316156,0.050190399999999996,0.0027690058385544418
24,0.5645714285714286,-0.0019783965395110004,0.050190399999999996,0.003053958112298991
24,0.5645714285714286,-0.0020830411494903852,0.050190399999999996,0.0033389103860435388
24,0.5645714285714286,-0.0021876857594697683,0.050190399999999996,0.0036238626597880864
24,0.5645714285714286,-0.0022923303694491522,0.050190399999999996,0.003908814933532632
24,0.5645714285714286,-0.002396974979428538,0.050190399999999996,0.004193767207277183
24,0.5645714285714286,-0.0025016195894079227,0.050190399999999996,0.004478719481021733
24,0.5645714285714286,-0.0026062641993873075,0.050190399999999996,0.00476367175476628
24,0.5645714285714286,-0.0027109088093666923,0.050190399999999996,0.005048624028510828
24,0.5645714285714286,-0.0028155534193460762,0.050190399999999996,0.005333576302255376
24,0.5645714285714286,-0.00292019802932546,0.050190399999999996,0.005618528575999923
24,0.5645714285714286,-0.003024842639304846,0.050190399999999996,0.005903480849744473
24,0.5645714285714286,-0.003077165901608353,0.050190399999999996,0.006045956579257075
24,0.5645714285714286,-0.00312948916391186,0.050190399999999996,0.006188432308769683
24,0.5645714285714286,-0.0031818105115877376,0.050190399999999996,0.0063309088530016265
24,0.5645714285714286,-0.0032341318592636155,0.050190399999999996,0.006473385397233568
25,0.5886571428571429,-0.0032207661874896075,0.052331619999999995,0.006511040255322923
25,0.5886571428571429,-0.0031193828853916055,0.052331619999999995,0.00639042840558587
25,0.5886571428571429,-0.0030180974580144375,0.052331619999999995,0.006269776531790723
25,0.5886571428571429,-0.0029170228377282934,0.052331619999999995,0.006149038452331991
25,0.5886571428571429,-0.002816266310284857,0.052331619999999995,0.006028170294684452
25,0.5886571428571429,-0.00261611032604646,0.052331619999999995,0.005785879030430049
25,0.5886571428571429,-0.0024180059465332185,0.052331619999999995,0.005542748800342533
25,0.5886571428571429,-0.0022218741190859963,0.052331619999999995,0.005298811931545746
25,0.5886571428571429,-0.002027630144427153,0.052331619999999995,0.005054103060243815
25,0.5886571428571429,-0.0018353003734430631,0.052331619999999995,0.004808611410728786
25,0.5886571428571429,-0.0016449525655558438,0.052331619999999995,0.004562309274037365
25,0.5886571428571429,-0.001456650715775271,0.052331619999999995,0.004315170480593106
25,0.5886571428571429,-0.0012704531724926104,0.052331619999999995,0.004067171169899843
25,0.5886571428571429,-0.0010864126374806157,0.052331619999999995,0.003818289790541672
25,0.5886571428571429,-0.0009045573438318378,0.052331619999999995,0.003568514797117222
25,0.5886571428571429,-0.0007249117602264855,0.052331619999999995,0.003317836183611973
25,0.5886571428571429,-0.0005474984731385938,0.052331619999999995,0.0030662447137048228
25,0.5886571428571429,-0.00037233254021752345,0.052331619999999995,0.002813734229848372
25,0.5886571428571429,-0.00019945536999901436,0.052331619999999995,0.00256028779878728
25,0.5886571428571429,-2.904577206919905e-05,0.052331619999999995,0.0023058322996461758
25,0.5886571428571429,0.00013867791765621472,0.052331619999999995,0.002050278447987777
25,0.5886571428571429,0.0003034973632615235,0.052331619999999995,0.0017935369593747993
25,0.5886571428571429,0.0004652017576557018,0.052331619999999995,0.0015355216281436575
25,0.5886571428571429,0.0006235934691909137,0.052331619999999995,0.0012761516364847353
25,0.5886571428571429,0.0007786179138882328,0.052331619999999995,0.0010154046632887192
25,0.5886571428571429,0.0009302600340983004,0.052331619999999995,0.0007532745510082052
25,0.5886571428571429,0.001078516065408777,0.052331619999999995,0.0004897597602563407
25,0.5886571428571429,0.0012233728323764732,0.052331619999999995,0.0002248549031791565
25,0.5886571428571429,0.0013647908086718223,0.052331619999999995,-4.14561837852722e-05
25,0.5886571428571429,0.0015025478939667783,0.052331619999999995,-0.00030926432446107786
25,0.5886571428571429,0.0016363391708618246,0.052331619999999995,-0.0005786942091830921
25,0.5886571428571429,0.001765865368575952,0.052331619999999995,-0.0008498682192058698
25,0.5886571428571429,0.0018908234519158101,0.052331619999999995,-0.0011229102751708145
25,0.5886571428571429,0.0020109724984916587,0.052331619999999995,-0.001397918897836311
25,0.5886571428571429,0.002126517668776011,0.052331619999999995,-0.001674810190619048
25,0.5886571428571429,0.002237844815033691,0.052331619999999995,-0.001953426366366925
25,0.5886571428571429,0.0023453416717356913,0.052331619999999995,-0.00223360886823442
25,0.5886571428571429,0.002449392208940664,0.052331619999999995,-0.002515200678762858
25,0.5886571428571429,0.002550177118440917,0.052331619999999995,-0.0027981279073834514
25,0.5886571428571429,0.0026464673196075275,0.052331619999999995,-0.003082893163902642
25,0.5886571428571429,0.0027364408368680633,0.052331619999999995,-0.0033702415115557088
25,0.5886571428571429,0.002818239932732864,0.052331619999999995,-0.0036609326377529993
25,0.5886571428571429,0.0028899579323518566,0.052331619999999995,-0.003955746241933912
25,0.5886571428571429,0.0029498481483994027,0.052331619999999995,-0.004255396599596728
25,0.5886571428571429,0.0029975699015587576,0.052331619999999995,-0.00456002302525135
25,0.5886571428571429,0.003033307648034566,0.052331619999999995,-0.004869550088942141
25,0.5886571428571429,0.003056229452699749,0.052331619999999995,-0.005184317995162896
25,0.5886571428571429,0.0030639675001926116,0.052331619999999995,-0.005505295018242103
25,0.5886571428571429,0.0030539186993802287,0.052331619999999995,-0.005833545644186362
25,0.5886571428571429,0.0030230451695044337,0.052331619999999995,-0.006170312158183421
25,0.5886571428571429,0.002995469115873977,0.052331619999999995,-0.00634365955292567
25,0.5886571428571429,0.0029553726268015633,0.052331619999999995,-0.006522126948330178
25,0.5886571428571429,0.0028972107229107633,0.052331619999999995,-0.0067079818612266195
25,0.5886571428571429,0.0028100402575299676,0.052331619999999995,-0.006905699289187209
25,0.5886571428571429,0.002714009465032285,0.052331619999999995,-0.007074625848701162
25,0.5886571428571429,0.002659116487438749,0.052331619999999995,-0.007161901588232625
25,0.5886571428571429,0.0025912720491903557,0.052331619999999995,-0.0072544735882206415
25,0.5886571428571429,0.0025438788805084186,0.052331619999999995,-0.007306268284056469
25,0.5886571428571429,0.0025104936399080583,0.052331619999999995,-0.007336127628878917
25,0.5886571428571429,0.002487205769188663,0.052331619999999995,-0.007353754307050898
25,0.5886571428571429,0.0024460199999999997,0.052331619999999995,-0.007378699999999999
25,0.5886571428571429,0.0023552819387426638,0.052331619999999995,-0.007407702119200271
25,0.5886571428571429,0.002328505007549759,0.052331619999999995,-0.0074105485164364954
25,0.5886571428571429,0.0022876390969550236,0.052331619999999995,-0.007411052807531875
25,0.5886571428571429,0.002225438929190267,0.052331619999999995,-0.007404074281052724
25,0.5886571428571429,0.0021316997321678918,0.052331619999999995,-0.007377578922203233
25,0.5886571428571429,0.002058410705181125,0.052331619999999995,-0.007342720844292494
25,0.5886571428571429,0.0019508921936446776,0.052331619999999995,-0.007257032010518044
25,0.5886571428571429,0.0018501940145925076,0.052331619999999995,-0.007136139992374338
25,0.5886571428571429,0.0017573596929180433,0.052331619999999995,-0.007012032195101509
25,0.5886571428571429,0.0016718923261924393,0.052331619999999995,-0.006884911817763728
25,0.5886571428571429,0.0015947367819129697,0.052331619999999995,-0.006754392474261705
25,0.5886571428571429,0.0014561082351613646,0.052331619999999995,-0.006486940701641615
25,0.5886571428571429,0.0013252475532728016,0.052331619999999995,-0.006216312404257072
25,0.5886571428571429,0.0012006809688162752,0.052331619999999995,-0.005943110252059755
25,0.5886571428571429,0.0010819040505382603,0.052331619999999995,-0.0056675405228875245
25,0.5886571428571429,0.000968075452280827,0.052331619999999995,-0.005389947269701304
25,0.5886571428571429,0.0008583839431847615,0.052331619999999995,-0.005110662230367212
25,0.5886571428571429,0.00075203899665872,0.052331619999999995,-0.004830008676123694
25,0.5886571428571429,0.0006482858480285863,0.052331619999999995,-0.004548295254034125
25,0.5886571428571429,0.000546514662495323,0.052331619999999995,-0.004265771344768166
25,0.5886571428571429,0.0004461607782079691,0.052331619999999995,-0.003982667856353276
25,0.5886571428571429,0.0003466557689032258,0.052331619999999995,-0.0036992172362037687
25,0.5886571428571429,0.0002474312083177925,0.052331619999999995,-0.003415651931733955
25,0.5886571428571429,0.0001480127804968632,0.052331619999999995,-0.003132165905686904
25,0.5886571428571429,4.8359076904700045e-05,0.052331619999999995,-0.002848776091317962
25,0.5886571428571429,-5.145084979956164e-05,0.052331619999999995,-0.002565450161503284
25,0.5886571428571429,-0.0001513398291629578,0.052331619999999995,-0.0022821565588124516
25,0.5886571428571429,-0.00025122692632018485,0.052331619999999995,-0.001998862186428193
25,0.5886571428571429,-0.00035105002846763525,0.052331619999999995,-0.0017155416444674908
25,0.5886571428571429,-0.0004508072533991412,0.052331619999999995,-0.0014321941632369157
25,0.5886571428571429,-0.0005505249520010801,0.052331619999999995,-0.0011488305184444193
25,0.5886571428571429,-0.000650220064128979,0.052331619999999995,-0.0008654576373308253
25,0.5886571428571429,-0.0007499151762568796,0.052331619999999995,-0.0005820847562172295
25,0.5886571428571429,-0.0008496291104464785,0.052331619999999995,-0.0002987195720378826
25,0.5886571428571429,-0.0009493599844916062,0.052331619999999995,-1.5361315099359125e-05
25,0.5886571428571429,-0.001049102151773753,0.052331619999999995,0.0002679923236786142
25,0.5886571428571429,-0.0011488480834682385,0.052331619999999995,0.0005513444230697351
25,0.5886571428571429,-0.0012485958973688953,0.052331619999999995,0.0008346957527674359
25,0.5886571428571429,-0.001348338064651042,0.052331619999999995,0.0011180493915454075
25,0.5886571428571429,-0.0014480764675208484,0.052331619999999995,0.0014014045697102314
25,0.5886571428571429,-0.001547812988184486,0.052331619999999995,0.001684760517568479
25,0.5886571428571429,-0.0016475457444357837,0.052331619999999995,0.001968118004813577
25,0.5886571428571429,-0.00174728038289325,0.052331619999999995,0.002251474722365248
25,0.5886571428571429,-0.001847015021350718,0.052331619999999995,0.002534831439916921
25,0.5886571428571429,-0.0019467515420143549,0.052331619999999995,0.0028181873877751703
25,0.5886571428571429,-0.0020464880626779917,0.052331619999999995,0.003101543335633416
25,0.5886571428571429,-0.0021462245833416284,0.052331619999999995,0.0033848992834916653
25,0.5886571428571429,-0.002245961104005267,0.052331619999999995,0.0036682552313499145
25,0.5886571428571429,-0.002345697624668903,0.052331619999999995,0.003951611179208159
25,0.5886571428571429,-0.0024454341453325396,0.052331619999999995,0.004234967127066408
25,0.5886571428571429,-0.0025451706659961773,0.052331619999999995,0.004518323074924655
25,0.5886571428571429,-0.002644907186659815,0.052331619999999995,0.004801679022782905
25,0.5886571428571429,-0.002744643707323451,0.052331619999999995,0.00508503497064115
25,0.5886571428571429,-0.0028443802279870894,0.052331619999999995,0.0053683909184994
25,0.5886571428571429,-0.0029441167486507253,0.052331619999999995,0.005651746866357647
25,0.5886571428571429,-0.003043853269314362,0.052331619999999995,0.005935102814215893
25,0.5886571428571429,-0.0030937224707492665,0.052331619999999995,0.0060767804032983075
25,0.5886571428571429,-0.00314359167218417,0.052331619999999995,0.0062184579923807186
25,0.5886571428571429,-0.0031934589914129033,0.052331619999999995,0.006360136351156555
25,0.5886571428571429,-0.0032433263106416373,0.052331619999999995,0.00650181470993239
26,0.6127714285714286,-0.003229767930825107,0.05447538,0.006524438828482426
26,0.6127714285714286,-0.003131816360268316,0.05447538,0.0064038805652493
26,0.6127714285714286,-0.0030339607379314733,0.05447538,0.006283284536021046
26,0.6127714285714286,-0.0029363117732991327,0.05447538,0.006162607164649434
26,0.6127714285714286,-0.002838974640381623,0.05447538,0.006041807053793649
26,0.6127714285714286,-0.0026456307335193403,0.05447538,0.005799683192034214
26,0.6127714285714286,-0.0024542980489598116,0.05447538,0.005556767696915322
26,0.6127714285714286,-0.0022648990900638443,0.05447538,0.005313091071740728
26,0.6127714285714286,-0.0020773508247180234,0.05447538,0.005068685998621603
26,0.6127714285714286,-0.001891679085135412,0.05447538,0.004823542309790026
26,0.6127714285714286,-0.0017079502970067436,0.05447538,0.004577633859557065
26,0.6127714285714286,-0.0015262271957065992,0.05447538,0.004330935954772055
26,0.6127714285714286,-0.0013465669811353323,0.05447538,0.004083426081091748
26,0.6127714285714286,-0.0011690213177190673,0.05447538,0.0038350839029802986
26,0.6127714285714286,-0.0009936178828289445,0.05447538,0.0035858985264006554
26,0.6127714285714286,-0.0008203806635199511,0.05447538,0.0033358605098540344
26,0.6127714285714286,-0.0006493318016889973,0.05447538,0.0030849611381107917
26,0.6127714285714286,-0.00048048605860068986,0.05447538,0.0028331946010178256
26,0.6127714285714286,-0.00031388402773270107,0.05447538,0.0025805449206541256
26,0.6127714285714286,-0.00014970099910224105,0.05447538,0.002326943101451662
26,0.6127714285714286,1.1848988953882394e-05,0.05447538,0.0020723048961905294
26,0.6127714285714286,0.0001705518980988632,0.05447538,0.0018165460576508195
26,0.6127714285714286,0.0003262010706281985,0.05447538,0.0015595852436891778
26,0.6127714285714286,0.000478602764943916,0.05447538,0.001301346196046208
26,0.6127714285714286,0.0006277034714618141,0.05447538,0.0010418078529169329
26,0.6127714285714286,0.0007734884289172872,0.05447538,0.0007809644041482525
26,0.6127714285714286,0.0009159539469941816,0.05447538,0.0005188143972018966
26,0.6127714285714286,0.0010550871095859667,0.05447538,0.000255352748193903
26,0.6127714285714286,0.001190849168373048,0.05447538,-9.435794527607247e-06
26,0.6127714285714286,0.001323022394702467,0.05447538,-0.0002756369307208139
26,0.6127714285714286,0.001451307872965925,0.05447538,-0.0005433683159859308
26,0.6127714285714286,0.0015754122230293506,0.05447538,-0.0008127454271157604
26,0.6127714285714286,0.0016950383744425209,0.05447538,-0.0010838851934413763
26,0.6127714285714286,0.0018099501469717191,0.05447538,-0.0013568805774123336
26,0.6127714285714286,0.0019203486628472193,0.05447538,-0.0016316524156926833
26,0.6127714285714286,0.002026612179474585,0.05447538,-0.0019080518231093168
26,0.6127714285714286,0.0021291207994174562,0.05447538,-0.002185929188219988
26,0.6127714285714286,0.0022282509349233204,0.05447538,-0.0024651363521207255
26,0.6127714285714286,0.0023241797211674643,0.05447538,-0.0027456035929743624
26,0.6127714285714286,0.0024157022699263144,0.05447538,-0.0030278051645274418
26,0.6127714285714286,0.002501032468182381,0.05447538,-0.0033124440953046915
26,0.6127714285714286,0.002578349144914732,0.05447538,-0.0036002372129444503
26,0.6127714285714286,0.0026457831549924603,0.05447538,-0.003891920228082619
26,0.6127714285714286,0.0027016221917211154,0.05447538,-0.0041881671184784445
26,0.6127714285714286,0.0027455322814889547,0.05447538,-0.004489109338845745
26,0.6127714285714286,0.0027776942497874184,0.05447538,-0.004794675714809083
26,0.6127714285714286,0.0027972925367469505,0.05447538,-0.005105187257327066
26,0.6127714285714286,0.002802005933508045,0.05447538,-0.0054215576129741875
26,0.6127714285714286,0.002789282586451706,0.05447538,-0.005744791211967085
26,0.6127714285714286,0.0027561444104434,0.05447538,-0.006076060252693069
26,0.6127714285714286,0.002727674975428609,0.05447538,-0.006246378845855912
26,0.6127714285714286,0.0026869315488928045,0.05447538,-0.006421528581318869
26,0.6127714285714286,0.002628478295144331,0.05447538,-0.006603649047959897
26,0.6127714285714286,0.002541587465129796,0.05447538,-0.006796962774542205
26,0.6127714285714286,0.002446297942797581,0.05447538,-0.006961759735653605
26,0.6127714285714286,0.002391910974022066,0.05447538,-0.007046812003636338
26,0.6127714285714286,0.002324827472526153,0.05447538,-0.007136861729551589
26,0.6127714285714286,0.002278079925428845,0.05447538,-0.007187084500723575
26,0.6127714285714286,0.0022452082006843986,0.05447538,-0.007215934356692889
26,0.6127714285714286,0.0022223069044141554,0.05447538,-0.007232904131734012
26,0.6127714285714286,0.00218186,0.05447538,-0.00725678
26,0.6127714285714286,0.002092979774873001,0.05447538,-0.007283808335554692
26,0.6127714285714286,0.002066801711481878,0.05447538,-0.0072861565932918005
26,0.6127714285714286,0.0020268837952894,0.05447538,-0.007285957328512699
26,0.6127714285714286,0.001966195168258255,0.05447538,-0.007278022304118611
26,0.6127714285714286,0.0018748755392526838,0.05447538,-0.007250321331086764
26,0.6127714285714286,0.001803603552741971,0.05447538,-0.007214729443880117
26,0.6127714285714286,0.0016993503001120143,0.05447538,-0.0071284741323333276
26,0.6127714285714286,0.0016020703670948581,0.05447538,-0.007007651507134291
26,0.6127714285714286,0.0015124995045188911,0.05447538,-0.006883794529480371
26,0.6127714285714286,0.0014301505906520705,0.05447538,-0.0067570949344237675
26,0.6127714285714286,0.0013559498948485077,0.05447538,-0.006627188134857645
26,0.6127714285714286,0.0012229223603299384,0.05447538,-0.006361323261274924
26,0.6127714285714286,0.0010975097931906859,0.05447538,-0.006092461074963313
26,0.6127714285714286,0.0009782674346573068,0.05447538,-0.005821170244657175
26,0.6127714285714286,0.0008647007823654536,0.05447538,-0.005547645410485259
26,0.6127714285714286,0.0007559850506551912,0.05447538,-0.005272211214751856
26,0.6127714285714286,0.0006513249763957988,0.05447538,-0.004995180679455065
26,0.6127714285714286,0.00054994559319539,0.05447538,-0.004716858837632477
26,0.6127714285714286,0.00045110699266552156,0.05447538,-0.0044375369232080766
26,0.6127714285714286,0.0003542113435895957,0.05447538,-0.004157450247382288
26,0.6127714285714286,0.0002587050985448367,0.05447538,-0.0038768166908962507
26,0.6127714285714286,0.0001640310197923169,0.05447538,-0.003595855587029371
26,0.6127714285714286,6.963186959310988e-05,0.05447538,-0.0033147862690610617
26,0.6127714285714286,-2.4957331887917687e-05,0.05447538,-0.0030337917568138747
26,0.6127714285714286,-0.00011977717812843491,0.05447538,-0.002752888028208828
26,0.6127714285714286,-0.00021475017248925345,0.05447538,-0.0024720445799421625
26,0.6127714285714286,-0.0003098006634892599,0.05447538,-0.002191231634979256
26,0.6127714285714286,-0.00040484930933119183,0.05447538,-0.0019104179637472116
26,0.6127714285714286,-0.000499835219798541,0.05447538,-0.0016295795993645067
26,0.6127714285714286,-0.0005947565497332339,0.05447538,-0.001348715815562001
26,0.6127714285714286,-0.0006896391313483321,0.05447538,-0.0010678367801076165
26,0.6127714285714286,-0.0007844995710665197,0.05447538,-0.0007869490294235863
26,0.6127714285714286,-0.0008793600107847069,0.05447538,-0.000506061278739557
26,0.6127714285714286,-0.0009742389020836535,0.05447538,-0.00022518079074689782
26,0.6127714285714286,-0.0010691343998052833,0.05447538,5.569316082352713e-05
26,0.6127714285714286,-0.0011640409684753692,0.05447538,0.00033656275477913014
26,0.6127714285714286,-0.0012589512274616054,0.05447538,0.0006174308961964569
26,0.6127714285714286,-0.0013538633316059184,0.05447538,0.0008982983113446476
26,0.6127714285714286,-0.0014487699002760038,0.05447538,0.0011791679053002489
26,0.6127714285714286,-0.0015436727786299377,0.05447538,0.0014600389517941273
26,0.6127714285714286,-0.0016385738118257953,0.05447538,0.0017409107245571409
26,0.6127714285714286,-0.0017334711547055013,0.05447538,0.002021783949858428
26,0.6127714285714286,-0.0018283703427432818,0.05447538,0.0023026564488905768
26,0.6127714285714286,-0.001923269530781064,0.05447538,0.002583528947922729
26,0.6127714285714286,-0.0020181705639769213,0.05447538,0.0028644007206857424
26,0.6127714285714286,-0.0021130715971727793,0.05447538,0.003145272493448756
26,0.6127714285714286,-0.0022079726303686365,0.05447538,0.003426144266211768
26,0.6127714285714286,-0.0023028736635644954,0.05447538,0.003707016038974783
26,0.6127714285714286,-0.0023977746967603518,0.05447538,0.003987887811737795
26,0.6127714285714286,-0.00249267572995621,0.05447538,0.0042687595845008084
26,0.6127714285714286,-0.002587576763152067,0.05447538,0.004549631357263822
26,0.6127714285714286,-0.002682477796347925,0.05447538,0.0048305031300268355
26,0.6127714285714286,-0.0027773788295437822,0.05447538,0.005111374902789849
26,0.6127714285714286,-0.0028722798627396403,0.05447538,0.005392246675552863
26,0.6127714285714286,-0.0029671808959354966,0.05447538,0.0056731184483158744
26,0.6127714285714286,-0.0030620819291313547,0.05447538,0.00595399022107889
26,0.6127714285714286,-0.0031095333683083216,0.05447538,0.006094425744325828
26,0.6127714285714286,-0.0031569848074852885,0.05447538,0.006234861267572765
26,0.6127714285714286,-0.0032044344015041797,0.05447538,0.00637529751708884
26,0.6127714285714286,-0.00325188399552307,0.05447538,0.006515733766604915
27,0.6368571428571429,-0.0032346438618957593,0.0566166,0.006519146721836197
27,0.6368571428571429,-0.003140280367432441,0.0566166,0.006399120430448546
27,0.6368571428571429,-0.003046010531590161,0.0566166,0.006279058604690791
27,0.6368571428571429,-0.002951942422008578,0.0566166,0.006158920243366657
27,0.6368571428571429,-0.0028581787029453715,0.0566166,0.006038666395339676
27,0.6368571428571429,-0.0026719498776222013,0.0566166,0.0057976660015771325
27,0.6368571428571429,-0.0024876842810861843,0.0566166,0.005555920752748914
27,0.6368571428571429,-0.002305306265989557,0.0566166,0.0053134593496924065
27,0.6368571428571429,-0.002124734781602575,0.0566166,0.005070312543304822
27,0.6368571428571429,-0.0019459950437078234,0.0566166,0.004826470766640358
27,0.6368571428571429,-0.0017691518928891023,0.0566166,0.0045819094189812545
27,0.6368571428571429,-0.0015942665674755503,0.0566166,0.004336605266316285
27,0.6368571428571429,-0.0014213949024143248,0.0566166,0.0040905371246940415
27,0.6368571428571429,-0.0012505873292705998,0.0566166,0.0038436858602229305
27,0.6368571428571429,-0.0010818708649542907,0.0566166,0.0035960412226038775
27,0.6368571428571429,-0.0009152689241206581,0.0566166,0.003347594328244363
27,0.6368571428571429,-0.0007508031202976323,0.0566166,0.0030983369769051246
27,0.6368571428571429,-0.000588487862503835,0.0566166,0.0028482637017599993
27,0.6368571428571429,-0.0004283627755404761,0.0566166,0.002597359469037013
27,0.6368571428571429,-0.0002705989665036819,0.0566166,0.0023455593601753987
27,0.6368571428571429,-0.00011540536616346203,0.0566166,0.0020927841061956897
27,0.6368571428571429,3.700909471017564e-05,0.0566166,0.0018389544381184186
27,0.6368571428571429,0.00018644268985653213,0.0566166,0.0015839938203772042
27,0.6368571428571429,0.0003327063009062022,0.0566166,0.001327830500878563
27,0.6368571428571429,0.00047574769516668387,0.0566166,0.0010704446623776304
27,0.6368571428571429,0.0006155524636193572,0.0566166,0.0008118308380482327
27,0.6368571428571429,0.000752117004009566,0.0566166,0.0005519876611838302
27,0.6368571428571429,0.0008854287084460164,0.0566166,0.000290910348311523
27,0.6368571428571429,0.0010154497532548277,0.0566166,2.8584549012613918e-05
27,0.6368571428571429,0.0011419676054113357,0.0566166,-0.0002350703723989038
27,0.6368571428571429,0.0012646904822884591,0.0566166,-0.0005001651191529786
27,0.6368571428571429,0.0013833320046411004,0.0566166,-0.0007668083444197392
27,0.6368571428571429,0.001497602190969504,0.0566166,-0.0010351100680758597
27,0.6368571428571429,0.001607270496975731,0.0566166,-0.0013051577593400625
27,0.6368571428571429,0.001712533245538496,0.0566166,-0.0015768769327057794
27,0.6368571428571429,0.0018137596677599694,0.0566166,-0.0018501275007524005
27,0.6368571428571429,0.0019113207958696501,0.0566166,-0.002124768692706046
27,0.6368571428571429,0.0020055840598423814,0.0566166,-0.002400661104499379
27,0.6368571428571429,0.002096722367901618,0.0566166,-0.0026777391342183553
27,0.6368571428571429,0.0021835595839023976,0.0566166,-0.002956449011549113
27,0.6368571428571429,0.0022643522165915423,0.0566166,-0.003237452222458236
27,0.6368571428571429,0.002337322553296649,0.0566166,-0.0035214232366244623
27,0.6368571428571429,0.0024006460520347964,0.0566166,-0.0038090542909115844
27,0.6368571428571429,0.002452651266645914,0.0566166,-0.004100979537155335
27,0.6368571428571429,0.002493012193083694,0.0566166,-0.004397322662297814
27,0.6368571428571429,0.0025219053418262484,0.0566166,-0.004698016697718438
27,0.6368571428571429,0.0025385346145947504,0.0566166,-0.005003363685563105
27,0.6368571428571429,0.0025406341932109997,0.0566166,-0.005314223284247065
27,0.6368571428571429,0.00252571311858084,0.0566166,-0.00563154057134448
27,0.6368571428571429,0.0024908643711974245,0.0566166,-0.005956418479035171
27,0.6368571428571429,0.0024618236268059584,0.0566166,-0.00612326471980354
27,0.6368571428571429,0.002420801783430883,0.0566166,-0.006294656626532363
27,0.6368571428571429,0.002362492719964904,0.0566166,-0.0064726073579587885
27,0.6368571428571429,0.002276424682124993,0.0566166,-0.006661089930001949
27,0.6368571428571429,0.0021824085030856216,0.0566166,-0.00682142243283605
27,0.6368571428571429,0.002128819094310658,0.0566166,-0.0069040856571063024
27,0.6368571428571429,0.0020628361283940495,0.0566166,-0.006991451035236129
27,0.6368571428571429,0.002016953977151666,0.0566166,-0.007040024483663486
27,0.6368571428571429,0.0019847415986113323,0.0566166,-0.007067828768841
27,0.6368571428571429,0.001962324259185037,0.0566166,-0.0070841253812922705
27,0.6368571428571429,0.00192278,0.0566166,-0.007106919999999999
27,0.6368571428571429,0.0018360832447891838,0.0566166,-0.007132021612075233
27,0.6368571428571429,0.001810592398426989,0.0566166,-0.00713390151328634
27,0.6368571428571429,0.0017717521050183713,0.0566166,-0.007133054831306958
27,0.6368571428571429,0.001712761816480288,0.0566166,-0.007124270310452275
27,0.6368571428571429,0.0016241216035717404,0.0566166,-0.007095569443954005
27,0.6368571428571429,0.001555050639078244,0.0566166,-0.0070594439441634405
27,0.6368571428571429,0.0014542857043949,0.0566166,-0.006973011997497019
27,0.6368571428571429,0.0013605778202788507,0.0566166,-0.00685273696551863
27,0.6368571428571429,0.0012743950461377744,0.0566166,-0.006729606883572896
27,0.6368571428571429,0.0011952618843571682,0.0566166,-0.006603802156923431
27,0.6368571428571429,0.0011240825008555192,0.0566166,-0.006474979742228059
27,0.6368571428571429,0.0009967307267463033,0.0566166,-0.006211641213381136
27,0.6368571428571429,0.0008768122051183501,0.0566166,-0.005945482485583702
27,0.6368571428571429,0.0007629166532740997,0.0566166,-0.005677038624447159
27,0.6368571428571429,0.0006545613690897383,0.0566166,-0.005406492768648204
27,0.6368571428571429,0.0005509412486498016,0.0566166,-0.005134150377099093
27,0.6368571428571429,0.0004512800060760666,0.0566166,-0.004860305975059742
27,0.6368571428571429,0.0003548211678909151,0.0566166,-0.004585246570904082
27,0.6368571428571429,0.0002608424820359546,0.0566166,-0.0043092461892938905
27,0.6368571428571429,0.0001687603832570229,0.0566166,-0.004032526236689057
27,0.6368571428571429,7.803453335582049e-05,0.0566166,-0.00375529171907096
27,0.6368571428571429,-1.1879008120606197e-05,0.0566166,-0.003477749009127523
27,0.6368571428571429,-0.00010152418162521072,0.0566166,-0.0032001044795466676
27,0.6368571428571429,-0.0001913548712445649,0.0566166,-0.002922530335352752
27,0.6368571428571429,-0.0002814107017798768,0.0566166,-0.002645041610317745
27,0.6368571428571429,-0.0003716160258833846,0.0566166,-0.002367609603604253
27,0.6368571428571429,-0.0004618969973346537,0.0566166,-0.0020902062977281553
27,0.6368571428571429,-0.0005521761676585961,0.0566166,-0.0018128023084987852
27,0.6368571428571429,-0.000642394099653397,0.0566166,-0.0015353750852581914
27,0.6368571428571429,-0.0007325489921917309,0.0566166,-0.0012579239446531033
27,0.6368571428571429,-0.000822666061056183,0.0566166,-0.00098045845362932
27,0.6368571428571429,-0.0009127615163927033,0.0566166,-0.0007029847623662806
27,0.6368571428571429,-0.0010028569717292237,0.0566166,-0.0004255110711032413
27,0.6368571428571429,-0.0010929704383390206,0.0566166,-0.00014804421337291478
27,0.6368571428571429,-0.0011831001150947667,0.0566166,0.0001294164941779705
27,0.6368571428571429,-0.001273240598614479,0.0566166,0.0004068731016092283
27,0.6368571428571429,-0.0013633846843888458,0.0566166,0.0006843283423339421
27,0.6368571428571429,-0.0014535305712905409,0.0566166,0.0009617828997053861
27,0.6368571428571429,-0.0015436710548102533,0.0566166,0.0012392395071366448
27,0.6368571428571429,-0.00163380793607531,0.0566166,0.0015166974812744448
27,0.6368571428571429,-0.0017239430162130389,0.0566166,0.0017941561387655163
27,0.6368571428571429,-0.0018140744940961125,0.0566166,0.002071616162963131
27,0.6368571428571429,-0.0019042077731065137,0.0566166,0.0023490755038074723
27,0.6368571428571429,-0.001994341052116915,0.0566166,0.0026265348446518153
27,0.6368571428571429,-0.002084476132254644,0.0566166,0.002903993502142887
27,0.6368571428571429,-0.0021746112123923727,0.0566166,0.0031814521596339566
27,0.6368571428571429,-0.0022647462925301015,0.0566166,0.003458910817125028
27,0.6368571428571429,-0.002354881372667831,0.0566166,0.0037363694746160997
27,0.6368571428571429,-0.002445016452805559,0.0566166,0.0040138281321071695
27,0.6368571428571429,-0.002535151532943288,0.0566166,0.004291286789598243
27,0.6368571428571429,-0.0026252866130810175,0.0566166,0.004568745447089314
27,0.6368571428571429,-0.002715421693218747,0.0566166,0.004846204104580386
27,0.6368571428571429,-0.002805556773356476,0.0566166,0.005123662762071457
27,0.6368571428571429,-0.0028956918534942047,0.0566166,0.005401121419562529
27,0.6368571428571429,-0.0029858269336319335,0.0566166,0.005678580077053599
27,0.6368571428571429,-0.0030759620137696623,0.0566166,0.00595603873454467
27,0.6368571428571429,-0.0031210304544021907,0.0566166,0.006094767721613572
27,0.6368571428571429,-0.003166098895034719,0.0566166,0.00623349670868247
27,0.6368571428571429,-0.0032111655345399195,0.0566166,0.006372226379104642
27,0.6368571428571429,-0.0032562321740451207,0.0566166,0.006510956049526813
28,0.6609428571428572,-0.0032361610157130424,0.058757819999999995,0.00649860601356435
28,0.6609428571428572,-0.0031455387549342495,0.058757819999999995,0.006379637795916859
28,0.6609428571428572,-0.0030550075458625724,0.058757819999999995,0.006260636236090505
28,0.6609428571428572,-0.002964672448160067,0.058757819999999995,0.006141562862340435
28,0.6609428571428572,-0.002874633268505687,0.058757819999999995,0.00602238112650905
28,0.6609428571428572,-0.0026958173761359736,0.058757819999999995,0.005783555352712378
28,0.6609428571428572,-0.0025189100676269527,0.058757819999999995,0.005544030675551001
28,0.6609428571428572,-0.0023438378012151867,0.058757819999999995,0.005303834025246307
28,0.6609428571428572,-0.0021705217821541304,0.058757819999999995,0.005062994255606934
28,0.6609428571428572,-0.001998986524364932,0.058757819999999995,0.0048215023898924205
28,0.6609428571428572,-0.0018292950636448252,0.058757819999999995,0.004579335345055856
28,0.6609428571428572,-0.0016615069338023075,0.058757819999999995,0.004336471320441826
28,0.6609428571428572,-0.0014956764156627775,0.058757819999999995,0.0040928904389821615
28,0.6609428571428572,-0.0013318525370685254,0.058757819999999995,0.0038485747471959358
28,0.6609428571428572,-0.0011700615629350669,0.058757819999999995,0.0036035146271469337
28,0.6609428571428572,-0.00101032625618918,0.058757819999999995,0.0033577017432904425
28,0.6609428571428572,-0.0008526676287632766,0.058757819999999995,0.00311112840127749
28,0.6609428571428572,-0.0006970996886122972,0.058757819999999995,0.002863789471542099
28,0.6609428571428572,-0.0005436609576123296,0.058757819999999995,0.002615670847777824
28,0.6609428571428572,-0.00039251778022829646,0.058757819999999995,0.002366711616388661
28,0.6609428571428572,-0.00024387327180683998,0.058757819999999995,0.002116837398667904
28,0.6609428571428572,-9.793054769460297e-05,0.058757819999999995,0.0018659738159088508
28,0.6609428571428572,4.511428073924193e-05,0.058757819999999995,0.0016140490541877925
28,0.6609428571428572,0.00018507735908609687,0.058757819999999995,0.0013609957879512427
28,0.6609428571428572,0.00032190790850929966,0.058757819999999995,0.0011067954225225315
28,0.6609428571428572,0.0004555919210539117,0.058757819999999995,0.0008514428283356744
28,0.6609428571428572,0.0005861258947311961,0.058757819999999995,0.0005949367229991787
28,0.6609428571428572,0.0007134975725805808,0.058757819999999995,0.0003372726181428108
28,0.6609428571428572,0.0008376701837203449,0.058757819999999995,7.843704865587685e-05
28,0.6609428571428572,0.0009584371108151109,0.058757819999999995,-0.00018164564655982155
28,0.6609428571428572,0.0010755146927773262,0.058757819999999995,-0.00044307934121537006
28,0.6609428571428572,0.0011886245215025413,0.058757819999999995,-0.00070596598543461
28,0.6609428571428572,0.0012974846868975712,0.058757819999999995,-0.0009704088117328787
28,0.6609428571428572,0.0014018710616833625,0.058757819999999995,-0.001236489893165849
28,0.6609428571428572,0.001501974504245984,0.058757819999999995,-0.0015041393393970502
28,0.6609428571428572,0.0015981539684307956,0.058757819999999995,-0.001773225705298257
28,0.6609428571428572,0.0016907701590775242,0.058757819999999995,-0.0020436169045454974
28,0.6609428571428572,0.001780180279037162,0.058757819999999995,-0.002315182133206294
28,0.6609428571428572,0.0018665524237689998,0.058757819999999995,-0.002587859836488895
28,0.6609428571428572,0.0019487431939509891,0.058757819999999995,-0.0028620687152163746
28,0.6609428571428572,0.002025057627035286,0.058757819999999995,-0.0031384294468722526
28,0.6609428571428572,0.0020937674915810596,0.058757819999999995,-0.0034175748916592487
28,0.6609428571428572,0.0021530990302939235,0.058757819999999995,-0.003700154580869516
28,0.6609428571428572,0.002201427320400738,0.058757819999999995,-0.003986763544156677
28,0.6609428571428572,0.002238435431920965,0.058757819999999995,-0.0042775178379510165
28,0.6609428571428572,0.0022642949623026304,0.058757819999999995,-0.004572354625069287
28,0.6609428571428572,0.002278231972035252,0.058757819999999995,-0.004871557314031855
28,0.6609428571428572,0.0022780437102043775,0.058757819999999995,-0.005175932529088996
28,0.6609428571428572,0.002261308551599606,0.058757819999999995,-0.005486367043959415
28,0.6609428571428572,0.002225200391311617,0.058757819999999995,-0.005803895748579474
28,0.6609428571428572,0.002195853272993733,0.058757819999999995,-0.005966795492862598
28,0.6609428571428572,0.0021548585401425196,0.058757819999999995,-0.006133960471257673
28,0.6609428571428572,0.0020970577633510025,0.058757819999999995,-0.006307279646436645
28,0.6609428571428572,0.0020122706613659074,0.058757819999999995,-0.006490480930475114
28,0.6609428571428572,0.0019199795884623449,0.058757819999999995,-0.006645999462297583
28,0.6609428571428572,0.0018674359185913232,0.058757819999999995,-0.006726101657469951
28,0.6609428571428572,0.0018028436564767893,0.058757819999999995,-0.006810615920580432
28,0.6609428571428572,0.0017580156587305503,0.058757819999999995,-0.0068574620901000775
28,0.6609428571428572,0.0017265884163501677,0.058757819999999995,-0.006884185729969832
28,0.6609428571428572,0.001704739310895877,0.058757819999999995,-0.006899794299803728
28,0.6609428571428572,0.00166624,0.058757819999999995,-0.006921500000000001
28,0.6609428571428572,0.0015820121156702174,0.058757819999999995,-0.006944735709741576
28,0.6609428571428572,0.001557286521940497,0.058757819999999995,-0.006946182305593753
28,0.6609428571428572,0.0015196387875131036,0.058757819999999995,-0.006944753196764635
28,0.6609428571428572,0.0014625133872109865,0.058757819999999995,-0.0069352412908352465
28,0.6609428571428572,0.0013767862848550905,0.058757819999999995,-0.006905772400250723
28,0.6609428571428572,0.0013100837363032578,0.058757819999999995,-0.006869336917870298
28,0.6609428571428572,0.001213015274316198,0.058757819999999995,-0.00678315985895864
28,0.6609428571428572,0.0011230303754872144,0.058757819999999995,-0.006663958246059085
28,0.6609428571428572,0.0010403611311260979,0.058757819999999995,-0.006542077717326737
28,0.6609428571428572,0.0009645452787197999,0.058757819999999995,-0.006417687548438923
28,0.6609428571428572,0.0008964618174408597,0.058757819999999995,-0.006290465859130427
28,0.6609428571428572,0.0007748841799538912,0.058757819999999995,-0.006030680037545791
28,0.6609428571428572,0.0006605328962220418,0.058757819999999995,-0.005768248001111484
28,0.6609428571428572,0.0005520369376554742,0.058757819999999995,-0.005503671806097748
28,0.6609428571428572,0.00044892703776366915,0.058757819999999995,-0.005237123292964897
28,0.6609428571428572,0.00035042050206430674,0.058757819999999995,-0.004968889076212034
28,0.6609428571428572,0.0002557626519849468,0.058757819999999995,-0.004699245511206304
28,0.6609428571428572,0.00016421806989119422,0.058757819999999995,-0.004428461900161633
28,0.6609428571428572,7.508460704163853e-05,0.058757819999999995,-0.00415679536257274
28,0.6609428571428572,-1.2205058738826028e-05,0.058757819999999995,-0.0038844536458617963
28,0.6609428571428572,-9.817622576048187e-05,0.058757819999999995,-0.003611629108753032
28,0.6609428571428572,-0.00018335769432234624,0.058757819999999995,-0.0033385153923621747
28,0.6609428571428572,-0.0002682782647234366,0.058757819999999995,-0.0030653061378049487
28,0.6609428571428572,-0.00035337918754439084,0.058757819999999995,-0.0027921629264097093
28,0.6609428571428572,-0.00043869898466129625,0.058757819999999995,-0.0025190998644828997
28,0.6609428571428572,-0.0005241641143107127,0.058757819999999995,-0.002246090021803128
28,0.6609428571428572,-0.000609702785723569,0.058757819999999995,-0.001973107109344747
28,0.6609428571428572,-0.0006952397061420581,0.058757819999999995,-0.001700123555690618
28,0.6609428571428572,-0.0007807170927520478,0.058757819999999995,-0.0014271182013810783
28,0.6609428571428572,-0.0008661331945591718,0.058757819999999995,-0.0011540904052203772
28,0.6609428571428572,-0.0009515125254845756,0.058757819999999995,-0.0008810491439489795
28,0.6609428571428572,-0.001036870844477568,0.058757819999999995,-0.000608000188328614
28,0.6609428571428572,-0.0011222291634705613,0.058757819999999995,-0.00033495123270824677
28,0.6609428571428572,-0.00120760499240723,0.058757819999999995,-6.190868904535404e-05
28,0.6609428571428572,-0.0012929965802932072,0.058757819999999995,0.00021112808385581085
28,0.6609428571428572,-0.0013783986741453906,0.058757819999999995,0.00048416100958249136
28,0.6609428571428572,-0.0014638042699863078,0.058757819999999995,0.0007571926529176751
28,0.6609428571428572,-0.0015492116168215936,0.058757819999999995,0.0010302236550571147
28,0.6609428571428572,-0.0016346137106737762,0.058757819999999995,0.0013032565807837952
28,0.6609428571428572,-0.0017200123025372242,0.058757819999999995,0.0015762907889019708
28,0.6609428571428572,-0.0018054091434063044,0.058757819999999995,0.001849325638215894
28,0.6609428571428572,-0.0018908024822866492,0.058757819999999995,0.0021223617699213104
28,0.6609428571428572,-0.0019761975721613615,0.058757819999999995,0.002395397260430981
28,0.6609428571428572,-0.0020615926620360736,0.058757819999999995,0.00266843275094065
28,0.6609428571428572,-0.0021469895029051543,0.058757819999999995,0.002941467600254575
28,0.6609428571428572,-0.002232386343774234,0.058757819999999995,0.0032145024495684963
28,0.6609428571428572,-0.002317783184643314,0.058757819999999995,0.0034875372988824194
28,0.6609428571428572,-0.002403180025512394,0.058757819999999995,0.0037605721481963426
28,0.6609428571428572,-0.0024885768663814737,0.058757819999999995,0.004033606997510266
28,0.6609428571428572,-0.0025739737072505544,0.058757819999999995,0.004306641846824189
28,0.6609428571428572,-0.002659370548119634,0.058757819999999995,0.00457967669613811
28,0.6609428571428572,-0.002744767388988714,0.058757819999999995,0.004852711545452033
28,0.6609428571428572,-0.0028301642298577947,0.058757819999999995,0.0051257463947659565
28,0.6609428571428572,-0.0029155610707268737,0.058757819999999995,0.00539878124407988
28,0.6609428571428572,-0.0030009579115959535,0.058757819999999995,0.005671816093393801
28,0.6609428571428572,-0.003086354752465034,0.058757819999999995,0.005944850942707724
28,0.6609428571428572,-0.003129054048396758,0.058757819999999995,0.006081368046766811
28,0.6609428571428572,-0.0031717533443284826,0.058757819999999995,0.0062178851508259
28,0.6609428571428572,-0.003214450889265838,0.058757819999999995,0.006354402896080734
28,0.6609428571428572,-0.0032571484342031947,0.058757819999999995,0.0064909206413355704
29,0.6850285714285715,-0.0032344072811434344,0.06089904,0.006460750927829707
29,0.6850285714285715,-0.0031476441767548783,0.06089904,0.006343371998930387
29,0.6850285714285715,-0.003060969275044108,0.06089904,0.006225961859037907
29,0.6850285714285715,-0.0029744843483316516,0.06089904,0.006108484495467857
29,0.6850285714285715,-0.0028882860803220033,0.06089904,0.005990905696170038
29,0.6850285714285715,-0.0027171125083543363,0.06089904,0.005755315345150024
29,0.6850285714285715,-0.0025477878002095242,0.06089904,0.005519070763696487
29,0.6850285714285715,-0.002380240715263199,0.06089904,0.005282197160688519
29,0.6850285714285715,-0.0022143949242749666,0.06089904,0.0050447215456394245
29,0.6850285714285715,-0.0020502741741196167,0.06089904,0.004806635515589512
29,0.6850285714285715,-0.0018879395281894639,0.06089904,0.004567917462928131
29,0.6850285714285715,-0.0017274486574661383,0.06089904,0.004328546980467446
29,0.6850285714285715,-0.0015688541443152453,0.06089904,0.004088505461653848
29,0.6850285714285715,-0.0014122034824863607,0.06089904,0.0038477761005679383
29,0.6850285714285715,-0.0012575221150596168,0.06089904,0.003606349894038614
29,0.6850285714285715,-0.0011048320927044592,0.06089904,0.0033642190393175873
29,0.6850285714285715,-0.000954153769884994,0.06089904,0.0031213763338679736
29,0.6850285714285715,-0.0008055007162439576,0.06089904,0.00287781697599852
29,0.6850285714285715,-0.0006589102482988753,0.06089904,0.002633527761058274
29,0.6850285714285715,-0.0005145435055572429,0.06089904,0.0023884516689635787
29,0.6850285714285715,-0.0003725972478387414,0.06089904,0.0021425190751912324
29,0.6850285714285715,-0.00023326823496304947,0.06089904,0.0018956603552180377
29,0.6850285714285715,-9.674644192847969e-05,0.06089904,0.0016478082853664203
29,0.6850285714285715,3.679002970405224e-05,0.06089904,0.0013988998434386526
29,0.6850285714285715,0.00016729198997962494,0.06089904,0.001148917623303939
29,0.6850285714285715,0.00029474586925550233,0.06089904,0.0008978568232710215
29,0.6850285714285715,0.00041914827512100046,0.06089904,0.0006457162429170859
29,0.6850285714285715,0.0005404873341387252,0.06089904,0.00039249168076228684
29,0.6850285714285715,0.000658727425996492,0.06089904,0.0001381705323670766
29,0.6850285714285715,0.0007736683984639382,0.06089904,-0.00011731802721455867
29,0.6850285714285715,0.0008850354662756478,0.06089904,-0.000374071232230537
29,0.6850285714285715,0.000992558932782233,0.06089904,-0.0006321845162945549
29,0.6850285714285715,0.0010959657089236199,0.06089904,-0.0008917545134431246
29,0.6850285714285715,0.0011950386804160248,0.06089904,-0.0011528580507363306
29,0.6850285714285715,0.0012899627336417333,0.06089904,-0.0014154297051308185
29,0.6850285714285715,0.0013810855906958679,0.06089904,-0.0016793464332881735
29,0.6850285714285715,0.0014687566698788955,0.06089904,-0.001944484591658576
29,0.6850285714285715,0.0015533219970805974,0.06089904,-0.0022107217371150154
29,0.6850285714285715,0.0016349444080138128,0.06089904,-0.00247800024936243
29,0.6850285714285715,0.0017125162805901708,0.06089904,-0.0027467120664495283
29,0.6850285714285715,0.0017843956880385502,0.06089904,-0.003017438193018189
29,0.6850285714285715,0.001848908475686331,0.06089904,-0.0032907710377270264
29,0.6850285714285715,0.0019043363875219984,0.06089904,-0.003567318614731232
29,0.6850285714285715,0.001949105344988114,0.06089904,-0.0038476379202164114
29,0.6850285714285715,0.0019829083349177635,0.06089904,-0.004131837592447213
29,0.6850285714285715,0.00200591158543447,0.06089904,-0.004419858810705761
29,0.6850285714285715,0.0020173653737770385,0.06089904,-0.004711966868433906
29,0.6850285714285715,0.002015135873625149,0.06089904,-0.0050089168315815315
29,0.6850285714285715,0.0019968772329907224,0.06089904,-0.005311538792524382
29,0.6850285714285715,0.0019598517764516615,0.06089904,-0.005620801492473199
29,0.6850285714285715,0.001930399371828467,0.06089904,-0.005779303905916424
29,0.6850285714285715,0.0018896638092698397,0.06089904,-0.005941798925638361
29,0.6850285714285715,0.0018326480678380495,0.06089904,-0.006110054774443746
29,0.6850285714285715,0.0017494904096743153,0.06089904,-0.006287561081452308
29,0.6850285714285715,0.0016592682945146457,0.06089904,-0.006437951080413581
29,0.6850285714285715,0.0016079593026148966,0.06089904,-0.006515339252375038
29,0.6850285714285715,0.0015449787217563812,0.06089904,-0.006596857479027389
29,0.6850285714285715,0.0015013486896939467,0.06089904,-0.006641912305392764
29,0.6850285714285715,0.0014708024566644374,0.06089904,-0.0066675293067924805
29,0.6850285714285715,0.0014495858366310784,0.06089904,-0.006682440948262124
29,0.6850285714285715,0.00141224,0.06089904,-0.00670306
29,0.6850285714285715,0.0013306988042055708,0.06089904,-0.006724509765771899
29,0.6850285714285715,0.001306798058345278,0.06089904,-0.006725563147514447
29,0.6850285714285715,0.0012704306868355684,0.06089904,-0.006723623885905615
29,0.6850285714285715,0.0012152974666507835,0.06089904,-0.006713516968918528
29,0.6850285714285715,0.0011326622113034925,0.06089904,-0.006683525691125917
29,0.6850285714285715,0.001068456226997764,0.06089904,-0.006647013116397314
29,0.6850285714285715,0.0009752439116448915,0.06089904,-0.006561532379824072
29,0.6850285714285715,0.0008890982260008472,0.06089904,-0.00644393497397264
29,0.6850285714285715,0.0008100392862759609,0.06089904,-0.00632382988486317
29,0.6850285714285715,0.0007376192942599263,0.06089904,-0.006201375568307085
29,0.6850285714285715,0.0006726897450344618,0.06089904,-0.006076270718178119
29,0.6850285714285715,0.0005569634294936385,0.06089904,-0.005821060056477881
29,0.6850285714285715,0.0004482373533995277,0.06089904,-0.005563372322301355
29,0.6850285714285715,0.0003451833879692906,0.06089904,-0.00530367748118015
29,0.6850285714285715,0.0002473469501712527,0.06089904,-0.005042136389771313
29,0.6850285714285715,0.00015396983621751006,0.06089904,-0.004779017342573731
29,0.6850285714285715,6.432098160563194e-05,0.06089904,-0.004514579030703777
29,0.6850285714285715,-2.2312019908050495e-05,0.06089904,-0.0042490735429523505
29,0.6850285714285715,-0.00010660934666570582,0.06089904,-0.0039827415640936205
29,0.6850285714285715,-0.00018912056919816438,0.06089904,-0.003715777562623422
29,0.6850285714285715,-0.0002703545491080459,0.06089904,-0.003448361601963827
29,0.6850285714285715,-0.0003508235404086548,0.06089904,-0.003180674945959718
29,0.6850285714285715,-0.0004310397971132962,0.06089904,-0.002912898858455981
29,0.6850285714285715,-0.0005114307629681702,0.06089904,-0.0026451845927271556
29,0.6850285714285715,-0.0005920337544908028,0.06089904,-0.002377545353424192
29,0.6850285714285715,-0.0006727775310568268,0.06089904,-0.0021099559316680025
29,0.6850285714285715,-0.000753592548247218,0.06089904,-0.0018423917187909014
29,0.6850285714285715,-0.0008344058692322668,0.06089904,-0.0015748269057023938
29,0.6850285714285715,-0.0009151615192356851,0.06089904,-0.0013072416854260525
29,0.6850285714285715,-0.0009958578020521315,0.06089904,-0.0010396354577504683
29,0.6850285714285715,-0.001076518464556394,0.06089904,-0.0007720166256353408
29,0.6850285714285715,-0.0011571587725965524,0.06089904,-0.0005043905909833286
29,0.6850285714285715,-0.00123779908063671,0.06089904,-0.00023676455633131737
29,0.6850285714285715,-0.001318456350730289,0.06089904,3.085547620662512e-05
29,0.6850285714285715,-0.0013991288866719463,0.06089904,0.00029847010684190545
29,0.6850285714285715,-0.001479811599845656,0.06089904,0.0005660811362087443
29,0.6850285714285715,-0.0015604977054300495,0.06089904,0.0008336909651527691
29,0.6850285714285715,-0.001641185507219786,0.06089904,0.0011013001938853881
29,0.6850285714285715,-0.0017218682203934952,0.06089904,0.0013689112232522262
29,0.6850285714285715,-0.001802547541156521,0.06089904,0.0016365234530418792
29,0.6850285714285715,-0.0018832251657142046,0.06089904,0.0019041362830429388
29,0.6850285714285715,-0.001963899397861204,0.06089904,0.0021717503134668116
29,0.6850285714285715,-0.002044575326213545,0.06089904,0.002439363743679276
29,0.6850285714285715,-0.002125251254565886,0.06089904,0.002706977173891744
29,0.6850285714285715,-0.0022059288791235697,0.06089904,0.0029745900038928037
29,0.6850285714285715,-0.002286606503681254,0.06089904,0.0032422028338938633
29,0.6850285714285715,-0.002367284128238937,0.06089904,0.003509815663894923
29,0.6850285714285715,-0.002447961752796621,0.06089904,0.0037774284938959825
29,0.6850285714285715,-0.0025286393773543037,0.06089904,0.00404504132389704
29,0.6850285714285715,-0.0026093170019119874,0.06089904,0.004312654153898102
29,0.6850285714285715,-0.002689994626469671,0.06089904,0.004580266983899161
29,0.6850285714285715,-0.002770672251027355,0.06089904,0.004847879813900221
29,0.6850285714285715,-0.0028513498755850385,0.06089904,0.0051154926439012805
29,0.6850285714285715,-0.0029320275001427213,0.06089904,0.005383105473902338
29,0.6850285714285715,-0.003012705124700405,0.06089904,0.005650718303903398
29,0.6850285714285715,-0.0030933827492580887,0.06089904,0.005918331133904458
29,0.6850285714285715,-0.0031337224096396016,0.06089904,0.006052137248799284
29,0.6850285714285715,-0.0031740620700211135,0.06089904,0.006185943363694109
29,0.6850285714285715,-0.0032144000341972853,0.06089904,0.006319750078800344
29,0.6850285714285715,-0.0032547379983734553,0.06089904,0.0064535567939065785
30,0.7091142857142858,-0.0032279094080440544,0.06304026,0.006408778269672782
30,0.7091142857142858,-0.0031451993941218155,0.06304026,0.006293540238050889
30,0.7091142857142858,-0.003062574357603297,0.06304026,0.006178273117794403
30,0.7091142857142858,-0.0029801323493389474,0.06304026,0.006062943345094172
30,0.7091142857142858,-0.002897966517636689,0.06304026,0.005947519034331502
30,0.7091142857142858,-0.0027348130986183756,0.06304026,0.005716267087699556
30,0.7091142857142858,-0.0025734409367165157,0.06304026,0.005484405398534735
30,0.7091142857142858,-0.0024137813963357943,0.06304026,0.005251957461503439
30,0.7091142857142858,-0.002255760939338377,0.06304026,0.005018948449462533
30,0.7091142857142858,-0.002099402444256036,0.06304026,0.004785370530856548
30,0.7091142857142858,-0.0019447647415990375,0.06304026,0.004551203567399996
30,0.7091142857142858,-0.0017919033935159688,0.06304026,0.004316428539601023
30,0.7091142857142858,-0.0016408690596128957,0.06304026,0.0040810281061582415
30,0.7091142857142858,-0.0014917074969533581,0.06304026,0.003844986603960707
30,0.7091142857142858,-0.0013444432182499676,0.06304026,0.0036082956420561392
30,0.7091142857142858,-0.0011990974678536559,0.06304026,0.003370947948285882
30,0.7091142857142858,-0.0010556898559345108,0.06304026,0.00313293680988811
30,0.7091142857142858,-0.0009142334559392601,0.06304026,0.0028942577516882723
30,0.7091142857142858,-0.0007747642198464005,0.06304026,0.0026548984669563435
30,0.7091142857142858,-0.0006374373948358058,0.06304026,0.0024148058129945067
30,0.7091142857142858,-0.0005024425458850063,0.06304026,0.002173914899771736
30,0.7091142857142858,-0.00036996923797153435,0.06304026,0.001932160837257015
30,0.7091142857142858,-0.0002402004993495555,0.06304026,0.001689480973006593
30,0.7091142857142858,-0.00011330791900735393,0.06304026,0.001445816570354465
30,0.7091142857142858,1.0661111810689313e-05,0.06304026,0.001201151406792872
30,0.7091142857142858,0.00013169351965784735,0.06304026,0.0009554810071472604
30,0.7091142857142858,0.0002497860361724382,0.06304026,0.0007088042526239924
30,0.7091142857142858,0.00036492722208857726,0.06304026,0.0004611172274453356
30,0.7091142857142858,0.00047708275960860755,0.06304026,0.00021240818427808571
30,0.7091142857142858,0.0005860598153933168,0.06304026,-3.7388885702415234e-05
30,0.7091142857142858,0.0006915936521464986,0.06304026,-0.0002883646047808731
30,0.7091142857142858,0.0007934244351144684,0.06304026,-0.0005406079170515304
30,0.7091142857142858,0.0008912890611818601,0.06304026,-0.0007942088854022708
30,0.7091142857142858,0.0009849783552010544,0.06304026,-0.001049239112625948
30,0.7091142857142858,0.001074670442883696,0.06304026,-0.0013056376244692742
30,0.7091142857142858,0.0011607003313021452,0.06304026,-0.0015632897445843202
30,0.7091142857142858,0.0012434046617096027,0.06304026,-0.001822080237226343
30,0.7091142857142858,0.0013231168069975888,0.06304026,-0.002081894985444234
30,0.7091142857142858,0.0013999936485268182,0.06304026,-0.002342680287143355
30,0.7091142857142858,0.0014729680662082599,0.06304026,-0.002604801428446614
30,0.7091142857142858,0.0015404581729880375,0.06304026,-0.0028687999054749494
30,0.7091142857142858,0.001600851032376299,0.06304026,-0.0031352278428888655
30,0.7091142857142858,0.0016524912191813324,0.06304026,-0.0034046519096661643
30,0.7091142857142858,0.0016938622135828922,0.06304026,-0.003677591226055021
30,0.7091142857142858,0.0017246682288487966,0.06304026,-0.0039541470428797
30,0.7091142857142858,0.0017450694147014417,0.06304026,-0.004234264539251924
30,0.7091142857142858,0.0017543434632092026,0.06304026,-0.0045181909685657615
30,0.7091142857142858,0.0017504345748743755,0.06304026,-0.004806630052019704
30,0.7091142857142858,0.0017310826775941593,0.06304026,-0.005100355435414642
30,0.7091142857142858,0.0016936502034915306,0.06304026,-0.005400269985216686
30,0.7091142857142858,0.0016643943171075933,0.06304026,-0.005553835089902835
30,0.7091142857142858,0.001624267859770774,0.06304026,-0.005711121302229989
30,0.7091142857142858,0.0015684565347241302,0.06304026,-0.005873776605227371
30,0.7091142857142858,0.001487459214559354,0.06304026,-0.006045053332001537
30,0.7091142857142858,0.0013998318520818094,0.06304026,-0.006189889486984436
30,0.7091142857142858,0.0013500468740508197,0.06304026,-0.00626435160045307
30,0.7091142857142858,0.0012890170976544092,0.06304026,-0.006342662923434294
30,0.7091142857142858,0.0012468063771787275,0.06304026,-0.006385822187959584
30,0.7091142857142858,0.0012172890710629616,0.06304026,-0.006410281315348818
30,0.7091142857142858,0.0011968042483389786,0.06304026,-0.0064244710054977465
30,0.7091142857142858,0.00116078,0.06304026,-0.006443979999999999
30,0.7091142857142858,0.0010822645132085708,0.06304026,-0.00646367912855217
30,0.7091142857142858,0.0010592817597485944,0.06304026,-0.006464368834395888
30,0.7091142857142858,0.0010243322658763528,0.06304026,-0.0064619773521254155
30,0.7091142857142858,0.0009713911727166638,0.06304026,-0.00645138952679212
30,0.7091142857142858,0.0008921297922936242,0.06304026,-0.00642110130194153
30,0.7091142857142858,0.0008306237867056806,0.06304026,-0.006384735230650844
30,0.7091142857142858,0.0007415242963377008,0.06304026,-0.006300394485278412
30,0.7091142857142858,0.0006594091242415066,0.06304026,-0.00618495283321435
30,0.7091142857142858,0.0005841215596980996,0.06304026,-0.0060671740212398665
30,0.7091142857142858,0.000515230178965513,0.06304026,-0.005947205730115219
30,0.7091142857142858,0.00045355534082581973,0.06304026,-0.005824767142637193
30,0.7091142857142858,0.00034382165931182835,0.06304026,-0.005575229073383959
30,0.7091142857142858,0.00024083224212774392,0.06304026,-0.00532338237345808
30,0.7091142857142858,0.00014330752567523475,0.06304026,-0.005069665050568955
30,0.7091142857142858,5.080954948897057e-05,0.06304026,-0.004814227023064116
30,0.7091142857142858,-3.7392165266877464e-05,0.06304026,-0.004557318341321724
30,0.7091142857142858,-0.00012200195053468704,0.06304026,-0.004299180105370834
30,0.7091142857142858,-0.00020370616226758642,0.06304026,-0.00404004726187549
30,0.7091142857142858,-0.00028316010698272863,0.06304026,-0.003780144128960172
30,0.7091142857142858,-0.00036089325927252786,0.06304026,-0.003519651951194287
30,0.7091142857142858,-0.00043739587338921786,0.06304026,-0.0032587385476235795
30,0.7091142857142858,-0.0005131614719467155,0.06304026,-0.0029975728560874336
30,0.7091142857142858,-0.0005886835775589362,0.06304026,-0.002736323814425235
30,0.7091142857142858,-0.000664374003797758,0.06304026,-0.0024751323906354082
30,0.7091142857142858,-0.0007402687026416771,0.06304026,-0.002214010891447976
30,0.7091142857142858,-0.0008162990384953815,0.06304026,-0.0019529358221965342
30,0.7091142857142858,-0.0008923980099443988,0.06304026,-0.001691884247611494
30,0.7091142857142858,-0.0009684953472125751,0.06304026,-0.0014308321136296369
30,0.7091142857142858,-0.0010445371223321645,0.06304026,-0.0011697609601559284
30,0.7091142857142858,-0.0011205217011223268,0.06304026,-0.0009086702277935491
30,0.7091142857142858,-0.001196471962114833,0.06304026,-0.0006475677480979681
30,0.7091142857142858,-0.001272402612937249,0.06304026,-0.0003864585556405571
30,0.7091142857142858,-0.0013483332637596655,0.06304026,-0.00012534936318314618
30,0.7091142857142858,-0.0014242802563904898,0.06304026,0.00013575423530607245
30,0.7091142857142858,-0.0015002419566488812,0.06304026,0.0003968527992239202
30,0.7091142857142858,-0.0015762134619923174,0.06304026,0.0006579480067608525
30,0.7091142857142858,-0.001652188235697435,0.06304026,0.0009190420955041464
30,0.7091142857142858,-0.0017281646435833933,0.06304026,0.0011801356248506206
30,0.7091142857142858,-0.0018041361489268299,0.06304026,0.001441230832387552
30,0.7091142857142858,-0.0018801043859085836,0.06304026,0.0017023271587181229
30,0.7091142857142858,-0.001956070988709498,0.06304026,0.001963424044445514
30,0.7091142857142858,-0.0020320343231487294,0.06304026,0.0022245220489665414
30,0.7091142857142858,-0.002107999291768803,0.06304026,0.0024856194940907498
30,0.7091142857142858,-0.0021839642603888754,0.06304026,0.002746716939214958
30,0.7091142857142858,-0.002259930863189789,0.06304026,0.0030078138249423477
30,0.7091142857142858,-0.0023358974659907035,0.06304026,0.003268910710669739
30,0.7091142857142858,-0.002411864068791617,0.06304026,0.0035300075963971287
30,0.7091142857142858,-0.0024878306715925306,0.06304026,0.0037911044821245183
30,0.7091142857142858,-0.0025637972743934433,0.06304026,0.004052201367851906
30,0.7091142857142858,-0.0026397638771943578,0.06304026,0.0043132982535792974
30,0.7091142857142858,-0.0027157304799952714,0.06304026,0.004574395139306685
30,0.7091142857142858,-0.002791697082796185,0.06304026,0.004835492025034077
30,0.7091142857142858,-0.0028676636855970985,0.06304026,0.005096588910761466
30,0.7091142857142858,-0.002943630288398013,0.06304026,0.0053576857964888576
30,0.7091142857142858,-0.0030195968911989257,0.06304026,0.005618782682216244
30,0.7091142857142858,-0.0030955634939998393,0.06304026,0.005879879567943635
30,0.7091142857142858,-0.0031335476124907174,0.06304026,0.006010427731108921
30,0.7091142857142858,-0.003171531730981594,0.06304026,0.006140975894274206
30,0.7091142857142858,-0.00320951421529163,0.06304026,0.006271524616836309
30,0.7091142857142858,-0.0032474966996016673,0.06304026,0.006402073339398414
31,0.7331999999999999,-0.003214268778244477,0.06518147999999999,0.006340491636652708
31,0.7331999999999999,-0.0031357694458240028,0.06518147999999999,0.00622795337203564
31,0.7331999999999999,-0.0030573515657427485,0.06518147999999999,0.006115388108901049
31,0.7331999999999999,-0.0029791091214690446,0.06518147999999999,0.006002764695113322
31,0.7331999999999999,-0.0029011313972978044,0.06518147999999999,0.005890053536143637
31,0.7331999999999999,-0.002746305316966427,0.06518147999999999,0.005664256873374721
31,0.7331999999999999,-0.002593186602976385,0.06518147999999999,0.005437894280142278
31,0.7331999999999999,-0.002441709466899847,0.06518147999999999,0.00521098756294123
31,0.7331999999999999,-0.002291803421135565,0.06518147999999999,0.004983560085873284
31,0.7331999999999999,-0.002143490395159482,0.06518147999999999,0.004755604580106798
31,0.7331999999999999,-0.001996826779052597,0.06518147999999999,0.0045271023543604055
31,0.7331999999999999,-0.0018518658301136307,0.06518147999999999,0.004298035755757268
31,0.7331999999999999,-0.0017086561064678875,0.06518147999999999,0.004068388689027319
31,0.7331999999999999,-0.0015672414670672536,0.06518147999999999,0.0038381466165072747
31,0.7331999999999999,-0.0014276454077788126,0.06518147999999999,0.003607301750163234
31,0.7331999999999999,-0.0012898882916873684,0.06518147999999999,0.0033758473403658115
31,0.7331999999999999,-0.0011539889154865881,0.06518147999999999,0.003143777156687892
31,0.7331999999999999,-0.0010199598103055828,0.06518147999999999,0.002911087045511393
31,0.7331999999999999,-0.0008878354367494062,0.06518147999999999,0.00267776558438659
31,0.7331999999999999,-0.0007577646019762475,0.06518147999999999,0.002443763449098772
31,0.7331999999999999,-0.0006299290073582123,0.06518147999999999,0.0022090204121857655
31,0.7331999999999999,-0.000504510354267407,0.06518147999999999,0.0019734762461853968
31,0.7331999999999999,-0.00038168407851138096,0.06518147999999999,0.0017370728004445345
31,0.7331999999999999,-0.0002616146511597126,0.06518147999999999,0.0014997555587258635
31,0.7331999999999999,-0.0001443474975554278,0.06518147999999999,0.0012615094641638437
31,0.7331999999999999,-2.9895148827637332e-05,0.06518147999999999,0.0010223303631403911
31,0.7331999999999999,8.17392622413809e-05,0.06518147999999999,0.0007822172172509854
31,0.7331999999999999,0.00019054477091365513,0.06518147999999999,0.0005411663920798079
31,0.7331999999999999,0.0002964884829752697,0.06518147999999999,0.0002991669843793957
31,0.7331999999999999,0.00039938556427184186,0.06518147999999999,5.615772828305391e-05
31,0.7331999999999999,0.0004989822594388788,0.06518147999999999,-0.000187945486975356
31,0.7331999999999999,0.0005950295122853059,0.06518147999999999,-0.00043322521455519455
31,0.7331999999999999,0.0006872751338377692,0.06518147999999999,-0.0006797650460203366
31,0.7331999999999999,0.0007755186260304981,0.06518147999999999,-0.0009276314392600805
31,0.7331999999999999,0.000859930725497626,0.06518147999999999,-0.001176767801228074
31,0.7331999999999999,0.0009408325424226144,0.06518147999999999,-0.0014270676954609889
31,0.7331999999999999,0.0010185467533800647,0.06518147999999999,-0.0016784241662932452
31,0.7331999999999999,0.0010933929021622996,0.06518147999999999,-0.001930731296463777
31,0.7331999999999999,0.0011655213623186483,0.06518147999999999,-0.002183939242555613
31,0.7331999999999999,0.0012339092804354483,0.06518147999999999,-0.0024383870436446107
31,0.7331999999999999,0.0012970403898903032,0.06518147999999999,-0.0026945772875185633
31,0.7331999999999999,0.0013533686626291787,0.06518147999999999,-0.0029530224268082077
31,0.7331999999999999,0.0014013073444284296,0.06518147999999999,-0.003214248413403044
31,0.7331999999999999,0.0014394028243112137,0.06518147999999999,-0.00347873706700046
31,0.7331999999999999,0.0014673715854814013,0.06518147999999999,-0.003746582363209537
31,0.7331999999999999,0.0014853671342705975,0.06518147999999999,-0.004017733420208785
31,0.7331999999999999,0.0014926971257954358,0.06518147999999999,-0.004292419725397175
31,0.7331999999999999,0.0014873910400032566,0.06518147999999999,-0.0045712944352179355
31,0.7331999999999999,0.001467282557949045,0.06518147999999999,-0.004855075606396809
31,0.7331999999999999,0.0014298435243347133,0.06518147999999999,-0.005144601231381626
31,0.7331999999999999,0.0014010215678776025,0.06518147999999999,-0.005292712638850665
31,0.7331999999999999,0.001361779977564932,0.06518147999999999,-0.005444277779754007
31,0.7331999999999999,0.0013075041651016803,0.06518147999999999,-0.00560082622394996
31,0.7331999999999999,0.0012290871324066352,0.06518147999999999,-0.005765376613378849
31,0.7331999999999999,0.001144471022041012,0.06518147999999999,-0.0059042701804958055
31,0.7331999999999999,0.001096439373636881,0.06518147999999999,-0.005975614129112755
31,0.7331999999999999,0.001037629387806396,0.06518147999999999,-0.006050530708481574
31,0.7331999999999999,0.0009970137335104795,0.06518147999999999,-0.006091704928741647
31,0.7331999999999999,0.0009686429079753452,0.06518147999999999,-0.00611496463250564
31,0.7331999999999999,0.0009489688606572847,0.06518147999999999,-0.00612841376910709
31,0.7331999999999999,0.0009143999999999999,0.06518147999999999,-0.006146799999999999
31,0.7331999999999999,0.0008391805057360282,0.06518147999999999,-0.006164804655518747
31,0.7331999999999999,0.0008171901151520983,0.06518147999999999,-0.006165165779834171
31,0.7331999999999999,0.0007837683766511554,0.06518147999999999,-0.006162388086029567
31,0.7331999999999999,0.0007331793404970065,0.06518147999999999,-0.006151444936567114
31,0.7331999999999999,0.000657517779840403,0.06518147999999999,-0.006121100832824888
31,0.7331999999999999,0.0005988750589072903,0.06518147999999999,-0.006085115596526482
31,0.7331999999999999,0.0005140953659542607,0.06518147999999999,-0.006002370638627707
31,0.7331999999999999,0.0004361661999083246,0.06518147999999999,-0.005889643384387957
31,0.7331999999999999,0.0003647814160404597,0.06518147999999999,-0.005774746903105436
31,0.7331999999999999,0.00029952748709001227,0.06518147999999999,-0.0056578182641768135
31,0.7331999999999999,0.00024119074140867996,0.06518147999999999,-0.00553859682806751
31,0.7331999999999999,0.00013756842101482545,0.06518147999999999,-0.005295827962617603
31,0.7331999999999999,4.041059685096129e-05,0.06518147999999999,-0.005050916349440189
31,0.7331999999999999,-5.150921534462379e-05,0.06518147999999999,-0.004804268523904942
31,0.7331999999999999,-0.0001386108083971389,0.06518147999999999,-0.004556023632217572
31,0.7331999999999999,-0.00022159435914564474,0.06518147999999999,-0.004306413757788353
31,0.7331999999999999,-0.0003011349821709817,0.06518147999999999,-0.004055662676791394
31,0.7331999999999999,-0.00037789056175146205,0.06518147999999999,-0.003803988454175946
31,0.7331999999999999,-0.0004524892207337606,0.06518147999999999,-0.003551599290048315
31,0.7331999999999999,-0.0005254384698468611,0.06518147999999999,-0.003298663405940781
31,0.7331999999999999,-0.0005972082264324157,0.06518147999999999,-0.003045336562531378
31,0.7331999999999999,-0.0006682715406143536,0.06518147999999999,-0.0027917755589026614
31,0.7331999999999999,-0.0007391014625166043,0.06518147999999999,-0.002538137194137188
31,0.7331999999999999,-0.0008100927227061552,0.06518147999999999,-0.002284552307204506
31,0.7331999999999999,-0.0008812797817880618,0.06518147999999999,-0.0020310323205543386
31,0.7331999999999999,-0.0009525968513344914,0.06518147999999999,-0.0017775554276917623
31,0.7331999999999999,-0.0010239797093087527,0.06518147999999999,-0.00152410034132411
31,0.7331999999999999,-0.0010953610008918749,0.06518147999999999,-0.0012706447357541976
31,0.7331999999999999,-0.0011666890351762764,0.06518147999999999,-0.0010171714773074426
31,0.7331999999999999,-0.0012379622457708193,0.06518147999999999,-0.0007636800467815804
31,0.7331999999999999,-0.0013092025621514456,0.06518147999999999,-0.0005101777130082571
31,0.7331999999999999,-0.0013804240818384064,0.06518147999999999,-0.00025666914880781346
31,0.7331999999999999,-0.0014516456015253672,0.06518147999999999,-3.160584607368906e-06
31,0.7331999999999999,-0.0015228827851237164,0.06518147999999999,0.00025034278757047387
31,0.7331999999999999,-0.0015941340662423149,0.06518147999999999,0.0005038414869279768
31,0.7331999999999999,-0.0016653947457077464,0.06518147999999999,0.0007573370710719177
31,0.7331999999999999,-0.0017366585579554554,0.06518147999999999,0.0010108316168113383
31,0.7331999999999999,-0.0018079239365943035,0.06518147999999999,0.0012643256433484996
31,0.7331999999999999,-0.001879184616059735,0.06518147999999999,0.0015178212274924415
31,0.7331999999999999,-0.001950442162742889,0.06518147999999999,0.001771317850040902
31,0.7331999999999999,-0.002021698143034905,0.06518147999999999,0.002024814991791626
31,0.7331999999999999,-0.0020929509905446425,0.06518147999999999,0.0022783131719468688
31,0.7331999999999999,-0.0021642054044455176,0.06518147999999999,0.0025318108328998487
31,0.7331999999999999,-0.0022354598183463937,0.06518147999999999,0.0027853084938528304
31,0.7331999999999999,-0.002306715798638409,0.06518147999999999,0.003038805635603551
31,0.7331999999999999,-0.002377971778930425,0.06518147999999999,0.003292302777354275
31,0.7331999999999999,-0.00244922775922244,0.06518147999999999,0.0035457999191049958
31,0.7331999999999999,-0.0025204837395144553,0.06518147999999999,0.003799297060855718
31,0.7331999999999999,-0.0025917397198064697,0.06518147999999999,0.004052794202606437
31,0.7331999999999999,-0.002662995700098485,0.06518147999999999,0.004306291344357159
31,0.7331999999999999,-0.0027342516803905,0.06518147999999999,0.0045597884861078835
31,0.7331999999999999,-0.0028055076606825153,0.06518147999999999,0.004813285627858606
31,0.7331999999999999,-0.0028767636409745305,0.06518147999999999,0.005066782769609328
31,0.7331999999999999,-0.0029480196212665457,0.06518147999999999,0.005320279911360049
31,0.7331999999999999,-0.00301927560155856,0.06518147999999999,0.0055737770531107695
31,0.7331999999999999,-0.003090531581850575,0.06518147999999999,0.005827274194861492
31,0.7331999999999999,-0.003126160355192153,0.06518147999999999,0.005954022506135722
31,0.7331999999999999,-0.0031617891285337296,0.06518147999999999,0.006080770817409953
31,0.7331999999999999,-0.003197416335484168,0.06518147999999999,0.006207519647886444
31,0.7331999999999999,-0.0032330435424346056,0.06518147999999999,0.006334268478362935
32,0.7572857142857143,-0.0031947039068393242,0.0673227,0.006261484011268696
32,0.7572857142857143,-0.003120568375204743,0.0673227,0.0061522543034172985
32,0.7572857142857143,-0.003046510509767496,0.0673227,0.00604299964562171
32,0.7572857142857143,-0.002972619925370663,0.0673227,0.005933691249484794
32,0.7572857142857143,-0.0028989817561151654,0.0673227,0.005824301766029266
32,0.7572857142857143,-0.0027527822893018295,0.0673227,0.005605176858545905
32,0.7572857142857143,-0.002608210825471082,0.0673227,0.00538552896184783
32,0.7572857142857143,-0.0024652046342327674,0.0673227,0.0051653782278130314
32,0.7572857142857143,-0.002323696504454578,0.0673227,0.00494474624773937
32,0.7572857142857143,-0.002183707346266565,0.0673227,0.004723626304334177
32,0.7572857142857143,-0.0020452909285745757,0.0673227,0.004502001124559171
32,0.7572857142857143,-0.0019084980331230213,0.0673227,0.004279854394989304
32,0.7572857142857143,-0.0017733749609141582,0.0673227,0.004057171241619389
32,0.7572857142857143,-0.0016399635322080902,0.0673227,0.0038339382298640872
32,0.7572857142857143,-0.0015082861507155862,0.0673227,0.003610148162624122
32,0.7572857142857143,-0.0013783622329859803,0.0673227,0.0033857948024134414
32,0.7572857142857143,-0.0012502097019878877,0.0673227,0.003160872391552616
32,0.7572857142857143,-0.0011238405063670532,0.0673227,0.0029353770915887005
32,0.7572857142857143,-0.0009992875048992712,0.0673227,0.002709298346776071
32,0.7572857142857143,-0.0008766925877527496,0.0673227,0.0024825905754859235
32,0.7572857142857143,-0.0007562290102907719,0.0673227,0.002255198120150451
32,0.7572857142857143,-0.0006380700278766237,0.0673227,0.0020270653232018513
32,0.7572857142857143,-0.0005223829215507177,0.0673227,0.0017981384462987934
32,0.7572857142857143,-0.0004093245172884408,0.0673227,0.0015683671097462843
32,0.7572857142857143,-0.00029893812893061456,0.0673227,0.0013377373991523738
32,0.7572857142857143,-0.00019123570512298202,0.0673227,0.0011062454760641053
32,0.7572857142857143,-8.622023302697914e-05,0.0673227,0.0008738903808682436
32,0.7572857142857143,1.6097832292368127e-05,0.0673227,0.0006406687549184538
32,0.7572857142857143,0.0001156871256399821,0.0673227,0.00040657052227573934
32,0.7572857142857143,0.00021237140449114223,0.0673227,0.00017153906575905625
32,0.7572857142857143,0.00030590870876953777,0.0673227,-6.450334330387539e-05
32,0.7572857142857143,0.0003960615591410107,0.0673227,-0.00030163299416547697
32,0.7572857142857143,0.00048258948910996744,0.0673227,-0.0005399271356914086
32,0.7572857142857143,0.0005653013203445088,0.0673227,-0.0007794471831289035
32,0.7572857142857143,0.0006443598531428933,0.0673227,-0.0010201408375564904
32,0.7572857142857143,0.0007200712715523039,0.0673227,-0.001261909738617271
32,0.7572857142857143,0.0007927432532006434,0.0673227,-0.001504655046147732
32,0.7572857142857143,0.0008626804885543784,0.0673227,-0.001748278879597595
32,0.7572857142857143,0.0009300263613624335,0.0673227,-0.001992735177531434
32,0.7572857142857143,0.0009938055634159735,0.0673227,-0.0022383372536714627
32,0.7572857142857143,0.001052572308580003,0.0673227,-0.00248554956082488
32,0.7572857142857143,0.001104852432685884,0.0673227,-0.0027348456681246442
32,0.7572857142857143,0.0011491329384663122,0.0673227,-0.0029867116196758106
32,0.7572857142857143,0.0011840277830150103,0.0673227,-0.003241592676020818
32,0.7572857142857143,0.0012092666282220257,0.0673227,-0.0034995756821577058
32,0.7572857142857143,0.0012249958449977194,0.0673227,-0.0037606136170378114
32,0.7572857142857143,0.0012305552706647481,0.0673227,-0.0040249185551867375
32,0.7572857142857143,0.0012240659806799046,0.0673227,-0.0042930940933311925
32,0.7572857142857143,0.0012034623529102347,0.0673227,-0.004565803804025265
32,0.7572857142857143,0.001166333748076933,0.0673227,-0.004843822095152032
32,0.7572857142857143,0.0011381365968197278,0.0673227,-0.004985925753504702
32,0.7572857142857143,0.0011000041466265795,0.0673227,-0.005131221085487007
32,0.7572857142857143,0.0010475363087023449,0.0673227,-0.005281121601398542
32,0.7572857142857143,0.0009720494047527407,0.0673227,-0.005438416896922215
32,0.7572857142857143,0.0008907945589630017,0.0673227,-0.005570956031808682
32,0.7572857142857143,0.000844709592124666,0.0673227,-0.005638978812637767
32,0.7572857142857143,0.0007883472963659716,0.0673227,-0.00571030314281224
32,0.7572857142857143,0.0007494765912881056,0.0673227,-0.0057493992838717105
32,0.7572857142857143,0.0007223530320034166,0.0673227,-0.005771417158972785
32,0.7572857142857143,0.0007035577455253016,0.0673227,-0.005784107338916323
32,0.7572857142857143,0.00067056,0.0673227,-0.005801359999999999
32,0.7572857142857143,0.000598872673002711,0.0673227,-0.00581773698484253
32,0.7572857142857143,0.0005779402059635142,0.0673227,-0.005817809181157962
32,0.7572857142857143,0.0005461434995049635,0.0673227,-0.005814719197370099
32,0.7572857142857143,0.0004980489736982473,0.0673227,-0.005803560276508935
32,0.7572857142857143,0.00042619035198056347,0.0673227,-0.005773426384962983
32,0.7572857142857143,0.00037055948476363496,0.0673227,-0.005738079394501518
32,0.7572857142857143,0.00029029253738911323,0.0673227,-0.0056574284666209545
32,0.7572857142857143,0.00021670066913587356,0.0673227,-0.005548024109160238
32,0.7572857142857143,0.00014934898112231696,0.0673227,-0.005436615119645308
32,0.7572857142857143,8.784316803889898e-05,0.0673227,-0.0053233281670235855
32,0.7572857142857143,3.293300740604124e-05,0.0673227,-0.005207922388372328
32,0.7572857142857143,-6.444279931753973e-05,0.0673227,-0.004973113082320244
32,0.7572857142857143,-0.00015565459841805412,0.0673227,-0.004736323614351518
32,0.7572857142857143,-0.00024187186359767325,0.0673227,-0.004497929673048833
32,0.7572857142857143,-0.00032349487448881374,0.0673227,-0.004258059846586082
32,0.7572857142857143,-0.0004011912616724079,0.0673227,-0.0040169286085219615
32,0.7572857142857143,-0.0004756047584379018,0.0673227,-0.003774742755509264
32,0.7572857142857143,-0.0005473626686868435,0.0673227,-0.0035317038063279703
32,0.7572857142857143,-0.0006170639182871388,0.0673227,-0.0032880041634323043
32,0.7572857142857143,-0.0006851924273914105,0.0673227,-0.003043799284166825
32,0.7572857142857143,-0.0007521962702150503,0.0673227,-0.0027992331105172316
32,0.7572857142857143,-0.0008185265081348851,0.0673227,-0.002554450544082467
32,0.7572857142857143,-0.000884634202527742,0.0673227,-0.002309596486461471
32,0.7572857142857143,-0.0009508957357345501,0.0673227,-0.0020647918489222314
32,0.7572857142857143,-0.0010173439665311045,0.0673227,-0.0018200471872103679
32,0.7572857142857143,-0.0010839161645272504,0.0673227,-0.0015753423494478834
32,0.7572857142857143,-0.0011505510929135515,0.0673227,-0.001330657663563395
32,0.7572857142857143,-0.0012171845277191345,0.0673227,-0.0010859724978722887
32,0.7572857142857143,-0.0012837671807803062,0.0673227,-0.0008412710187561366
32,0.7572857142857143,-0.0013502975585163491,0.0673227,-0.0005965527464083182
32,0.7572857142857143,-0.0014167965710573146,0.0673227,-0.0003518243981215016
32,0.7572857142857143,-0.0014832776606296643,0.0673227,-0.00010709029215525724
32,0.7572857142857143,-0.001549758750202014,0.0673227,0.000137643813810988
32,0.7572857142857143,-0.0016162547755815438,0.0673227,0.00038237312171104324
32,0.7572857142857143,-0.0016827642431875352,0.0673227,0.0006270981113515274
32,0.7572857142857143,-0.0017492826722778343,0.0673227,0.0008718202221522971
32,0.7572857142857143,-0.0018158040885295687,0.0673227,0.0011165413733398273
32,0.7572857142857143,-0.0018823269983620219,0.0673227,0.0013612620447207404
32,0.7572857142857143,-0.001948845427452321,0.0673227,0.001605984155521511
32,0.7572857142857143,-0.002015360869381184,0.0673227,0.0018507072259355186
32,0.7572857142857143,-0.0020818748177293296,0.0673227,0.002095430776156146
32,0.7572857142857143,-0.0021483857789160385,0.0673227,0.0023401552859900103
32,0.7572857142857143,-0.0022148982336834657,0.0673227,0.0025848793160172566
32,0.7572857142857143,-0.002281410688450893,0.0673227,0.002829603346044501
32,0.7572857142857143,-0.0023479246367990383,0.0673227,0.0030743268962651294
32,0.7572857142857143,-0.002414438585147184,0.0673227,0.003319050446485756
32,0.7572857142857143,-0.0024809525334953285,0.0673227,0.0035637739967063825
32,0.7572857142857143,-0.002547466481843474,0.0673227,0.0038084975469270107
32,0.7572857142857143,-0.0026139804301916186,0.0673227,0.0040532210971476355
32,0.7572857142857143,-0.002680494378539764,0.0673227,0.004297944647368264
32,0.7572857142857143,-0.0027470083268879087,0.0673227,0.00454266819758889
32,0.7572857142857143,-0.002813522275236054,0.0673227,0.0047873917478095185
32,0.7572857142857143,-0.0028800362235841996,0.0673227,0.005032115298030143
32,0.7572857142857143,-0.002946550171932345,0.0673227,0.0052768388482507715
32,0.7572857142857143,-0.0030130641202804898,0.0673227,0.005521562398471396
32,0.7572857142857143,-0.0030795780686286344,0.0673227,0.005766285948692023
32,0.7572857142857143,-0.0031128357895930667,0.0673227,0.005888647483899028
32,0.7572857142857143,-0.003146093510557498,0.0673227,0.006011009019106031
32,0.7572857142857143,-0.0031793497379412113,0.0673227,0.006133371034119656
32,0.7572857142857143,-0.0032126059653249254,0.0673227,0.006255733049133278
33,0.7813714285714286,-0.0031687208157188955,0.06946392,0.006164475783282217
33,0.7813714285714286,-0.00309915628419825,0.06946392,0.006059168088831931
33,0.7813714285714286,-0.0030296652640957426,0.06946392,0.005953837489397884
33,0.7813714285714286,-0.0029603325762784546,0.06946392,0.005848457556152657
33,0.7813714285714286,-0.0028912388005701145,0.06946392,0.005743003181710203
33,0.7813714285714286,-0.0027540705132395368,0.06946392,0.005531776846415819
33,0.7813714285714286,-0.002618443138327617,0.06946392,0.005320070387423344
33,0.7813714285714286,-0.0024842973012273962,0.06946392,0.005107902304911964
33,0.7813714285714286,-0.0023515693862885636,0.06946392,0.0048952924205022475
33,0.7813714285714286,-0.0022202791850467712,0.06946392,0.0046822345674677945
33,0.7813714285714286,-0.002090477590022269,0.06946392,0.004468712888512157
33,0.7813714285714286,-0.00196221266637307,0.06946392,0.0042547124072997945
33,0.7813714285714286,-0.0018355282382138335,0.06946392,0.004040219468936543
33,0.7813714285714286,-0.001710463888615863,0.06946392,0.0038252217399696075
33,0.7813714285714286,-0.0015870408227959304,0.06946392,0.0036097126131921327
33,0.7813714285714286,-0.00146527741860857,0.06946392,0.003393686362358179
33,0.7813714285714286,-0.0013451906402271977,0.06946392,0.0031771377017022597
33,0.7813714285714286,-0.001226791797100758,0.06946392,0.002960063107380724
33,0.7813714285714286,-0.0011101119902138482,0.06946392,0.0027424528888235168
33,0.7813714285714286,-0.0009952855192726802,0.06946392,0.002524265200387223
33,0.7813714285714286,-0.0008824763712869477,0.06946392,0.0023054489463388396
33,0.7813714285714286,-0.0007718485332663407,0.06946392,0.0020859530309453546
33,0.7813714285714286,-0.0006635603374960807,0.06946392,0.0018657281203955899
33,0.7813714285714286,-0.0005577602204935605,0.06946392,0.001644727964241561
33,0.7813714285714286,-0.00045448917901120357,0.06946392,0.0014229397885500202
33,0.7813714285714286,-0.0003537585224979533,0.06946392,0.0012003600694773077
33,0.7813714285714286,-0.0002555710783160463,0.06946392,0.0009769879260625109
33,0.7813714285714286,-0.00015993674223330868,0.06946392,0.0007528202749424329
33,0.7813714285714286,-6.688520155321941e-05,0.06946392,0.0005278478660274743
33,0.7813714285714286,2.341672935229352e-05,0.06946392,0.0003020187226237163
33,0.7813714285714286,0.00011074003414210913,0.06946392,7.526148689712686e-05
33,0.7813714285714286,0.0001948599375184591,0.06946392,-0.00015249387754494997
33,0.7813714285714286,0.0002755488368213406,0.06946392,-0.00038131828805608534
33,0.7813714285714286,0.0003526257808676452,0.06946392,-0.0006112681261347735
33,0.7813714285714286,0.00042624486089923877,0.06946392,-0.0008422953794112028
33,0.7813714285714286,0.0004966958815453176,0.06946392,-0.0010743097493916944
33,0.7813714285714286,0.0005642700611161974,0.06946392,-0.0013072204971021151
33,0.7813714285714286,0.0006292557905599567,0.06946392,-0.001540937764529242
33,0.7813714285714286,0.0006917887832639273,0.06946392,-0.0017754192655492075
33,0.7813714285714286,0.0007509459054580326,0.06946392,-0.002010952633900411
33,0.7813714285714286,0.0008053587138200154,0.06946392,-0.002247964254665196
33,0.7813714285714286,0.0008536319050863764,0.06946392,-0.0024868888820545896
33,0.7813714285714286,0.0008943334202845472,0.06946392,-0.0027281727227714994
33,0.7813714285714286,0.0009261513633369921,0.06946392,-0.002972224542679991
33,0.7813714285714286,0.0009488298579613467,0.06946392,-0.0032191240687427752
33,0.7813714285714286,0.0009625074449071788,0.06946392,-0.00346882813387507
33,0.7813714285714286,0.000966559277120317,0.06946392,-0.003721531430438854
33,0.7813714285714286,0.0009592069437542748,0.06946392,-0.003977788082848993
33,0.7813714285714286,0.0009384953238228107,0.06946392,-0.004238207275577471
33,0.7813714285714286,0.0009021427360014181,0.06946392,-0.004503499944081835
33,0.7813714285714286,0.0008748489057199612,0.06946392,-0.004638987157041226
33,0.7813714285714286,0.0008381512686413421,0.06946392,-0.004777404446000363
33,0.7813714285714286,0.0007878851201918321,0.06946392,-0.004920049466385472
33,0.7813714285714286,0.0007158313183511815,0.06946392,-0.0050694831715733584
33,0.7813714285714286,0.0006384391516597254,0.06946392,-0.0051951836477074995
33,0.7813714285714286,0.0005945774775087011,0.06946392,-0.005259643401364328
33,0.7813714285714286,0.0005409882635844845,0.06946392,-0.005327134101045548
33,0.7813714285714286,0.0005040759408606065,0.06946392,-0.005364031969516672
33,0.7813714285714286,0.00047834285594358737,0.06946392,-0.005384748276904472
33,0.7813714285714286,0.00046052277484748646,0.06946392,-0.005396649874119586
33,0.7813714285714286,0.00042925999999999994,0.06946392,-0.00541274
33,0.7813714285714286,0.00036143786528448067,0.06946392,-0.005427523149348416
33,0.7813714285714286,0.0003416554423219941,0.06946392,-0.005427337891808173
33,0.7813714285714286,0.0003116202208136885,0.06946392,-0.005423998097967271
33,0.7813714285714286,0.0002662195467589164,0.06946392,-0.005412747644583518
33,0.7813714285714286,0.0001984470640621468,0.06946392,-0.0053830713111720175
33,0.7813714285714286,0.00014603422671281705,0.06946392,-0.005348609157595568
33,0.7813714285714286,7.054526257559986e-05,0.06946392,-0.005270543999999687
33,0.7813714285714286,1.495310981918939e-06,0.06946392,-0.005165075970663066
33,0.7813714285714286,-6.164828090061584e-05,0.06946392,-0.005057767613977237
33,0.7813714285714286,-0.00011925872488716545,0.06946392,-0.0049487352167828375
33,0.7813714285714286,-0.00017062635305647658,0.06946392,-0.004837757657890471
33,0.7813714285714286,-0.00026158281831963943,0.06946392,-0.004612132456938288
33,0.7813714285714286,-0.0003467050216086757,0.06946392,-0.004384689393140202
33,0.7813714285714286,-0.0004270998752390061,0.06946392,-0.004155773362694016
33,0.7813714285714286,-0.000503146245750264,0.06946392,-0.0039255024143622
33,0.7813714285714286,-0.0005754760486022105,0.06946392,-0.0036940734429090167
33,0.7813714285714286,-0.000644698580356718,0.06946392,-0.0034616762954114205
33,0.7813714285714286,-0.0007114075870833609,0.06946392,-0.0032284959736613356
33,0.7813714285714286,-0.0007761699549104707,0.06946392,-0.0029947091103220075
33,0.7813714285714286,-0.0008394437165202911,0.06946392,-0.002760458421061493
33,0.7813714285714286,-0.0009016529762482317,0.06946392,-0.002525876050016882
33,0.7813714285714286,-0.0009632246657919391,0.06946392,-0.002291095022286178
33,0.7813714285714286,-0.001024585716849059,0.06946392,-0.002056248362967387
33,0.7813714285714286,-0.0010860923770613369,0.06946392,-0.0018214470731356632
33,0.7813714285714286,-0.001147775747413369,0.06946392,-0.0015867008433610606
33,0.7813714285714286,-0.0012095764532981976,0.06946392,-0.0013519911734643864
33,0.7813714285714286,-0.001271436533789984,0.06946392,-0.0011173000037469046
33,0.7813714285714286,-0.0013332952006006522,0.06946392,-0.0008826083935489651
33,0.7813714285714286,-0.001395105802253307,0.06946392,-0.0006479018070154902
33,0.7813714285714286,-0.0014568669250668307,0.06946392,-0.00041317980366601965
33,0.7813714285714286,-0.001518598360576876,0.06946392,-0.00017844855022695373
33,0.7813714285714286,-0.0015803128319135046,0.06946392,5.628798897759548e-05
33,0.7813714285714286,-0.0016420273032501332,0.06946392,0.00029102452818214556
33,0.7813714285714286,-0.0017037559113979423,0.06946392,0.0005257566625821242
33,0.7813714285714286,-0.001765497242675814,0.06946392,0.0007604848326579925
33,0.7813714285714286,-0.0018272470560403934,0.06946392,0.0009952103598511175
33,0.7813714285714286,-0.0018889996967672087,0.06946392,0.0012299350060833289
33,0.7813714285714286,-0.0019507537511751424,0.06946392,0.0014646592118350834
33,0.7813714285714286,-0.0020125035645397224,0.06946392,0.0016993847390282084
33,0.7813714285714286,-0.0020742505505420656,0.06946392,0.0019341111471822478
33,0.7813714285714286,-0.002135996122863291,0.06946392,0.002168837995816744
33,0.7813714285714286,-0.0021977388678222805,0.06946392,0.0024035657254121547
33,0.7813714285714286,-0.0022594830264623875,0.06946392,0.0026382930145271077
33,0.7813714285714286,-0.0023212271851024953,0.06946392,0.002873020303642059
33,0.7813714285714286,-0.0023829727574237207,0.06946392,0.003107747152276558
33,0.7813714285714286,-0.002444718329744946,0.06946392,0.003342474000911053
33,0.7813714285714286,-0.0025064639020661718,0.06946392,0.0035772008495455502
33,0.7813714285714286,-0.002568209474387397,0.06946392,0.0038119276981800456
33,0.7813714285714286,-0.0026299550467086224,0.06946392,0.004046654546814543
33,0.7813714285714286,-0.0026917006190298478,0.06946392,0.004281381395449038
33,0.7813714285714286,-0.002753446191351073,0.06946392,0.004516108244083533
33,0.7813714285714286,-0.002815191763672299,0.06946392,0.00475083509271803
33,0.7813714285714286,-0.0028769373359935242,0.06946392,0.004985561941352526
33,0.7813714285714286,-0.00293868290831475,0.06946392,0.005220288789987025
33,0.7813714285714286,-0.003000428480635975,0.06946392,0.005455015638621518
33,0.7813714285714286,-0.0030621740529572002,0.06946392,0.005689742487256015
33,0.7813714285714286,-0.003093047545958372,0.06946392,0.005807105691333035
33,0.7813714285714286,-0.003123921038959544,0.06946392,0.005924468895410055
33,0.7813714285714286,-0.003154793118279598,0.06946392,0.00604183253996753
33,0.7813714285714286,-0.0031856651975996513,0.06946392,0.0061591961845250095
34,0.8054571428571429,-0.0031333537653183575,0.07160514,0.006054836275698333
34,0.8054571428571429,-0.0030685453324084417,0.07160514,0.005954094239056153
34,0.8054571428571429,-0.003003805945193965,0.07160514,0.005853331321965282
34,0.8054571428571429,-0.0029392152717850504,0.07160514,0.0057525234316003
34,0.8054571428571429,-0.0028748489968863124,0.07160514,0.005651647679777069
34,0.8054571428571429,-0.0027470737922121375,0.07160514,0.0054496066606785284
34,0.8054571428571429,-0.002620745891538515,0.07160514,0.00524712795525162
34,0.8054571428571429,-0.00249580952718836,0.07160514,0.0050442284284741255
34,0.8054571428571429,-0.0023722049480790785,0.07160514,0.004840926149965107
34,0.8054571428571429,-0.0022499507434363686,0.07160514,0.004637215498065306
34,0.8054571428571429,-0.0021290947141263017,0.07160514,0.004433082017079469
34,0.8054571428571429,-0.0020096820054112813,0.07160514,0.004228512054406528
34,0.8054571428571429,-0.0018917537791482023,0.07160514,0.004023493162086687
34,0.8054571428571429,-0.0017753472137884572,0.07160514,0.0038180140968014174
34,0.8054571428571429,-0.001660482226359575,0.07160514,0.003612068835344368
34,0.8054571428571429,-0.001547176078285416,0.07160514,0.0034056521576033612
34,0.8054571428571429,-0.0014354447031880047,0.07160514,0.003198759245013316
34,0.8054571428571429,-0.0013252987234820236,0.07160514,0.002991386885197513
34,0.8054571428571429,-0.0012167673508078523,0.07160514,0.002783526244119966
34,0.8054571428571429,-0.0011099767263398487,0.07160514,0.0025751391748070956
34,0.8054571428571429,-0.0010050808750909168,0.07160514,0.002366179097796438
34,0.8054571428571429,-0.0009022338220739589,0.07160514,0.002156599433625522
34,0.8054571428571429,-0.0008015842810945373,0.07160514,0.0019463552090202415
34,0.8054571428571429,-0.0007032716713453646,0.07160514,0.0017354042615361168
34,0.8054571428571429,-0.0006073344990796673,0.07160514,0.0015237349463075346
34,0.8054571428571429,-0.0005137833867121279,0.07160514,0.0013113440509577709
34,0.8054571428571429,-0.00042262098984641736,0.07160514,0.0010982307723926433
34,0.8054571428571429,-0.0003338566030953831,0.07160514,0.0008843922997825229
34,0.8054571428571429,-0.0002475181102975679,0.07160514,0.0006698202006385125
34,0.8054571428571429,-0.000163762192069545,0.07160514,0.00045446709240396475
34,0.8054571428571429,-8.280395230864473e-05,0.07160514,0.00023826792445025627
34,0.8054571428571429,-4.85451150669108e-06,0.07160514,2.1158850790038534e-05
34,0.8054571428571429,6.987235424082253e-05,0.07160514,-0.00019692477765821843
34,0.8054571428571429,0.0001412066862989682,0.07160514,-0.00041603435892206917
34,0.8054571428571429,0.00020929321506780202,0.07160514,-0.0006361261243686741
34,0.8054571428571429,0.00027440413992357317,0.07160514,-0.0008571177568445299
34,0.8054571428571429,0.0003368129880443689,0.07160514,-0.001078926537649049
34,0.8054571428571429,0.00039679063100460377,0.07160514,-0.0013014705511758184
34,0.8054571428571429,0.0004544645377804738,0.07160514,-0.001524711248904173
34,0.8054571428571429,0.0005089676537734825,0.07160514,-0.0017489108410840486
34,0.8054571428571429,0.0005590146668069932,0.07160514,-0.0019744580252988066
34,0.8054571428571429,0.0006032950364694965,0.07160514,-0.0022017491285265265
34,0.8054571428571429,0.0006404636995017633,0.07160514,-0.0024311909179696323
34,0.8054571428571429,0.0006692884558005717,0.07160514,-0.002663156029327878
34,0.8054571428571429,0.0006895289732337197,0.07160514,-0.002897717142624597
34,0.8054571428571429,0.0007013153763810735,0.07160514,-0.003134834906244947
34,0.8054571428571429,0.0007040607768313998,0.07160514,-0.0033746868040028183
34,0.8054571428571429,0.0006960947998758051,0.07160514,-0.0036177779821377465
34,0.8054571428571429,0.0006755810955759732,0.07160514,-0.00386466378027555
34,0.8054571428571429,0.0006403765917696192,0.07160514,-0.004115992295419893
34,0.8054571428571429,0.0006142106819292301,0.07160514,-0.00424424633095064
34,0.8054571428571429,0.0005792122342799667,0.07160514,-0.00437517145772574
34,0.8054571428571429,0.0005314695446148319,0.07160514,-0.004509950633473071
34,0.8054571428571429,0.00046326277306299045,0.07160514,-0.0046509184529753556
34,0.8054571428571429,0.00039014796418141286,0.07160514,-0.004769302321427994
34,0.8054571428571429,0.0003487387718341859,0.07160514,-0.004829961508722091
34,0.8054571428571429,0.000298192975057785,0.07160514,-0.004893383741544208
34,0.8054571428571429,0.0002634169989338489,0.07160514,-0.004927968730480195
34,0.8054571428571429,0.00023919415092431902,0.07160514,-0.004947328188595257
34,0.8054571428571429,0.00022243010928842127,0.07160514,-0.004958414938657028
34,0.8054571428571429,0.00019303999999999998,0.07160514,-0.00497332
34,0.8054571428571429,0.00012936447864741037,0.07160514,-0.004986559374212742
34,0.8054571428571429,0.00011081031926432895,0.07160514,-0.0049861533752045654
34,0.8054571428571429,8.26527126703884e-05,0.07160514,-0.004982634548252827
34,0.8054571428571429,4.011609912813103e-05,0.07160514,-0.0049714300401938125
34,0.8054571428571429,-2.3327236058223196e-05,0.07160514,-0.0049424798219755905
34,0.8054571428571429,-7.234400430329365e-05,0.07160514,-0.004909166794621787
34,0.8054571428571429,-0.00014282299710585762,0.07160514,-0.004834207834697286
34,0.8054571428571429,-0.00020714811014769898,0.07160514,-0.0047333196349142554
34,0.8054571428571429,-0.00026592566712136875,0.07160514,-0.004630753771388154
34,0.8054571428571429,-0.0003195062077114044,0.07160514,-0.00452661625255081
34,0.8054571428571429,-0.0003672231753964507,0.07160514,-0.0044207055017629155
34,0.8054571428571429,-0.00045159386587424917,0.07160514,-0.004205538309831154
34,0.8054571428571429,-0.0005304847181774797,0.07160514,-0.003988713933057924
34,0.8054571428571429,-0.0006049354011432365,0.07160514,-0.003770546782814894
34,0.8054571428571429,-0.0006753017656633985,0.07160514,-0.0035511444737222515
34,0.8054571428571429,-0.0007421773391583753,0.07160514,-0.003330686497329338
34,0.8054571428571429,-0.0008061344042192111,0.07160514,-0.003109345920432053
34,0.8054571428571429,-0.000867730637616761,0.07160514,-0.0028872913928082995
34,0.8054571428571429,-0.0009274984878870076,0.07160514,-0.002664683934841271
34,0.8054571428571429,-0.000985868162824611,0.07160514,-0.0024416536477882074
34,0.8054571428571429,-0.0010432380029801816,0.07160514,-0.0022183209957761852
34,0.8054571428571429,-0.0011000090045080004,0.07160514,-0.001994807246026459
34,0.8054571428571429,-0.0011565821635623496,0.07160514,-0.001771233665760286
34,0.8054571428571429,-0.0012132920862057415,0.07160514,-0.0015477014448444086
34,0.8054571428571429,-0.001270167984078555,0.07160514,-0.0013242194173148118
34,0.8054571428571429,-0.0013271540895037034,0.07160514,-0.0011007707181937081
34,0.8054571428571429,-0.0013841959626059378,0.07160514,-0.0008773388840503929
34,0.8054571428571429,-0.0014412365079063368,0.07160514,-0.0006539066483599873
34,0.8054571428571429,-0.001498231907944333,0.07160514,-0.0004304607600685139
34,0.8054571428571429,-0.0015551808349180915,0.07160514,-0.00020700081762888185
34,0.8054571428571429,-0.0016121018780533073,0.07160514,1.6467557299645712e-05
34,0.8054571428571429,-0.0016690069875664986,0.07160514,0.0002399407507932558
34,0.8054571428571429,-0.00172591209707969,0.07160514,0.0004634139442868668
34,0.8054571428571429,-0.001782830484611235,0.07160514,0.000686883122309574
34,0.8054571428571429,-0.0018397608223592982,0.07160514,0.00091034868640847
34,0.8054571428571429,-0.0018966991269183736,0.07160514,0.0011338118412248244
34,0.8054571428571429,-0.00195364008708112,0.07160514,0.0013572741929469972
34,0.8054571428571429,-0.002010582375045702,0.07160514,0.0015807361431220811
34,0.8054571428571429,-0.002067520679604777,0.07160514,0.0018041992979384355
34,0.8054571428571429,-0.002124456328560182,0.07160514,0.0020276632558489703
34,0.8054571428571429,-0.0021813906497137516,0.07160514,0.002251127615306595
34,0.8054571428571429,-0.0022383223152636503,0.07160514,0.002474592777858402
34,0.8054571428571429,-0.0022952553086153836,0.07160514,0.002698057538863116
34,0.8054571428571429,-0.002352188301967118,0.07160514,0.0029215222998678295
34,0.8054571428571429,-0.0024091226231206875,0.07160514,0.003144986659325456
34,0.8054571428571429,-0.002466056944274257,0.07160514,0.0033684510187830807
34,0.8054571428571429,-0.0025229912654278265,0.07160514,0.0035919153782407055
34,0.8054571428571429,-0.0025799255865813957,0.07160514,0.003815379737698332
34,0.8054571428571429,-0.0026368599077349654,0.07160514,0.004038844097155957
34,0.8054571428571429,-0.0026937942288885342,0.07160514,0.004262308456613581
34,0.8054571428571429,-0.002750728550042104,0.07160514,0.004485772816071206
34,0.8054571428571429,-0.002807662871195673,0.07160514,0.004709237175528831
34,0.8054571428571429,-0.002864597192349243,0.07160514,0.004932701534986457
34,0.8054571428571429,-0.002921531513502812,0.07160514,0.005156165894444082
34,0.8054571428571429,-0.0029784658346563814,0.07160514,0.005379630253901705
34,0.8054571428571429,-0.003035400155809951,0.07160514,0.0056030946133593315
34,0.8054571428571429,-0.0030638679802876536,0.07160514,0.005714826592314598
34,0.8054571428571429,-0.003092335804765356,0.07160514,0.0058265585712698655
34,0.8054571428571429,-0.0031208023014412225,0.07160514,0.005938290951772222
34,0.8054571428571429,-0.00314926879811709,0.07160514,0.006050023332274581
35,0.8295428571428571,-0.00309075751892221,0.07374636,0.0059302779140919
35,0.8295428571428571,-0.0030308717231735745,0.07374636,0.005834773721898292
35,0.8295428571428571,-0.002971050245511034,0.07374636,0.005739250640962693
35,0.8295428571428571,-0.002911367299110852,0.07374636,0.005643686876582809
35,0.8295428571428571,-0.0028518933864904784,0.07374636,0.005548061723791455
35,0.8295428571428571,-0.002733837356251161,0.07374636,0.005356549518536144
35,0.8295428571428571,-0.002617129532047294,0.07374636,0.005164641376189106
35,0.8295428571428571,-0.0025017179646554927,0.07374636,0.004972352553041949
35,0.8295428571428571,-0.002387546994193559,0.07374636,0.004779699395121393
35,0.8295428571428571,-0.0022746339370692883,0.07374636,0.004586676816996906
35,0.8295428571428571,-0.0021630233211884387,0.07374636,0.004393271741847106
35,0.8295428571428571,-0.002052757200684226,0.07374636,0.004199471819340698
35,0.8295428571428571,-0.0019438739190310518,0.07374636,0.004005265788881488
35,0.8295428571428571,-0.001836408109044507,0.07374636,0.0038106434796084067
35,0.8295428571428571,-0.001730378324018657,0.07374636,0.0036155994428458795
35,0.8295428571428571,-0.0016258006434750256,0.07374636,0.0034201289564084096
35,0.8295428571428571,-0.0015226899100488657,0.07374636,0.0032242276613555377
35,0.8295428571428571,-0.0014210560188303444,0.07374636,0.003027892651726957
35,0.8295428571428571,-0.0013209261813174268,0.07374636,0.002831115936131826
35,0.8295428571428571,-0.0012224179017058618,0.07374636,0.0026338630062915074
35,0.8295428571428571,-0.0011256746588030923,0.07374636,0.0024360917257815595
35,0.8295428571428571,-0.0010308399314165602,0.07374636,0.002237759958177543
35,0.8295428571428571,-0.0009380522508086245,0.07374636,0.0020388270200351697
35,0.8295428571428571,-0.0008474414900377455,0.07374636,0.0018392547706254196
35,0.8295428571428571,-0.0007590435188057835,0.07374636,0.0016390326758421846
35,0.8295428571428571,-0.0006728682322029074,0.07374636,0.0014381578297251556
35,0.8295428571428571,-0.000588918104001659,0.07374636,0.0012366295057842577
35,0.8295428571428571,-0.0005072017924059359,0.07374636,0.0010344451613042219
35,0.8295428571428571,-0.00042774527202742987,0.07374636,0.0008315971681392455
35,0.8295428571428571,-0.0003506944954461259,0.07374636,0.0006280426633748105
35,0.8295428571428571,-0.0002762498382379347,0.07374636,0.0004237228013147156
35,0.8295428571428571,-0.00020460796531995406,0.07374636,0.0002185798259978734
35,0.8295428571428571,-0.00013596801538182362,0.07374636,1.2555254973122508e-05
35,0.8295428571428571,-7.048830986623863e-05,0.07374636,-0.00019439740712444073
35,0.8295428571428571,-8.034028169653979e-06,0.07374636,-0.00040223856658564046
35,0.8295428571428571,5.1648391393496874e-05,0.07374636,-0.0006108937581776309
35,0.8295428571428571,0.00010881374739505072,0.07374636,-0.0008202881534225249
35,0.8295428571428571,0.0001637143646343028,0.07374636,-0.0010303476503325136
35,0.8295428571428571,0.00021646898419327488,0.07374636,-0.0012410373773839205
35,0.8295428571428571,0.00026626991933696774,0.07374636,-0.0014525945335867453
35,0.8295428571428571,0.0003119198641550004,0.07374636,-0.0016653707401380448
35,0.8295428571428571,0.0003521980118978412,0.07374636,-0.0018797245198906025
35,0.8295428571428571,0.0003858513967729117,0.07374636,-0.0020960238400681984
35,0.8295428571428571,0.00041173218832067323,0.07374636,-0.002314605792066358
35,0.8295428571428571,0.0004296165101260647,0.07374636,-0.002535536123237011
35,0.8295428571428571,0.0004396255770436492,0.07374636,-0.002758779235566405
35,0.8295428571428571,0.0004412126853416206,0.07374636,-0.0029844956833614614
35,0.8295428571428571,0.0004328218320909922,0.07374636,-0.003213142428880338
35,0.8295428571428571,0.0004127424035788946,0.07374636,-0.0034452218400109792
35,0.8295428571428571,0.00037897806536384506,0.07374636,-0.0036813201942451725
35,0.8295428571428571,0.0003541185982511517,0.07374636,-0.0038017121202366683
35,0.8295428571428571,0.0003210313636634008,0.07374636,-0.003924520352222816
35,0.8295428571428571,0.00027607249464606476,0.07374636,-0.0040508150100863945
35,0.8295428571428571,0.00021205073441923005,0.07374636,-0.004182708000479974
35,0.8295428571428571,0.00014355402503112488,0.07374636,-0.004293296925979637
35,0.8295428571428571,0.00010478608790263761,0.07374636,-0.004349918686099351
35,0.8295428571428571,5.7507136343021356e-05,0.07374636,-0.004409039935327483
35,0.8295428571428571,2.5015265521273083e-05,0.07374636,-0.004441200304680533
35,0.8295428571428571,2.402458030143688e-06,0.07374636,-0.0044591502931916145
35,0.8295428571428571,-1.323799520919749e-05,0.07374636,-0.0044693980980612955
35,0.8295428571428571,-4.064e-05,0.07374636,-0.004483099999999999
35,0.8295428571428571,-9.993135394743759e-05,0.07374636,-0.0044948579427944784
35,0.8295428571428571,-0.00011719083863188649,0.07374636,-0.00449427209269806
35,0.8295428571428571,-0.00014337195764760308,0.07374636,-0.004490651757702164
35,0.8295428571428571,-0.0001828990268442992,0.07374636,-0.00447964169394812
35,0.8295428571428571,-0.00024180428788220666,0.07374636,-0.004451704304766419
35,0.8295428571428571,-0.00028727077958510226,0.07374636,-0.004419820258243784
35,0.8295428571428571,-0.00035253589909396157,0.07374636,-0.004348514104164086
35,0.8295428571428571,-0.0004119714682399327,0.07374636,-0.004252877690776544
35,0.8295428571428571,-0.00046623932654543633,0.07374636,-0.004155723639619061
35,0.8295428571428571,-0.0005156660119860309,0.07374636,-0.004057147847381742
35,0.8295428571428571,-0.0005596306076536469,0.07374636,-0.003956967965055369
35,0.8295428571428571,-0.0006372540625784493,0.07374636,-0.003753581642743659
35,0.8295428571428571,-0.0007097728878626081,0.07374636,-0.003548696208158959
35,0.8295428571428571,-0.000778155565456359,0.07374636,-0.003342596082166244
35,0.8295428571428571,-0.0008427335808803452,0.07374636,-0.003135378614435774
35,0.8295428571428571,-0.0009040598222977278,0.07374636,-0.0029272061754996603
35,0.8295428571428571,-0.0009626673876913317,0.07374636,-0.0027182353239694032
35,0.8295428571428571,-0.0010190757692949998,0.07374636,-0.0025086186227610803
35,0.8295428571428571,-0.0010737809585034254,0.07374636,-0.002298501733135044
35,0.8295428571428571,-0.0011271837064684301,0.07374636,-0.002088002346483696
35,0.8295428571428571,-0.0011796550790713306,0.07374636,-0.001877229436318522
35,0.8295428571428571,-0.0012315686159659852,0.07374636,-0.0016662927026410822
35,0.8295428571428571,-0.0012832978568062525,0.07374636,-0.0014553018454529394
35,0.8295428571428571,-0.0013351544969324386,0.07374636,-0.0012443484025037393
35,0.8295428571428571,-0.0013871657478425068,0.07374636,-0.0010334403651843238
35,0.8295428571428571,-0.0014392796603130724,0.07374636,-0.0008225624772030867
35,0.8295428571428571,-0.001491445522007022,0.07374636,-0.0006116998455134568
35,0.8295428571428571,-0.0015436101468147008,0.07374636,-0.0004008368505787887
35,0.8295428571428571,-0.0015957327174891637,0.07374636,-0.00018996150531282
35,0.8295428571428571,-0.0016478119971441395,0.07374636,2.092655352948971e-05
35,0.8295428571428571,-0.0016998653021874234,0.07374636,0.00023182224051760368
35,0.8295428571428571,-0.0017519037645954544,0.07374636,0.00044272228644617623
35,0.8295428571428571,-0.0018039422270034857,0.07374636,0.0006536223323747488
35,0.8295428571428571,-0.0018559930582742275,0.07374636,0.0008645187458529392
35,0.8295428571428571,-0.0019080550215214087,0.07374636,0.0010754118901257848
35,0.8295428571428571,-0.0019601244060862165,0.07374636,0.0012863028549284002
35,0.8295428571428571,-0.002012196264423566,0.07374636,0.0014971930932409392
35,0.8295428571428571,-0.0020642693596471867,0.07374636,0.00170808296830844
35,0.8295428571428571,-0.0021163387442119943,0.07374636,0.0019189739331110563
35,0.8295428571428571,-0.0021684056550042596,0.07374636,0.002129865624403748
35,0.8295428571428571,-0.002220471328910254,0.07374636,0.002340757678941479
35,0.8295428571428571,-0.0022725345290437065,0.07374636,0.0025516504599692865
35,0.8295428571428571,-0.0023245989660634295,0.07374636,0.002762542877752055
35,0.8295428571428571,-0.002376663403083153,0.07374636,0.002973435295534823
35,0.8295428571428571,-0.0024287290769891474,0.07374636,0.0031843273500725532
35,0.8295428571428571,-0.0024807947508951418,0.07374636,0.003395219404610285
35,0.8295428571428571,-0.002532860424801136,0.07374636,0.003606111459148016
35,0.8295428571428571,-0.0025849260987071306,0.07374636,0.003817003513685747
35,0.8295428571428571,-0.002636991772613125,0.07374636,0.004027895568223476
35,0.8295428571428571,-0.002689057446519119,0.07374636,0.004238787622761205
35,0.8295428571428571,-0.0027411231204251133,0.07374636,0.004449679677298938
35,0.8295428571428571,-0.0027931887943311077,0.07374636,0.004660571731836667
35,0.8295428571428571,-0.0028452544682371025,0.07374636,0.0048714637863744
35,0.8295428571428571,-0.0028973201421430964,0.07374636,0.005082355840912129
35,0.8295428571428571,-0.002949385816049091,0.07374636,0.00529324789544986
35,0.8295428571428571,-0.003001451489955085,0.07374636,0.005504139949987589
35,0.8295428571428571,-0.003027484945351218,0.07374636,0.005609585795633937
35,0.8295428571428571,-0.00305351840074735,0.07374636,0.00571503164128028
35,0.8295428571428571,-0.0030795506192572123,0.07374636,0.0058204778501716676
35,0.8295428571428571,-0.003105582837767074,0.07374636,0.005925924059063051
36,0.8536571428571428,-0.00304060747812414,0.07589011999999999,0.005791014542808992
36,0.8536571428571428,-0.002985856219902219,0.07589011999999999,0.005701430297362466
36,0.8536571428571428,-0.0029311641980857978,0.07589011999999999,0.005611829151264254
36,0.8536571428571428,-0.0028765997623735307,0.07589011999999999,0.005522191603762413
36,0.8536571428571428,-0.002822227844979139,0.07589011999999999,0.005432499129142594
36,0.8536571428571428,-0.002714305345735845,0.07589011999999999,0.005252879845867089
36,0.8536571428571428,-0.0026076245326847637,0.07589011999999999,0.005072906298931261
36,0.8536571428571428,-0.0025021375610368357,0.07589011999999999,0.004892592138861468
36,0.8536571428571428,-0.0023977931685180715,0.07589011999999999,0.004711951991221667
36,0.8536571428571428,-0.00229460730339149,0.07589011999999999,0.004530981305836406
36,0.8536571428571428,-0.002192620975476284,0.07589011999999999,0.00434966838225452
36,0.8536571428571428,-0.002091872916268357,0.07589011999999999,0.004168002170049903
36,0.8536571428571428,-0.0019923984397786803,0.07589011999999999,0.003985972593834055
36,0.8536571428571428,-0.001894229442533292,0.07589011999999999,0.003803570553256065
36,0.8536571428571428,-0.0017973830119568555,0.07589011999999999,0.0036207911731279494
36,0.8536571428571428,-0.0017018739571507465,0.07589011999999999,0.0034376302282867833
36,0.8536571428571428,-0.0016077159480546955,0.07589011999999999,0.003254083818582181
36,0.8536571428571428,-0.0015149180979618564,0.07589011999999999,0.003070149343913882
36,0.8536571428571428,-0.0014235054684284024,0.07589011999999999,0.002885819654006177
36,0.8536571428571428,-0.0013335862798105347,0.07589011999999999,0.002701063872668481
36,0.8536571428571428,-0.0012452926748589845,0.07589011999999999,0.0025158442984470368
36,0.8536571428571428,-0.0011587567963244826,0.07589011999999999,0.0023301232298880868
36,0.8536571428571428,-0.001074106230311183,0.07589011999999999,0.0021438642655879983
36,0.8536571428571428,-0.00099146058879173,0.07589011999999999,0.0019570332792308714
36,0.8536571428571428,-0.0009108529074538061,0.07589011999999999,0.001769620845453265
36,0.8536571428571428,-0.0008322922995905653,0.07589011999999999,0.0015816243641549182
36,0.8536571428571428,-0.0007557810435252959,0.07589011999999999,0.0013930431853107685
36,0.8536571428571428,-0.0006813271133895074,0.07589011999999999,0.0012038750338330875
36,0.8536571428571428,-0.0006089544315777292,0.07589011999999999,0.0010141130844586958
36,0.8536571428571428,-0.0005387974191639801,0.07589011999999999,0.0008237189857087683
36,0.8536571428571428,-0.00047104062033462556,0.07589011999999999,0.0006326400855530554
36,0.8536571428571428,-0.0004058651617910982,0.07589011999999999,0.0004408247069989041
36,0.8536571428571428,-0.0003434544485581195,0.07589011999999999,0.0002482205230285948
36,0.8536571428571428,-0.00028395429332615086,0.07589011999999999,5.478593203798142e-05
36,0.8536571428571428,-0.00022724052747597102,0.07589011999999999,-0.00013944363960690558
36,0.8536571428571428,-0.00017307962287051285,0.07589011999999999,-0.00033440156433691944
36,0.8536571428571428,-0.00012123691221106481,0.07589011999999999,-0.0005300208895703869
36,0.8536571428571428,-7.148000652220347e-05,0.07589011999999999,-0.0007262353127506951
36,0.8536571428571428,-2.3699546286082794e-05,0.07589011999999999,-0.0009230136326747324
36,0.8536571428571428,2.136059594361417e-05,0.07589011999999999,-0.0011205680825261632
36,0.8536571428571428,6.259771169527239e-05,0.07589011999999999,-0.0013192132744363583
36,0.8536571428571428,9.888744842603559e-05,0.07589011999999999,-0.0015192699957748057
36,0.8536571428571428,0.00012907583539029755,0.07589011999999999,-0.0017210674842368361
36,0.8536571428571428,0.00015210573058221233,0.07589011999999999,-0.0019249073514525242
36,0.8536571428571428,0.00016777094574417425,0.07589011999999999,-0.0021308484246902364
36,0.8536571428571428,0.00017618311871731734,0.07589011999999999,-0.0023388588527217973
36,0.8536571428571428,0.00017683874005489228,0.07589011999999999,-0.0025490822910865314
36,0.8536571428571428,0.0001683047444084558,0.07589011999999999,-0.002761927605550209
36,0.8536571428571428,0.0001490056712240371,0.07589011999999999,-0.0029778442884451513
36,0.8536571428571428,0.00011710291360784699,0.07589011999999999,-0.0031973569099986673
36,0.8536571428571428,9.380451177528449e-05,0.07589011999999999,-0.003309209389103197
36,0.8536571428571428,6.292840668529776e-05,0.07589011999999999,-0.003423223851573312
36,0.8536571428571428,2.1118628133982365e-05,0.07589011999999999,-0.003540357784329488
36,0.8536571428571428,-3.8247909678220434e-05,0.07589011999999999,-0.0036625008102351524
36,0.8536571428571428,-0.00010165522809788905,0.07589011999999999,-0.0037647556560374378
36,0.8536571428571428,-0.00013752138395574322,0.07589011999999999,-0.0038170706747320026
36,0.8536571428571428,-0.00018122611108755058,0.07589011999999999,-0.0038716221046620745
36,0.8536571428571428,-0.00021123145454121517,0.07589011999999999,-0.0039012239343215616
36,0.8536571428571428,-0.00023209796083172626,0.07589011999999999,-0.003917697851161881
36,0.8536571428571428,-0.00024652283637836706,0.07589011999999999,-0.003927073653495601
36,0.8536571428571428,-0.00027177999999999995,0.07589011999999999,-0.003939539999999999
36,0.8536571428571428,-0.00032636667602251425,0.07589011999999999,-0.003949853781892149
36,0.8536571428571428,-0.0003422423610507725,0.07589011999999999,-0.003949122987907976
36,0.8536571428571428,-0.0003663146424635281,0.07589011999999999,-0.00394547049045866
36,0.8536571428571428,-0.00040263812490685475,0.07589011999999999,-0.00393479284051122
36,0.8536571428571428,-0.0004567281466089859,0.07589011999999999,-0.003908143086463398
36,0.8536571428571428,-0.0004984411770465477,0.07589011999999999,-0.0038779620712509513
36,0.8536571428571428,-0.0005582273554805909,0.07589011999999999,-0.003810855380753507
36,0.8536571428571428,-0.0006125639588640118,0.07589011999999999,-0.0037211528307451837
36,0.8536571428571428,-0.0006621411448978359,0.07589011999999999,-0.0036300923783764557
36,0.8536571428571428,-0.0007072596522561398,0.07589011999999999,-0.003537759826955879
36,0.8536571428571428,-0.0007473476217935201,0.07589011999999999,-0.0034439920201921837
36,0.8536571428571428,-0.0008180320660485481,0.07589011999999999,-0.0032537484022447617
36,0.8536571428571428,-0.0008840151901978351,0.07589011999999999,-0.003062163457576088
36,0.8536571428571428,-0.0009461889578088137,0.07589011999999999,-0.002869491670999038
36,0.8536571428571428,-0.0010048586642021381,0.07589011999999999,-0.002675820145872298
36,0.8536571428571428,-0.001060533514632779,0.07589011999999999,-0.002481294162797855
36,0.8536571428571428,-0.0011137044877694005,0.07589011999999999,-0.002286053802177177
36,0.8536571428571428,-0.0011648500315025795,0.07589011999999999,-0.0020902355692738756
36,0.8536571428571428,-0.0012144269496516525,0.07589011999999999,-0.0018939697941134466
36,0.8536571428571428,-0.00126280433058935,0.07589011999999999,-0.0016973617807563915
36,0.8536571428571428,-0.0013103239228089418,0.07589011999999999,-0.001500509032962432
36,0.8536571428571428,-0.0013573297531269853,0.07589011999999999,-0.0013035097045163558
36,0.8536571428571428,-0.0014041658483600384,0.07589011999999999,-0.0011064619492029515
36,0.8536571428571428,-0.0014511192772424476,0.07589011999999999,-0.0009094476701803846
36,0.8536571428571428,-0.0014982151013303855,0.07589011999999999,-0.0007124740177243691
36,0.8536571428571428,-0.0015454054758347942,0.07589011999999999,-0.0005155273413085439
36,0.8536571428571428,-0.001592643695128261,0.07589011999999999,-0.00031859431541907905
36,0.8536571428571428,-0.0016398807752600836,0.07589011999999999,-0.00012166096451708295
36,0.8536571428571428,-0.0016870791238960021,0.07589011999999999,7.528343681101682e-05
36,0.8536571428571428,-0.0017342376018743728,0.07589011999999999,0.0002722392135777489
36,0.8536571428571428,-0.0017813721574582145,0.07589011999999999,0.0004692018156076628
36,0.8536571428571428,-0.0018284930431023251,0.07589011999999999,0.0006661683177879652
36,0.8536571428571428,-0.0018756139287464362,0.07589011999999999,0.0008631348199682675
36,0.8536571428571428,-0.0019227462060069894,0.07589011999999999,0.0010600980720232465
36,0.8536571428571428,-0.001969888735722341,0.07589011999999999,0.0012570583989654329
36,0.8536571428571428,-0.0020170381004075578,0.07589011999999999,0.001454016775832426
36,0.8536571428571428,-0.0020641897434160628,0.07589011999999999,0.0016509745026743522
36,0.8536571428571428,-0.002111342525586212,0.07589011999999999,0.0018479319045037468
36,0.8536571428571428,-0.002158491890271429,0.07589011999999999,0.00204489028137074
36,0.8536571428571428,-0.002205638976633357,0.07589011999999999,0.002241849308262797
36,0.8536571428571428,-0.0022527849238336414,0.07589011999999999,0.0024388086601673875
36,0.8536571428571428,-0.0022999285927106368,0.07589011999999999,0.0026357686620970414
36,0.8536571428571428,-0.002347073400749276,0.07589011999999999,0.002832728339014161
36,0.8536571428571428,-0.002394218208787916,0.07589011999999999,0.003029688015931284
36,0.8536571428571428,-0.0024413641559882,0.07589011999999999,0.003226647367835873
36,0.8536571428571428,-0.002488510103188484,0.07589011999999999,0.0034236067197404643
36,0.8536571428571428,-0.0025356560503887685,0.07589011999999999,0.003620566071645053
36,0.8536571428571428,-0.002582801997589052,0.07589011999999999,0.003817525423549642
36,0.8536571428571428,-0.002629947944789336,0.07589011999999999,0.004014484775454232
36,0.8536571428571428,-0.0026770938919896204,0.07589011999999999,0.004211444127358822
36,0.8536571428571428,-0.002724239839189904,0.07589011999999999,0.004408403479263409
36,0.8536571428571428,-0.0027713857863901886,0.07589011999999999,0.004605362831168002
36,0.8536571428571428,-0.002818531733590472,0.07589011999999999,0.0048023221830725904
36,0.8536571428571428,-0.0028656776807907563,0.07589011999999999,0.004999281534977179
36,0.8536571428571428,-0.00291282362799104,0.07589011999999999,0.005196240886881766
36,0.8536571428571428,-0.002959969575191324,0.07589011999999999,0.005393200238786359
36,0.8536571428571428,-0.002983543118372288,0.07589011999999999,0.005491679752232386
36,0.8536571428571428,-0.003007116661553252,0.07589011999999999,0.005590159265678415
36,0.8536571428571428,-0.0030306890655725726,0.07589011999999999,0.0056886391041369765
36,0.8536571428571428,-0.0030542614695918922,0.07589011999999999,0.005787118942595536
37,0.8777428571428572,-0.002975836639083809,0.07803133999999999,0.005644184028406244
37,0.8777428571428572,-0.002926473124272349,0.07803133999999999,0.005561194687913025
37,0.8777428571428572,-0.0028771634743886337,0.07803133999999999,0.005478190457432374
37,0.8777428571428572,-0.0028279698412723674,0.07803133999999999,0.00539515415620956
37,0.8777428571428572,-0.0027789512691712695,0.07803133999999999,0.005312069462527592
37,0.8777428571428572,-0.0026816609829095257,0.07803133999999999,0.005145693619760994
37,0.8777428571428572,-0.0025854997884024187,0.07803133999999999,0.0049790056599501465
37,0.8777428571428572,-0.0024904241793621542,0.07803133999999999,0.0048120176096233605
37,0.8777428571428572,-0.0023963875419089546,0.07803133999999999,0.004644742354346686
37,0.8777428571428572,-0.0023034043781387514,0.07803133999999999,0.004477175885277348
37,0.8777428571428572,-0.0022115119791553655,0.07803133999999999,0.004309307893962512
37,0.8777428571428572,-0.0021207455643346322,0.07803133999999999,0.004141128644641164
37,0.8777428571428572,-0.0020311372454603974,0.07803133999999999,0.003972629260590027
37,0.8777428571428572,-0.001942716026724523,0.07803133999999999,0.003803801724123561
37,0.8777428571428572,-0.0018554974460869358,0.07803133999999999,0.0036346417400530844
37,0.8777428571428572,-0.0017694949697795721,0.07803133999999999,0.003465145585881736
37,0.8777428571428572,-0.0016847210281703724,0.07803133999999999,0.003295309825458574
37,0.8777428571428572,-0.0016011839081712977,0.07803133999999999,0.0031251321680162993
37,0.8777428571428572,-0.0015189063987902398,0.07803133999999999,0.0029546063139448448
37,0.8777428571428572,-0.0014379869071067305,0.07803133999999999,0.002783705060382556
37,0.8777428571428572,-0.0013585455933441996,0.07803133999999999,0.002612395191203621
37,0.8777428571428572,-0.001280702617726076,0.07803133999999999,0.002440643490282233
37,0.8777428571428572,-0.0012045739970198092,0.07803133999999999,0.0022684178868762283
37,0.8777428571428572,-0.0011302684969448818,0.07803133999999999,0.002095688314664832
37,0.8777428571428572,-0.0010578161575571518,0.07803133999999999,0.001922446469616592
37,0.8777428571428572,-0.000987225265768579,0.07803133999999999,0.0017486900609642087
37,0.8777428571428572,-0.0009184978933071543,0.07803133999999999,0.00157441851601586
37,0.8777428571428572,-0.0008516412912208429,0.07803133999999999,0.00139962983035016
37,0.8777428571428572,-0.0007866772126535415,0.07803133999999999,0.0012243179907029532
37,0.8777428571428572,-0.0007237278895566696,0.07803133999999999,0.0010484492082566067
37,0.8777428571428572,-0.0006629611318974298,0.07803133999999999,0.0008719770949733503
37,0.8777428571428572,-0.0006045416420510402,0.07803133999999999,0.000694856121853151
37,0.8777428571428572,-0.0005486361941207082,0.07803133999999999,0.0005170401872041535
37,0.8777428571428572,-0.0004953773786978038,0.07803133999999999,0.00033849263874960065
37,0.8777428571428572,-0.0004446522866068637,0.07803133999999999,0.000159244688193917
37,0.8777428571428572,-0.00039624856572889643,0.07803133999999999,-2.0644963550904213e-05
37,0.8777428571428572,-0.00034995282808091607,0.07803133999999999,-0.00020111732922696102
37,0.8777428571428572,-0.00030555375740792584,0.07803133999999999,-0.0003821139942681716
37,0.8777428571428572,-0.00026295191076639837,0.07803133999999999,-0.0005636074694669703
37,0.8777428571428572,-0.00022282370734512033,0.07803133999999999,-0.0007457847387039953
37,0.8777428571428572,-0.00018617186349132884,0.07803133999999999,-0.0009289229848222108
37,0.8777428571428572,-0.00015401877696816712,0.07803133999999999,-0.001113304831236913
37,0.8777428571428572,-0.00012741377800265063,0.07803133999999999,-0.0012992203463571155
37,0.8777428571428572,-0.000107318148382213,0.07803133999999999,-0.0014869352591892972
37,0.8777428571428572,-9.391937948996358e-05,0.07803133999999999,-0.0016765013983435584
37,0.8777428571428572,-8.71159566543848e-05,0.07803133999999999,-0.0018678907019205073
37,0.8777428571428572,-8.73657317613014e-05,0.07803133999999999,-0.0020612297348133173
37,0.8777428571428572,-9.597182171652347e-05,0.07803133999999999,-0.002256878720179478
37,0.8777428571428572,-0.0001143668264252458,0.07803133999999999,-0.0024552336744154994
37,0.8777428571428572,-0.00014422263037552647,0.07803133999999999,-0.002656756759823599
37,0.8777428571428572,-0.00016583133718693134,0.07803133999999999,-0.00275936509048809
37,0.8777428571428572,-0.00019433061129360427,0.07803133999999999,-0.002863878194160233
37,0.8777428571428572,-0.00023277210802504915,0.07803133999999999,-0.0029711396458972357
37,0.8777428571428572,-0.00028717834064865763,0.07803133999999999,-0.0030828142608323645
37,0.8777428571428572,-0.0003451743467588035,0.07803133999999999,-0.003176154205173267
37,0.8777428571428572,-0.00037795739685189645,0.07803133999999999,-0.003223870485306731
37,0.8777428571428572,-0.0004178682270951307,0.07803133999999999,-0.003273557111661731
37,0.8777428571428572,-0.00044523732082953104,0.07803133999999999,-0.003300449802532521
37,0.8777428571428572,-0.00046425397761140234,0.07803133999999999,-0.003315370113550732
37,0.8777428571428572,-0.0004773919734410962,0.07803133999999999,-0.0033238336251360267
37,0.8777428571428572,-0.0005003799999999999,0.07803133999999999,-0.0033350199999999997
37,0.8777428571428572,-0.0005499956808562106,0.07803133999999999,-0.003343903610118941
37,0.8777428571428572,-0.0005644106314316333,0.07803133999999999,-0.0033430566134510457
37,0.8777428571428572,-0.0005862577733916489,0.07803133999999999,-0.0033394323623214205
37,0.8777428571428572,-0.000619202896634741,0.07803133999999999,-0.003329212448531743
37,0.8777428571428572,-0.0006682189186410821,0.07803133999999999,-0.003304108046043389
37,0.8777428571428572,-0.0007059802783408856,0.07803133999999999,-0.003275892495219476
37,0.8777428571428572,-0.0007600067481146052,0.07803133999999999,-0.003213519143202618
37,0.8777428571428572,-0.0008089932084318558,0.07803133999999999,-0.0031304255727973734
37,0.8777428571428572,-0.0008536518289776647,0.07803133999999999,-0.003046135649171147
37,0.8777428571428572,-0.0008942560778467329,0.07803133999999999,-0.0029607249676447483
37,0.8777428571428572,-0.0009302859513135305,0.07803133999999999,-0.0028740497825702743
37,0.8777428571428572,-0.0009937148794401242,0.07803133999999999,-0.0026983135782812553
37,0.8777428571428572,-0.0010528687968590252,0.07803133999999999,-0.0025213956244127737
37,0.8777428571428572,-0.0011085587850783807,0.07803133999999999,-0.0023435201298140475
37,0.8777428571428572,-0.0011610624556488722,0.07803133999999999,-0.0021647638351895335
37,0.8777428571428572,-0.0012108428397762999,0.07803133999999999,-0.0019852547371619657
37,0.8777428571428572,-0.0012583463948425428,0.07803133999999999,-0.0018051162508194818
37,0.8777428571428572,-0.001304008183725535,0.07803133999999999,-0.001624468641445187
37,0.8777428571428572,-0.0013482435878873027,0.07803133999999999,-0.0014434267337498556
37,0.8777428571428572,-0.001391388227262252,0.07803133999999999,-0.0012620833038090255
37,0.8777428571428572,-0.0014337528610489062,0.07803133999999999,-0.0010805242553963423
37,0.8777428571428572,-0.0014756503201737796,0.07803133999999999,-0.0008988360649772775
37,0.8777428571428572,-0.0015173934355633863,0.07803133999999999,-0.000717105209017303
37,0.8777428571428572,-0.0015592432449444862,0.07803133999999999,-0.0005354038466862795
37,0.8777428571428572,-0.001601222537324971,0.07803133999999999,-0.00035373827759427497
37,0.8777428571428572,-0.0016432878064170473,0.07803133999999999,-0.0001720964752129797
37,0.8777428571428572,-0.001685396581796917,0.07803133999999999,9.53330064000545e-06
37,0.8777428571428572,-0.0017275043213127918,0.07803133999999999,0.00019116336283890242
37,0.8777428571428572,-0.0017695768414528335,0.07803133999999999,0.00037280316079881274
37,0.8777428571428572,-0.0018116131063530478,0.07803133999999999,0.0005544529808656482
37,0.8777428571428572,-0.0018536276181093654,0.07803133999999999,0.0007361088141966394
37,0.8777428571428572,-0.0018956296994977419,0.07803133999999999,0.000917768083678576
37,0.8777428571428572,-0.0019376317808861183,0.07803133999999999,0.0010994273531605126
37,0.8777428571428572,-0.0019796442209144456,0.07803133999999999,0.0012810837591833283
37,0.8777428571428572,-0.0020216659837187286,0.07803133999999999,0.0014627375880929337
37,0.8777428571428572,-0.0020636939617069824,0.07803133999999999,0.0016443896989270673
37,0.8777428571428572,-0.002105724011423226,0.07803133999999999,0.0018260412370693746
37,0.8777428571428572,-0.0021477550970034646,0.07803133999999999,0.0020076924888657714
37,0.8777428571428572,-0.002189783074991718,0.07803133999999999,0.002189344599699905
37,0.8777428571428572,-0.0022318089812519816,0.07803133999999999,0.0023709972832258613
37,0.8777428571428572,-0.0022738338516482496,0.07803133999999999,0.0025526502530977325
37,0.8777428571428572,-0.002315856650316528,0.07803133999999999,0.0027343037956614256
37,0.8777428571428572,-0.0023578804848488014,0.07803133999999999,0.0029159570518792065
37,0.8777428571428572,-0.002399904319381074,0.07803133999999999,0.0030976103080969882
37,0.8777428571428572,-0.0024419291897773425,0.07803133999999999,0.003279263277968857
37,0.8777428571428572,-0.002483954060173611,0.07803133999999999,0.003460916247840727
37,0.8777428571428572,-0.0025259789305698793,0.07803133999999999,0.0036425692177125967
37,0.8777428571428572,-0.0025680038009661477,0.07803133999999999,0.003824222187584466
37,0.8777428571428572,-0.0026100286713624157,0.07803133999999999,0.004005875157456335
37,0.8777428571428572,-0.002652053541758684,0.07803133999999999,0.004187528127328205
37,0.8777428571428572,-0.0026940784121549525,0.07803133999999999,0.004369181097200074
37,0.8777428571428572,-0.0027361032825512204,0.07803133999999999,0.004550834067071944
37,0.8777428571428572,-0.002778128152947489,0.07803133999999999,0.004732487036943813
37,0.8777428571428572,-0.002820153023343757,0.07803133999999999,0.004914140006815683
37,0.8777428571428572,-0.0028621778937400256,0.07803133999999999,0.005095792976687552
37,0.8777428571428572,-0.0029042027641362936,0.07803133999999999,0.00527744594655942
37,0.8777428571428572,-0.0029252157172664256,0.07803133999999999,0.005368272288322401
37,0.8777428571428572,-0.002946228670396557,0.07803133999999999,0.005459098630085379
37,0.8777428571428572,-0.0029672405876626936,0.07803133999999999,0.005549925258194269
37,0.8777428571428572,-0.0029882525049288304,0.07803133999999999,0.0056407518863031605
38,0.9018285714285715,-0.0028875755316511305,0.08017256,0.00548180968470281
38,0.9018285714285715,-0.0028439245641839013,0.08017256,0.0054061011085840905
38,0.9018285714285715,-0.0028003218377912493,0.08017256,0.005330379715258863
38,0.9018285714285715,-0.0027568230152515308,0.08017256,0.005254630715642686
38,0.9018285714285715,-0.0027134809762041855,0.08017256,0.005178840060105351
38,0.9018285714285715,-0.0026274657791627576,0.08017256,0.005027081033532713
38,0.9018285714285715,-0.0025424617892614893,0.08017256,0.0048750533385928324
38,0.9018285714285715,-0.0024584300425555313,0.08017256,0.004722767327644809
38,0.9018285714285715,-0.0023753287919611146,0.08017256,0.004570234092501972
38,0.9018285714285715,-0.0022931710254598565,0.08017256,0.004417450182377955
38,0.9018285714285715,-0.0022119901407187713,0.08017256,0.004264406723822093
38,0.9018285714285715,-0.0021318176799789285,0.08017256,0.004111095336353207
38,0.9018285714285715,-0.002052682402342479,0.08017256,0.003957508378944341
38,0.9018285714285715,-0.0019746102837726563,0.08017256,0.0038036389500227556
38,0.9018285714285715,-0.0018976152399640504,0.08017256,0.003649483352317345
38,0.9018285714285715,-0.0018217093311853048,0.08017256,0.003495038381526477
38,0.9018285714285715,-0.001746903689992091,0.08017256,0.003340301079833267
38,0.9018285714285715,-0.00167320573808819,0.08017256,0.0031852694753597916
38,0.9018285714285715,-0.0016006358851589997,0.08017256,0.003029938145441756
38,0.9018285714285715,-0.0015292822639369195,0.08017256,0.002874283674028805
38,0.9018285714285715,-0.0014592524891267732,0.08017256,0.0027182774688910283
38,0.9018285714285715,-0.0013906541754333858,0.08017256,0.0025618909377985192
38,0.9018285714285715,-0.0013235912267096908,0.08017256,0.00240509647446033
38,0.9018285714285715,-0.0012581610528178138,0.08017256,0.0022478681979786978
38,0.9018285714285715,-0.0011943905574339612,0.08017256,0.0020901989602961496
38,0.9018285714285715,-0.0011322871622619136,0.08017256,0.0019320867895347557
38,0.9018285714285715,-0.0010718527227276163,0.08017256,0.0017735311927250374
38,0.9018285714285715,-0.0010130937328218777,0.08017256,0.0016145304444738105
38,0.9018285714285715,-0.0009560296745171229,0.08017256,0.0014550793686015214
38,0.9018285714285715,-0.0009007700179441217,0.08017256,0.0012951488799087824
38,0.9018285714285715,-0.0008474650526044389,0.08017256,0.0011346990478676143
38,0.9018285714285715,-0.0007962622848607219,0.08017256,0.0009736906814042661
38,0.9018285714285715,-0.000747311076501563,0.08017256,0.0008120840964755014
38,0.9018285714285715,-0.0007007301747874582,0.08017256,0.0006498477430345244
38,0.9018285714285715,-0.0006564184590043912,0.08017256,0.00048700848791805897
38,0.9018285714285715,-0.0006141857479929744,0.08017256,0.0003236168604979278
38,0.9018285714285715,-0.0005738409328808473,0.08017256,0.0001597236366306918
38,0.9018285714285715,-0.0005351947602215945,0.08017256,-4.6209007965678645e-06
38,0.9018285714285715,-0.000498158169569844,0.08017256,-0.00016939308924875454
38,0.9018285714285715,-0.00046333695749671956,0.08017256,-0.0003347538832614745
38,0.9018285714285715,-0.0004316291501597205,0.08017256,-0.0005009418800636213
38,0.9018285714285715,-0.0004039504002628272,0.08017256,-0.0006682003600941584
38,0.9018285714285715,-0.0003812404810473075,0.08017256,-0.0008367790123953057
38,0.9018285714285715,-0.00036436031015175626,0.08017256,-0.0010069065748063326
38,0.9018285714285715,-0.000353477803624218,0.08017256,-0.0011786276610652863
38,0.9018285714285715,-0.00034850204559337645,0.08017256,-0.0013519181156675885
38,0.9018285714285715,-0.0003498430851931306,0.08017256,-0.001526886884868581
38,0.9018285714285715,-0.0003586679853430418,0.08017256,-0.0017038440464719282
38,0.9018285714285715,-0.00037625977308424857,0.08017256,-0.0018831304888738691
38,0.9018285714285715,-0.000404115777154566,0.08017256,-0.002065144038445719
38,0.9018285714285715,-0.0004240270640066625,0.08017256,-0.002157740516566091
38,0.9018285714285715,-0.0004501094975526529,0.08017256,-0.002251976611180881
38,0.9018285714285715,-0.00048509612020988726,0.08017256,-0.0023485784663358714
38,0.9018285714285715,-0.000534380655201201,0.08017256,-0.0024489791443128646
38,0.9018285714285715,-0.0005867684334218077,0.08017256,-0.0025327430785205282
38,0.9018285714285715,-0.0006163521857340785,0.08017256,-0.0025755257008664824
38,0.9018285714285715,-0.0006523195310109744,0.08017256,-0.00262000438471245
38,0.9018285714285715,-0.0006769428453944914,0.08017256,-0.00264400781792385
38,0.9018285714285715,-0.0006940299051128313,0.08017256,-0.0026572783147317466
38,0.9018285714285715,-0.0007058241412280754,0.08017256,-0.0026647772456667293
38,0.9018285714285715,-0.00072644,0.08017256,-0.00267462
38,0.9018285714285715,-0.0007708475434792832,0.08017256,-0.0026820533611348154
38,0.9018285714285715,-0.0007837295447228617,0.08017256,-0.0026811106778148372
38,0.9018285714285715,-0.0008032398340615612,0.08017256,-0.0026775637575385505
38,0.9018285714285715,-0.0008326335352220423,0.08017256,-0.0026679121448328546
38,0.9018285714285715,-0.0008763084932189612,0.08017256,-0.002644593682997221
38,0.9018285714285715,-0.0009099038497683218,0.08017256,-0.002618597164455056
38,0.9018285714285715,-0.0009578426632591521,0.08017256,-0.0025614890760339635
38,0.9018285714285715,-0.0010011559432043459,0.08017256,-0.00248569077946967
38,0.9018285714285715,-0.0010405932383499169,0.08017256,-0.0024088626696591835
38,0.9018285714285715,-0.001076399464920638,0.08017256,-0.00233106981857402
38,0.9018285714285715,-0.0011081089110042523,0.08017256,-0.002252188490874403
38,0.9018285714285715,-0.0011637980986835784,0.08017256,-0.002092372124616557
38,0.9018285714285715,-0.0012156586149248859,0.08017256,-0.0019315385158342885
38,0.9018285714285715,-0.0012644168589857389,0.08017256,-0.0017698806620794808
38,0.9018285714285715,-0.001310321457942801,0.08017256,-0.001607464621262612
38,0.9018285714285715,-0.0013537870994948349,0.08017256,-0.0014444005720627272
38,0.9018285714285715,-0.0013952136279330415,0.08017256,-0.0012807947494030214
38,0.9018285714285715,-0.0014349906827059227,0.08017256,-0.001116750676874543
38,0.9018285714285715,-0.0014734902767155013,0.08017256,-0.0009523671948582701
38,0.9018285714285715,-0.0015110129889649064,0.08017256,-0.0007877241644101537
38,0.9018285714285715,-0.0015478371333459261,0.08017256,-0.0006228955309523711
38,0.9018285714285715,-0.0015842428791762921,0.08017256,-0.00045795573287658225
38,0.9018285714285715,-0.0016205103957737373,0.08017256,-0.0002929792085744447
38,0.9018285714285715,-0.0016568734668073628,0.08017256,-0.00012802807220058847
38,0.9018285714285715,-0.001693352501962566,0.08017256,3.6892253580693944e-05
38,0.9018285714285715,-0.0017299085372944976,0.08017256,0.00020179212112850708
38,0.9018285714285715,-0.0017665035365712787,0.08017256,0.0003666816363172157
38,0.9018285714285715,-0.001803097608135088,0.08017256,0.0005315713979906649
38,0.9018285714285715,-0.0018396601374578271,0.08017256,0.0006964695401452934
38,0.9018285714285715,-0.001876190196826525,0.08017256,0.000861376309265843
38,0.9018285714285715,-0.0019127007742227977,0.08017256,0.0010262882545659462
38,0.9018285714285715,-0.0019492002190633988,0.08017256,0.001191203157682935
38,0.9018285714285715,-0.001985699663904,0.08017256,0.001356118060799925
38,0.9018285714285715,-0.002022208385874328,0.08017256,0.0015210304990695084
38,0.9018285714285715,-0.0020587254572614084,0.08017256,0.0016859407189764265
38,0.9018285714285715,-0.0020952480949263256,0.08017256,0.001850849459974901
38,0.9018285714285715,-0.002131772588017187,0.08017256,0.0020157577080038933
38,0.9018285714285715,-0.002168298008821022,0.08017256,0.002180665709548147
38,0.9018285714285715,-0.0022048206464859387,0.08017256,0.0023455744505466213
38,0.9018285714285715,-0.00224134142872491,0.08017256,0.002510483684514577
38,0.9018285714285715,-0.0022778612832509092,0.08017256,0.0026753931649672732
38,0.9018285714285715,-0.002314379282350963,0.08017256,0.0028403031383894507
38,0.9018285714285715,-0.0023508982091639892,0.08017256,0.0030052128653268876
38,0.9018285714285715,-0.0023874171359770154,0.08017256,0.0031701225922643244
38,0.9018285714285715,-0.0024239369905030145,0.08017256,0.0033350320727170207
38,0.9018285714285715,-0.002460456845029013,0.08017256,0.003499941553169718
38,0.9018285714285715,-0.002496976699555012,0.08017256,0.0036648510336224132
38,0.9018285714285715,-0.002533496554081011,0.08017256,0.0038297605140751112
38,0.9018285714285715,-0.00257001640860701,0.08017256,0.003994669994527807
38,0.9018285714285715,-0.002606536263133009,0.08017256,0.004159579474980503
38,0.9018285714285715,-0.002643056117659008,0.08017256,0.0043244889554332
38,0.9018285714285715,-0.0026795759721850066,0.08017256,0.004489398435885895
38,0.9018285714285715,-0.0027160958267110056,0.08017256,0.004654307916338593
38,0.9018285714285715,-0.0027526156812370047,0.08017256,0.00481921739679129
38,0.9018285714285715,-0.0027891355357630033,0.08017256,0.004984126877243984
38,0.9018285714285715,-0.0028256553902890023,0.08017256,0.00514903635769668
38,0.9018285714285715,-0.002843915781408488,0.08017256,0.005231490974680658
38,0.9018285714285715,-0.002862176172527974,0.08017256,0.005313945591664637
38,0.9018285714285715,-0.0028804356359344867,0.08017256,0.005396400455133355
38,0.9018285714285715,-0.002898695099341,0.08017256,0.005478855318602074
39,0.9259142857142857,-0.0027849869421847947,0.08231377999999999,0.005312051595276684
39,0.9259142857142857,-0.002747338660899877,0.08231377999999999,0.005244340325541499
39,0.9259142857142857,-0.0027097326753752655,0.08231377999999999,0.005176618350113141
39,0.9259142857142857,-0.002672217788411312,0.08231377999999999,0.005108873316268718
39,0.9259142857142857,-0.0026348403626683522,0.08231377999999999,0.005041093488921482
39,0.9259142857142857,-0.0025606719581666715,0.08231377999999999,0.004905385395673591
39,0.9259142857142857,-0.0024873901378713995,0.08231377999999999,0.0047694528946264966
39,0.9259142857142857,-0.0024149607398222884,0.08231377999999999,0.004633304632686221
39,0.9259142857142857,-0.002343347161919074,0.08231377999999999,0.004496949874394934
39,0.9259142857142857,-0.0022725607914818387,0.08231377999999999,0.004360385737450627
39,0.9259142857142857,-0.002202630910190794,0.08231377999999999,0.004223604810219565
39,0.9259142857142857,-0.0021335851729661396,0.08231377999999999,0.004086600092825443
39,0.9259142857142857,-0.0020654487945880587,0.08231377999999999,0.0039493652030281
39,0.9259142857142857,-0.001998244549696715,0.08231377999999999,0.00381189437622352
39,0.9259142857142857,-0.0019319846389921967,0.08231377999999999,0.0036741845242309794
39,0.9259142857142857,-0.0018666796364145808,0.08231377999999999,0.003536232970627185
39,0.9259142857142857,-0.0018023393025239373,0.08231377999999999,0.003398037244867558
39,0.9259142857142857,-0.0017389701443603135,0.08231377999999999,0.00325959569992238
39,0.9259142857142857,-0.001676590056283839,0.08231377999999999,0.0031209038064599253
39,0.9259142857142857,-0.0016152763093950718,0.08231377999999999,0.00298194200600228
39,0.9259142857142857,-0.0015551232557746942,0.08231377999999999,0.002842686416618518
39,0.9259142857142857,-0.001496225247503388,0.08231377999999999,0.0027031131563777172
39,0.9259142857142857,-0.001438673383141811,0.08231377999999999,0.0025631991668638113
39,0.9259142857142857,-0.001382553067590582,0.08231377999999999,0.00242292283081174
39,0.9259142857142857,-0.0013278878888698708,0.08231377999999999,0.002282278177738774
39,0.9259142857142857,-0.001274684354019724,0.08231377999999999,0.0021412635606151897
39,0.9259142857142857,-0.001222944089800154,0.08231377999999999,0.001999878567683561
39,0.9259142857142857,-0.0011726727898712015,0.08231377999999999,0.0018581217577928815
39,0.9259142857142857,-0.0011238875352129899,0.08231377999999999,0.0017159888074901413
39,0.9259142857142857,-0.0010766843046662135,0.08231377999999999,0.001573455423086985
39,0.9259142857142857,-0.0010311948657918243,0.08231377999999999,0.0014304882522316045
39,0.9259142857142857,-0.0009875485460107574,0.08231377999999999,0.001287054560208335
39,0.9259142857142857,-0.0009458762995039588,0.08231377999999999,0.0011431212005440841
39,0.9259142857142857,-0.0009062822389121812,0.08231377999999999,0.0009986618207633486
39,0.9259142857142857,-0.000868677705814784,0.08231377999999999,0.0008536988616460481
39,0.9259142857142857,-0.000832895957310562,0.08231377999999999,0.0007082745283287317
39,0.9259142857142857,-0.000798769437118304,0.08231377999999999,0.0005624312318266609
39,0.9259142857142857,-0.0007661322157168104,0.08231377999999999,0.0004162109713976689
39,0.9259142857142857,-0.0007349062086255174,0.08231377999999999,0.0002696335113983835
39,0.9259142857142857,-0.0007056225529882636,0.08231377999999999,0.0001225644130279952
39,0.9259142857142857,-0.0006790686006507398,0.08231377999999999,-2.5195614309486084e-05
39,0.9259142857142857,-0.0006560471576787491,0.08231377999999999,-0.00017384977290563382
39,0.9259142857142857,-0.0006373821780182471,0.08231377999999999,-0.00032360661789860874
39,0.9259142857142857,-0.0006238284783146893,0.08231377999999999,-0.00047465720473580694
39,0.9259142857142857,-0.0006155332803491397,0.08231377999999999,-0.000627038797464619
39,0.9259142857142857,-0.0006124168728810226,0.08231377999999999,-0.0007807312199709885
39,0.9259142857142857,-0.0006148387698729364,0.08231377999999999,-0.0009358254706468866
39,0.9259142857142857,-0.0006238222033722769,0.08231377999999999,-0.0010925805449156156
39,0.9259142857142857,-0.0006404920779271749,0.08231377999999999,-0.0012512811730398363
39,0.9259142857142857,-0.0006661611888671194,0.08231377999999999,-0.0014122596432653437
39,0.9259142857142857,-0.000684241638685009,0.08231377999999999,-0.0014940766931496314
39,0.9259142857142857,-0.0007077326923020063,0.08231377999999999,-0.0015772632482452132
39,0.9259142857142857,-0.0007390305672154314,0.08231377999999999,-0.001662425827246087
39,0.9259142857142857,-0.0007828642547794652,0.08231377999999999,-0.001750761409000489
39,0.9259142857142857,-0.0008292941235128234,0.08231377999999999,-0.0018243060000507005
39,0.9259142857142857,-0.0008554811484209848,0.08231377999999999,-0.0018618305763999298
39,0.9259142857142857,-0.0008872650411496003,0.08231377999999999,-0.0019007718041861579
39,0.9259142857142857,-0.0009089783482159848,0.08231377999999999,-0.001921715892041574
39,0.9259142857142857,-0.0009240218753294397,0.08231377999999999,-0.001933247696654059
39,0.9259142857142857,-0.0009343937224267675,0.08231377999999999,-0.001939734997977195
39,0.9259142857142857,-0.0009524999999999999,0.08231377999999999,-0.00194818
39,0.9259142857142857,-0.0009914035270388343,0.08231377999999999,-0.001954165037102213
39,0.9259142857142857,-0.0010026667747178846,0.08231377999999999,-0.0019531539037158205
39,0.9259142857142857,-0.0010197102754563546,0.08231377999999999,-0.0019497438085261177
39,0.9259142857142857,-0.001045356832612287,0.08231377999999999,-0.001940787214722539
39,0.9259142857142857,-0.001083399986628381,0.08231377999999999,-0.0019195202628502007
39,0.9259142857142857,-0.0011126057668805988,0.08231377999999999,-0.001896016438740834
39,0.9259142857142857,-0.0011541380655030308,0.08231377999999999,-0.0018447363954311837
39,0.9259142857142857,-0.0011914902764658083,0.08231377999999999,-0.0017769501858437872
39,0.9259142857142857,-0.0012254441857640229,0.08231377999999999,-0.0017083038149856768
39,0.9259142857142857,-0.0012562145257192267,0.08231377999999999,-0.0016388516348375777
39,0.9259142857142857,-0.0012833929795684682,0.08231377999999999,-0.0015684902942846267
39,0.9259142857142857,-0.0013309728050579666,0.08231377999999999,-0.0014260522317264537
39,0.9259142857142857,-0.001375195811263202,0.08231377999999999,-0.0012827645077120252
39,0.9259142857142857,-0.0014166988747287778,0.08231377999999999,-0.001138788325275082
39,0.9259142857142857,-0.0014556999812962695,0.08231377999999999,-0.0009941788599112079
39,0.9259142857142857,-0.0014925627118283049,0.08231377999999999,-0.0008490281394059494
39,0.9259142857142857,-0.0015276376331074177,0.08231377999999999,-0.0007034248974854137
39,0.9259142857142857,-0.001561266364736078,0.08231377999999999,-0.0005574556032098442
39,0.9259142857142857,-0.0015937750720966424,0.08231377999999999,-0.0004112028139439032
39,0.9259142857142857,-0.0016254272903110164,0.08231377999999999,-0.0002647332343912077
39,0.9259142857142857,-0.0016564670333809634,0.08231377999999999,-0.00011810862816621719
39,0.9259142857142857,-0.0016871399420682587,0.08231377999999999,2.8608829359178618e-05
39,0.9259142857142857,-0.0017176916571346778,0.08231377999999999,0.0001753569628130888
39,0.9259142857142857,-0.001748327150341703,0.08231377999999999,0.0003220838907593683
39,0.9259142857142857,-0.001779064316049463,0.08231377999999999,0.0004687850838662889
39,0.9259142857142857,-0.0018098689922977106,0.08231377999999999,0.000615469189039876
39,0.9259142857142857,-0.0018407078305062055,0.08231377999999999,0.0007621446473074385
39,0.9259142857142857,-0.0018715458553346942,0.08231377999999999,0.0009088203114537162
39,0.9259142857142857,-0.0019023562252429831,0.08231377999999999,0.0010555029754762987
39,0.9259142857142857,-0.0019331381268510666,0.08231377999999999,0.0012021928452539022
39,0.9259142857142857,-0.0019639029474790262,0.08231377999999999,0.0013488870384845174
39,0.9259142857142857,-0.001994658007546915,0.08231377999999999,0.0014955837022597115
39,0.9259142857142857,-0.0020254130676148046,0.08231377999999999,0.0016422803660349052
39,0.9259142857142857,-0.0020561762614827524,0.08231377999999999,0.0017889749710229507
39,0.9259142857142857,-0.0020869467757707533,0.08231377999999999,0.0019356677231025623
39,0.9259142857142857,-0.0021177221703387898,0.08231377999999999,0.002082359239909885
39,0.9259142857142857,-0.0021484991916668372,0.08231377999999999,0.002229050344959776
39,0.9259142857142857,-0.002179277026374891,0.08231377999999999,0.002375741244130954
39,0.9259142857142857,-0.0022100524209429278,0.08231377999999999,0.0025224327609382766
39,0.9259142857142857,-0.002240826188750952,0.08231377999999999,0.0026691246895030286
39,0.9259142857142857,-0.0022715991431789704,0.08231377999999999,0.0028158168239464957
39,0.9259142857142857,-0.002302370470846977,0.08231377999999999,0.0029625093701473914
39,0.9259142857142857,-0.00233314261189499,0.08231377999999999,0.0031092017104695727
39,0.9259142857142857,-0.002363914752943002,0.08231377999999999,0.003255894050791755
39,0.9259142857142857,-0.002394687707371021,0.08231377999999999,0.003402586185235222
39,0.9259142857142857,-0.0024254606617990396,0.08231377999999999,0.0035492783196786892
39,0.9259142857142857,-0.002456233616227058,0.08231377999999999,0.0036959704541221555
39,0.9259142857142857,-0.0024870065706550765,0.08231377999999999,0.0038426625885656226
39,0.9259142857142857,-0.002517779525083095,0.08231377999999999,0.003989354723009088
39,0.9259142857142857,-0.0025485524795111135,0.08231377999999999,0.004136046857452555
39,0.9259142857142857,-0.002579325433939132,0.08231377999999999,0.004282738991896022
39,0.9259142857142857,-0.0026100983883671504,0.08231377999999999,0.004429431126339489
39,0.9259142857142857,-0.0026408713427951694,0.08231377999999999,0.004576123260782956
39,0.9259142857142857,-0.002671644297223188,0.08231377999999999,0.004722815395226423
39,0.9259142857142857,-0.002702417251651206,0.08231377999999999,0.004869507529669889
39,0.9259142857142857,-0.002733190206079225,0.08231377999999999,0.005016199664113356
39,0.9259142857142857,-0.002748577089983237,0.08231377999999999,0.005089545628395732
39,0.9259142857142857,-0.0027639639738872494,0.08231377999999999,0.005162891592678108
39,0.9259142857142857,-0.0027793500444112554,0.08231377999999999,0.005236237762839199
39,0.9259142857142857,-0.0027947361149352618,0.08231377999999999,0.0053095839330002895
40,0.9490000000000001,-0.002675116278324229,0.0843661,0.005133561717972121
40,0.9490000000000001,-0.002643433711987585,0.0843661,0.005074283885218432
40,0.9490000000000001,-0.002611787458431455,0.0843661,0.005014997361948327
40,0.9490000000000001,-0.0025802194170179704,0.0843661,0.004955692120642867
40,0.9490000000000001,-0.0025487693921411566,0.0843661,0.004896358635159052
40,0.9490000000000001,-0.002486372833055809,0.0843661,0.004777571166838815
40,0.9490000000000001,-0.002424737445715852,0.0843661,0.004658601531924477
40,0.9490000000000001,-0.002363833900567793,0.0843661,0.0045394567496792985
40,0.9490000000000001,-0.002303630773090033,0.0843661,0.004420144340742484
40,0.9490000000000001,-0.002244137839800403,0.0843661,0.004300661965359614
40,0.9490000000000001,-0.0021853802403161817,0.0843661,0.004181003607019326
40,0.9490000000000001,-0.002127381717609244,0.0843661,0.004061163583460883
40,0.9490000000000001,-0.002070163919683358,0.0843661,0.0039411367137995035
40,0.9490000000000001,-0.0020137463995741844,0.0843661,0.0038209183185263433
40,0.9490000000000001,-0.0019581396321222562,0.0843661,0.0037005058907616695
40,0.9490000000000001,-0.0019033526955227027,0.0843661,0.0035798972578763772
40,0.9490000000000001,-0.0018493939696479491,0.0843661,0.0034590904143666783
40,0.9490000000000001,-0.0017962690410796142,0.0843661,0.0033380840232300492
40,0.9490000000000001,-0.0017439932729171456,0.0843661,0.0032168744077095434
40,0.9490000000000001,-0.001692633005817251,0.0843661,0.0030954456909001687
40,0.9490000000000001,-0.0016422692452133856,0.0843661,0.002973778486265308
40,0.9490000000000001,-0.0015929829965390034,0.0843661,0.0028518534072683407
40,0.9490000000000001,-0.0015448524719367503,0.0843661,0.0027296517358739087
40,0.9490000000000001,-0.001497950995290356,0.0843661,0.002607155923923866
40,0.9490000000000001,-0.0014522988179581848,0.0843661,0.0024843611247840573
40,0.9490000000000001,-0.0014079015265218535,0.0843661,0.002361266001451957
40,0.9490000000000001,-0.0013647605176267668,0.0843661,0.002237870219676933
40,0.9490000000000001,-0.0013228806795318399,0.0843661,0.002114172609581776
40,0.9490000000000001,-0.0012822766770138193,0.0843661,0.0019901696615348572
40,0.9490000000000001,-0.001243030912151563,0.0843661,0.0018658416547489248
40,0.9490000000000001,-0.0012052565132228271,0.0843661,0.001741161514922838
40,0.9490000000000001,-0.0011690645135372596,0.0843661,0.0016161026691314012
40,0.9490000000000001,-0.0011345673430499135,0.0843661,0.0014906382101987888
40,0.9490000000000001,-0.00110185438706667,0.0843661,0.0013647467460845934
40,0.9490000000000001,-0.0010708495284129892,0.0843661,0.0012384464934482244
40,0.9490000000000001,-0.0010414096109349227,0.0843661,0.0011117717129793992
40,0.9490000000000001,-0.001013390780155818,0.0843661,0.0009847568324931472
40,0.9490000000000001,-0.0009866505782444282,0.0843661,0.000857435945553871
40,0.9490000000000001,-0.0009611219662213425,0.0843661,0.0007298250961918756
40,0.9490000000000001,-0.000937260948811093,0.0843661,0.0006018151515760168
40,0.9490000000000001,-0.000915743502389402,0.0843661,0.00047324433440070835
40,0.9490000000000001,-0.0008972588714633337,0.0843661,0.0003439476919793662
40,0.9490000000000001,-0.0008825144569302094,0.0843661,0.00021375592636719816
40,0.9490000000000001,-0.0008721583022576637,0.0843661,8.251394527124516e-05
40,0.9490000000000001,-0.0008663168038547936,0.0843661,-4.98085009906315e-05
40,0.9490000000000001,-0.0008649215260967841,0.0843661,-0.00018319503413749506
40,0.9490000000000001,-0.0008682811276180045,0.0843661,-0.00031771952355887935
40,0.9490000000000001,-0.000877274098377813,0.0843661,-0.0004535922129019203
40,0.9490000000000001,-0.0008928662186733421,0.0843661,-0.0005910442364782146
40,0.9490000000000001,-0.0009161845813459308,0.0843661,-0.0007303453345472831
40,0.9490000000000001,-0.0009323475949500168,0.0843661,-0.0008010737583053482
40,0.9490000000000001,-0.0009531558511690884,0.0843661,-0.0008729138996633713
40,0.9490000000000001,-0.000980666608683805,0.0843661,-0.0009463581098013694
40,0.9490000000000001,-0.0010189399156847149,0.0843661,-0.0010223780553047538
40,0.9490000000000001,-0.0010593141294350744,0.0843661,-0.0010855287523676255
40,0.9490000000000001,-0.0010820529074640661,0.0843661,-0.001117714776802586
40,0.9490000000000001,-0.0011095968440068453,0.0843661,-0.0011510507905347967
40,0.9490000000000001,-0.001128366707857828,0.0843661,-0.0011689149132852825
40,0.9490000000000001,-0.001141346255892856,0.0843661,-0.0011787072522230304
40,0.9490000000000001,-0.001150282952658853,0.0843661,-0.0011841890287980757
40,0.9490000000000001,-0.0011658600000000001,0.0843661,-0.00119126
40,0.9490000000000001,-0.0011992283908555366,0.0843661,-0.0011959028421746607
40,0.9490000000000001,-0.0012088663796451622,0.0843661,-0.0011948664318716055
40,0.9490000000000001,-0.0012234349638889322,0.0843661,-0.001191667019512441
40,0.9490000000000001,-0.0012453256376958196,0.0843661,-0.0011835339353932154
40,0.9490000000000001,-0.0012777313084908757,0.0843661,-0.0011645452957622041
40,0.9490000000000001,-0.0013025497031266084,0.0843661,-0.0011437408395762404
40,0.9490000000000001,-0.001337694899682172,0.0843661,-0.0010986637426531522
40,0.9490000000000001,-0.0013691232765552183,0.0843661,-0.0010393250762845527
40,0.9490000000000001,-0.0013976340611785033,0.0843661,-0.0009792881603470078
40,0.9490000000000001,-0.0014234116107454064,0.0843661,-0.0009185971159238594
40,0.9490000000000001,-0.0014461053672594265,0.0843661,-0.0008571680461066321
40,0.9490000000000001,-0.0014856744555327977,0.0843661,-0.0007329174183418634
40,0.9490000000000001,-0.00152236156601422,0.0843661,-0.0006079770643992493
40,0.9490000000000001,-0.0015567134853795097,0.0843661,-0.0004824778434009742
40,0.9490000000000001,-0.001588917364112855,0.0843661,-0.00035646454493164204
40,0.9490000000000001,-0.0016192853524621357,0.0843661,-0.00023001187400736574
40,0.9490000000000001,-0.001648118427511997,0.0843661,-0.0001031918616392069
40,0.9490000000000001,-0.0016757098847973598,0.0843661,2.392529954024585e-05
40,0.9490000000000001,-0.0017023397517218033,0.0843661,0.00015127259227940113
40,0.9490000000000001,-0.001728234284840838,0.0843661,0.0002787958679759757
40,0.9490000000000001,-0.0017536029809651214,0.0843661,0.000406444989035264
40,0.9490000000000001,-0.0017786567335507158,0.0843661,0.0005341694836119273
40,0.9490000000000001,-0.0018036064360536837,0.0843661,0.000661918879860628
40,0.9490000000000001,-0.0018286280657949777,0.0843661,0.0007896510622018133
40,0.9490000000000001,-0.0018537369858740455,0.0843661,0.0009173623538785377
40,0.9490000000000001,-0.001878903866737395,0.0843661,0.0010450597741540587
40,0.9490000000000001,-0.0019041000771542371,0.0843661,0.0011727501751663222
40,0.9490000000000001,-0.0019292955892483768,0.0843661,0.001300440743303901
40,0.9490000000000001,-0.001954467358370642,0.0843661,0.0014281369937022134
40,0.9490000000000001,-0.0019796146861983306,0.0843661,0.0015558390934865747
40,0.9490000000000001,-0.002004747349249273,0.0843661,0.0016835447029025646
40,0.9490000000000001,-0.002029871632427789,0.0843661,0.0018112523178223437
40,0.9490000000000001,-0.0020549959156063047,0.0843661,0.0019389599327421228
40,0.9490000000000001,-0.002080127182011843,0.0843661,0.002066665876408745
40,0.9490000000000001,-0.0021052647333217006,0.0843661,0.0021943703159475257
40,0.9490000000000001,-0.002130406474567772,0.0843661,0.0023220737527344126
40,0.9490000000000001,-0.0021555496124592466,0.0843661,0.0024497768552706675
40,0.9490000000000001,-0.002180693448673424,0.0843661,0.002577479790681607
40,0.9490000000000001,-0.002205835189919495,0.0843661,0.002705183227468494
40,0.9490000000000001,-0.0022309755345201617,0.0843661,0.0028328869985060116
40,0.9490000000000001,-0.002256115180798126,0.0843661,0.002960590936668846
40,0.9490000000000001,-0.0022812534304306863,0.0843661,0.0030882952090823122
40,0.9490000000000001,-0.0023063923783859476,0.0843661,0.0032159993143704604
40,0.9490000000000001,-0.0023315313263412097,0.0843661,0.0033437034196586095
40,0.9490000000000001,-0.0023566709726191744,0.0843661,0.003471407357821444
40,0.9490000000000001,-0.0023818106188971387,0.0843661,0.0035991112959842778
40,0.9490000000000001,-0.002406950265175103,0.0843661,0.0037268152341471115
40,0.9490000000000001,-0.0024320899114530677,0.0843661,0.0038545191723099452
40,0.9490000000000001,-0.0024572295577310315,0.0843661,0.0039822231104727785
40,0.9490000000000001,-0.002482369204008996,0.0843661,0.004109927048635612
40,0.9490000000000001,-0.00250750885028696,0.0843661,0.004237630986798446
40,0.9490000000000001,-0.002532648496564925,0.0843661,0.004365334924961281
40,0.9490000000000001,-0.0025577881428428886,0.0843661,0.004493038863124115
40,0.9490000000000001,-0.0025829277891208533,0.0843661,0.004620742801286947
40,0.9490000000000001,-0.002608067435398817,0.0843661,0.004748446739449781
40,0.9490000000000001,-0.002633207081676782,0.0843661,0.0048761506776126146
40,0.9490000000000001,-0.0026457772539771147,0.0843661,0.004940002563131374
40,0.9490000000000001,-0.0026583474262774484,0.0843661,0.005003854448650133
40,0.9490000000000001,-0.0026709169002550794,0.0843661,0.0050677065012942075
40,0.9490000000000001,-0.0026834863742327105,0.0843661,0.005131558553938282
41,0.9550571428571428,-0.0026461076432257903,0.08490458,0.005085255104799394
41,0.9550571428571428,-0.0026160085374735465,0.08490458,0.005028305452389453
41,0.9550571428571428,-0.002585944136640021,0.08490458,0.004971347629718069
41,0.9550571428571428,-0.0025559544848621956,0.08490458,0.0049143722095604985
41,0.9550571428571428,-0.0025260776240702038,0.08490458,0.004857370236053241
41,0.9550571428571428,-0.002466805099532291,0.08490458,0.004743253005221413
41,0.9550571428571428,-0.0024082600434828906,0.08490458,0.0046289645131401096
41,0.9550571428571428,-0.0023504144250261145,0.08490458,0.0045145113588666505
41,0.9550571428571428,-0.002293238211059225,0.08490458,0.004399900612819592
41,0.9550571428571428,-0.0022367407452141864,0.08490458,0.004285130075313163
41,0.9550571428571428,-0.0021809460539731875,0.08490458,0.004170194090012517
41,0.9550571428571428,-0.002125876829013851,0.08490458,0.004055087314823632
41,0.9550571428571428,-0.002071553759806952,0.08490458,0.003939804879013729
41,0.9550571428571428,-0.002017995533616415,0.08490458,0.003824342383211256
41,0.9550571428571428,-0.001965212161476486,0.08490458,0.003708697470610033
41,0.9550571428571428,-0.001913212319616843,0.08490458,0.0035928680986446956
41,0.9550571428571428,-0.0018620040168648845,0.08490458,0.0034768523818702983
41,0.9550571428571428,-0.0018115925924388737,0.08490458,0.0033606490633235403
41,0.9550571428571428,-0.0017619927291890383,0.08490458,0.003244254686355352
41,0.9550571428571428,-0.0017132678303322657,0.08490458,0.0031276543245265546
41,0.9550571428571428,-0.0016654953145333893,0.08490458,0.003010829751869318
41,0.9550571428571428,-0.001618752600457241,0.08490458,0.002893762742415807
41,0.9550571428571428,-0.0015731144371595217,0.08490458,0.002776435698679837
41,0.9550571428571428,-0.0015286509018799504,0.08490458,0.0026588321230181103
41,0.9550571428571428,-0.0014853813492847344,0.08490458,0.0025409474589386683
41,0.9550571428571428,-0.001443311118592139,0.08490458,0.002422780449478212
41,0.9550571428571428,-0.0014024415446067299,0.08490458,0.0023043307803959166
41,0.9550571428571428,-0.0013627772991444877,0.08490458,0.0021855973518488947
41,0.9550571428571428,-0.0013243323976533574,0.08490458,0.002066576864308488
41,0.9550571428571428,-0.0012871855936027366,0.08490458,0.0019472507775660389
41,0.9550571428571428,-0.001251445006162478,0.08490458,0.0018275936381147416
41,0.9550571428571428,-0.001217216752295585,0.08490458,0.0017075804638090333
41,0.9550571428571428,-0.001184608283769626,0.08490458,0.0015871859582625226
41,0.9550571428571428,-0.0011537050280768307,0.08490458,0.0014663900100624265
41,0.9550571428571428,-0.0011244342383683473,0.08490458,0.0013452097453336938
41,0.9550571428571428,-0.0010966590971761532,0.08490458,0.0012236773737608583
41,0.9550571428571428,-0.0010702421196299423,0.08490458,0.001101825262148866
41,0.9550571428571428,-0.0010450471556639749,0.08490458,0.0009796854630618388
41,0.9550571428571428,-0.0010210101346590796,0.08490458,0.0008572730600593646
41,0.9550571428571428,-0.00099856687030608,0.08490458,0.0007344854535121699
41,0.9550571428571428,-0.0009783634080149574,0.08490458,0.0006111705508610882
41,0.9550571428571428,-0.0009610584738390712,0.08490458,0.00048717327425911914
41,0.9550571428571428,-0.000947328146291139,0.08490458,0.00036233446072854035
41,0.9550571428571428,-0.0009377917746898211,0.08490458,0.0002365083025266787
41,0.9550571428571428,-0.0009325701588483466,0.08490458,0.0001096663608588979
41,0.9550571428571428,-0.0009315978933429783,0.08490458,-1.8175966474391126e-05
41,0.9550571428571428,-0.0009351699699828192,0.08490458,-0.00014708812669545228
41,0.9550571428571428,-0.0009441259808399315,0.08490458,-0.00027726777728303653
41,0.9550571428571428,-0.0009593889432717575,0.08490458,-0.0004089322157674408
41,0.9550571428571428,-0.0009820360445631216,0.08490458,-0.000542335034494217
41,0.9550571428571428,-0.0009976640062332603,0.08490458,-0.0006100497919571329
41,0.9550571428571428,-0.0010177315278901713,0.08490458,-0.0006788097144030803
41,0.9550571428571428,-0.0010442047766596853,0.08490458,-0.0007490776785668769
41,0.9550571428571428,-0.0010809640294153888,0.08490458,-0.0008217671825259949
41,0.9550571428571428,-0.0011196950415139992,0.08490458,-0.0008821137578539849
41,0.9550571428571428,-0.0011414992355055272,0.08490458,-0.0009128611635047502
41,0.9550571428571428,-0.001167895824606643,0.08490458,-0.0009446897147129776
41,0.9550571428571428,-0.0011858707172969073,0.08490458,-0.0009617285011083653
41,0.9550571428571428,-0.0011982936168939801,0.08490458,-0.0009710566716286919
41,0.9550571428571428,-0.0012068436442922836,0.08490458,-0.0009762713068137713
41,0.9550571428571428,-0.0012217399999999998,0.08490458,-0.0009829799999999998
41,0.9550571428571428,-0.0012536218703104514,0.08490458,-0.0009872838765162158
41,0.9550571428571428,-0.001262824076238689,0.08490458,-0.00098624848717955
41,0.9550571428571428,-0.0012767295293052015,0.08490458,-0.0009831185598064875
41,0.9550571428571428,-0.0012976148019471364,0.08490458,-0.0009752282665412828
41,0.9550571428571428,-0.001328513364040309,0.08490458,-0.0009568881884934985
41,0.9550571428571428,-0.0013521606003282687,0.08490458,-0.0009368409971654022
41,0.9550571428571428,-0.0013856051407265728,0.08490458,-0.000893486051711876
41,0.9550571428571428,-0.0014154613120477904,0.08490458,-0.0008364792074718347
41,0.9550571428571428,-0.0014425290766304731,0.08490458,-0.0007788159141489455
41,0.9550571428571428,-0.0014669846286773432,0.08490458,-0.0007205376515320718
41,0.9550571428571428,-0.0014884929322423151,0.08490458,-0.0006615655451742082
41,0.9550571428571428,-0.0015259487435499825,0.08490458,-0.0005423122051826816
41,0.9550571428571428,-0.0015606501856355501,0.08490458,-0.00042241042924933737
41,0.9550571428571428,-0.001593119834486637,0.08490458,-0.0003019832426570553
41,0.9550571428571428,-0.0016235365539150975,0.08490458,-0.0001810727536763479
41,0.9550571428571428,-0.00165219867274145,0.08490458,-5.9749195131541025e-05
41,0.9550571428571428,-0.0016793938413496834,0.08490458,6.191971407963712e-05
41,0.9550571428571428,-0.0017054023686986746,0.08490458,0.000183867983383995
41,0.9550571428571428,-0.0017304918831039218,0.08490458,0.0003060326074961746
41,0.9550571428571428,-0.0017548786229051295,0.08490458,0.0004283626794025718
41,0.9550571428571428,-0.0017787628087872092,0.08490458,0.0005508110629794775
41,0.9550571428571428,-0.0018023459962396386,0.08490458,0.000673330307862358
41,0.9550571428571428,-0.001825829740751895,0.08490458,0.0007958729636866806
41,0.9550571428571428,-0.0018493822276993048,0.08490458,0.0009183994361085302
41,0.9550571428571428,-0.0018730181399320943,0.08490458,0.0010409062684788347
41,0.9550571428571428,-0.0018967094465543758,0.08490458,0.0011634000598549122
41,0.9550571428571428,-0.001920428784072545,0.08490458,0.0012858872521736714
41,0.9550571428571428,-0.001944147454188431,0.08490458,0.001408374601612843
41,0.9550571428571428,-0.001967843432626694,0.08490458,0.0015308672931460341
41,0.9550571428571428,-0.0019915160519850504,0.08490458,0.001653365483893658
41,0.9550571428571428,-0.002015174655895463,0.08490458,0.0017758669741699425
41,0.9550571428571428,-0.0020388252509784795,0.08490458,0.0018983703498911743
41,0.9550571428571428,-0.0020624758460614954,0.08490458,0.0020208737256124064
41,0.9550571428571428,-0.0020861331151673422,0.08490458,0.0021433755301295153
41,0.9550571428571428,-0.0021097963908937364,0.08490458,0.002265875920562913
41,0.9550571428571428,-0.0021334636710338283,0.08490458,0.0023883753682738358
41,0.9550571428571428,-0.0021571322859784865,0.08490458,0.0025108745017439343
41,0.9550571428571428,-0.002180801568325428,0.08490458,0.00263337347809362
41,0.9550571428571428,-0.0022044688484655203,0.08490458,0.0027558729258045428
41,0.9550571428571428,-0.0022281347938010463,0.08490458,0.002878372687756291
41,0.9550571428571428,-0.0022518000717342895,0.08490458,0.003000872606828451
41,0.9550571428571428,-0.0022754640148629664,0.08490458,0.0031233728401414374
41,0.9550571428571428,-0.002299128625393926,0.08490458,0.003245872916334008
41,0.9550571428571428,-0.0023227932359248865,0.08490458,0.0033683729925265814
41,0.9550571428571428,-0.0023464585138581293,0.08490458,0.0034908729115987417
41,0.9550571428571428,-0.002370123791791373,0.08490458,0.003613372830670902
41,0.9550571428571428,-0.0023937890697246153,0.08490458,0.0037358727497430622
41,0.9550571428571428,-0.0024174543476578585,0.08490458,0.0038583726688152234
41,0.9550571428571428,-0.0024411196255911018,0.08490458,0.003980872587887383
41,0.9550571428571428,-0.002464784903524345,0.08490458,0.004103372506959543
41,0.9550571428571428,-0.002488450181457588,0.08490458,0.004225872426031703
41,0.9550571428571428,-0.0025121154593908306,0.08490458,0.004348372345103863
41,0.9550571428571428,-0.0025357807373240743,0.08490458,0.004470872264176024
41,0.9550571428571428,-0.002559446015257317,0.08490458,0.004593372183248184
41,0.9550571428571428,-0.0025831112931905603,0.08490458,0.004715872102320344
41,0.9550571428571428,-0.002606776571123803,0.08490458,0.004838372021392504
41,0.9550571428571428,-0.002618609543791566,0.08490458,0.004899621902368377
41,0.9550571428571428,-0.0026304425164593295,0.08490458,0.004960871783344253
41,0.9550571428571428,-0.0026422748217248097,0.08490458,0.005022121821440539
41,0.9550571428571428,-0.002654107126990289,0.08490458,0.005083371859536824
42,0.9601142857142858,-0.0026209744532090747,0.08535416,0.0050423017939874755
42,0.9601142857142858,-0.0025922015051696367,0.08535416,0.0049873376850559075
42,0.9601142857142858,-0.0025634619101679175,0.08535416,0.0049323658361651625
42,0.9601142857142858,-0.0025347941524782092,0.08535416,0.004877377316593106
42,0.9601142857142858,-0.002506234792161088,0.08535416,0.004822363642153715
42,0.9601142857142858,-0.0024495785242229138,0.08535416,0.004712228975764003
42,0.9601142857142858,-0.0023936213872677,0.08535416,0.004601932067922259
42,0.9601142857142858,-0.002338336442303441,0.08535416,0.0044914791701339725
42,0.9601142857142858,-0.002283694826124421,0.08535416,0.00438087698044074
42,0.9601142857142858,-0.002229705518394638,0.08535416,0.004270123415007401
42,0.9601142857142858,-0.0021763916096786693,0.08535416,0.004159213115400675
42,0.9601142857142858,-0.002123774907731946,0.08535416,0.004048141020878021
42,0.9601142857142858,-0.002071875296096185,0.08535416,0.003936902517233007
42,0.9601142857142858,-0.002020710734099389,0.08535416,0.0038254934367953053
42,0.9601142857142858,-0.001970290842810131,0.08535416,0.0037139115468843814
42,0.9601142857142858,-0.0019206239604878414,0.08535416,0.0036021549125104424
42,0.9601142857142858,-0.0018717177839873774,0.08535416,0.0034902217475290616
42,0.9601142857142858,-0.0018235774445453114,0.08535416,0.003378110861177287
42,0.9601142857142858,-0.0017762170530622175,0.08535416,0.0032658189788570074
42,0.9601142857142858,-0.0017296975429723898,0.08535416,0.0031533319602581804
42,0.9601142857142858,-0.0016840933172061253,0.08535416,0.0030406325393180214
42,0.9601142857142858,-0.0016394787786937204,0.08535416,0.002927703449973745
42,0.9601142857142858,-0.0015959257647471855,0.08535416,0.0028145280215440428
42,0.9601142857142858,-0.0015535016228465312,0.08535416,0.0027010906252651853
42,0.9601142857142858,-0.001512224953724331,0.08535416,0.0025873869446214766
42,0.9601142857142858,-0.0014721008886171573,0.08535416,0.0024734157888499663
42,0.9601142857142858,-0.0014331307103341532,0.08535416,0.002359176860259916
42,0.9601142857142858,-0.0013953189087073192,0.08535416,0.0022446691169337443
42,0.9601142857142858,-0.0013586789532326572,0.08535416,0.0021298894331187057
42,0.9601142857142858,-0.0013232865296496075,0.08535416,0.0020148202450612778
42,0.9601142857142858,-0.001289245545498756,0.08535416,0.0018994374398117074
42,0.9601142857142858,-0.0012566579841069752,0.08535416,0.001783717350956351
42,0.9601142857142858,-0.0012256271116102807,0.08535416,0.0016676360143908246
42,0.9601142857142858,-0.0011962350277938266,0.08535416,0.0015511743779079165
42,0.9601142857142858,-0.0011684118195593174,0.08535416,0.0014343486656528313
42,0.9601142857142858,-0.0011420259989695907,0.08535416,0.0013171893909261802
42,0.9601142857142858,-0.001116945436682913,0.08535416,0.0011997272158739435
42,0.9601142857142858,-0.0010930392861666933,0.08535416,0.0010819925049513643
42,0.9601142857142858,-0.0010702459725820661,0.08535416,0.0009639995473138517
42,0.9601142857142858,-0.0010489843331142352,0.08535416,0.0008456511469355538
42,0.9601142857142858,-0.0010298752473884348,0.08535416,0.0007268032214994356
42,0.9601142857142858,-0.0010135517817167579,0.08535416,0.000607308860626454
42,0.9601142857142858,-0.0010006636789301573,0.08535416,0.00048701728395797645
42,0.9601142857142858,-0.000991806162471006,0.08535416,0.00036579036299172083
42,0.9601142857142858,-0.0009870953265667497,0.08535416,0.00024360115671592775
42,0.9601142857142858,-0.0009864683135693791,0.08535416,0.0001204642519767431
42,0.9601142857142858,-0.0009902086242995073,0.08535416,-3.686140878859283e-06
42,0.9601142857142858,-0.0009991231457081098,0.08535416,-0.00012903726932487743
42,0.9601142857142858,-0.0010140989403176032,0.08535416,-0.0002557949865064148
42,0.9601142857142858,-0.0010361712351064248,0.08535416,-0.0003841995288487755
42,0.9601142857142858,-0.001051344121284872,0.08535416,-0.0004493617782262763
42,0.9601142857142858,-0.001070783630673089,0.08535416,-0.0005155141469972875
42,0.9601142857142858,-0.0010963793411387817,0.08535416,-0.0005830951336184056
42,0.9601142857142858,-0.001131860378860784,0.08535416,-0.0006529701250640545
42,0.9601142857142858,-0.0011692056309025598,0.08535416,-0.0007109494880232403
42,0.9601142857142858,-0.0011902219492277918,0.08535416,-0.0007404830504805672
42,0.9601142857142858,-0.0012156517724096723,0.08535416,-0.0007710408179208683
42,0.9601142857142858,-0.0012329572165190013,0.08535416,-0.0007873849879457921
42,0.9601142857142858,-0.0012449115686055795,0.08535416,-0.0007963232544943476
42,0.9601142857142858,-0.0012531362262674845,0.08535416,-0.0008013139419410336
42,0.9601142857142858,-0.00126746,0.08535416,-0.00080772
42,0.9601142857142858,-0.0012980922726855183,0.08535416,-0.0008117465138428877
42,0.9601142857142858,-0.0013069283352215484,0.08535416,-0.0008107149643619231
42,0.9601142857142858,-0.0013202767520769736,0.08535416,-0.0008076484987686571
42,0.9601142857142858,-0.0013403177305491318,0.08535416,-0.0007999709991896934
42,0.9601142857142858,-0.0013699512070233413,0.08535416,-0.0007821913089733954
42,0.9601142857142858,-0.0013926158228279556,0.08535416,-0.0007627944138246726
42,0.9601142857142858,-0.0014246346267689427,0.08535416,-0.0007209117844331013
42,0.9601142857142858,-0.0014531741035443465,0.08535416,-0.0006658934957872776
42,0.9601142857142858,-0.0014790337920199282,0.08535416,-0.0006102533311904488
42,0.9601142857142858,-0.0015023830230025694,0.08535416,-0.0005540305858199882
42,0.9601142857142858,-0.0015228998113973658,0.08535416,-0.0004971505393007391
42,0.9601142857142858,-0.0015585892052970309,0.08535416,-0.0003821502666490827
42,0.9601142857142858,-0.0015916315225300212,0.08535416,-0.000266535709160232
42,0.9601142857142858,-0.0016225289828758391,0.08535416,-0.00015042341275798708
42,0.9601142857142858,-0.0016514534827596532,0.08535416,-3.385326800119657e-05
42,0.9601142857142858,-0.0016786917300249337,0.08535416,8.310819123026906e-05
42,0.9601142857142858,-0.0017045201700420071,0.08535416,0.0002003968125824406
42,0.9601142857142858,-0.0017292081927309127,0.08535416,0.00031795008100040604
42,0.9601142857142858,-0.0017530130013248316,0.08535416,0.0004357083094912611
42,0.9601142857142858,-0.001776142410904937,0.08535416,0.0005536232721555028
42,0.9601142857142858,-0.0017987888428426858,0.08535416,0.0006716503153824797
42,0.9601142857142858,-0.0018211460013186774,0.08535416,0.0007897444878708021
42,0.9601142857142858,-0.0018434075905135123,0.08535416,0.0009078608383190816
42,0.9601142857142858,-0.0018657352443792142,0.08535416,0.0010259618576943708
42,0.9601142857142858,-0.0018881430738163566,0.08535416,0.0011440442713985554
42,0.9601142857142858,-0.0019106041398329352,0.08535416,0.0012621143309371262
42,0.9601142857142858,-0.0019330921448415177,0.08535416,0.0013801781389702057
42,0.9601142857142858,-0.0019555795084455286,0.08535416,0.0014982420958486544
42,0.9601142857142858,-0.0019780450642941077,0.08535416,0.0016163111134696435
42,0.9601142857142858,-0.0020004881709826837,0.08535416,0.0017343853406785411
42,0.9601142857142858,-0.0020229178081752576,0.08535416,0.0018524626936401857
42,0.9601142857142858,-0.002045339748512973,0.08535416,0.0019705418327462553
42,0.9601142857142858,-0.002067761688850689,0.08535416,0.0020886209718523254
42,0.9601142857142858,-0.00209019004323412,0.08535416,0.002206698622504707
42,0.9601142857142858,-0.0021126241702586947,0.08535416,0.0023247749335487695
42,0.9601142857142858,-0.0021350621457106984,0.08535416,0.002442850351520618
42,0.9601142857142858,-0.002157501403971845,0.08535416,0.0025609254718017295
42,0.9601142857142858,-0.0021799413036375634,0.08535416,0.002679000443237472
42,0.9601142857142858,-0.0022023792790895674,0.08535416,0.002797075861209321
42,0.9601142857142858,-0.002224815971732428,0.08535416,0.002915151576871908
42,0.9601142857142858,-0.0022472520229707173,0.08535416,0.0030332274413798635
42,0.9601142857142858,-0.002269686791399863,0.08535416,0.0031513036035785568
42,0.9601142857142858,-0.0022921222012335807,0.08535416,0.0032693796169318804
42,0.9601142857142858,-0.0023145576110672984,0.08535416,0.0033874556302852057
42,0.9601142857142858,-0.002336993662305588,0.08535416,0.003505531494793161
42,0.9601142857142858,-0.002359429713543877,0.08535416,0.0036236073593011162
42,0.9601142857142858,-0.002381865764782166,0.08535416,0.0037416832238090724
42,0.9601142857142858,-0.0024043018160204554,0.08535416,0.0038597590883170277
42,0.9601142857142858,-0.0024267378672587444,0.08535416,0.003977834952824983
42,0.9601142857142858,-0.0024491739184970334,0.08535416,0.004095910817332939
42,0.9601142857142858,-0.002471609969735323,0.08535416,0.004213986681840894
42,0.9601142857142858,-0.002494046020973612,0.08535416,0.004332062546348849
42,0.9601142857142858,-0.002516482072211901,0.08535416,0.0044501384108568045
42,0.9601142857142858,-0.0025389181234501904,0.08535416,0.0045682142753647615
42,0.9601142857142858,-0.002561354174688479,0.08535416,0.004686290139872715
42,0.9601142857142858,-0.0025837902259267685,0.08535416,0.004804366004380672
42,0.9601142857142858,-0.002595008572248199,0.08535416,0.0048634038622119655
42,0.9601142857142858,-0.0026062269185696293,0.08535416,0.004922441720043259
42,0.9601142857142858,-0.002617444623486488,0.08535416,0.004981479726719921
42,0.9601142857142858,-0.002628662328403347,0.08535416,0.005040517733396583
43,0.9651428571428572,-0.0025950213666929554,0.0858012,0.004999272671992599
43,0.9651428571428572,-0.002567599216983652,0.0858012,0.0049463700780675995
43,0.9651428571428572,-0.0025402090324430043,0.0858012,0.004893460176645153
43,0.9651428571428572,-0.002512887695957924,0.0858012,0.004840534535997435
43,0.9651428571428572,-0.0024856702462709764,0.0858012,0.004787585145983012
43,0.9651428571428572,-0.0024316785562547953,0.0858012,0.004681585044691481
43,0.9651428571428572,-0.0023783569053508306,0.0858012,0.004575431767011146
43,0.9651428571428572,-0.002325679475538244,0.0858012,0.004469131215151483
43,0.9651428571428572,-0.0022736186046518536,0.0858012,0.004362689712908362
43,0.9651428571428572,-0.0022221828986986047,0.0858012,0.004256105292878622
43,0.9651428571428572,-0.002171394487410643,0.0858012,0.004149372896025569
43,0.9651428571428572,-0.002121274271090553,0.0858012,0.004042487744370105
43,0.9651428571428572,-0.0020718413058965707,0.0858012,0.003935445481519518
43,0.9651428571428572,-0.0020231128038425885,0.0858012,0.0038282421726674913
43,0.9651428571428572,-0.0019750979856503342,0.0858012,0.0037208757098820683
43,0.9651428571428572,-0.0019278048426119715,0.0858012,0.0036133442662888886
43,0.9651428571428572,-0.0018812407513048826,0.0858012,0.003505646155542385
43,0.9651428571428572,-0.0018354106294473228,0.0858012,0.0033977802534121823
43,0.9651428571428572,-0.0017903280007644927,0.0858012,0.003289743468264746
43,0.9651428571428572,-0.0017460512631606677,0.0858012,0.0031815224498643532
43,0.9651428571428572,-0.0017026517235505427,0.0858012,0.0030731008968705445
43,0.9651428571428572,-0.0016602006888488117,0.0858012,0.00296446250794286
43,0.9651428571428572,-0.0016187670071110428,0.0858012,0.002855591543856028
43,0.9651428571428572,-0.0015784152233893297,0.0858012,0.0027464732490863567
43,0.9651428571428572,-0.0015391631644123458,0.0858012,0.002637103548298731
43,0.9651428571428572,-0.0015010157478983464,0.0858012,0.002527481317262774
43,0.9651428571428572,-0.0014639742032768951,0.0858012,0.0024176062749208917
43,0.9651428571428572,-0.0014280428335514649,0.0858012,0.0023074774375715047
43,0.9651428571428572,-0.001393234547732474,0.0858012,0.002197091854109874
43,0.9651428571428572,-0.0013596218821641816,0.0858012,0.0020864329421379476
43,0.9651428571428572,-0.001327304420641247,0.0858012,0.001975477935990598
43,0.9651428571428572,-0.0012963799028139842,0.0858012,0.001864204491589092
43,0.9651428571428572,-0.0012669472977622713,0.0858012,0.0017525899837971032
43,0.9651428571428572,-0.0012390852889781851,0.0858012,0.0016406164249286057
43,0.9651428571428572,-0.0012127268725505035,0.0858012,0.0015282991326224795
43,0.9651428571428572,-0.0011877460319489478,0.0858012,0.001415666915282125
43,0.9651428571428572,-0.0011640161359284566,0.0858012,0.0013027487218397367
43,0.9651428571428572,-0.0011414117826735327,0.0858012,0.001189573220169917
43,0.9651428571428572,-0.0011198739595651183,0.0858012,0.0010761539010371846
43,0.9651428571428572,-0.0010998040753557616,0.0858012,0.0009623989991370539
43,0.9651428571428572,-0.0010817971739542933,0.0858012,0.000848172482593963
43,0.9651428571428572,-0.0010664599788503992,0.0858012,0.0007333356494852064
43,0.9651428571428572,-0.001054415196118093,0.0858012,0.0006177461441393538
43,0.9651428571428572,-0.0010462332810749321,0.0858012,0.0005012735558327264
43,0.9651428571428572,-0.001042025497096431,0.0858012,0.00038389244885305503
43,0.9651428571428572,-0.0010417316021339685,0.0858012,0.000265616595022452
43,0.9651428571428572,-0.0010456233001211218,0.0858012,0.00014638388061261325
43,0.9651428571428572,-0.0010544739022534588,0.0858012,2.6017520396827767e-05
43,0.9651428571428572,-0.0010691335590742774,0.0858012,-9.567683695124968e-05
43,0.9651428571428572,-0.0010905944202414838,0.0858012,-0.0002189260049100868
43,0.9651428571428572,-0.001105289453810628,0.0858012,-0.0002814569293661949
43,0.9651428571428572,-0.001124073570108638,0.0858012,-0.00034492265138039884
43,0.9651428571428572,-0.0011487577188828435,0.0858012,-0.00040973716878886084
43,0.9651428571428572,-0.00118291585187492,0.0858012,-0.00047671751601773373
43,0.9651428571428572,-0.001218829923771025,0.0858012,-0.000532264981095871
43,0.9651428571428572,-0.001239033127531957,0.0858012,-0.0005605522058594258
43,0.9651428571428572,-0.0012634661837067985,0.0858012,-0.0005898064092756051
43,0.9651428571428572,-0.001280082225487919,0.0858012,-0.0006054392755843099
43,0.9651428571428572,-0.0012915544907180518,0.0858012,-0.0006139790807215695
43,0.9651428571428572,-0.0012994445839287203,0.0858012,-0.0006187413961951252
43,0.9651428571428572,-0.00131318,0.0858012,-0.00062484
43,0.9651428571428572,-0.0013425299429885818,0.0858012,-0.0006285910595816164
43,0.9651428571428572,-0.0013509906482603396,0.0858012,-0.0006275666695812704
43,0.9651428571428572,-0.0013637682664594045,0.0858012,-0.0006245705849595436
43,0.9651428571428572,-0.0013829446075662778,0.0858012,-0.0006171201483889159
43,0.9651428571428572,-0.001411283585983689,0.0858012,-0.0005999300611434242
43,0.9651428571428572,-0.0014329436882963007,0.0858012,-0.0005812131285177894
43,0.9651428571428572,-0.0014635073317685746,0.0858012,-0.0005408630096697662
43,0.9651428571428572,-0.0014907057252972846,0.0858012,-0.0004879092632626346
43,0.9651428571428572,-0.001515335840467426,0.0858012,-0.00043436838754135304
43,0.9651428571428572,-0.0015375599619814064,0.0858012,-0.00038027748210834765
43,0.9651428571428572,-0.0015570695030187377,0.0858012,-0.00032556600150749027
43,0.9651428571428572,-0.0015909667815310266,0.0858012,-0.00021497215436860548
43,0.9651428571428572,-0.001622327132138621,0.0858012,-0.00010379834488422144
43,0.9651428571428572,-0.0016516318765157092,0.0858012,7.845392897557727e-06
43,0.9651428571428572,-0.0016790457582238271,0.0858012,0.00011992139725911801
43,0.9651428571428572,-0.0017048435547704613,0.0858012,0.00023236685182816976
43,0.9651428571428572,-0.0017292902082265895,0.0858012,0.00034512118869317663
43,0.9651428571428572,-0.0017526438988005886,0.0858012,0.0004581253857593706
43,0.9651428571428572,-0.0017751511271199803,0.0858012,0.0005713230909791271
43,0.9651428571428572,-0.001797011060774084,0.0858012,0.0006846687730221958
43,0.9651428571428572,-0.0018184081141974545,0.0858012,0.0007981202732494572
43,0.9651428571428572,-0.001839527931254211,0.0858012,0.0009116351519641958
43,0.9651428571428572,-0.0018605561558084718,0.0858012,0.0010251709694696976
43,0.9651428571428572,-0.001881647695985263,0.0858012,0.0011386923125091015
43,0.9651428571428572,-0.0019028160755097854,0.0858012,0.0012521960894488716
43,0.9651428571428572,-0.0019240354763612015,0.0858012,0.001365688202498485
43,0.9651428571428572,-0.0019452806952334552,0.0858012,0.0014791744133386224
43,0.9651428571428572,-0.001966525299390927,0.0858012,0.0015926607647075558
43,0.9651428571428572,-0.0019877490032458164,0.0858012,0.0017061518940555901
43,0.9651428571428572,-0.0020089511920833407,0.0858012,0.0018196479419115218
43,0.9651428571428572,-0.002030140471910446,0.0858012,0.0019331469408721922
43,0.9651428571428572,-0.002051322375160169,0.0858012,0.0020466476261784263
43,0.9651428571428572,-0.0020725042784098925,0.0858012,0.0021601483114846616
43,0.9651428571428572,-0.0020936923288074343,0.0858012,0.002273647591502926
43,0.9651428571428572,-0.0021148859116380124,0.0858012,0.0023871456067620167
43,0.9651428571428572,-0.002136083182757282,0.0858012,0.0025006427788483243
43,0.9651428571428572,-0.0021572816833061153,0.0858012,0.002614139669877038
43,0.9651428571428572,-0.0021784807985697303,0.0858012,0.0027276364203769558
43,0.9651428571428572,-0.0021996780696889994,0.0858012,0.0028411335924632634
43,0.9651428571428572,-0.002220874111378705,0.0858012,0.0029546310456071657
43,0.9651428571428572,-0.0022420695383536292,0.0858012,0.003068128639279865
43,0.9651428571428572,-0.0022632637358989895,0.0858012,0.003181626514010158
43,0.9651428571428572,-0.0022844585481591314,0.0858012,0.003295124248211655
43,0.9651428571428572,-0.002305653360419274,0.0858012,0.0034086219824131514
43,0.9651428571428572,-0.002326848787394198,0.0858012,0.0035221195760858515
43,0.9651428571428572,-0.0023480442143691215,0.0858012,0.00363561716975855
43,0.9651428571428572,-0.002369239641344045,0.0858012,0.003749114763431249
43,0.9651428571428572,-0.002390435068318969,0.0858012,0.0038626123571039485
43,0.9651428571428572,-0.0024116304952938932,0.0858012,0.003976109950776648
43,0.9651428571428572,-0.0024328259222688173,0.0858012,0.004089607544449347
43,0.9651428571428572,-0.0024540213492437414,0.0858012,0.004203105138122047
43,0.9651428571428572,-0.002475216776218665,0.0858012,0.0043166027317947464
43,0.9651428571428572,-0.0024964122031935886,0.0858012,0.004430100325467446
43,0.9651428571428572,-0.002517607630168513,0.0858012,0.004543597919140146
43,0.9651428571428572,-0.0025388030571434368,0.0858012,0.004657095512812844
43,0.9651428571428572,-0.0025599984841183604,0.0858012,0.004770593106485543
43,0.9651428571428572,-0.0025705965049632132,0.0858012,0.004827341833057495
43,0.9651428571428572,-0.0025811945258080666,0.0858012,0.004884090559629446
43,0.9651428571428572,-0.0025917919319381373,0.0858012,0.004940839426730194
43,0.9651428571428572,-0.0026023893380682085,0.0858012,0.004997588293830942
44,0.9702000000000001,-0.0025713461234121078,0.08625078,0.004956932843051834
44,0.9702000000000001,-0.002545453340356829,0.08625078,0.004906471966833886
44,0.9702000000000001,-0.0025195909162719523,0.08625078,0.0048560042578343005
44,0.9702000000000001,-0.0024937938807387096,0.08625078,0.004805521832074266
44,0.9702000000000001,-0.002468095511859271,0.08625078,0.004755017199773911
44,0.9702000000000001,-0.0024171197129015387,0.08625078,0.004653913196027815
44,0.9702000000000001,-0.00236678028466953,0.08625078,0.0045526659666666365
44,0.9702000000000001,-0.0023170527064563812,0.08625078,0.004451281030475544
44,0.9702000000000001,-0.0022679107060761686,0.08625078,0.004349764300438647
44,0.9702000000000001,-0.0022193624570978473,0.08625078,0.00424811393696089
44,0.9702000000000001,-0.0021714289772701563,0.08625078,0.004146325209654985
44,0.9702000000000001,-0.0021241301166891264,0.08625078,0.004044393650932939
44,0.9702000000000001,-0.0020774839739717294,0.08625078,0.0039423151874056995
44,0.9702000000000001,-0.002031506896255872,0.08625078,0.003840086139883154
44,0.9702000000000001,-0.0019862076409368633,0.08625078,0.003737704537370599
44,0.9702000000000001,-0.0019415937977573037,0.08625078,0.0036351686716726266
44,0.9702000000000001,-0.0018976723726334395,0.08625078,0.0035324769659934733
44,0.9702000000000001,-0.001854448036176102,0.08625078,0.003429628369135964
44,0.9702000000000001,-0.0018119336325650758,0.08625078,0.003326619990307869
44,0.9702000000000001,-0.0017701846253039796,0.08625078,0.003223439346542735
44,0.9702000000000001,-0.0017292687382498625,0.08625078,0.0031200711954815262
44,0.9702000000000001,-0.0016892536952597742,0.08625078,0.0030165002947652067
44,0.9702000000000001,-0.0016502048848853483,0.08625078,0.002912711927633327
44,0.9702000000000001,-0.0016121836088937424,0.08625078,0.0028086922971229675
44,0.9702000000000001,-0.0015752067982492182,0.08625078,0.002704437592644369
44,0.9702000000000001,-0.001539279123562607,0.08625078,0.002599946763000355
44,0.9702000000000001,-0.0015044017524866165,0.08625078,0.0024952195453916332
44,0.9702000000000001,-0.0014705787718057237,0.08625078,0.002390255020020675
44,0.9702000000000001,-0.0014378224418733598,0.08625078,0.0022850504274948965
44,0.9702000000000001,-0.0014062016541992826,0.08625078,0.002179590262655969
44,0.9702000000000001,-0.0013758109886528192,0.08625078,0.002073853238761098
44,0.9702000000000001,-0.0013467432736242362,0.08625078,0.001967818463266434
44,0.9702000000000001,-0.0013190925051565073,0.08625078,0.0018614647808288315
44,0.9702000000000001,-0.001292933413022928,0.08625078,0.0017547753722934908
44,0.9702000000000001,-0.0012682023601509264,0.08625078,0.0016477645602219222
44,0.9702000000000001,-0.001244779662137958,0.08625078,0.001540459281541731
44,0.9702000000000001,-0.001222545050755125,0.08625078,0.001432886604580172
44,0.9702000000000001,-0.0012013794254262364,0.08625078,0.0013250733348652054
44,0.9702000000000001,-0.0011812267388213206,0.08625078,0.00121703208676293
44,0.9702000000000001,-0.0011624682295494576,0.08625078,0.0011086770563039435
44,0.9702000000000001,-0.0011456690415211981,0.08625078,0.0009998810486300815
44,0.9702000000000001,-0.0011314054113478167,0.08625078,0.00089051437228989
44,0.9702000000000001,-0.0011202687551257885,0.08625078,0.0007804439194410959
44,0.9702000000000001,-0.0011128008637115092,0.08625078,0.0006695477512114087
44,0.9702000000000001,-0.0011091074096750298,0.08625078,0.0005578020842647466
44,0.9702000000000001,-0.0011091311780336709,0.08625078,0.00044521979576650234
44,0.9702000000000001,-0.0011131302200358454,0.08625078,0.0003317428070727617
44,0.9702000000000001,-0.0011218389892347271,0.08625078,0.00021720581742777048
44,0.9702000000000001,-0.001136064917477725,0.08625078,0.00010142710111991535
44,0.9702000000000001,-0.0011567503004999932,0.08625078,-1.58054208808416e-05
44,0.9702000000000001,-0.0011708583800804425,0.08625078,-7.526914390366859e-05
44,0.9702000000000001,-0.0011888500725668663,0.08625078,-0.00013560693737743422
44,0.9702000000000001,-0.00121244533039778,0.08625078,-0.0001972059046617993
44,0.9702000000000001,-0.0012450385199946111,0.08625078,-0.00026083000330363046
44,0.9702000000000001,-0.0012792691258357062,0.08625078,-0.00031356493528378375
44,0.9702000000000001,-0.001298517730253312,0.08625078,-0.000340412535583501
44,0.9702000000000001,-0.0013217836438119298,0.08625078,-0.0003681642968532886
44,0.9702000000000001,-0.0013375950458059203,0.08625078,-0.0003829806047607872
44,0.9702000000000001,-0.0013485059929594855,0.08625078,-0.0003910651383967683
44,0.9702000000000001,-0.0013560071940802454,0.08625078,-0.00039556782957736984
44,0.9702000000000001,-0.00136906,0.08625078,-0.00040132000000000004
44,0.9702000000000001,-0.0013969275832233258,0.08625078,-0.000404777630826059
44,0.9702000000000001,-0.00140495557928928,0.08625078,-0.00040377003885238975
44,0.9702000000000001,-0.0014170759979697193,0.08625078,-0.00040086908988554176
44,0.9702000000000001,-0.0014352584692564393,0.08625078,-0.00039370365781633934
44,0.9702000000000001,-0.00146211288052526,0.08625078,-0.00037723229343052193
44,0.9702000000000001,-0.0014826240184592314,0.08625078,-0.00035933327188152845
44,0.9702000000000001,-0.001511530729831566,0.08625078,-0.00032080842331182234
44,0.9702000000000001,-0.001537211000094034,0.08625078,-0.0002702997176224155
44,0.9702000000000001,-0.0015604520438500134,0.08625078,-0.00021924202420841126
44,0.9702000000000001,-0.0015814079912569272,0.08625078,-0.00016767003257658178
44,0.9702000000000001,-0.00159978576148513,0.08625078,-0.00011551778010420154
44,0.9702000000000001,-0.0016316768607610513,0.08625078,-1.0118453301771052e-05
44,0.9702000000000001,-0.0016611585086745316,0.08625078,9.582315984326664e-05
44,0.9702000000000001,-0.0016886878412606548,0.08625078,0.000202204173407417
44,0.9702000000000001,-0.0017144213239822593,0.08625078,0.0003089893722853209
44,0.9702000000000001,-0.0017386199272195271,0.08625078,0.0004161200208348297
44,0.9702000000000001,-0.0017615352801309781,0.08625078,0.0005235394858081455
44,0.9702000000000001,-0.00178341258978524,0.08625078,0.0006311925793535852
44,0.9702000000000001,-0.0018044859705502164,0.08625078,0.0007390266102127564
44,0.9702000000000001,-0.0018249445821645624,0.08625078,0.0008469990049000752
44,0.9702000000000001,-0.0018449635725344411,0.08625078,0.0009550703435214828
44,0.9702000000000001,-0.0018647192572187222,0.08625078,0.0010632009433836258
44,0.9702000000000001,-0.0018843879517762758,0.08625078,0.0011713511217931512
44,0.9702000000000001,-0.0019041167804482785,0.08625078,0.00127948776603905
44,0.9702000000000001,-0.0019239185874145156,0.08625078,0.0013876079853290908
44,0.9702000000000001,-0.0019437688519681245,0.08625078,0.0014957172984484419
44,0.9702000000000001,-0.001963643637228596,0.08625078,0.0016038210927826245
44,0.9702000000000001,-0.0019835178386627137,0.08625078,0.0017119250185164544
44,0.9702000000000001,-0.0020033721900007996,0.08625078,0.0018200334118382774
44,0.9702000000000001,-0.0020232061074165,0.08625078,0.0019281464041477404
44,0.9702000000000001,-0.0020430277644787687,0.08625078,0.0020362621558497884
44,0.9702000000000001,-0.0020628424156247907,0.08625078,0.0021443794843475973
44,0.9702000000000001,-0.0020826570667708136,0.08625078,0.0022524968128454074
44,0.9702000000000001,-0.0021024775561803745,0.08625078,0.002360612827346749
44,0.9702000000000001,-0.0021223033000271206,0.08625078,0.002468727659251268
44,0.9702000000000001,-0.00214213254683199,0.08625078,0.0025768417027579064
44,0.9702000000000001,-0.002161962961289567,0.08625078,0.0026849554834652506
44,0.9702000000000001,-0.0021817939595734975,0.08625078,0.002793069132772948
44,0.9702000000000001,-0.002201623206378367,0.08625078,0.0029011831762795863
44,0.9702000000000001,-0.002221451285530528,0.08625078,0.003009297482585518
44,0.9702000000000001,-0.0022412787808563364,0.08625078,0.0031174119202910973
44,0.9702000000000001,-0.002261105108529436,0.08625078,0.0032255266207959696
44,0.9702000000000001,-0.00228093202002889,0.08625078,0.003333641189901195
44,0.9702000000000001,-0.0023007589315283436,0.08625078,0.003441755759006421
44,0.9702000000000001,-0.0023205864268541513,0.08625078,0.003549870196712
44,0.9702000000000001,-0.0023404139221799587,0.08625078,0.003657984634417578
44,0.9702000000000001,-0.0023602414175057664,0.08625078,0.0037660990721231575
44,0.9702000000000001,-0.002380068912831574,0.08625078,0.003874213509828736
44,0.9702000000000001,-0.0023998964081573815,0.08625078,0.003982327947534314
44,0.9702000000000001,-0.0024197239034831892,0.08625078,0.0040904423852398935
44,0.9702000000000001,-0.002439551398808997,0.08625078,0.004198556822945472
44,0.9702000000000001,-0.0024593788941348043,0.08625078,0.004306671260651051
44,0.9702000000000001,-0.0024792063894606125,0.08625078,0.0044147856983566295
44,0.9702000000000001,-0.00249903388478642,0.08625078,0.004522900136062209
44,0.9702000000000001,-0.002518861380112227,0.08625078,0.004631014573767787
44,0.9702000000000001,-0.002538688875438035,0.08625078,0.004739129011473365
44,0.9702000000000001,-0.002548602915014116,0.08625078,0.004793186164626332
44,0.9702000000000001,-0.0025585169545901966,0.08625078,0.004847243317779298
44,0.9702000000000001,-0.0025684304103399235,0.08625078,0.004901300602331911
44,0.9702000000000001,-0.0025783438660896504,0.08625078,0.004955357886884523
45,0.9752571428571429,-0.0025458356607945868,0.08670036,0.00491341793739296
45,0.9752571428571429,-0.002521799832446294,0.08670036,0.004866085394195234
45,0.9752571428571429,-0.002497792357985919,0.08670036,0.004818746572463996
45,0.9752571428571429,-0.002473845953437983,0.08670036,0.004771394227737498
45,0.9752571428571429,-0.002449991699025781,0.08670036,0.004724021477777086
45,0.9752571428571429,-0.002402676327762703,0.08670036,0.004629188923574288
45,0.9752571428571429,-0.002355955297611754,0.08670036,0.004534224761649781
45,0.9752571428571429,-0.00230980570735577,0.08670036,0.0044391340631267885
45,0.9752571428571429,-0.0022642030199763598,0.08670036,0.004343922261351619
45,0.9752571428571429,-0.0022191548692125787,0.08670036,0.004248587665949867
45,0.9752571428571429,-0.0021746808846791386,0.08670036,0.004153125930244484
45,0.9752571428571429,-0.0021307996054566024,0.08670036,0.00405753294904048
45,0.9752571428571429,-0.002087527934824305,0.08670036,0.003961804979365955
45,0.9752571428571429,-0.0020448811402603564,0.08670036,0.0038659386404720926
45,0.9752571428571429,-0.0020028674007708863,0.08670036,0.0037699321212434577
45,0.9752571428571429,-0.0019614938048278753,0.08670036,0.0036737838520466723
45,0.9752571428571429,-0.001920766895636227,0.08670036,0.0035774923839893866
45,0.9752571428571429,-0.001880691035332544,0.08670036,0.0034810567511433677
45,0.9752571428571429,-0.0018412782197924846,0.08670036,0.0033844742972059774
45,0.9752571428571429,-0.001802580249388206,0.08670036,0.0032877335517794504
45,0.9752571428571429,-0.0017646603751004493,0.08670036,0.003190820508904413
45,0.9752571428571429,-0.0017275818479099542,0.08670036,0.0030937211626214907
45,0.9752571428571429,-0.00169140573772916,0.08670036,0.0029964219899354253
45,0.9752571428571429,-0.0016561892976009786,0.08670036,0.002898910313038163
45,0.9752571428571429,-0.0016219483402705947,0.08670036,0.0028011826304398598
45,0.9752571428571429,-0.0015886872278746112,0.08670036,0.0027032379762122827
45,0.9752571428571429,-0.0015564070509471787,0.08670036,0.002605076108873374
45,0.9752571428571429,-0.0015251116263578243,0.08670036,0.00250669618323593
45,0.9752571428571429,-0.0014948124047151313,0.08670036,0.0024080956637383398
45,0.9752571428571429,-0.0014655737275339898,0.08670036,0.002309260302939171
45,0.9752571428571429,-0.0014374839280806065,0.08670036,0.00221017054079171
45,0.9752571428571429,-0.0014106297038199618,0.08670036,0.0021108071794723334
45,0.9752571428571429,-0.001385098842751187,0.08670036,0.002011150779675357
45,0.9752571428571429,-0.0013609611390599258,0.08670036,0.0019111858865490574
45,0.9752571428571429,-0.001338157158634966,0.08670036,0.001810925660865605
45,0.9752571428571429,-0.0013165751217258611,0.08670036,0.0017103948545359633
45,0.9752571428571429,-0.0012961027033150897,0.08670036,0.0016096183402121251
45,0.9752571428571429,-0.00127662866891928,0.08670036,0.001508620749064024
45,0.9752571428571429,-0.0012581006728991993,0.08670036,0.001407413672230453
45,0.9752571428571429,-0.0012408747746550496,0.08670036,0.0013059182658194165
45,0.9752571428571429,-0.0012254787927157677,0.08670036,0.0012040176525147561
45,0.9752571428571429,-0.001212450905684722,0.08670036,0.0011015926609207608
45,0.9752571428571429,-0.0012023434691092406,0.08670036,0.0009985209803749632
45,0.9752571428571429,-0.0011956624908352456,0.08670036,0.0008946905632023682
45,0.9752571428571429,-0.0011925066642033755,0.08670036,0.0007900795552767102
45,0.9752571428571429,-0.0011928225530402463,0.08670036,0.0006846997892188404
45,0.9752571428571429,-0.0011968511653931615,0.08670036,0.0005784978974939012
45,0.9752571428571429,-0.0012052784472429087,0.08670036,0.0004713219878872983
45,0.9752571428571429,-0.0012188585029546948,0.08670036,0.00036300507555580116
45,0.9752571428571429,-0.001238471393588131,0.08670036,0.0002533522844784594
45,0.9752571428571429,-0.001251794538907306,0.08670036,0.0001977471696726768
45,0.9752571428571429,-0.0012687448008116959,0.08670036,0.00014133888554139186
45,0.9752571428571429,-0.0012909285361052758,0.08670036,8.377172901290741e-05
45,0.9752571428571429,-0.001321515927564119,0.08670036,2.434371174409791e-05
45,0.9752571428571429,-0.0013536032217738051,0.08670036,-2.488545424732788e-05
45,0.9752571428571429,-0.0013716392747719697,0.08670036,-4.9941224963333215e-05
45,0.9752571428571429,-0.001393427310515604,0.08670036,-7.582781470050236e-05
45,0.9752571428571429,-0.0014082238048456865,0.08670036,-8.963525311427939e-05
45,0.9752571428571429,-0.0014184288142810818,0.08670036,-9.716048676840533e-05
45,0.9752571428571429,-0.0014254419348307987,0.08670036,-0.00010134618016139736
45,0.9752571428571429,-0.0014376399999999998,0.08670036,-0.00010667999999999999
45,0.9752571428571429,-0.0014636597041419398,0.08670036,-0.00010980891889026966
45,0.9752571428571429,-0.0014711501425294041,0.08670036,-0.00010883481613002516
45,0.9752571428571429,-0.0014824553739494122,0.08670036,-0.00010607269533244486
45,0.9752571428571429,-0.0014994076003485418,0.08670036,-9.929552407842412e-05
45,0.9752571428571429,-0.0015244296524893823,0.08670036,-8.377431020651719e-05
45,0.9752571428571429,-0.001543527377856567,0.08670036,-6.694124505355451e-05
45,0.9752571428571429,-0.0015704074462433144,0.08670036,-3.0769496911967035e-05
45,0.9752571428571429,-0.0015942447973761808,0.08670036,1.6606996020347494e-05
45,0.9752571428571429,-0.0016158040226682431,0.08670036,6.448794497219736e-05
45,0.9752571428571429,-0.0016352290726273934,0.08670036,0.00011284147431190289
45,0.9752571428571429,-0.0016522462231818068,0.08670036,0.00016172819603606697
45,0.9752571428571429,-0.0016817373590188344,0.08670036,0.00026050765373876765
45,0.9752571428571429,-0.0017089781776359009,0.08670036,0.00035978540966851997
45,0.9752571428571429,-0.0017343956231530035,0.08670036,0.0004594669235995471
45,0.9752571428571429,-0.0017581358271463359,0.08670036,0.0005595198369360532
45,0.9752571428571429,-0.0017804425239985782,0.08670036,0.0006598901784380351
45,0.9752571428571429,-0.0018015507238192056,0.08670036,0.0007605259087219553
45,0.9752571428571429,-0.0018216894387798645,0.08670036,0.0008613763165555964
45,0.9752571428571429,-0.0018410773209777689,0.08670036,0.0009623929847862933
45,0.9752571428571429,-0.001859891036945332,0.08670036,0.0010635367933206216
45,0.9752571428571429,-0.0018782941668051582,0.08670036,0.0011647715198498541
45,0.9752571428571429,-0.0018964513812140022,0.08670036,0.001266060700583206
45,0.9752571428571429,-0.0019145273508286195,0.08670036,0.001367367871729892
45,0.9752571428571429,-0.0019326594829519976,0.08670036,0.001468662606550582
45,0.9752571428571429,-0.0019508597734597941,0.08670036,0.0015699422487426356
45,0.9752571428571429,-0.001969105321134845,0.08670036,0.001671211869429275
45,0.9752571428571429,-0.0019873737700270597,0.08670036,0.0017724764189926924
45,0.9752571428571429,-0.0020056416736522,0.08670036,0.001873741089297139
45,0.9752571428571429,-0.0020238910381967772,0.08670036,0.0019750098647965744
45,0.9752571428571429,-0.002042121318393718,0.08670036,0.0020762828662320284
45,0.9752571428571429,-0.002060340147982077,0.08670036,0.0021775584032290934
45,0.9752571428571429,-0.002078552434365531,0.08670036,0.002278835389118507
45,0.9752571428571429,-0.0020967647207489853,0.08670036,0.0023801123750079207
45,0.9752571428571429,-0.002114982459803193,0.08670036,0.002481388153487044
45,0.9752571428571429,-0.002133205106261079,0.08670036,0.002582662845296905
45,0.9752571428571429,-0.002151431024321417,0.08670036,0.0026839368126605916
45,0.9752571428571429,-0.0021696580329159053,0.08670036,0.0027852105385422197
45,0.9752571428571429,-0.0021878855867774696,0.08670036,0.002886484143682819
45,0.9752571428571429,-0.0022061115048378076,0.08670036,0.0029877581110465054
45,0.9752571428571429,-0.0022243363323639948,0.08670036,0.0030890323198922505
45,0.9752571428571429,-0.0022425606146231065,0.08670036,0.003190306649479024
45,0.9752571428571429,-0.002260783806348068,0.08670036,0.003291581220547856
45,0.9752571428571429,-0.0022790075433401042,0.08670036,0.0033928556708756586
45,0.9752571428571429,-0.002297231280332141,0.08670036,0.0034941301212034616
45,0.9752571428571429,-0.002315455562591253,0.08670036,0.003595404450790236
45,0.9752571428571429,-0.002333679844850365,0.08670036,0.0036966787803770092
45,0.9752571428571429,-0.0023519041271094767,0.08670036,0.0037979531099637835
45,0.9752571428571429,-0.0023701284093685885,0.08670036,0.003899227439550557
45,0.9752571428571429,-0.0023883526916277007,0.08670036,0.004000501769137331
45,0.9752571428571429,-0.0024065769738868125,0.08670036,0.004101776098724104
45,0.9752571428571429,-0.0024248012561459246,0.08670036,0.004203050428310879
45,0.9752571428571429,-0.0024430255384050364,0.08670036,0.004304324757897652
45,0.9752571428571429,-0.002461249820664148,0.08670036,0.0044055990874844264
45,0.9752571428571429,-0.0024794741029232604,0.08670036,0.0045068734170712
45,0.9752571428571429,-0.002497698385182372,0.08670036,0.004608147746657974
45,0.9752571428571429,-0.0025159226674414843,0.08670036,0.004709422076244748
45,0.9752571428571429,-0.002525035081204578,0.08670036,0.004760059180667619
45,0.9752571428571429,-0.0025341474949676715,0.08670036,0.004810696285090493
45,0.9752571428571429,-0.0025432593634636897,0.08670036,0.004861333510254393
45,0.9752571428571429,-0.002552371231959708,0.08670036,0.004911970735418296
46,0.9803142857142857,-0.0025220461699874503,0.08714994,0.0048665409082103645
46,0.9803142857142857,-0.002500291657387796,0.08714994,0.004823238247903203
46,0.9803142857142857,-0.0024785629718393136,0.08714994,0.004779929965028803
46,0.9803142857142857,-0.0024568899137856624,0.08714994,0.004736609572009584
46,0.9803142857142857,-0.0024353007936483186,0.08714994,0.004693270905646839
46,0.9803142857142857,-0.0023924806553716053,0.08714994,0.0046065156138640675
46,0.9803142857142857,-0.0023502018918213725,0.08714994,0.004519642464421883
46,0.9803142857142857,-0.002308443642687058,0.08714994,0.004432655998624588
46,0.9803142857142857,-0.0022671835576359173,0.08714994,0.004345561082155376
46,0.9803142857142857,-0.0022264285901048048,0.08714994,0.004258356201246137
46,0.9803142857142857,-0.002186196620359916,0.08714994,0.0041710374633503276
46,0.9803142857142857,-0.002146504535319324,0.08714994,0.0040836011921739825
46,0.9803142857142857,-0.0021073677318789205,0.08714994,0.003996044035802017
46,0.9803142857142857,-0.002068800116912412,0.08714994,0.003908362966698227
46,0.9803142857142857,-0.002030809140530715,0.08714994,0.0038205563629682146
46,0.9803142857142857,-0.001993401259496621,0.08714994,0.003732622818970172
46,0.9803142857142857,-0.001956582433898862,0.08714994,0.0036445610371885827
46,0.9803142857142857,-0.0019203566371299265,0.08714994,0.0035563701526131015
46,0.9803142857142857,-0.0018847347960191563,0.08714994,0.003468047786465283
46,0.9803142857142857,-0.001849764094602345,0.08714994,0.0033795836667472865
46,0.9803142857142857,-0.001815502147070568,0.08714994,0.0032909652508091203
46,0.9803142857142857,-0.0017820065676149002,0.08714994,0.0032021799960007917
46,0.9803142857142857,-0.0017493329837301726,0.08714994,0.003113215792177479
46,0.9803142857142857,-0.0017175335461927892,0.08714994,0.0030240612860784138
46,0.9803142857142857,-0.0016866226585505188,0.08714994,0.0029347133420410984
46,0.9803142857142857,-0.001656604294195849,0.08714994,0.002845171095055187
46,0.9803142857142857,-0.0016274794464769021,0.08714994,0.0027554343288680944
46,0.9803142857142857,-0.001599251592112105,0.08714994,0.002665502286595769
46,0.9803142857142857,-0.0015719311612567386,0.08714994,0.0025753726975860573
46,0.9803142857142857,-0.0015455767614499997,0.08714994,0.0024850328029363804
46,0.9803142857142857,-0.0015202688538897688,0.08714994,0.0023944650861872654
46,0.9803142857142857,-0.0014960864097517436,0.08714994,0.002303652355258118
46,0.9803142857142857,-0.0014731093935597436,0.08714994,0.0022125772018157597
46,0.9803142857142857,-0.0014514013795935757,0.08714994,0.002121225785694681
46,0.9803142857142857,-0.0014309082303805916,0.08714994,0.0020296098926608232
46,0.9803142857142857,-0.0014115281277382887,0.08714994,0.0019377516886042601
46,0.9803142857142857,-0.0013931587568101025,0.08714994,0.0018456734475413574
46,0.9803142857142857,-0.0013756987960875907,0.08714994,0.0017533972272358962
46,0.9803142857142857,-0.0013591005648608983,0.08714994,0.0016609334078120086
46,0.9803142857142857,-0.0013436883912918524,0.08714994,0.001568211382800338
46,0.9803142857142857,-0.0013299430558714926,0.08714994,0.0014751264859492205
46,0.9803142857142857,-0.0013183547758980165,0.08714994,0.0013815719966074251
46,0.9803142857142857,-0.0013094266821952086,0.08714994,0.0012874383828400998
46,0.9803142857142857,-0.0013036196882916682,0.08714994,0.001192625303447303
46,0.9803142857142857,-0.0013010236921924346,0.08714994,0.001097113187569994
46,0.9803142857142857,-0.0013015900198395309,0.08714994,0.0010009126315848912
46,0.9803142857142857,-0.001305538201167915,0.08714994,0.0009039758436704696
46,0.9803142857142857,-0.0013134930521463137,0.08714994,0.0008061668009500839
46,0.9803142857142857,-0.0013261414730010774,0.08714994,0.0007073359647604576
46,0.9803142857142857,-0.001344285095666646,0.08714994,0.000607308819264622
46,0.9803142857142857,-0.0013565602063557918,0.08714994,0.0005565978859897343
46,0.9803142857142857,-0.0013721391928986498,0.08714994,0.0005051676966135356
46,0.9803142857142857,-0.0013924852570788998,0.08714994,0.00045269971107672624
46,0.9803142857142857,-0.0014204860618871433,0.08714994,0.000398565283111564
46,0.9803142857142857,-0.0014498252423657825,0.08714994,0.0003537472164256469
46,0.9803142857142857,-0.0014663096796239633,0.08714994,0.0003309430896079153
46,0.9803142857142857,-0.0014862117310958233,0.08714994,0.0003073949457677664
46,0.9803142857142857,-0.001499717453086266,0.08714994,0.0002948470139683952
46,0.9803142857142857,-0.0015090269438104388,0.08714994,0.00028801646797527934
46,0.9803142857142857,-0.0015154220350822377,0.08714994,0.00028422232044790464
46,0.9803142857142857,-0.00152654,0.08714994,0.00027939999999999996
46,0.9803142857142857,-0.0015502339200170981,0.08714994,0.00027664374856863815
46,0.9803142857142857,-0.0015570498620935994,0.08714994,0.00027756184482740666
46,0.9803142857142857,-0.0015673336664014615,0.08714994,0.00028012691668633525
46,0.9803142857142857,-0.0015827472882862818,0.08714994,0.00028637908694708226
46,0.9803142857142857,-0.0016054837116023788,0.08714994,0.00030064480478221947
46,0.9803142857142857,-0.0016228237712458083,0.08714994,0.0003160853147912507
46,0.9803142857142857,-0.0016471969104189818,0.08714994,0.0003492101716425067
46,0.9803142857142857,-0.0016687706336604349,0.08714994,0.00039255218992033516
46,0.9803142857142857,-0.0016882692526750676,0.08714994,0.0004363459598504903
46,0.9803142857142857,-0.0017058238894149815,0.08714994,0.0004805629360916091
46,0.9803142857142857,-0.001721185213501559,0.08714994,0.0005252573980427985
46,0.9803142857142857,-0.0017477695733985367,0.08714994,0.0006155472302187975
46,0.9803142857142857,-0.0017723041594458046,0.08714994,0.000706283299606178
46,0.9803142857142857,-0.0017951778674331184,0.08714994,0.0007973809433174887
46,0.9803142857142857,-0.001816523806008824,0.08714994,0.0008888111835061946
46,0.9803142857142857,-0.001836563988478184,0.08714994,0.000980525687719306
46,0.9803142857142857,-0.001855512481361486,0.08714994,0.0010724778535245224
46,0.9803142857142857,-0.0018735778877643457,0.08714994,0.0011646222678787662
46,0.9803142857142857,-0.0018909593739852208,0.08714994,0.0012569155721385281
46,0.9803142857142857,-0.0019078178624198725,0.08714994,0.0013493227333848622
46,0.9803142857142857,-0.0019243023552865978,0.08714994,0.0014418113137298564
46,0.9803142857142857,-0.0019405628481518164,0.08714994,0.0015343486590330125
46,0.9803142857142857,-0.001956749336581947,0.08714994,0.0016269021151538315
46,0.9803142857142857,-0.00197298698244036,0.08714994,0.0017194444342664675
46,0.9803142857142857,-0.0019892867125563965,0.08714994,0.0018119732375924732
46,0.9803142857142857,-0.0020056276666194956,0.08714994,0.0019044930664361564
46,0.9803142857142857,-0.0020219894809931564,0.08714994,0.001997008353975532
46,0.9803142857142857,-0.002038350798692756,0.08714994,0.0020895237496412005
46,0.9803142857142857,-0.002054695229474282,0.08714994,0.002182042821600832
46,0.9803142857142857,-0.0020710222766636734,0.08714994,0.002274565677980721
46,0.9803142857142857,-0.0020873388936977835,0.08714994,0.0023670908050127636
46,0.9803142857142857,-0.002103649550643162,0.08714994,0.002459617229560322
46,0.9803142857142857,-0.0021199602075885407,0.08714994,0.002552143654107881
46,0.9803142857142857,-0.0021362758312745292,0.08714994,0.0026446689973925095
46,0.9803142857142857,-0.0021525959250270664,0.08714994,0.0027371933675405004
46,0.9803142857142857,-0.00216891899882397,0.08714994,0.0028297170889307333
46,0.9803142857142857,-0.002185243065968995,0.08714994,0.0029222405940683796
46,0.9803142857142857,-0.0022015676297880813,0.08714994,0.003014763991079733
46,0.9803142857142857,-0.0022178907035849847,0.08714994,0.003107287712469966
46,0.9803142857142857,-0.002234212784033766,0.08714994,0.003199811650112785
46,0.9803142857142857,-0.002250534367808486,0.08714994,0.003292335695881897
46,0.9803142857142857,-0.0022668549582350846,0.08714994,0.003384859957903595
46,0.9803142857142857,-0.0022831760453357443,0.08714994,0.0034773841117989998
46,0.9803142857142857,-0.002299497132436403,0.08714994,0.0035699082656944045
46,0.9803142857142857,-0.0023158187162111237,0.08714994,0.0036624323114635166
46,0.9803142857142857,-0.0023321402999858442,0.08714994,0.0037549563572326287
46,0.9803142857142857,-0.0023484618837605643,0.08714994,0.0038474804030017404
46,0.9803142857142857,-0.002364783467535285,0.08714994,0.0039400044487708525
46,0.9803142857142857,-0.0023811050513100054,0.08714994,0.004032528494539963
46,0.9803142857142857,-0.0023974266350847255,0.08714994,0.004125052540309076
46,0.9803142857142857,-0.0024137482188594456,0.08714994,0.0042175765860781875
46,0.9803142857142857,-0.0024300698026341666,0.08714994,0.004310100631847301
46,0.9803142857142857,-0.0024463913864088867,0.08714994,0.004402624677616412
46,0.9803142857142857,-0.0024627129701836068,0.08714994,0.004495148723385524
46,0.9803142857142857,-0.002479034553958327,0.08714994,0.004587672769154635
46,0.9803142857142857,-0.002495356137733048,0.08714994,0.004680196814923748
46,0.9803142857142857,-0.002503517177957438,0.08714994,0.0047264587837451575
46,0.9803142857142857,-0.0025116782181818288,0.08714994,0.004772720752566566
46,0.9803142857142857,-0.002519838761732158,0.08714994,0.004818982829514268
46,0.9803142857142857,-0.002527999305282488,0.08714994,0.004865244906461972
47,0.9853428571428573,-0.002496200840729982,0.08759698,0.0048219347666664525
47,0.9853428571428573,-0.0024773107988650014,0.08759698,0.004783896054890002
47,0.9853428571428573,-0.0024584433261509936,0.08759698,0.004745852516653809
47,0.9853428571428573,-0.0024396244639160016,0.08759698,0.004707798582965859
47,0.9853428571428573,-0.002420878951421669,0.08759698,0.00466972896328374
47,0.9853428571428573,-0.0023837008563916714,0.08759698,0.004593522803198817
47,0.9853428571428573,-0.002346995845487816,0.08759698,0.004517215473092334
47,0.9853428571428573,-0.002310745689780472,0.08759698,0.004440810871258697
47,0.9853428571428573,-0.0022749308582736055,0.08759698,0.004364313174441917
47,0.9853428571428573,-0.0022395574272770936,0.08759698,0.004287721083210525
47,0.9853428571428573,-0.002204641021587763,0.08759698,0.004211031256169312
47,0.9853428571428573,-0.0021701963979581726,0.08759698,0.0041342405375561385
47,0.9853428571428573,-0.0021362370110744786,0.08759698,0.004057346050058464
47,0.9853428571428573,-0.002102775013556435,0.08759698,0.003980345194813349
47,0.9853428571428573,-0.0020698169157360525,0.08759698,0.0039032365795727926
47,0.9853428571428573,-0.002037368359901075,0.08759698,0.0038260189977218553
47,0.9853428571428573,-0.002005434554317111,0.08759698,0.0037486913354621374
47,0.9853428571428573,-0.0019740189711612323,0.08759698,0.003671252850261369
47,0.9853428571428573,-0.00194313115892039,0.08759698,0.003593701500155814
47,0.9853428571428573,-0.0019128123496973204,0.08759698,0.0035160284675747845
47,0.9853428571428573,-0.0018831128900595763,0.08759698,0.003438222985800388
47,0.9853428571428573,-0.0018540831265747106,0.08759698,0.003360274288114737
47,0.9853428571428573,-0.0018257716697217398,0.08759698,0.0032821719790660717
47,0.9853428571428573,-0.0017982240918247418,0.08759698,0.003203906312918371
47,0.9853428571428573,-0.0017714529795256045,0.08759698,0.003125474597992164
47,0.9853428571428573,-0.0017454618050014008,0.08759698,0.0030468760917551803
47,0.9853428571428573,-0.0017202514362963989,0.08759698,0.0029681106085743527
47,0.9853428571428573,-0.001695824911565537,0.08759698,0.002889177498733948
47,0.9853428571428573,-0.0016721913452736313,0.08759698,0.0028100748130867603
47,0.9853428571428573,-0.0016494019520325017,0.08759698,0.0027307915992818327
47,0.9853428571428573,-0.0016275270434278693,0.08759698,0.0026513128210407305
47,0.9853428571428573,-0.0016066356289790517,0.08759698,0.00257162372053462
47,0.9853428571428573,-0.0015867975862496352,0.08759698,0.0024917093543016028
47,0.9853428571428573,-0.0015680684700727812,0.08759698,0.0024115578418253828
47,0.9853428571428573,-0.0015504009720358758,0.08759698,0.002331179300108118
47,0.9853428571428573,-0.0015337061176014335,0.08759698,0.0022505927565391846
47,0.9853428571428573,-0.0015178944982098346,0.08759698,0.0021698173313244914
47,0.9853428571428573,-0.0015028775733457278,0.08759698,0.002088871959036882
47,0.9853428571428573,-0.0014886136768842418,0.08759698,0.002007765550063576
47,0.9853428571428573,-0.0014753862252789279,0.08759698,0.00192643749520817
47,0.9853428571428573,-0.001463615351955571,0.08759698,0.001844797948066195
47,0.9853428571428573,-0.0014537294367605036,0.08759698,0.0017627552987190443
47,0.9853428571428573,-0.0014461681441155442,0.08759698,0.0016802155240182393
47,0.9853428571428573,-0.001441334246561115,0.08759698,0.001597092490220652
47,0.9853428571428573,-0.0014393063021034829,0.08759698,0.0015133693975337118
47,0.9853428571428573,-0.001440041776573509,0.08759698,0.0014290553419777055
47,0.9853428571428573,-0.0014437325077544547,0.08759698,0.0013441092986448073
47,0.9853428571428573,-0.0014509244954909867,0.08759698,0.0012584145043358207
47,0.9853428571428573,-0.0014622179923945314,0.08759698,0.0011718425937848561
47,0.9853428571428573,-0.0014783135101894866,0.08759698,0.0010842437611067756
47,0.9853428571428573,-0.0014891604948406834,0.08759698,0.0010398457245346523
47,0.9853428571428573,-0.00150289459472775,0.08759698,0.0009948302723814032
47,0.9853428571428573,-0.0015207944390576724,0.08759698,0.0009489239671392117
47,0.9853428571428573,-0.001545383432517965,0.08759698,0.000901587173482061
47,0.9853428571428573,-0.0015711179164992328,0.08759698,0.0008624210915827498
47,0.9853428571428573,-0.001585571075367778,0.08759698,0.0008424988990195294
47,0.9853428571428573,-0.0016030107405408964,0.08759698,0.000821938035889002
47,0.9853428571428573,-0.0016148368695410333,0.08759698,0.0008109933163931736
47,0.9853428571428573,-0.001622984062976255,0.08759698,0.0008050431835388487
47,0.9853428571428573,-0.0016285784732516658,0.08759698,0.0008017428879781527
47,0.9853428571428573,-0.0016383,0.08759698,0.0007975599999999999
47,0.9853428571428573,-0.0016589990846290117,0.08759698,0.000795237377142149
47,0.9853428571428573,-0.0016649492290978724,0.08759698,0.0007960688457271441
47,0.9853428571428573,-0.0016739237748297918,0.08759698,0.0007983574591497453
47,0.9853428571428573,-0.00168736901860833,0.08759698,0.0008038978431635197
47,0.9853428571428573,-0.0017071892856013178,0.08759698,0.0008164905925224783
47,0.9853428571428573,-0.001722293902107576,0.08759698,0.0008300917935183777
47,0.9853428571428573,-0.00174349630779376,0.08759698,0.0008592203242142533
47,0.9853428571428573,-0.0017622283656019365,0.08759698,0.0008972928212089121
47,0.9853428571428573,-0.001779147078933946,0.08759698,0.0009357531056807121
47,0.9853428571428573,-0.0017943670296331844,0.08759698,0.000974576674064798
47,0.9853428571428573,-0.0018076703385883457,0.08759698,0.0010138101202610082
47,0.9853428571428573,-0.001830660684077552,0.08759698,0.0010930503600109058
47,0.9853428571428573,-0.001851859820219429,0.08759698,0.001172673653594734
47,0.9853428571428573,-0.0018716075863449578,0.08759698,0.0012526073256667288
47,0.9853428571428573,-0.0018900203003860707,0.08759698,0.001332826501395901
47,0.9853428571428573,-0.0019072919702366993,0.08759698,0.0014132896917917563
47,0.9853428571428573,-0.0019236096594366303,0.08759698,0.0014939568929283388
47,0.9853428571428573,-0.001939155657282175,0.08759698,0.00157478912186156
47,0.9853428571428573,-0.001954104006649098,0.08759698,0.001655749159161469
47,0.9853428571428573,-0.0019685953307088393,0.08759698,0.0017368069322711989
47,0.9853428571428573,-0.001982759836101622,0.08759698,0.0018179345962306861
47,0.9853428571428573,-0.0019967285975119368,0.08759698,0.0018991041204468014
47,0.9853428571428573,-0.0020106326896242744,0.08759698,0.001980287474326414
47,0.9853428571428573,-0.0020245814860164217,0.08759698,0.0020614612681030724
47,0.9853428571428573,-0.002038584535175328,0.08759698,0.0021426234598130372
47,0.9853428571428573,-0.002052623608171363,0.08759698,0.0022237779477507187
47,0.9853428571428573,-0.0020666809100970294,0.08759698,0.0023049285373939908
47,0.9853428571428573,-0.0020807377780005616,0.08759698,0.0023860792198537968
47,0.9853428571428573,-0.0020947798891515347,0.08759698,0.002467233058075743
47,0.9853428571428573,-0.002108806809527816,0.08759698,0.0025483901448763637
47,0.9853428571428573,-0.002122824615439281,0.08759698,0.002629549180824188
47,0.9853428571428573,-0.002136837213085137,0.08759698,0.0027107093305704156
47,0.9853428571428573,-0.0021508498107309934,0.08759698,0.002791869480316643
47,0.9853428571428573,-0.002164866748598191,0.08759698,0.0028730287018975346
47,0.9853428571428573,-0.0021788875926645945,0.08759698,0.0029541870881296247
47,0.9853428571428573,-0.002192911040863803,0.08759698,0.0030353449174625137
47,0.9853428571428573,-0.002206935357107279,0.08759698,0.0031165025611623346
47,0.9853428571428573,-0.0022209601073728893,0.08759698,0.0031976601120456234
47,0.9853428571428573,-0.0022349835555720977,0.08759698,0.0032788179413785114
47,0.9853428571428573,-0.0022490061357270377,0.08759698,0.0033599759563444674
47,0.9853428571428573,-0.002263028281859844,0.08759698,0.0034411340641269574
47,0.9853428571428573,-0.0022770495599483817,0.08759698,0.0035222923575425136
47,0.9853428571428573,-0.0022910712720590537,0.08759698,0.003603450558141536
47,0.9853428571428573,-0.0023050929841697257,0.08759698,0.003684608758740559
47,0.9853428571428573,-0.0023191151303025314,0.08759698,0.003765766866523048
47,0.9853428571428573,-0.0023331372764353376,0.08759698,0.003846924974305538
47,0.9853428571428573,-0.0023471594225681434,0.08759698,0.003928083082088027
47,0.9853428571428573,-0.0023611815687009496,0.08759698,0.004009241189870517
47,0.9853428571428573,-0.0023752037148337558,0.08759698,0.004090399297653005
47,0.9853428571428573,-0.0023892258609665615,0.08759698,0.004171557405435494
47,0.9853428571428573,-0.0024032480070993673,0.08759698,0.004252715513217984
47,0.9853428571428573,-0.0024172701532321735,0.08759698,0.0043338736210004735
47,0.9853428571428573,-0.0024312922993649797,0.08759698,0.004415031728782963
47,0.9853428571428573,-0.0024453144454977854,0.08759698,0.004496189836565453
47,0.9853428571428573,-0.002459336591630591,0.08759698,0.004577347944347942
47,0.9853428571428573,-0.0024733587377633974,0.08759698,0.004658506052130431
47,0.9853428571428573,-0.0024803700278408676,0.08759698,0.004699085059613408
47,0.9853428571428573,-0.002487381317918338,0.08759698,0.004739664067096387
47,0.9853428571428573,-0.0024943921739736734,0.08759698,0.004780243167395898
47,0.9853428571428573,-0.00250140303002901,0.08759698,0.00482082226769541
48,0.9904000000000001,-0.0024723983486443705,0.08804656,0.004776565266546911
48,0.9904000000000001,-0.002457428255657694,0.08804656,0.004746071567282898
48,0.9904000000000001,-0.0024424761752717206,0.08804656,0.0047155740875650595
48,0.9904000000000001,-0.0024275628912564908,0.08804656,0.004685068465331292
48,0.9904000000000001,-0.002412708148193545,0.08804656,0.004654550556622595
48,0.9904000000000001,-0.00238324841370432,0.08804656,0.004593462321758904
48,0.9904000000000001,-0.0023541662510375176,0.08804656,0.00453229484276697
48,0.9904000000000001,-0.0023254471115541075,0.08804656,0.004471051173090266
48,0.9904000000000001,-0.0022970754074265595,0.08804656,0.0044097345842753705
48,0.9904000000000001,-0.0022690559882012165,0.08804656,0.004348344058507795
48,0.9904000000000001,-0.002241401324140103,0.08804656,0.004286876978550272
48,0.9904000000000001,-0.002214123192712909,0.08804656,0.004225330872567613
48,0.9904000000000001,-0.002187232332200824,0.08804656,0.004163703486827727
48,0.9904000000000001,-0.002160738441696533,0.08804656,0.004101992785701634
48,0.9904000000000001,-0.0021346467171425463,0.08804656,0.004040197678673805
48,0.9904000000000001,-0.00210896166168904,0.08804656,0.0039783172206307865
48,0.9904000000000001,-0.0020836874320900225,0.08804656,0.003916350539160157
48,0.9904000000000001,-0.002058826799514832,0.08804656,0.0038542970526536354
48,0.9904000000000001,-0.0020343873846791513,0.08804656,0.0037921551616884493
48,0.9904000000000001,-0.0020104020952188793,0.08804656,0.003729917959666266
48,0.9904000000000001,-0.0019869111130894294,0.08804656,0.003667577013267015
48,0.9904000000000001,-0.0019639546202462155,0.08804656,0.0036051238891706278
48,0.9904000000000001,-0.0019415714130599816,0.08804656,0.0035425504448611733
48,0.9904000000000001,-0.0019197978631283013,0.08804656,0.003479849046729969
48,0.9904000000000001,-0.0018986440159400274,0.08804656,0.0034170175864469965
48,0.9904000000000001,-0.0018781126426644988,0.08804656,0.0033540554824039747
48,0.9904000000000001,-0.0018582044360940502,0.08804656,0.0032909625891988344
48,0.9904000000000001,-0.0018389218210018532,0.08804656,0.003227738397924329
48,0.9904000000000001,-0.0018202720717074225,0.08804656,0.0031643813818587226
48,0.9904000000000001,-0.0018022960629585066,0.08804656,0.003100882962279875
48,0.9904000000000001,-0.0017850499109342173,0.08804656,0.0030372313616201015
48,0.9904000000000001,-0.001768588692625165,0.08804656,0.0029734150204148244
48,0.9904000000000001,-0.0017529681778142951,0.08804656,0.0029094222337973947
48,0.9904000000000001,-0.0017382327052110288,0.08804656,0.0028452436960353213
48,0.9904000000000001,-0.0017243445176331246,0.08804656,0.002780887331541429
48,0.9904000000000001,-0.0017112326038662734,0.08804656,0.002716368044027909
48,0.9904000000000001,-0.0016988256062999993,0.08804656,0.002651700809907991
48,0.9904000000000001,-0.0016870528601161607,0.08804656,0.0025869004601928305
48,0.9904000000000001,-0.0016758811112826911,0.08804656,0.0025219739741817967
48,0.9904000000000001,-0.0016655365564968766,0.08804656,0.002456873878098979
48,0.9904000000000001,-0.0016563545072487212,0.08804656,0.0023915297973424133
48,0.9904000000000001,-0.001648676856555409,0.08804656,0.0023258699759904715
48,0.9904000000000001,-0.0016428545037344754,0.08804656,0.0022598207678946112
48,0.9904000000000001,-0.0016392089044292304,0.08804656,0.0021933147064942733
48,0.9904000000000001,-0.0016378027563459653,0.08804656,0.0021263386329021068
48,0.9904000000000001,-0.0016386021126602798,0.08804656,0.002058899671819551
48,0.9904000000000001,-0.0016417600804781464,0.08804656,0.0019909656893890974
48,0.9904000000000001,-0.0016477124261781038,0.08804656,0.0019224452277086083
48,0.9904000000000001,-0.0016569382156596103,0.08804656,0.0018532377412465606
48,0.9904000000000001,-0.0016699965323367844,0.08804656,0.001783225890532326
48,0.9904000000000001,-0.001678759772756758,0.08804656,0.0017477510798494245
48,0.9904000000000001,-0.0016898272404820083,0.08804656,0.0017117926618811336
48,0.9904000000000001,-0.001704219418621577,0.08804656,0.0016751364593780914
48,0.9904000000000001,-0.0017239502544924934,0.08804656,0.0016373597885223105
48,0.9904000000000001,-0.0017445740776472415,0.08804656,0.0016061228183775402
48,0.9904000000000001,-0.0017561517208201478,0.08804656,0.0015902386837229523
48,0.9904000000000001,-0.0017701129160206564,0.08804656,0.0015738542932459407
48,0.9904000000000001,-0.001779572670990704,0.08804656,0.0015651417766993274
48,0.9904000000000001,-0.0017860856227472118,0.08804656,0.0015604112898479178
48,0.9904000000000001,-0.0017905558707958943,0.08804656,0.0015577913019952732
48,0.9904000000000001,-0.00179832,0.08804656,0.0015544799999999998
48,0.9904000000000001,-0.0018148347781661357,0.08804656,0.0015526956864461254
48,0.9904000000000001,-0.001819578321773054,0.08804656,0.001553381899466529
48,0.9904000000000001,-0.001826730352422719,0.08804656,0.0015552444031848478
48,0.9904000000000001,-0.0018374398606933573,0.08804656,0.0015597238292625684
48,0.9904000000000001,-0.0018532160836683444,0.08804656,0.0015698669812795538
48,0.9904000000000001,-0.0018652287122849684,0.08804656,0.001580800030042744
48,0.9904000000000001,-0.0018820655562531677,0.08804656,0.0016041748194492202
48,0.9904000000000001,-0.0018969095610349253,0.08804656,0.001634694981890005
48,0.9904000000000001,-0.001910306322629454,0.08804656,0.0016655188892553772
48,0.9904000000000001,-0.0019223472896249367,0.08804656,0.0016966273484720744
48,0.9904000000000001,-0.001932858571145359,0.08804656,0.0017280568554597095
48,0.9904000000000001,-0.0019509949613197627,0.08804656,0.0017915216144593128
48,0.9904000000000001,-0.001967701774511473,0.08804656,0.0018552864106307142
48,0.9904000000000001,-0.0019832502389195324,0.08804656,0.0019192943190634417
48,0.9904000000000001,-0.001997733188716793,0.08804656,0.0019835258558800924
48,0.9904000000000001,-0.0020113054629900652,0.08804656,0.002047948523717983
48,0.9904000000000001,-0.002024116358487481,0.08804656,0.002112530988430992
48,0.9904000000000001,-0.002036311361599331,0.08804656,0.002177242715584383
48,0.9904000000000001,-0.0020480293771887267,0.08804656,0.0022420545520630865
48,0.9904000000000001,-0.0020593826376138925,0.08804656,0.0023069429427317358
48,0.9904000000000001,-0.002070475061725037,0.08804656,0.0023718860772798042
48,0.9904000000000001,-0.002081411261164702,0.08804656,0.002436861999994696
48,0.9904000000000001,-0.00209229584757543,0.08804656,0.0025018487551638153
48,0.9904000000000001,-0.002103216112791396,0.08804656,0.0025668280221263213
48,0.9904000000000001,-0.0021141796775282825,0.08804656,0.0026317982014594414
48,0.9904000000000001,-0.0021251719931470597,0.08804656,0.0026967623466066497
48,0.9904000000000001,-0.002136178857404866,0.08804656,0.0027617234383103843
48,0.9904000000000001,-0.002147185375266505,0.08804656,0.0028266846027151537
48,0.9904000000000001,-0.0021581801156584537,0.08804656,0.0028916482389551162
48,0.9904000000000001,-0.002169162732184545,0.08804656,0.0029566144197313068
48,0.9904000000000001,-0.002180138074391121,0.08804656,0.003021582127229234
48,0.9904000000000001,-0.002191109259843689,0.08804656,0.003086550707139582
48,0.9904000000000001,-0.0022020804452962577,0.08804656,0.0031515192870499305
48,0.9904000000000001,-0.0022130550947104997,0.08804656,0.003216487139949928
48,0.9904000000000001,-0.0022240328616902477,0.08804656,0.0032814543385406097
48,0.9904000000000001,-0.0022350127070469997,0.08804656,0.003346421100925081
48,0.9904000000000001,-0.002245993245196087,0.08804656,0.003411387717907482
48,0.9904000000000001,-0.002256974129741341,0.08804656,0.003476354262188847
48,0.9904000000000001,-0.0022679539750980935,0.08804656,0.003541321024573319
48,0.9904000000000001,-0.0022789331276625107,0.08804656,0.00360628793235986
48,0.9904000000000001,-0.002289911933830761,0.08804656,0.003671254912847437
48,0.9904000000000001,-0.0023008900472066764,0.08804656,0.003736222038737083
48,0.9904000000000001,-0.0023118685069787592,0.08804656,0.0038011890919256944
48,0.9904000000000001,-0.0023228469667508416,0.08804656,0.003866156145114306
48,0.9904000000000001,-0.002333825772919092,0.08804656,0.003931123125601882
48,0.9904000000000001,-0.002344804579087342,0.08804656,0.003996090106089459
48,0.9904000000000001,-0.0023557833852555924,0.08804656,0.004061057086577035
48,0.9904000000000001,-0.0023667621914238426,0.08804656,0.0041260240670646115
48,0.9904000000000001,-0.002377740997592093,0.08804656,0.0041909910475521886
48,0.9904000000000001,-0.0023887198037603427,0.08804656,0.004255958028039765
48,0.9904000000000001,-0.002399698609928593,0.08804656,0.004320925008527341
48,0.9904000000000001,-0.002410677416096843,0.08804656,0.004385891989014917
48,0.9904000000000001,-0.0024216562222650934,0.08804656,0.004450858969502494
48,0.9904000000000001,-0.002432635028433343,0.08804656,0.00451582594999007
48,0.9904000000000001,-0.0024436138346015934,0.08804656,0.0045807929304776465
48,0.9904000000000001,-0.0024545926407698437,0.08804656,0.004645759910965223
48,0.9904000000000001,-0.0024600822170520523,0.08804656,0.004678243364858494
48,0.9904000000000001,-0.002465571793334261,0.08804656,0.0047107268187517645
48,0.9904000000000001,-0.0024710610232203025,0.08804656,0.00474321034534607
48,0.9904000000000001,-0.0024765502531063437,0.08804656,0.004775693871940376
49,0.9954571428571429,-0.0024497471409224408,0.08849614,0.004731105334367755
49,0.9954571428571429,-0.0024416942204955857,0.08849614,0.004714506284311157
49,0.9954571428571429,-0.002433651061504611,0.08849614,0.004697905225334597
49,0.9954571428571429,-0.002425628927144764,0.08849614,0.004681299839453502
49,0.9954571428571429,-0.0024176385174515297,0.08849614,0.004664687924582529
49,0.9954571428571429,-0.0024017930441279445,0.08849614,0.004631436240392638
49,0.9954571428571429,-0.0023861521855180123,0.08849614,0.004598142446149684
49,0.9954571428571429,-0.0023707080573850594,0.08849614,0.004564808164442868
49,0.9954571428571429,-0.0023554522123326515,0.08849614,0.004531435133760619
49,0.9954571428571429,-0.002340387278439679,0.08849614,0.004498022813239869
49,0.9954571428571429,-0.0023255200136232906,0.08849614,0.004464569812089876
49,0.9954571428571429,-0.0023108568003607924,0.08849614,0.004431074816786048
49,0.9954571428571429,-0.002296403457969729,0.08849614,0.004397536629703023
49,0.9954571428571429,-0.0022821652426078813,0.08849614,0.004363954169114668
49,0.9954571428571429,-0.0022681449700740625,0.08849614,0.004330326855524839
49,0.9954571428571429,-0.002254345080727242,0.08849614,0.004296654186703545
49,0.9954571428571429,-0.0022407678272064694,0.08849614,0.004262935699053873
49,0.9954571428571429,-0.002227414711271111,0.08849614,0.004229171083511212
49,0.9954571428571429,-0.0022142898627594237,0.08849614,0.004195359490147887
49,0.9954571428571429,-0.002201411115063882,0.08849614,0.004161497248821657
49,0.9954571428571429,-0.002188800243695297,0.08849614,0.004127579878095682
49,0.9954571428571429,-0.0021764790241644784,0.08849614,0.004093602896533125
49,0.9954571428571429,-0.002164468481102555,0.08849614,0.004059561977229448
49,0.9954571428571429,-0.002152788325101208,0.08849614,0.0040254530637116506
49,0.9954571428571429,-0.002141444000038141,0.08849614,0.003991275035620523
49,0.9954571428571429,-0.00213043700767272,0.08849614,0.003957027583891456
49,0.9954571428571429,-0.0021197677234447857,0.08849614,0.003922710631258297
49,0.9954571428571429,-0.0021094374613937848,0.08849614,0.003888323907289511
49,0.9954571428571429,-0.002099450163638053,0.08849614,0.0038538666006904996
49,0.9954571428571429,-0.0020898279811282427,0.08849614,0.00381933415275827
49,0.9954571428571429,-0.0020806013244915205,0.08849614,0.0037847203049344775
49,0.9954571428571429,-0.0020718000411952915,0.08849614,0.0037500189145600045
49,0.9954571428571429,-0.0020634543541468006,0.08849614,0.003715223761709583
49,0.9954571428571429,-0.0020555882914959087,0.08849614,0.003680329901349458
49,0.9954571428571429,-0.0020481813917712505,0.08849614,0.003645341544484937
49,0.9954571428571429,-0.0020411951723890653,0.08849614,0.0036102666108966406
49,0.9954571428571429,-0.002034590963045672,0.08849614,0.003575113058998268
49,0.9954571428571429,-0.0020283304688772314,0.08849614,0.0035398887699373644
49,0.9954571428571429,-0.002022395668771348,0.08849614,0.0035045974524892456
49,0.9954571428571429,-0.0020169091438362926,0.08849614,0.0034692138792551497
49,0.9954571428571429,-0.0020120526069553825,0.08849614,0.0034337006534173107
49,0.9954571428571429,-0.00200801133769043,0.08849614,0.003398019644129515
49,0.9954571428571429,-0.0020049754963211877,0.08849614,0.0033621317160855667
49,0.9954571428571429,-0.002003119286934141,0.08849614,0.003326001017790748
49,0.9954571428571429,-0.0020024766868349526,0.08849614,0.0032896205566582655
49,0.9954571428571429,-0.0020030292994713847,0.08849614,0.0032529941187295877
49,0.9954571428571429,-0.0020048600970484234,0.08849614,0.0032161046281850318
49,0.9954571428571429,-0.002008205231226413,0.08849614,0.0031789034846147327
49,0.9954571428571429,-0.0020133243186557953,0.08849614,0.003141337258474299
49,0.9954571428571429,-0.002020520339288713,0.08849614,0.0031033435959787357
49,0.9954571428571429,-0.0020253290492342575,0.08849614,0.003084097600705972
49,0.9954571428571429,-0.0020313864720928458,0.08849614,0.0030645946182102945
49,0.9954571428571429,-0.0020392456307511027,0.08849614,0.003044720835449204
49,0.9954571428571429,-0.002049997928828456,0.08849614,0.0030242516397176464
49,0.9954571428571429,-0.002061222214583668,0.08849614,0.00300733657905782
49,0.9954571428571429,-0.0020675202860518122,0.08849614,0.002998737883467455
49,0.9954571428571429,-0.0020751100582948596,0.08849614,0.0029898733536797254
49,0.9954571428571429,-0.0020802484558894224,0.08849614,0.002985164591859463
49,0.9954571428571429,-0.0020837839429789303,0.08849614,0.0029826113471895684
49,0.9954571428571429,-0.0020862094571261055,0.08849614,0.0029811993545555996
49,0.9954571428571429,-0.00209042,0.08849614,0.00297942
49,0.9954571428571429,-0.002099366746373737,0.08849614,0.0029784915622444105
49,0.9954571428571429,-0.0021019343943994503,0.08849614,0.00297887595368441
49,0.9954571428571429,-0.0021058042704648833,0.08849614,0.0029799051621311047
49,0.9954571428571429,-0.002111596052977791,0.08849614,0.0029823644744562706
49,0.9954571428571429,-0.0021201216604940626,0.08849614,0.0029879124319179776
49,0.9954571428571429,-0.002126607691071035,0.08849614,0.0029938801377526487
49,0.9954571428571429,-0.0021356841884289045,0.08849614,0.0030066172630193915
49,0.9954571428571429,-0.002143668778804595,0.08849614,0.003023230375515727
49,0.9954571428571429,-0.0021508690753512566,0.08849614,0.003040004897004446
49,0.9954571428571429,-0.0021573346361279766,0.08849614,0.0030569306283534307
49,0.9954571428571429,-0.002162971225734522,0.08849614,0.0030740269633669354
49,0.9954571428571429,-0.0021726803225676546,0.08849614,0.003108541524184882
49,0.9954571428571429,-0.0021816146992877186,0.08849614,0.003143215523708326
49,0.9954571428571429,-0.0021899213405926865,0.08849614,0.003178018712238598
49,0.9954571428571429,-0.002197650555421328,0.08849614,0.0032129407361112757
49,0.9954571428571429,-0.0022048862545782327,0.08849614,0.003247964326341296
49,0.9954571428571429,-0.002211709345349258,0.08849614,0.003283072832072814
49,0.9954571428571429,-0.002218198670101133,0.08849614,0.0033182500274138243
49,0.9954571428571429,-0.00222442950452209,0.08849614,0.003353480420500768
49,0.9954571428571429,-0.0022304626698664634,0.08849614,0.0033887514942169557
49,0.9954571428571429,-0.0022363544821104877,0.08849614,0.0034240516586395253
49,0.9954571428571429,-0.002242161632670239,0.08849614,0.0034593692465794638
49,0.9954571428571429,-0.002247940812961794,0.08849614,0.003494692590847756
49,0.9954571428571429,-0.0022537393284051896,0.08849614,0.0035300119559091995
49,0.9954571428571429,-0.002259561308838683,0.08849614,0.0035653264918361176
49,0.9954571428571429,-0.002265398870025601,0.08849614,0.0036006378212177104
49,0.9954571428571429,-0.0022712443154491923,0.08849614,0.0036359475280101027
49,0.9954571428571429,-0.0022770895731528628,0.08849614,0.0036712572734355713
49,0.9954571428571429,-0.0022829284483792266,0.08849614,0.0037065683323856307
49,0.9954571428571429,-0.002288760753408363,0.08849614,0.003741880743493357
49,0.9954571428571429,-0.0022945891163191627,0.08849614,0.003777193965895684
49,0.9954571428571429,-0.0023004152265909132,0.08849614,0.0038125076518949253
49,0.9954571428571429,-0.002306241336862664,0.08849614,0.003847821337894167
49,0.9954571428571429,-0.0023120693243336224,0.08849614,0.0038831346375626462
49,0.9954571428571429,-0.002317899001283868,0.08849614,0.00391844758953344
49,0.9954571428571429,-0.0023237298045536378,0.08849614,0.003953760309705776
49,0.9954571428571429,-0.0023295609832632495,0.08849614,0.0039890729526119596
49,0.9954571428571429,-0.002335392349692782,0.08849614,0.004024385556885068
49,0.9954571428571429,-0.0023412231529625523,0.08849614,0.0040596982770574035
49,0.9954571428571429,-0.002347053580792481,0.08849614,0.004095011074495893
49,0.9954571428571429,-0.0023528838209024884,0.08849614,0.004130323910567457
49,0.9954571428571429,-0.0023587136855726548,0.08849614,0.0041656368239051745
49,0.9954571428571429,-0.0023645437379627415,0.08849614,0.004200949698609816
49,0.9954571428571429,-0.0023703737903528286,0.08849614,0.004236262573314457
49,0.9954571428571429,-0.0023762040304628365,0.08849614,0.004271575409386021
49,0.9954571428571429,-0.0023820342705728444,0.08849614,0.004306888245457587
49,0.9954571428571429,-0.002387864510682852,0.08849614,0.004342201081529152
49,0.9954571428571429,-0.0023936947507928598,0.08849614,0.004377513917600716
49,0.9954571428571429,-0.0023995249909028677,0.08849614,0.004412826753672281
49,0.9954571428571429,-0.002405355231012875,0.08849614,0.004448139589743846
49,0.9954571428571429,-0.002411185471122883,0.08849614,0.0044834524258154105
49,0.9954571428571429,-0.002417015711232891,0.08849614,0.004518765261886976
49,0.9954571428571429,-0.0024228459513428984,0.08849614,0.00455407809795854
49,0.9954571428571429,-0.0024286761914529063,0.08849614,0.0045893909340301055
49,0.9954571428571429,-0.0024345064315629142,0.08849614,0.00462470377010167
49,0.9954571428571429,-0.0024403366716729217,0.08849614,0.004660016606173235
49,0.9954571428571429,-0.002443251885587886,0.08849614,0.004677673004892479
49,0.9954571428571429,-0.0024461670995028504,0.08849614,0.004695329403611724
49,0.9954571428571429,-0.002449082125697894,0.08849614,0.004712985840964044
49,0.9954571428571429,-0.0024519971518929375,0.08849614,0.004730642278316365
50,1.0,-0.0024285694771762284,0.08889999999999999,0.004687713035387947
50,1.0,-0.0024276788035733515,0.08889999999999999,0.004685815568402396
50,1.0,-0.0024267892383501863,0.08889999999999999,0.004683917887210078
50,1.0,-0.0024259020604063992,0.08889999999999999,0.00468201974464934
50,1.0,-0.0024250184846966744,0.08889999999999999,0.004680120905916611
50,1.0,-0.0024232667013882234,0.08889999999999999,0.004676320258391952
50,1.0,-0.0024215381514237242,0.08889999999999999,0.004672515120763923
50,1.0,-0.002419831939573409,0.08889999999999999,0.004668705666045678
50,1.0,-0.0024181471066625276,0.08889999999999999,0.004664892079608462
50,1.0,-0.0024164839511010027,0.08889999999999999,0.004661074303781218
50,1.0,-0.0024148432402286346,0.08889999999999999,0.004657252190266957
50,1.0,-0.002413225698755234,0.08889999999999999,0.004653425599007408
50,1.0,-0.002411631987445629,0.08889999999999999,0.004649594402302382
50,1.0,-0.002410062703119665,0.08889999999999999,0.004645758484809776
50,1.0,-0.0024085181655022583,0.08889999999999999,0.004641917784739175
50,1.0,-0.002406998651688336,0.08889999999999999,0.004638072248538889
50,1.0,-0.0024055044174578328,0.08889999999999999,0.004634221826776586
50,1.0,-0.0024040356333307035,0.08889999999999999,0.00463036648649738
50,1.0,-0.002402592768236826,0.08889999999999999,0.00462650613707533
50,1.0,-0.0024011778471006735,0.08889999999999999,0.004622640387171153
50,1.0,-0.002399793342461602,0.08889999999999999,0.004618768758938984
50,1.0,-0.002398441726858968,0.08889999999999999,0.004614890774532961
50,1.0,-0.0023971253875721497,0.08889999999999999,0.0046110059725846635
50,1.0,-0.0023958465626755646,0.08889999999999999,0.004607113920561198
50,1.0,-0.0023946058703040517,0.08889999999999999,0.0046032144990010996
50,1.0,-0.0023934034809775665,0.08889999999999999,0.0045993076749494795
50,1.0,-0.002392239437326098,0.08889999999999999,0.004595393440167617
50,1.0,-0.0023911138885546078,0.08889999999999999,0.004591471765819986
50,1.0,-0.0023900272822779786,0.08889999999999999,0.004587542565400007
50,1.0,-0.002388982133665556,0.08889999999999999,0.004583605352823096
50,1.0,-0.002387981895746441,0.08889999999999999,0.004579659460752788
50,1.0,-0.002387029957604751,0.08889999999999999,0.004575704234210701
50,1.0,-0.002386129750954593,0.08889999999999999,0.004571739009979732
50,1.0,-0.0023852840041152564,0.08889999999999999,0.004567763260781688
50,1.0,-0.002384490393752346,0.08889999999999999,0.004563777435626904
50,1.0,-0.002383744550291999,0.08889999999999999,0.004559782378984364
50,1.0,-0.00238304208284536,0.08889999999999999,0.004555778939442412
50,1.0,-0.0023823786431535596,0.08889999999999999,0.0045517679573506675
50,1.0,-0.0023817521849771313,0.08889999999999999,0.0045477498281677785
50,1.0,-0.0023811766270074508,0.08889999999999999,0.004543721861951081
50,1.0,-0.002380672602159147,0.08889999999999999,0.0045396800711592356
50,1.0,-0.0023802611483317426,0.08889999999999999,0.00453562038998304
50,1.0,-0.0023799638576146157,0.08889999999999999,0.0045315386455099145
50,1.0,-0.0023798005103226167,0.08889999999999999,0.00452743101497295
50,1.0,-0.002379774964469741,0.08889999999999999,0.004523296752767827
50,1.0,-0.002379885131186533,0.08889999999999999,0.004519136262591912
50,1.0,-0.0023801404317005392,0.08889999999999999,0.004514947723687691
50,1.0,-0.002380567680274779,0.08889999999999999,0.0045107259538991655
50,1.0,-0.0023811963555465773,0.08889999999999999,0.00450646525615022
50,1.0,-0.002382060859916978,0.08889999999999999,0.00450215898179238
50,1.0,-0.0023826305831588877,0.08889999999999999,0.004499979276795394
50,1.0,-0.002383342093743883,0.08889999999999999,0.004497772169809763
50,1.0,-0.002384258185645616,0.08889999999999999,0.004495525525198302
50,1.0,-0.0023855027842418224,0.08889999999999999,0.004493215392996791
50,1.0,-0.002386796233591263,0.08889999999999999,0.004491309739763939
50,1.0,-0.0023875208432557063,0.08889999999999999,0.004490341861002817
50,1.0,-0.002388392121396964,0.08889999999999999,0.004489345636919406
50,1.0,-0.0023889803118828765,0.08889999999999999,0.004488818042611805
50,1.0,-0.0023893841260597673,0.08889999999999999,0.004488533041047819
50,1.0,-0.002389660720888768,0.08889999999999999,0.004488376106025265
50,1.0,-0.00239014,0.08889999999999999,0.00448818
50,1.0,-0.0023911546888498144,0.08889999999999999,0.004488087380020428
50,1.0,-0.0023914450515582068,0.08889999999999999,0.004488134744162648
50,1.0,-0.0023918820925974,0.08889999999999999,0.004488257241058852
50,1.0,-0.0023925349889783714,0.08889999999999999,0.004488544981459225
50,1.0,-0.002393493560480713,0.08889999999999999,0.004489187566648882
50,1.0,-0.0023942205445683486,0.08889999999999999,0.004489874908694617
50,1.0,-0.0023952321839787794,0.08889999999999999,0.004491335077763295
50,1.0,-0.002396115098923676,0.08889999999999999,0.0044932340441962105
50,1.0,-0.002396908959821758,0.08889999999999999,0.004495150221318928
50,1.0,-0.0023976193938315604,0.08889999999999999,0.004497082521620173
50,1.0,-0.0023982357008258686,0.08889999999999999,0.004499033013019111
50,1.0,-0.0023992907182807215,0.08889999999999999,0.00450296831833193
50,1.0,-0.002400257768753477,0.08889999999999999,0.0045069206242471455
50,1.0,-0.0024011535418847893,0.08889999999999999,0.004510886705305179
50,1.0,-0.0024019837500931715,0.08889999999999999,0.004514865457517314
50,1.0,-0.0024027579211811432,0.08889999999999999,0.004518855039529229
50,1.0,-0.002403485241911312,0.08889999999999999,0.004522853675896383
50,1.0,-0.0024041746645813477,0.08889999999999999,0.004526859636487202
50,1.0,-0.0024048347365040247,0.08889999999999999,0.004530871269437966
50,1.0,-0.002405472363737545,0.08889999999999999,0.004534887240075749
50,1.0,-0.0024060939407802443,0.08889999999999999,0.0045389063125922825
50,1.0,-0.002406705904760446,0.08889999999999999,0.004542927242940578
50,1.0,-0.002407314692806475,0.08889999999999999,0.004546948787073645
50,1.0,-0.002407925676296932,0.08889999999999999,0.004550969906912542
50,1.0,-0.0024085393241616957,0.08889999999999999,0.0045549905118313265
50,1.0,-0.002409154741170999,0.08889999999999999,0.004559010774843157
50,1.0,-0.0024097710534100687,0.08889999999999999,0.00456303086484183
50,1.0,-0.002410387344334144,0.08889999999999999,0.004567050958959865
50,1.0,-0.002411002910548408,0.08889999999999999,0.00457107119313617
50,1.0,-0.0024116177307378665,0.08889999999999999,0.004575091571490105
50,1.0,-0.0024122321033124413,0.08889999999999999,0.004579112036350619
50,1.0,-0.002412846220107083,0.08889999999999999,0.004583132550643465
50,1.0,-0.002413460336901724,0.08889999999999999,0.00458715306493631
50,1.0,-0.0024140746668463104,0.08889999999999999,0.004591173538035546
50,1.0,-0.002414689188625846,0.08889999999999999,0.0045951939740605345
50,1.0,-0.002415303838295349,0.08889999999999999,0.004599214385369358
50,1.0,-0.0024159185305948406,0.08889999999999999,0.004603234788439459
50,1.0,-0.0024165332442093266,0.08889999999999999,0.004607255187390199
50,1.0,-0.002417147893878829,0.08889999999999999,0.0046112755986990215
50,1.0,-0.002417762500918343,0.08889999999999999,0.004615296018246566
50,1.0,-0.0024183770866428624,0.08889999999999999,0.004619316441913472
50,1.0,-0.002418991629737393,0.08889999999999999,0.004623336873819099
50,1.0,-0.002419606194146918,0.08889999999999999,0.004627357301605366
50,1.0,-0.0024202207585564428,0.08889999999999999,0.004631377729391632
50,1.0,-0.0024208353442809623,0.08889999999999999,0.004635398153058538
50,1.0,-0.0024214499300054815,0.08889999999999999,0.004639418576725444
50,1.0,-0.002422064515730001,0.08889999999999999,0.004643439000392349
50,1.0,-0.00242267910145452,0.08889999999999999,0.004647459424059254
50,1.0,-0.0024232936871790398,0.08889999999999999,0.00465147984772616
50,1.0,-0.002423908272903559,0.08889999999999999,0.004655500271393066
50,1.0,-0.0024245228586280785,0.08889999999999999,0.004659520695059972
50,1.0,-0.0024251374443525976,0.08889999999999999,0.0046635411187268775
50,1.0,-0.002425752030077117,0.08889999999999999,0.004667561542393782
50,1.0,-0.0024263666158016364,0.08889999999999999,0.004671581966060688
50,1.0,-0.002426981201526156,0.08889999999999999,0.004675602389727594
50,1.0,-0.002427595787250675,0.08889999999999999,0.004679622813394499
50,1.0,-0.0024279030907704323,0.08889999999999999,0.004681633023168272
50,1.0,-0.002428210394290189,0.08889999999999999,0.0046836432329420445
50,1.0,-0.0024285176764949515,0.08889999999999999,0.004685653446835177
50,1.0,-0.002428824958699714,0.08889999999999999,0.0046876636607283105
